#VRML V2.0 utf8
# 3D model generated by easyeda2kicad.py (https://github.com/uPesy/easyeda2kicad.py)

Shape{
    appearance Appearance {
        material  Material 	{
            diffuseColor 1.0 1.0 1.0
            specularColor 0.30196078431372547 0.30196078431372547 0.30196078431372547
            ambientIntensity 1.0
            transparency 0.0
            shininess 0.5
        }
    }
    geometry IndexedFaceSet {
        ccw TRUE
        solid FALSE
        coord DEF co Coordinate {
            point [
                0.0591 0.2756 0.0079, 0.1049 0.2756 0.0079, 0.0591 0.2165 0.0079, 0.1049 -0.0179 0.0079, -0.2221 0.0549 0.0079, -0.2221 0.0632 0.0079, -0.0591 0.2165 0.0079, -0.2202 0.0713 0.0079, -0.2165 0.0787 0.0079, -0.2281 0.1853 0.0079, -0.2362 0.1916 0.0079, -0.0591 0.2756 0.0079, -0.2457 0.1955 0.0079, -0.3346 0.2756 0.0079, -0.2559 0.1968 0.0079, -0.3346 0.1968 0.0079, 0.055 0.0225 0.0079, 0.0343 0.0332 0.0079, 0.0117 0.0387 0.0079, -0.0117 0.0387 0.0079, -0.2165 0.1575 0.0079, -0.2179 0.1677 0.0079, -0.2218 0.1772 0.0079, -0.0888 -0.0179 0.0079, -0.2165 -0.0179 0.0079, -0.0863 -0.0117 0.0079, -0.2165 0.0394 0.0079, -0.0727 0.0073 0.0079, -0.055 0.0225 0.0079, -0.2202 0.0468 0.0079, -0.0343 0.0332 0.0079, 0.095 -0.0333 0.0079, 0.0888 -0.0179 0.0079, 0.0863 -0.0117 0.0079, 0.0727 0.0073 0.0079, -0.0394 -0.1493 0.0079, -0.0394 -0.315 0.0079, -0.0595 -0.1375 0.0079, -0.0591 -0.315 0.0079, -0.0763 -0.1213 0.0079, -0.2165 -0.1575 0.0079, -0.0888 -0.1016 0.0079, -0.2165 -0.2756 0.0079, -0.2165 -0.1969 0.0079, -0.2202 -0.1894 0.0079, -0.2221 -0.1813 0.0079, -0.095 -0.0333 0.0079, -0.0984 -0.0563 0.0079, -0.0963 -0.0795 0.0079, -0.2221 -0.173 0.0079, -0.2202 -0.1649 0.0079, -0.2362 -0.3097 0.0079, -0.2281 -0.3034 0.0079, -0.0591 -0.3937 0.0079, -0.2218 -0.2953 0.0079, -0.2179 -0.2858 0.0079, -0.3231 -0.3822 0.0079, -0.3294 -0.374 0.0079, -0.2559 -0.315 0.0079, -0.315 -0.3884 0.0079, -0.3333 -0.3645 0.0079, -0.3346 -0.3543 0.0079, -0.3346 -0.315 0.0079, -0.2457 -0.3136 0.0079, -0.2953 -0.3937 0.0079, -0.3055 -0.3924 0.0079, 0.1049 -0.3937 0.0079, 0.0591 -0.3937 0.0079, 0.0591 -0.315 0.0079, 0.0394 -0.315 0.0079, 0.0394 -0.1493 0.0079, 0.0595 -0.1375 0.0079, 0.1045 -0.1027 0.0079, 0.1045 -0.1049 0.0079, 0.0888 -0.1016 0.0079, 0.1049 -0.1095 0.0079, 0.0763 -0.1213 0.0079, 0.1049 -0.0995 0.0079, 0.0963 -0.0795 0.0079, 0.0984 -0.0563 0.0079, 0.1095 -0.0832 0.0079, 0.1054 -0.0678 0.0079, 0.1181 -0.0832 0.0079, 0.1842 -0.0678 0.0079, 0.1061 -0.0916 0.0079, 0.1842 -0.1888 0.0079, 0.2165 -0.2756 0.0079, 0.1054 -0.1888 0.0079, 0.2179 -0.2858 0.0079, 0.2218 -0.2953 0.0079, 0.1842 -0.0275 0.0079, 0.2165 -0.0179 0.0079, 0.1755 -0.0275 0.0079, 0.1755 -0.0573 0.0079, 0.1496 -0.0573 0.0079, 0.1496 -0.0294 0.0079, 0.141 -0.0294 0.0079, 0.1054 -0.1485 0.0079, 0.1055 -0.1146 0.0079, 0.1081 -0.1222 0.0079, 0.2221 -0.173 0.0079, 0.2221 -0.1813 0.0079, 0.1842 -0.1783 0.0079, 0.2202 -0.1894 0.0079, 0.2165 -0.1969 0.0079, 0.182 -0.0832 0.0079, 0.1714 -0.0832 0.0079, 0.1752 -0.0921 0.0079, 0.1174 -0.0846 0.0079, 0.1765 -0.1016 0.0079, 0.1756 -0.1094 0.0079, 0.1735 -0.1153 0.0079, 0.1698 -0.1207 0.0079, 0.1646 -0.1255 0.0079, 0.144 -0.1312 0.0079, 0.1354 -0.1304 0.0079, 0.1287 -0.1283 0.0079, 0.1139 -0.1107 0.0079, 0.1131 -0.1034 0.0079, 0.116 -0.1165 0.0079, 0.1193 -0.1213 0.0079, 0.1232 -0.125 0.0079, 0.1143 -0.0929 0.0079, 0.2281 -0.3034 0.0079, 0.1635 -0.1376 0.0079, 0.1708 -0.133 0.0079, 0.2165 -0.1575 0.0079, 0.1776 -0.1259 0.0079, 0.1819 -0.1184 0.0079, 0.141 -0.0573 0.0079, 0.1141 -0.0573 0.0079, 0.1141 -0.0256 0.0079, 0.1054 -0.0256 0.0079, 0.1585 -0.1287 0.0079, 0.1501 -0.1308 0.0079, 0.2202 -0.1649 0.0079, 0.1121 -0.1285 0.0079, 0.1184 -0.1344 0.0079, 0.1141 -0.1485 0.0079, 0.1259 -0.1386 0.0079, 0.1141 -0.1783 0.0079, 0.2362 -0.3097 0.0079, 0.2457 -0.3136 0.0079, 0.3346 -0.3937 0.0079, 0.2559 -0.315 0.0079, 0.3346 -0.315 0.0079, 0.1342 -0.141 0.0079, 0.1433 -0.1418 0.0079, 0.1545 -0.1406 0.0079, 0.1845 -0.1096 0.0079, 0.1851 -0.1017 0.0079, 0.1845 -0.0923 0.0079, 0.1054 0.0112 0.0079, 0.1054 -0.0102 0.0079, 0.1842 -0.0102 0.0079, 0.1609 0.0505 0.0079, 0.1532 0.0526 0.0079, 0.2165 0.0394 0.0079, 0.1458 0.0532 0.0079, 0.1054 0.0589 0.0079, 0.1842 0.0887 0.0079, 0.2202 0.0713 0.0079, 0.2221 0.0632 0.0079, 0.1352 0.0521 0.0079, 0.127 0.0492 0.0079, 0.12 0.0447 0.0079, 0.2202 0.0468 0.0079, 0.2457 0.1955 0.0079, 0.2362 0.1916 0.0079, 0.2281 0.1853 0.0079, 0.2218 0.1772 0.0079, 0.1829 0.0234 0.0079, 0.1797 0.0326 0.0079, 0.174 0.0412 0.0079, 0.1138 0.0382 0.0079, 0.109 0.03 0.0079, 0.1063 0.0209 0.0079, 0.2221 0.0549 0.0079, 0.1842 0.012 0.0079, 0.1739 0.0413 0.0079, 0.1677 0.0468 0.0079, 0.1842 0.0993 0.0079, 0.2165 0.1575 0.0079, 0.2165 0.0787 0.0079, 0.2559 0.1968 0.0079, 0.3346 0.2756 0.0079, 0.3346 0.1968 0.0079, 0.1054 0.1185 0.0079, 0.1054 0.13 0.0079, 0.2179 0.1677 0.0079, 0.1275 0.1105 0.0079, 0.1275 0.078 0.0079, 0.1054 0.0705 0.0079
            ]
        }
        coordIndex [
            0,1,2,-1,2,1,3,-1,4,5,6,-1,6,5,7,-1,6,7,8,-1,9,10,11,-1,11,10,12,-1,11,12,13,-1,13,12,14,-1,13,14,15,-1,16,17,2,-1,2,17,18,-1,2,18,6,-1,6,18,19,-1,8,20,6,-1,6,20,21,-1,6,21,11,-1,11,21,22,-1,11,22,9,-1,23,24,25,-1,25,24,26,-1,25,26,27,-1,27,26,28,-1,4,6,29,-1,29,6,19,-1,29,19,26,-1,26,19,30,-1,26,30,28,-1,31,32,3,-1,3,32,33,-1,3,33,2,-1,2,33,34,-1,2,34,16,-1,35,36,37,-1,37,36,38,-1,37,38,39,-1,39,38,40,-1,39,40,41,-1,42,43,38,-1,38,43,44,-1,38,44,45,-1,23,46,24,-1,24,46,47,-1,24,47,40,-1,40,47,48,-1,40,48,41,-1,45,49,38,-1,38,49,50,-1,38,50,40,-1,51,52,53,-1,53,52,54,-1,53,54,38,-1,38,54,55,-1,38,55,42,-1,56,57,58,-1,56,58,59,-1,57,60,58,-1,58,60,61,-1,58,61,62,-1,51,53,63,-1,63,53,64,-1,63,64,58,-1,58,64,65,-1,58,65,59,-1,66,67,68,-1,69,70,68,-1,68,70,71,-1,72,73,74,-1,74,73,75,-1,74,75,76,-1,72,74,77,-1,77,74,78,-1,77,78,79,-1,80,81,82,-1,82,81,83,-1,80,84,81,-1,81,84,77,-1,81,77,3,-1,3,77,79,-1,3,79,31,-1,85,86,87,-1,87,86,88,-1,87,88,89,-1,83,90,91,-1,91,90,92,-1,92,93,94,-1,95,96,3,-1,87,75,97,-1,97,75,98,-1,97,98,99,-1,100,101,102,-1,102,101,103,-1,102,103,85,-1,85,103,104,-1,85,104,86,-1,91,105,83,-1,83,105,106,-1,83,106,82,-1,82,106,107,-1,82,107,108,-1,108,107,109,-1,108,109,110,-1,110,111,108,-1,108,111,112,-1,108,112,113,-1,114,115,108,-1,108,115,116,-1,117,118,119,-1,119,118,120,-1,116,121,108,-1,108,121,120,-1,108,120,122,-1,122,120,118,-1,71,76,68,-1,68,76,75,-1,68,75,66,-1,66,75,87,-1,66,87,123,-1,123,87,89,-1,124,125,126,-1,126,125,127,-1,126,127,128,-1,129,130,96,-1,96,130,131,-1,96,131,3,-1,3,131,132,-1,3,132,81,-1,113,133,108,-1,108,133,134,-1,108,134,114,-1,124,126,102,-1,102,126,135,-1,102,135,100,-1,99,136,97,-1,97,136,137,-1,97,137,138,-1,138,137,139,-1,138,139,140,-1,123,141,66,-1,66,141,142,-1,66,142,143,-1,143,142,144,-1,143,144,145,-1,139,146,140,-1,140,146,147,-1,140,147,102,-1,102,147,148,-1,102,148,124,-1,128,149,126,-1,126,149,150,-1,126,150,91,-1,91,150,151,-1,91,151,105,-1,1,152,3,-1,3,152,153,-1,3,153,154,-1,155,156,157,-1,158,159,156,-1,156,159,160,-1,161,162,160,-1,158,163,159,-1,159,163,164,-1,159,164,165,-1,157,156,166,-1,167,168,1,-1,1,168,169,-1,1,169,170,-1,171,172,157,-1,157,172,173,-1,165,174,159,-1,159,174,175,-1,159,175,176,-1,160,162,156,-1,156,162,177,-1,156,177,166,-1,94,95,92,-1,92,95,3,-1,92,3,91,-1,91,3,154,-1,91,154,157,-1,157,154,178,-1,157,178,171,-1,173,179,157,-1,157,179,180,-1,157,180,155,-1,181,182,160,-1,160,182,183,-1,160,183,161,-1,167,1,184,-1,184,1,185,-1,184,185,186,-1,187,1,188,-1,188,1,170,-1,188,170,181,-1,181,170,189,-1,181,189,182,-1,190,191,187,-1,187,191,192,-1,187,192,1,-1,1,192,159,-1,1,159,152,-1,152,159,176,-1,
        ]
    }
}
Shape{
    appearance Appearance {
        material  Material 	{
            diffuseColor 0.9686274509803922 0.8784313725490196 0.6
            specularColor 0.6784313725490196 0.615686274509804 0.4196078431372549
            ambientIntensity 0.8737
            transparency 0.0
            shininess 0.5
        }
    }
    geometry IndexedFaceSet {
        ccw TRUE
        solid FALSE
        coord DEF co Coordinate {
            point [
                0.0279 0.2151 0.3228, 0.0279 0.2151 0.2505, 0.0 0.2165 0.3228, 0.0 0.2165 0.2505, -0.0279 0.2151 0.3228, -0.0279 0.2151 0.2505, -0.0392 0.2134 0.3228, -0.0392 0.2134 0.2505, -0.0555 0.2109 0.3228, -0.0555 0.2109 0.2505, -0.0776 0.2052 0.3228, -0.0776 0.2052 0.2505, -0.0825 0.2039 0.3228, -0.0825 0.2039 0.2505, -0.1087 0.1942 0.3228, -0.1087 0.1942 0.2505, -0.1144 0.1914 0.3228, -0.1144 0.1914 0.2505, -0.1337 0.1819 0.3228, -0.1337 0.1819 0.2505, -0.1488 0.1725 0.3228, -0.1488 0.1725 0.2505, -0.1574 0.1671 0.3228, -0.1574 0.1671 0.2505, -0.1795 0.15 0.3228, -0.1795 0.15 0.2505, -0.1804 0.1492 0.3228, -0.1804 0.1492 0.2505, -0.1997 0.1308 0.3228, -0.1997 0.1308 0.2505, -0.208 0.1212 0.3228, -0.208 0.1212 0.2505, -0.2179 0.1096 0.3228, -0.2179 0.1096 0.2505, -0.2317 0.0898 0.3228, -0.2317 0.0898 0.2505, -0.2339 0.0867 0.3228, -0.2339 0.0867 0.2505, -0.2474 0.0623 0.3228, -0.2474 0.0623 0.2505, -0.2504 0.0553 0.3228, -0.2504 0.0553 0.2505, -0.2584 0.0367 0.3228, -0.2584 0.0367 0.2505, -0.2641 0.0185 0.3228, -0.2641 0.0185 0.2505, -0.2668 0.01 0.3228, -0.2668 0.01 0.2505, -0.2724 -0.0173 0.3228, -0.2724 -0.0173 0.2505, -0.2727 -0.0199 0.3228, -0.2727 -0.0199 0.2505, -0.2752 -0.0451 0.3228, -0.2752 -0.0451 0.2505, -0.2752 -0.0591 0.3228, -0.2752 -0.0591 0.2505, -0.2752 -0.073 0.3228, -0.2752 -0.073 0.2505, -0.2727 -0.0983 0.3228, -0.2727 -0.0983 0.2505, -0.2724 -0.1008 0.3228, -0.2724 -0.1008 0.2505, -0.2668 -0.1281 0.3228, -0.2668 -0.1281 0.2505, -0.2641 -0.1366 0.3228, -0.2641 -0.1366 0.2505, -0.2584 -0.1548 0.3228, -0.2584 -0.1548 0.2505, -0.2504 -0.1734 0.3228, -0.2504 -0.1734 0.2505, -0.2474 -0.1804 0.3228, -0.2474 -0.1804 0.2505, -0.2339 -0.2048 0.3228, -0.2339 -0.2048 0.2505, -0.2317 -0.208 0.3228, -0.2317 -0.208 0.2505, -0.2179 -0.2278 0.3228, -0.2179 -0.2278 0.2505, -0.208 -0.2393 0.3228, -0.208 -0.2393 0.2505, -0.1997 -0.2489 0.3228, -0.1997 -0.2489 0.2505, -0.1804 -0.2673 0.3228, -0.1804 -0.2673 0.2505, -0.1795 -0.2682 0.3228, -0.1795 -0.2682 0.2505, -0.1574 -0.2853 0.3228, -0.1574 -0.2853 0.2505, -0.1488 -0.2906 0.3228, -0.1488 -0.2906 0.2505, -0.1337 -0.3 0.3228, -0.1337 -0.3 0.2505, -0.1144 -0.3095 0.3228, -0.1144 -0.3095 0.2505, -0.1087 -0.3123 0.3228, -0.1087 -0.3123 0.2505, -0.0825 -0.322 0.3228, -0.0825 -0.322 0.2505, -0.0776 -0.3233 0.3228, -0.0776 -0.3233 0.2505, -0.0555 -0.329 0.3228, -0.0555 -0.329 0.2505, -0.0392 -0.3315 0.3228, -0.0392 -0.3315 0.2505, -0.0279 -0.3332 0.3228, -0.0279 -0.3332 0.2505, 0.0 -0.3347 0.3228, 0.0 -0.3347 0.2505, 0.0279 -0.3332 0.3228, 0.0279 -0.3332 0.2505, 0.0392 -0.3315 0.3228, 0.0392 -0.3315 0.2505, 0.0555 -0.329 0.3228, 0.0555 -0.329 0.2505, 0.0776 -0.3233 0.3228, 0.0776 -0.3233 0.2505, 0.0825 -0.322 0.3228, 0.0825 -0.322 0.2505, 0.1087 -0.3123 0.3228, 0.1087 -0.3123 0.2505, 0.1144 -0.3095 0.3228, 0.1144 -0.3095 0.2505, 0.1337 -0.3 0.3228, 0.1337 -0.3 0.2505, 0.1488 -0.2906 0.3228, 0.1488 -0.2906 0.2505, 0.1574 -0.2853 0.3228, 0.1574 -0.2853 0.2505, 0.1795 -0.2682 0.3228, 0.1795 -0.2682 0.2505, 0.1804 -0.2673 0.3228, 0.1804 -0.2673 0.2505, 0.1997 -0.2489 0.3228, 0.1997 -0.2489 0.2505, 0.208 -0.2393 0.3228, 0.208 -0.2393 0.2505, 0.2179 -0.2278 0.3228, 0.2179 -0.2278 0.2505, 0.2317 -0.208 0.3228, 0.2317 -0.208 0.2505, 0.2339 -0.2048 0.3228, 0.2339 -0.2048 0.2505, 0.2474 -0.1804 0.3228, 0.2474 -0.1804 0.2505, 0.2504 -0.1734 0.3228, 0.2504 -0.1734 0.2505, 0.2584 -0.1548 0.3228, 0.2584 -0.1548 0.2505, 0.2641 -0.1366 0.3228, 0.2641 -0.1366 0.2505, 0.2668 -0.1281 0.3228, 0.2668 -0.1281 0.2505, 0.2724 -0.1008 0.3228, 0.2724 -0.1008 0.2505, 0.2727 -0.0983 0.3228, 0.2727 -0.0983 0.2505, 0.2752 -0.073 0.3228, 0.2752 -0.073 0.2505, 0.2752 -0.0591 0.3228, 0.2752 -0.0591 0.2505, 0.2752 -0.0451 0.3228, 0.2752 -0.0451 0.2505, 0.2727 -0.0199 0.3228, 0.2727 -0.0199 0.2505, 0.2724 -0.0173 0.3228, 0.2724 -0.0173 0.2505, 0.2668 0.01 0.3228, 0.2668 0.01 0.2505, 0.2641 0.0185 0.3228, 0.2641 0.0185 0.2505, 0.2584 0.0367 0.3228, 0.2584 0.0367 0.2505, 0.2504 0.0553 0.3228, 0.2504 0.0553 0.2505, 0.2474 0.0623 0.3228, 0.2474 0.0623 0.2505, 0.2339 0.0867 0.3228, 0.2339 0.0867 0.2505, 0.2317 0.0898 0.3228, 0.2317 0.0898 0.2505, 0.2179 0.1096 0.3228, 0.2179 0.1096 0.2505, 0.208 0.1212 0.3228, 0.208 0.1212 0.2505, 0.1997 0.1308 0.3228, 0.1997 0.1308 0.2505, 0.1804 0.1492 0.3228, 0.1804 0.1492 0.2505, 0.1795 0.15 0.3228, 0.1795 0.15 0.2505, 0.1574 0.1671 0.3228, 0.1574 0.1671 0.2505, 0.1488 0.1725 0.3228, 0.1488 0.1725 0.2505, 0.1337 0.1819 0.3228, 0.1337 0.1819 0.2505, 0.1144 0.1914 0.3228, 0.1144 0.1914 0.2505, 0.1087 0.1942 0.3228, 0.1087 0.1942 0.2505, 0.0825 0.2039 0.3228, 0.0825 0.2039 0.2505, 0.0776 0.2052 0.3228, 0.0776 0.2052 0.2505, 0.0555 0.2109 0.3228, 0.0555 0.2109 0.2505, 0.0392 0.2134 0.3228, 0.0392 0.2134 0.2505
            ]
        }
        coordIndex [
            0,1,2,-1,2,1,3,-1,2,3,4,-1,4,3,5,-1,4,5,6,-1,6,5,7,-1,6,7,8,-1,8,7,9,-1,8,9,10,-1,10,9,11,-1,10,11,12,-1,12,11,13,-1,12,13,14,-1,14,13,15,-1,14,15,16,-1,16,15,17,-1,16,17,18,-1,18,17,19,-1,18,19,20,-1,20,19,21,-1,20,21,22,-1,22,21,23,-1,22,23,24,-1,24,23,25,-1,24,25,26,-1,26,25,27,-1,26,27,28,-1,28,27,29,-1,28,29,30,-1,30,29,31,-1,30,31,32,-1,32,31,33,-1,32,33,34,-1,34,33,35,-1,34,35,36,-1,36,35,37,-1,36,37,38,-1,38,37,39,-1,38,39,40,-1,40,39,41,-1,40,41,42,-1,42,41,43,-1,42,43,44,-1,44,43,45,-1,44,45,46,-1,46,45,47,-1,46,47,48,-1,48,47,49,-1,48,49,50,-1,50,49,51,-1,50,51,52,-1,52,51,53,-1,52,53,54,-1,54,53,55,-1,54,55,56,-1,56,55,57,-1,56,57,58,-1,58,57,59,-1,58,59,60,-1,60,59,61,-1,60,61,62,-1,62,61,63,-1,62,63,64,-1,64,63,65,-1,64,65,66,-1,66,65,67,-1,66,67,68,-1,68,67,69,-1,68,69,70,-1,70,69,71,-1,70,71,72,-1,72,71,73,-1,72,73,74,-1,74,73,75,-1,74,75,76,-1,76,75,77,-1,76,77,78,-1,78,77,79,-1,78,79,80,-1,80,79,81,-1,80,81,82,-1,82,81,83,-1,82,83,84,-1,84,83,85,-1,84,85,86,-1,86,85,87,-1,86,87,88,-1,88,87,89,-1,88,89,90,-1,90,89,91,-1,90,91,92,-1,92,91,93,-1,92,93,94,-1,94,93,95,-1,94,95,96,-1,96,95,97,-1,96,97,98,-1,98,97,99,-1,98,99,100,-1,100,99,101,-1,100,101,102,-1,102,101,103,-1,102,103,104,-1,104,103,105,-1,104,105,106,-1,106,105,107,-1,106,107,108,-1,108,107,109,-1,108,109,110,-1,110,109,111,-1,110,111,112,-1,112,111,113,-1,112,113,114,-1,114,113,115,-1,114,115,116,-1,116,115,117,-1,116,117,118,-1,118,117,119,-1,118,119,120,-1,120,119,121,-1,120,121,122,-1,122,121,123,-1,122,123,124,-1,124,123,125,-1,124,125,126,-1,126,125,127,-1,126,127,128,-1,128,127,129,-1,128,129,130,-1,130,129,131,-1,130,131,132,-1,132,131,133,-1,132,133,134,-1,134,133,135,-1,134,135,136,-1,136,135,137,-1,136,137,138,-1,138,137,139,-1,138,139,140,-1,140,139,141,-1,140,141,142,-1,142,141,143,-1,142,143,144,-1,144,143,145,-1,144,145,146,-1,146,145,147,-1,146,147,148,-1,148,147,149,-1,148,149,150,-1,150,149,151,-1,150,151,152,-1,152,151,153,-1,152,153,154,-1,154,153,155,-1,154,155,156,-1,156,155,157,-1,156,157,158,-1,158,157,159,-1,158,159,160,-1,160,159,161,-1,160,161,162,-1,162,161,163,-1,162,163,164,-1,164,163,165,-1,164,165,166,-1,166,165,167,-1,166,167,168,-1,168,167,169,-1,168,169,170,-1,170,169,171,-1,170,171,172,-1,172,171,173,-1,172,173,174,-1,174,173,175,-1,174,175,176,-1,176,175,177,-1,176,177,178,-1,178,177,179,-1,178,179,180,-1,180,179,181,-1,180,181,182,-1,182,181,183,-1,182,183,184,-1,184,183,185,-1,184,185,186,-1,186,185,187,-1,186,187,188,-1,188,187,189,-1,188,189,190,-1,190,189,191,-1,190,191,192,-1,192,191,193,-1,192,193,194,-1,194,193,195,-1,194,195,196,-1,196,195,197,-1,196,197,198,-1,198,197,199,-1,198,199,200,-1,200,199,201,-1,200,201,202,-1,202,201,203,-1,202,203,204,-1,204,203,205,-1,204,205,206,-1,206,205,207,-1,206,207,0,-1,0,207,1,-1,
        ]
    }
}
Shape{
    appearance Appearance {
        material  Material 	{
            diffuseColor 1.0 1.0 1.0
            specularColor 0.30196078431372547 0.30196078431372547 0.30196078431372547
            ambientIntensity 1.0
            transparency 0.0
            shininess 0.5
        }
    }
    geometry IndexedFaceSet {
        ccw TRUE
        solid FALSE
        coord DEF co Coordinate {
            point [
                0.057 -0.0743 0.1457, 0.2347 -0.0862 0.1457, 0.0591 -0.0591 0.1457, 0.236 -0.05 0.1457, 0.057 -0.0438 0.1457, 0.0 -0.0 0.1457, -0.0361 0.1744 0.1457, -0.0153 -0.002 0.1457, -0.0713 0.1662 0.1457, -0.0295 -0.0079 0.1457, 0.0418 -0.0173 0.1457, 0.0511 -0.0295 0.1457, 0.1879 0.0841 0.1457, 0.2319 -0.0141 0.1457, 0.2223 0.0208 0.1457, 0.2075 0.0538 0.1457, 0.0295 -0.1102 0.1457, 0.1503 -0.2413 0.1457, 0.0418 -0.1008 0.1457, 0.1764 -0.2162 0.1457, 0.0511 -0.0886 0.1457, 0.1983 -0.1875 0.1457, 0.2156 -0.1557 0.1457, 0.2278 -0.1217 0.1457, 0.0153 -0.002 0.1457, 0.0361 0.1744 0.1457, 0.0 0.1772 0.1457, 0.1638 0.1111 0.1457, 0.1359 0.1342 0.1457, 0.0295 -0.0079 0.1457, 0.1048 0.1526 0.1457, 0.0713 0.1662 0.1457, 0.0153 -0.1161 0.1457, 0.0883 -0.2782 0.1457, 0.1207 -0.2621 0.1457, 0.0 -0.1181 0.1457, 0.0181 -0.2946 0.1457, 0.0538 -0.2891 0.1457, -0.0153 -0.1161 0.1457, -0.0181 -0.2946 0.1457, 0.0 -0.2953 0.1457, -0.0295 -0.1102 0.1457, -0.0883 -0.2782 0.1457, -0.0538 -0.2891 0.1457, -0.0418 -0.1008 0.1457, -0.1503 -0.2413 0.1457, -0.1207 -0.2621 0.1457, -0.057 -0.0743 0.1457, -0.2156 -0.1557 0.1457, -0.0511 -0.0886 0.1457, -0.1983 -0.1875 0.1457, -0.1764 -0.2162 0.1457, -0.0591 -0.0591 0.1457, -0.2347 -0.0862 0.1457, -0.2278 -0.1217 0.1457, -0.0511 -0.0295 0.1457, -0.2223 0.0208 0.1457, -0.057 -0.0438 0.1457, -0.2319 -0.0141 0.1457, -0.236 -0.05 0.1457, -0.0418 -0.0173 0.1457, -0.1879 0.0841 0.1457, -0.2075 0.0538 0.1457, -0.1048 0.1526 0.1457, -0.1359 0.1342 0.1457, -0.1638 0.1111 0.1457
            ]
        }
        coordIndex [
            0,1,2,-1,2,1,3,-1,2,3,4,-1,5,6,7,-1,7,6,8,-1,7,8,9,-1,10,11,12,-1,3,13,4,-1,4,13,14,-1,4,14,11,-1,11,14,15,-1,11,15,12,-1,16,17,18,-1,18,17,19,-1,18,19,20,-1,19,21,20,-1,20,21,22,-1,20,22,0,-1,0,22,23,-1,0,23,1,-1,24,25,5,-1,5,25,26,-1,5,26,6,-1,12,27,10,-1,10,27,28,-1,10,28,29,-1,29,28,30,-1,29,30,24,-1,24,30,31,-1,24,31,25,-1,32,33,16,-1,16,33,34,-1,16,34,17,-1,35,36,32,-1,32,36,37,-1,32,37,33,-1,38,39,35,-1,35,39,40,-1,35,40,36,-1,41,42,38,-1,38,42,43,-1,38,43,39,-1,44,45,41,-1,41,45,46,-1,41,46,42,-1,47,48,49,-1,49,48,50,-1,49,50,44,-1,44,50,51,-1,44,51,45,-1,52,53,47,-1,47,53,54,-1,47,54,48,-1,55,56,57,-1,57,56,58,-1,57,58,52,-1,52,58,59,-1,52,59,53,-1,60,61,55,-1,55,61,62,-1,55,62,56,-1,8,63,9,-1,9,63,64,-1,9,64,60,-1,60,64,65,-1,60,65,61,-1,
        ]
    }
}
Shape{
    appearance Appearance {
        material  Material 	{
            diffuseColor 0.9686274509803922 0.8784313725490196 0.6
            specularColor 0.6784313725490196 0.615686274509804 0.4196078431372549
            ambientIntensity 0.8737
            transparency 0.0
            shininess 0.5
        }
    }
    geometry IndexedFaceSet {
        ccw TRUE
        solid FALSE
        coord DEF co Coordinate {
            point [
                -0.0064 -0.0004 0.3031, 0.0 -0.0 0.1457, -0.0153 -0.002 0.1457, -0.0295 -0.0079 0.1457, -0.0189 -0.0031 0.3031, -0.0152 -0.0023 0.3031, -0.0416 -0.0174 0.3031, -0.0406 -0.0162 0.3031, -0.0418 -0.0173 0.1457, -0.0304 -0.0085 0.3031, -0.0295 -0.008 0.3031, -0.0489 -0.0259 0.3031, -0.0511 -0.0295 0.1457, -0.0509 -0.0297 0.3031, -0.0549 -0.0372 0.3031, -0.057 -0.0438 0.1457, -0.0567 -0.0439 0.3031, -0.0583 -0.0495 0.3031, -0.0591 -0.0591 0.1457, -0.0588 -0.0591 0.3031, -0.059 -0.0623 0.3031, -0.057 -0.0743 0.1457, -0.057 -0.0743 0.3031, -0.0569 -0.0749 0.3031, -0.0511 -0.0886 0.1457, -0.0522 -0.0867 0.3031, -0.0418 -0.1008 0.1457, -0.045 -0.0973 0.3031, -0.051 -0.0885 0.3031, -0.0295 -0.1102 0.1457, -0.0357 -0.1061 0.3031, -0.0415 -0.1006 0.3031, -0.0153 -0.1161 0.1457, -0.0248 -0.1127 0.3031, -0.0294 -0.1099 0.3031, 0.0 -0.1181 0.1457, -0.0127 -0.1167 0.3031, -0.0152 -0.1159 0.3031, 0.0153 -0.1161 0.1457, 0.0127 -0.1167 0.3031, 0.0 -0.1181 0.3031, 0.0295 -0.1102 0.1457, 0.0248 -0.1127 0.3031, 0.0152 -0.1159 0.3031, 0.0418 -0.1008 0.1457, 0.0357 -0.1061 0.3031, 0.0294 -0.1099 0.3031, 0.0511 -0.0886 0.1457, 0.045 -0.0973 0.3031, 0.0415 -0.1006 0.3031, 0.0569 -0.0749 0.3031, 0.0522 -0.0867 0.3031, 0.051 -0.0885 0.3031, 0.057 -0.0743 0.3031, 0.057 -0.0743 0.1457, 0.059 -0.0623 0.3031, 0.0591 -0.0591 0.1457, 0.0588 -0.0591 0.3031, 0.0583 -0.0495 0.3031, 0.057 -0.0438 0.1457, 0.0567 -0.0439 0.3031, 0.0549 -0.0372 0.3031, 0.0511 -0.0295 0.1457, 0.0509 -0.0297 0.3031, 0.0489 -0.0259 0.3031, 0.0418 -0.0173 0.1457, 0.0416 -0.0174 0.3031, 0.0406 -0.0162 0.3031, 0.0295 -0.0079 0.1457, 0.0304 -0.0085 0.3031, 0.0153 -0.002 0.1457, 0.0189 -0.0031 0.3031, 0.0295 -0.008 0.3031, 0.0 -0.0004 0.3031, 0.0064 -0.0004 0.3031, 0.0152 -0.0023 0.3031, 0.0 -0.0787 0.3425, 0.0042 -0.0783 0.3425, 0.0 -0.0591 0.3425, -0.0042 -0.0783 0.3425, -0.015 -0.0718 0.3425, -0.0119 -0.0747 0.3425, -0.0083 -0.0769 0.3425, -0.0197 -0.0601 0.3425, -0.019 -0.0643 0.3425, -0.0174 -0.0683 0.3425, -0.0163 -0.048 0.3425, -0.0183 -0.0518 0.3425, -0.0194 -0.0559 0.3425, -0.0063 -0.0404 0.3425, -0.0101 -0.0422 0.3425, -0.0135 -0.0448 0.3425, 0.0063 -0.0404 0.3425, 0.0021 -0.0395 0.3425, -0.0021 -0.0395 0.3425, 0.0163 -0.048 0.3425, 0.0135 -0.0448 0.3425, 0.0101 -0.0422 0.3425, 0.0197 -0.0601 0.3425, 0.0194 -0.0559 0.3425, 0.0183 -0.0518 0.3425, 0.015 -0.0718 0.3425, 0.0174 -0.0683 0.3425, 0.019 -0.0643 0.3425, 0.0083 -0.0769 0.3425, 0.0119 -0.0747 0.3425, 0.0361 0.1744 0.1457, 0.036 0.1741 0.3228, 0.0247 0.1759 0.3228, 0.0 0.1772 0.1457, 0.0491 0.172 0.3228, 0.0713 0.1662 0.1457, 0.0712 0.1661 0.3228, 0.073 0.1656 0.3228, 0.1048 0.1526 0.1457, 0.0961 0.1567 0.3228, 0.1359 0.1342 0.1457, 0.1181 0.1455 0.3228, 0.1047 0.1524 0.3228, 0.1636 0.1109 0.3228, 0.1581 0.1165 0.3228, 0.1638 0.1111 0.1457, 0.1388 0.132 0.3228, 0.1358 0.134 0.3228, 0.1755 0.099 0.3228, 0.1879 0.0841 0.1457, 0.1877 0.084 0.3228, 0.1911 0.0798 0.3228, 0.2075 0.0538 0.1457, 0.2046 0.0591 0.3228, 0.2223 0.0208 0.1457, 0.2158 0.037 0.3228, 0.2073 0.0537 0.3228, 0.2317 -0.0141 0.3228, 0.2311 -0.0099 0.3228, 0.2319 -0.0141 0.1457, 0.2247 0.0139 0.3228, 0.2221 0.0207 0.3228, 0.2349 -0.0344 0.3228, 0.236 -0.05 0.1457, 0.2357 -0.05 0.3228, 0.2362 -0.0591 0.3228, 0.2347 -0.0862 0.1457, 0.2349 -0.0838 0.3228, 0.2247 -0.1321 0.3228, 0.2275 -0.1216 0.3228, 0.2278 -0.1217 0.1457, 0.2311 -0.1082 0.3228, 0.2345 -0.0861 0.3228, 0.1983 -0.1875 0.1457, 0.2046 -0.1772 0.3228, 0.2156 -0.1557 0.1457, 0.2155 -0.1557 0.3228, 0.2158 -0.1551 0.3228, 0.1764 -0.2162 0.1457, 0.1911 -0.1979 0.3228, 0.198 -0.1873 0.3228, 0.1501 -0.2411 0.3228, 0.1581 -0.2346 0.3228, 0.1503 -0.2413 0.1457, 0.1755 -0.2171 0.3228, 0.1763 -0.2162 0.3228, 0.1388 -0.2502 0.3228, 0.1207 -0.2621 0.1457, 0.1206 -0.262 0.3228, 0.1181 -0.2636 0.3228, 0.0883 -0.2782 0.1457, 0.0961 -0.2749 0.3228, 0.0538 -0.2891 0.1457, 0.073 -0.2837 0.3228, 0.0882 -0.2779 0.3228, 0.0181 -0.2943 0.3228, 0.0247 -0.294 0.3228, 0.0181 -0.2946 0.1457, 0.0491 -0.2901 0.3228, 0.0538 -0.2889 0.3228, 0.0 -0.2953 0.3228, 0.0 -0.2953 0.1457, -0.0181 -0.2943 0.3228, -0.0181 -0.2946 0.1457, -0.0247 -0.294 0.3228, -0.0538 -0.2891 0.1457, -0.0491 -0.2901 0.3228, -0.0883 -0.2782 0.1457, -0.073 -0.2837 0.3228, -0.0538 -0.2889 0.3228, -0.1206 -0.262 0.3228, -0.1181 -0.2636 0.3228, -0.1207 -0.2621 0.1457, -0.0961 -0.2749 0.3228, -0.0882 -0.2779 0.3228, -0.1388 -0.2502 0.3228, -0.1503 -0.2413 0.1457, -0.1501 -0.2411 0.3228, -0.1581 -0.2346 0.3228, -0.1764 -0.2162 0.1457, -0.1755 -0.2171 0.3228, -0.1983 -0.1875 0.1457, -0.1911 -0.1979 0.3228, -0.1763 -0.2162 0.3228, -0.2156 -0.1557 0.1457, -0.2046 -0.1772 0.3228, -0.198 -0.1873 0.3228, -0.2275 -0.1216 0.3228, -0.2247 -0.1321 0.3228, -0.2278 -0.1217 0.1457, -0.2158 -0.1551 0.3228, -0.2155 -0.1557 0.3228, -0.2311 -0.1082 0.3228, -0.2347 -0.0862 0.1457, -0.2345 -0.0861 0.3228, -0.2349 -0.0838 0.3228, -0.236 -0.05 0.1457, -0.2362 -0.0591 0.3228, -0.2319 -0.0141 0.1457, -0.2349 -0.0344 0.3228, -0.2357 -0.05 0.3228, -0.2221 0.0207 0.3228, -0.2247 0.0139 0.3228, -0.2223 0.0208 0.1457, -0.2311 -0.0099 0.3228, -0.2317 -0.0141 0.3228, -0.2158 0.037 0.3228, -0.2075 0.0538 0.1457, -0.2073 0.0537 0.3228, -0.2046 0.0591 0.3228, -0.1879 0.0841 0.1457, -0.1911 0.0798 0.3228, -0.1638 0.1111 0.1457, -0.1755 0.099 0.3228, -0.1877 0.084 0.3228, -0.1358 0.134 0.3228, -0.1388 0.132 0.3228, -0.1359 0.1342 0.1457, -0.1581 0.1165 0.3228, -0.1636 0.1109 0.3228, -0.1181 0.1455 0.3228, -0.1048 0.1526 0.1457, -0.1047 0.1524 0.3228, -0.0961 0.1567 0.3228, -0.0713 0.1662 0.1457, -0.073 0.1656 0.3228, -0.0361 0.1744 0.1457, -0.0491 0.172 0.3228, -0.0712 0.1661 0.3228, 0.0 0.1772 0.3228, -0.0247 0.1759 0.3228, -0.036 0.1741 0.3228, 0.0259 -0.3136 0.3425, 0.0267 -0.3136 0.3425, 0.0262 -0.3085 0.3418, 0.0515 -0.3096 0.3425, 0.0532 -0.3094 0.3425, 0.0521 -0.3044 0.3418, 0.1461 -0.2689 0.3425, 0.1504 -0.2661 0.3425, 0.1474 -0.262 0.3418, 0.1665 -0.253 0.3425, 0.1712 -0.2492 0.3425, 0.1678 -0.2454 0.3418, 0.1853 -0.2352 0.3425, 0.1902 -0.2303 0.3425, 0.1864 -0.2269 0.3418, 0.2021 -0.2155 0.3425, 0.207 -0.2095 0.3425, 0.2029 -0.2065 0.3418, 0.2169 -0.1943 0.3425, 0.2216 -0.187 0.3425, 0.2172 -0.1845 0.3418, 0.2295 -0.1716 0.3425, 0.2338 -0.1631 0.3425, 0.2291 -0.1611 0.3418, 0.2397 -0.1478 0.3425, 0.2434 -0.1381 0.3425, 0.2385 -0.1366 0.3418, 0.2474 -0.1231 0.3425, 0.2503 -0.1123 0.3425, 0.2453 -0.1112 0.3418, 0.2526 -0.0978 0.3425, 0.2545 -0.0858 0.3425, 0.2494 -0.0853 0.3418, -0.0259 0.1955 0.3425, -0.0267 0.1954 0.3425, -0.0262 0.1904 0.3418, -0.0515 0.1915 0.3425, -0.0532 0.1913 0.3425, -0.0521 0.1863 0.3418, -0.1461 0.1508 0.3425, -0.1504 0.148 0.3425, -0.1474 0.1439 0.3418, -0.1665 0.1349 0.3425, -0.1712 0.1311 0.3425, -0.1678 0.1273 0.3418, -0.1853 0.1171 0.3425, -0.1902 0.1122 0.3425, -0.1864 0.1088 0.3418, -0.2021 0.0974 0.3425, -0.207 0.0914 0.3425, -0.2029 0.0884 0.3418, -0.2169 0.0761 0.3425, -0.2216 0.0689 0.3425, -0.2172 0.0663 0.3418, -0.2295 0.0535 0.3425, -0.2338 0.045 0.3425, -0.2291 0.043 0.3418, -0.2397 0.0297 0.3425, -0.2434 0.02 0.3425, -0.2385 0.0184 0.3418, -0.2474 0.005 0.3425, -0.2503 -0.0059 0.3425, -0.2453 -0.0069 0.3418, -0.2526 -0.0204 0.3425, -0.2545 -0.0323 0.3425, -0.2494 -0.0328 0.3418, 0.0738 0.1681 0.3327, 0.0732 0.1662 0.3279, 0.0964 0.1574 0.3279, -0.0738 -0.2862 0.3327, -0.0732 -0.2844 0.3279, -0.0964 -0.2755 0.3279, 0.0493 -0.2908 0.3279, 0.1392 -0.2507 0.3279, 0.176 -0.2176 0.3279, 0.2317 -0.1083 0.3279, 0.2356 -0.0343 0.3279, 0.2164 0.0373 0.3279, 0.176 0.0995 0.3279, 0.1184 0.1461 0.3279, 0.0493 0.1727 0.3279, -0.0248 0.1765 0.3279, -0.0964 0.1574 0.3279, -0.1184 0.1461 0.3279, -0.176 0.0995 0.3279, -0.2164 0.0373 0.3279, -0.2356 -0.0343 0.3279, -0.2356 -0.0838 0.3279, -0.2164 -0.1554 0.3279, -0.1916 -0.1983 0.3279, -0.1392 -0.2507 0.3279, -0.0248 -0.2947 0.3279, -0.1184 -0.2642 0.3279, -0.1585 -0.2351 0.3279, -0.176 -0.2176 0.3279, -0.2052 -0.1775 0.3279, -0.2253 -0.1323 0.3279, -0.2317 -0.1083 0.3279, -0.2369 -0.0591 0.3279, -0.2317 -0.0098 0.3279, -0.2253 0.0141 0.3279, -0.2052 0.0594 0.3279, -0.1916 0.0802 0.3279, -0.1585 0.117 0.3279, -0.1392 0.1326 0.3279, 0.1392 0.1326 0.3279, 0.1585 0.117 0.3279, 0.1916 0.0802 0.3279, 0.2052 0.0594 0.3279, 0.2253 0.0141 0.3279, 0.2317 -0.0098 0.3279, 0.2369 -0.0591 0.3279, 0.2356 -0.0838 0.3279, 0.2253 -0.1323 0.3279, 0.2164 -0.1554 0.3279, 0.2052 -0.1775 0.3279, 0.1916 -0.1983 0.3279, 0.1585 -0.2351 0.3279, 0.1184 -0.2642 0.3279, -0.0493 -0.2908 0.3279, -0.0497 -0.2927 0.3327, -0.0503 -0.2958 0.3368, 0.0497 0.1746 0.3327, 0.0503 0.1776 0.3368, -0.025 -0.2966 0.3327, -0.0253 -0.2997 0.3368, -0.0257 -0.3038 0.3399, 0.0248 0.1765 0.3279, 0.025 0.1785 0.3327, 0.0253 0.1816 0.3368, 0.0257 0.1857 0.3399, 0.0 -0.296 0.3279, 0.0 -0.2979 0.3327, 0.0 -0.301 0.3368, 0.0 -0.3051 0.3399, 0.0 -0.3099 0.3418, 0.0 0.1778 0.3279, 0.0 0.1798 0.3327, 0.0 0.1829 0.3368, 0.0 0.187 0.3399, 0.0 0.1918 0.3418, -0.1001 0.1657 0.3399, -0.102 0.1701 0.3418, -0.1254 0.1581 0.3418, 0.1001 -0.2838 0.3399, 0.102 -0.2882 0.3418, 0.1254 -0.2763 0.3418, -0.0262 -0.3085 0.3418, -0.0267 -0.3136 0.3425, -0.0259 -0.3136 0.3425, -0.0972 -0.2773 0.3327, -0.0748 -0.2892 0.3368, -0.0512 -0.2997 0.3399, 0.0 -0.315 0.3425, -0.0521 -0.3044 0.3418, -0.0532 -0.3094 0.3425, -0.0515 -0.3096 0.3425, -0.1194 -0.2659 0.3327, -0.0984 -0.2801 0.3368, -0.076 -0.2931 0.3399, -0.0775 -0.2976 0.3418, -0.0791 -0.3024 0.3425, -0.0766 -0.3031 0.3425, -0.1404 -0.2523 0.3327, -0.121 -0.2686 0.3368, -0.1001 -0.2838 0.3399, -0.102 -0.2882 0.3418, -0.1041 -0.2928 0.3425, -0.1009 -0.2941 0.3425, -0.1598 -0.2366 0.3327, -0.1422 -0.2548 0.3368, -0.123 -0.2722 0.3399, -0.1254 -0.2763 0.3418, -0.128 -0.2807 0.3425, -0.1241 -0.2826 0.3425, -0.1775 -0.2189 0.3327, -0.1619 -0.2389 0.3368, -0.1446 -0.2581 0.3399, -0.1474 -0.262 0.3418, -0.1504 -0.2661 0.3425, -0.1461 -0.2689 0.3425, -0.1932 -0.1995 0.3327, -0.1798 -0.221 0.3368, -0.1646 -0.2419 0.3399, -0.1678 -0.2454 0.3418, -0.1712 -0.2492 0.3425, -0.1665 -0.253 0.3425, -0.2069 -0.1785 0.3327, -0.1958 -0.2013 0.3368, -0.1829 -0.2237 0.3399, -0.1864 -0.2269 0.3418, -0.1902 -0.2303 0.3425, -0.1853 -0.2352 0.3425, -0.2182 -0.1562 0.3327, -0.2096 -0.1801 0.3368, -0.1991 -0.2037 0.3399, -0.2029 -0.2065 0.3418, -0.207 -0.2095 0.3425, -0.2021 -0.2155 0.3425, -0.2272 -0.1329 0.3327, -0.2211 -0.1575 0.3368, -0.2131 -0.1821 0.3399, -0.2172 -0.1845 0.3418, -0.2216 -0.187 0.3425, -0.2169 -0.1943 0.3425, -0.2336 -0.1087 0.3327, -0.2301 -0.1338 0.3368, -0.2248 -0.1591 0.3399, -0.2291 -0.1611 0.3418, -0.2338 -0.1631 0.3425, -0.2295 -0.1716 0.3425, -0.2375 -0.084 0.3327, -0.2367 -0.1094 0.3368, -0.234 -0.1351 0.3399, -0.2385 -0.1366 0.3418, -0.2434 -0.1381 0.3425, -0.2397 -0.1478 0.3425, -0.2389 -0.0591 0.3327, -0.2407 -0.0844 0.3368, -0.2407 -0.1102 0.3399, -0.2453 -0.1112 0.3418, -0.2503 -0.1123 0.3425, -0.2474 -0.1231 0.3425, -0.2375 -0.0341 0.3327, -0.242 -0.0591 0.3368, -0.2447 -0.0848 0.3399, -0.2494 -0.0853 0.3418, -0.2545 -0.0858 0.3425, -0.2526 -0.0978 0.3425, -0.2336 -0.0094 0.3327, -0.2407 -0.0338 0.3368, -0.2461 -0.0591 0.3399, -0.2552 -0.0461 0.3425, -0.2559 -0.0591 0.3425, -0.2508 -0.0591 0.3418, -0.2552 -0.072 0.3425, -0.2272 0.0148 0.3327, -0.2367 -0.0087 0.3368, -0.2447 -0.0333 0.3399, -0.2182 0.0381 0.3327, -0.2301 0.0157 0.3368, -0.2407 -0.0079 0.3399, -0.2069 0.0604 0.3327, -0.2211 0.0394 0.3368, -0.234 0.017 0.3399, -0.1932 0.0813 0.3327, -0.2096 0.0619 0.3368, -0.2248 0.041 0.3399, -0.1775 0.1008 0.3327, -0.1958 0.0832 0.3368, -0.2131 0.064 0.3399, -0.1598 0.1184 0.3327, -0.1798 0.1029 0.3368, -0.1991 0.0856 0.3399, -0.1404 0.1342 0.3327, -0.1619 0.1208 0.3368, -0.1829 0.1056 0.3399, -0.1194 0.1478 0.3327, -0.1422 0.1367 0.3368, -0.1646 0.1238 0.3399, -0.0972 0.1591 0.3327, -0.121 0.1505 0.3368, -0.1446 0.14 0.3399, -0.0984 0.162 0.3368, -0.123 0.154 0.3399, -0.128 0.1626 0.3425, -0.0766 0.185 0.3425, -0.0791 0.1843 0.3425, -0.0775 0.1795 0.3418, -0.076 0.175 0.3399, -0.0748 0.1711 0.3368, -0.0738 0.1681 0.3327, -0.0732 0.1662 0.3279, -0.1009 0.176 0.3425, -0.1041 0.1747 0.3425, -0.1241 0.1645 0.3425, -0.0512 0.1816 0.3399, -0.0503 0.1776 0.3368, -0.0497 0.1746 0.3327, -0.0493 0.1727 0.3279, -0.0257 0.1857 0.3399, -0.0253 0.1816 0.3368, -0.025 0.1785 0.3327, 0.0 0.1968 0.3425, 0.0262 0.1904 0.3418, 0.0267 0.1954 0.3425, 0.0259 0.1955 0.3425, 0.0972 0.1591 0.3327, 0.0748 0.1711 0.3368, 0.0512 0.1816 0.3399, 0.0521 0.1863 0.3418, 0.0532 0.1913 0.3425, 0.0515 0.1915 0.3425, 0.1194 0.1478 0.3327, 0.0984 0.162 0.3368, 0.076 0.175 0.3399, 0.0775 0.1795 0.3418, 0.0791 0.1843 0.3425, 0.0766 0.185 0.3425, 0.1404 0.1342 0.3327, 0.121 0.1505 0.3368, 0.1001 0.1657 0.3399, 0.102 0.1701 0.3418, 0.1041 0.1747 0.3425, 0.1009 0.176 0.3425, 0.1598 0.1184 0.3327, 0.1422 0.1367 0.3368, 0.123 0.154 0.3399, 0.1254 0.1581 0.3418, 0.128 0.1626 0.3425, 0.1241 0.1645 0.3425, 0.1775 0.1008 0.3327, 0.1619 0.1208 0.3368, 0.1446 0.14 0.3399, 0.1474 0.1439 0.3418, 0.1504 0.148 0.3425, 0.1461 0.1508 0.3425, 0.1932 0.0813 0.3327, 0.1798 0.1029 0.3368, 0.1646 0.1238 0.3399, 0.1678 0.1273 0.3418, 0.1712 0.1311 0.3425, 0.1665 0.1349 0.3425, 0.2069 0.0604 0.3327, 0.1958 0.0832 0.3368, 0.1829 0.1056 0.3399, 0.1864 0.1088 0.3418, 0.1902 0.1122 0.3425, 0.1853 0.1171 0.3425, 0.2182 0.0381 0.3327, 0.2096 0.0619 0.3368, 0.1991 0.0856 0.3399, 0.2029 0.0884 0.3418, 0.207 0.0914 0.3425, 0.2021 0.0974 0.3425, 0.2272 0.0148 0.3327, 0.2211 0.0394 0.3368, 0.2131 0.064 0.3399, 0.2172 0.0663 0.3418, 0.2216 0.0689 0.3425, 0.2169 0.0761 0.3425, 0.2336 -0.0094 0.3327, 0.2301 0.0157 0.3368, 0.2248 0.041 0.3399, 0.2291 0.043 0.3418, 0.2338 0.045 0.3425, 0.2295 0.0535 0.3425, 0.2375 -0.0341 0.3327, 0.2367 -0.0087 0.3368, 0.234 0.017 0.3399, 0.2385 0.0184 0.3418, 0.2434 0.02 0.3425, 0.2397 0.0297 0.3425, 0.2389 -0.0591 0.3327, 0.2407 -0.0338 0.3368, 0.2407 -0.0079 0.3399, 0.2453 -0.0069 0.3418, 0.2503 -0.0059 0.3425, 0.2474 0.005 0.3425, 0.2375 -0.084 0.3327, 0.242 -0.0591 0.3368, 0.2447 -0.0333 0.3399, 0.2494 -0.0328 0.3418, 0.2545 -0.0323 0.3425, 0.2526 -0.0204 0.3425, 0.2336 -0.1087 0.3327, 0.2407 -0.0844 0.3368, 0.2461 -0.0591 0.3399, 0.2552 -0.072 0.3425, 0.2559 -0.0591 0.3425, 0.2508 -0.0591 0.3418, 0.2552 -0.0461 0.3425, 0.2272 -0.1329 0.3327, 0.2367 -0.1094 0.3368, 0.2447 -0.0848 0.3399, 0.2182 -0.1562 0.3327, 0.2301 -0.1338 0.3368, 0.2407 -0.1102 0.3399, 0.2069 -0.1785 0.3327, 0.2211 -0.1575 0.3368, 0.234 -0.1351 0.3399, 0.1932 -0.1995 0.3327, 0.2096 -0.1801 0.3368, 0.2248 -0.1591 0.3399, 0.1775 -0.2189 0.3327, 0.1958 -0.2013 0.3368, 0.2131 -0.1821 0.3399, 0.1598 -0.2366 0.3327, 0.1798 -0.221 0.3368, 0.1991 -0.2037 0.3399, 0.1404 -0.2523 0.3327, 0.1619 -0.2389 0.3368, 0.1829 -0.2237 0.3399, 0.0964 -0.2755 0.3279, 0.1194 -0.2659 0.3327, 0.1422 -0.2548 0.3368, 0.1646 -0.2419 0.3399, 0.0972 -0.2773 0.3327, 0.121 -0.2686 0.3368, 0.1446 -0.2581 0.3399, 0.0984 -0.2801 0.3368, 0.123 -0.2722 0.3399, 0.128 -0.2807 0.3425, 0.0766 -0.3031 0.3425, 0.0791 -0.3024 0.3425, 0.0775 -0.2976 0.3418, 0.076 -0.2931 0.3399, 0.0748 -0.2892 0.3368, 0.0738 -0.2862 0.3327, 0.0732 -0.2844 0.3279, 0.1009 -0.2941 0.3425, 0.1041 -0.2928 0.3425, 0.1241 -0.2826 0.3425, 0.0512 -0.2997 0.3399, 0.0503 -0.2958 0.3368, 0.0497 -0.2927 0.3327, 0.0257 -0.3038 0.3399, 0.0253 -0.2997 0.3368, 0.025 -0.2966 0.3327, 0.0248 -0.2947 0.3279, 0.0392 -0.3315 0.3228, 0.0555 -0.329 0.3228, 0.0553 -0.3284 0.3279, 0.1144 -0.3095 0.3228, 0.1337 -0.3 0.3228, 0.1334 -0.2994 0.3279, 0.1804 -0.2673 0.3228, 0.1997 -0.2489 0.3228, 0.1993 -0.2485 0.3279, 0.208 -0.2393 0.3228, 0.2179 -0.2278 0.3228, 0.2174 -0.2273 0.3279, 0.2504 -0.1734 0.3228, 0.2584 -0.1548 0.3228, 0.2578 -0.1545 0.3279, 0.2727 -0.0983 0.3228, 0.2752 -0.073 0.3228, 0.2746 -0.073 0.3279, 0.2727 -0.0199 0.3228, 0.2724 -0.0173 0.3228, 0.2717 -0.0174 0.3279, 0.2641 0.0185 0.3228, 0.2584 0.0367 0.3228, 0.2578 0.0364 0.3279, 0.2317 0.0898 0.3228, 0.2179 0.1096 0.3228, 0.2174 0.1092 0.3279, 0.1804 0.1492 0.3228, 0.1795 0.15 0.3228, 0.1791 0.1495 0.3279, 0.1488 0.1725 0.3228, 0.1337 0.1819 0.3228, 0.1334 0.1813 0.3279, 0.0776 0.2052 0.3228, 0.0555 0.2109 0.3228, 0.0553 0.2102 0.3279, -0.0392 0.2134 0.3228, -0.0555 0.2109 0.3228, -0.0553 0.2102 0.3279, -0.1144 0.1914 0.3228, -0.1337 0.1819 0.3228, -0.1334 0.1813 0.3279, -0.1804 0.1492 0.3228, -0.1997 0.1308 0.3228, -0.1993 0.1304 0.3279, -0.208 0.1212 0.3228, -0.2179 0.1096 0.3228, -0.2174 0.1092 0.3279, -0.2504 0.0553 0.3228, -0.2584 0.0367 0.3228, -0.2578 0.0364 0.3279, -0.2727 -0.0199 0.3228, -0.2752 -0.0451 0.3228, -0.2746 -0.0451 0.3279, -0.2727 -0.0983 0.3228, -0.2724 -0.1008 0.3228, -0.2717 -0.1007 0.3279, -0.2641 -0.1366 0.3228, -0.2584 -0.1548 0.3228, -0.2578 -0.1545 0.3279, -0.2317 -0.208 0.3228, -0.2179 -0.2278 0.3228, -0.2174 -0.2273 0.3279, -0.1804 -0.2673 0.3228, -0.1795 -0.2682 0.3228, -0.1791 -0.2677 0.3279, -0.1488 -0.2906 0.3228, -0.1337 -0.3 0.3228, -0.1334 -0.2994 0.3279, -0.0776 -0.3233 0.3228, -0.0555 -0.329 0.3228, -0.0553 -0.3284 0.3279, 0.0264 -0.3187 0.3418, 0.2607 -0.0458 0.3418, 0.258 -0.0195 0.3418, 0.2527 0.0064 0.3418, 0.2448 0.0316 0.3418, 0.2343 0.0559 0.3418, 0.2215 0.079 0.3418, 0.2064 0.1007 0.3418, 0.1892 0.1208 0.3418, 0.17 0.139 0.3418, 0.1491 0.1552 0.3418, 0.1267 0.1691 0.3418, 0.1029 0.1808 0.3418, 0.0781 0.19 0.3418, 0.0525 0.1966 0.3418, -0.0264 0.2006 0.3418, -0.2607 -0.0723 0.3418, -0.258 -0.0986 0.3418, -0.2527 -0.1245 0.3418, -0.2448 -0.1497 0.3418, -0.2343 -0.174 0.3418, -0.2215 -0.1971 0.3418, -0.2064 -0.2188 0.3418, -0.1892 -0.2389 0.3418, -0.17 -0.2571 0.3418, -0.1491 -0.2733 0.3418, -0.1267 -0.2873 0.3418, -0.1029 -0.2989 0.3418, -0.0781 -0.3081 0.3418, -0.0525 -0.3147 0.3418, -0.258 -0.0195 0.3418, -0.2527 0.0064 0.3418, -0.2448 0.0316 0.3418, -0.2343 0.0559 0.3418, -0.2215 0.079 0.3418, -0.2064 0.1007 0.3418, -0.1892 0.1208 0.3418, -0.17 0.139 0.3418, -0.1491 0.1552 0.3418, -0.1267 0.1691 0.3418, -0.1029 0.1808 0.3418, -0.0781 0.19 0.3418, -0.0525 0.1966 0.3418, 0.258 -0.0986 0.3418, 0.2527 -0.1245 0.3418, 0.2448 -0.1497 0.3418, 0.2343 -0.174 0.3418, 0.2215 -0.1971 0.3418, 0.2064 -0.2188 0.3418, 0.1892 -0.2389 0.3418, 0.17 -0.2571 0.3418, 0.1491 -0.2733 0.3418, 0.1267 -0.2873 0.3418, 0.1029 -0.2989 0.3418, 0.0781 -0.3081 0.3418, 0.0525 -0.3147 0.3418, -0.0264 -0.3187 0.3418, -0.0269 -0.3234 0.3399, -0.0535 -0.3194 0.3399, -0.0273 -0.3275 0.3368, -0.0543 -0.3234 0.3368, -0.0276 -0.3306 0.3327, -0.0549 -0.3264 0.3327, -0.0278 -0.3326 0.3279, -0.1048 -0.3033 0.3399, -0.129 -0.2914 0.3399, -0.1064 -0.307 0.3368, -0.1309 -0.295 0.3368, -0.1076 -0.3099 0.3327, -0.1325 -0.2977 0.3327, -0.1084 -0.3117 0.3279, -0.1926 -0.2422 0.3399, -0.2101 -0.2217 0.3399, -0.1956 -0.245 0.3368, -0.2134 -0.2242 0.3368, -0.1978 -0.2471 0.3327, -0.2158 -0.2261 0.3327, -0.1993 -0.2485 0.3279, -0.2386 -0.1761 0.3399, -0.2492 -0.1514 0.3399, -0.2422 -0.1779 0.3368, -0.253 -0.1528 0.3368, -0.2451 -0.1793 0.3327, -0.256 -0.1539 0.3327, -0.2468 -0.1801 0.3279, -0.2607 -0.0458 0.3418, -0.2654 -0.0725 0.3399, -0.2654 -0.0456 0.3399, -0.2695 -0.0727 0.3368, -0.2695 -0.0454 0.3368, -0.2726 -0.0729 0.3327, -0.2726 -0.0452 0.3327, -0.2746 -0.073 0.3279, -0.2573 0.0076 0.3399, -0.2492 0.0332 0.3399, -0.2612 0.0086 0.3368, -0.253 0.0347 0.3368, -0.2642 0.0094 0.3327, -0.256 0.0357 0.3327, -0.2661 0.0098 0.3279, -0.2255 0.0815 0.3399, -0.2101 0.1036 0.3399, -0.229 0.0837 0.3368, -0.2134 0.1061 0.3368, -0.2316 0.0853 0.3327, -0.2158 0.108 0.3327, -0.2333 0.0864 0.3279, -0.1518 0.1591 0.3399, -0.129 0.1733 0.3399, -0.1541 0.1624 0.3368, -0.1309 0.1769 0.3368, -0.1559 0.165 0.3327, -0.1325 0.1796 0.3327, -0.1571 0.1666 0.3279, -0.0796 0.1945 0.3399, -0.0535 0.2012 0.3399, -0.0808 0.1984 0.3368, -0.0543 0.2052 0.3368, -0.0817 0.2014 0.3327, -0.0549 0.2083 0.3327, -0.0823 0.2033 0.3279, 0.0264 0.2006 0.3418, 0.0269 0.2053 0.3399, 0.0535 0.2012 0.3399, 0.0273 0.2094 0.3368, 0.0543 0.2052 0.3368, 0.0276 0.2125 0.3327, 0.0549 0.2083 0.3327, 0.0278 0.2144 0.3279, 0.1048 0.1852 0.3399, 0.129 0.1733 0.3399, 0.1064 0.1889 0.3368, 0.1309 0.1769 0.3368, 0.1076 0.1918 0.3327, 0.1325 0.1796 0.3327, 0.1084 0.1936 0.3279, 0.1926 0.124 0.3399, 0.2101 0.1036 0.3399, 0.1956 0.1268 0.3368, 0.2134 0.1061 0.3368, 0.1978 0.129 0.3327, 0.2158 0.108 0.3327, 0.1993 0.1304 0.3279, 0.2386 0.058 0.3399, 0.2492 0.0332 0.3399, 0.2422 0.0598 0.3368, 0.253 0.0347 0.3368, 0.2451 0.0611 0.3327, 0.256 0.0357 0.3327, 0.2468 0.062 0.3279, 0.2607 -0.0723 0.3418, 0.2654 -0.0456 0.3399, 0.2654 -0.0725 0.3399, 0.2695 -0.0454 0.3368, 0.2695 -0.0727 0.3368, 0.2726 -0.0452 0.3327, 0.2726 -0.0729 0.3327, 0.2746 -0.0451 0.3279, 0.2573 -0.1257 0.3399, 0.2492 -0.1514 0.3399, 0.2612 -0.1267 0.3368, 0.253 -0.1528 0.3368, 0.2642 -0.1275 0.3327, 0.256 -0.1539 0.3327, 0.2661 -0.128 0.3279, 0.2255 -0.1996 0.3399, 0.2101 -0.2217 0.3399, 0.229 -0.2018 0.3368, 0.2134 -0.2242 0.3368, 0.2316 -0.2034 0.3327, 0.2158 -0.2261 0.3327, 0.2333 -0.2045 0.3279, 0.1518 -0.2772 0.3399, 0.129 -0.2914 0.3399, 0.1541 -0.2805 0.3368, 0.1309 -0.295 0.3368, 0.1559 -0.2831 0.3327, 0.1325 -0.2977 0.3327, 0.1571 -0.2847 0.3279, 0.0796 -0.3126 0.3399, 0.0535 -0.3194 0.3399, 0.0808 -0.3165 0.3368, 0.0543 -0.3234 0.3368, 0.0817 -0.3195 0.3327, 0.0549 -0.3264 0.3327, 0.0823 -0.3214 0.3279, 0.0 -0.3201 0.3418, 0.0 -0.3248 0.3399, 0.0 -0.3289 0.3368, 0.0 -0.332 0.3327, 0.0 -0.334 0.3279, 0.0 -0.3347 0.3228, -0.0279 -0.3332 0.3228, -0.0392 -0.3315 0.3228, -0.0825 -0.322 0.3228, -0.0823 -0.3214 0.3279, -0.0817 -0.3195 0.3327, -0.0808 -0.3165 0.3368, -0.0796 -0.3126 0.3399, -0.1087 -0.3123 0.3228, -0.1144 -0.3095 0.3228, -0.1574 -0.2853 0.3228, -0.1571 -0.2847 0.3279, -0.1559 -0.2831 0.3327, -0.1541 -0.2805 0.3368, -0.1518 -0.2772 0.3399, -0.1731 -0.2607 0.3399, -0.1758 -0.2638 0.3368, -0.1778 -0.2662 0.3327, -0.1997 -0.2489 0.3228, -0.208 -0.2393 0.3228, -0.2339 -0.2048 0.3228, -0.2333 -0.2045 0.3279, -0.2316 -0.2034 0.3327, -0.229 -0.2018 0.3368, -0.2255 -0.1996 0.3399, -0.2474 -0.1804 0.3228, -0.2504 -0.1734 0.3228, -0.2668 -0.1281 0.3228, -0.2661 -0.128 0.3279, -0.2642 -0.1275 0.3327, -0.2612 -0.1267 0.3368, -0.2573 -0.1257 0.3399, -0.2627 -0.0993 0.3399, -0.2667 -0.0999 0.3368, -0.2698 -0.1004 0.3327, -0.2752 -0.073 0.3228, -0.2752 -0.0591 0.3228, -0.2724 -0.0173 0.3228, -0.2717 -0.0174 0.3279, -0.2698 -0.0177 0.3327, -0.2667 -0.0182 0.3368, -0.2627 -0.0188 0.3399, -0.2668 0.01 0.3228, -0.2641 0.0185 0.3228, -0.2474 0.0623 0.3228, -0.2468 0.062 0.3279, -0.2451 0.0611 0.3327, -0.2422 0.0598 0.3368, -0.2386 0.058 0.3399, -0.2339 0.0867 0.3228, -0.2317 0.0898 0.3228, -0.1978 0.129 0.3327, -0.1956 0.1268 0.3368, -0.1926 0.124 0.3399, -0.1795 0.15 0.3228, -0.1791 0.1495 0.3279, -0.1778 0.148 0.3327, -0.1758 0.1457 0.3368, -0.1731 0.1426 0.3399, -0.1574 0.1671 0.3228, -0.1488 0.1725 0.3228, -0.1087 0.1942 0.3228, -0.1084 0.1936 0.3279, -0.1076 0.1918 0.3327, -0.1064 0.1889 0.3368, -0.1048 0.1852 0.3399, -0.0825 0.2039 0.3228, -0.0776 0.2052 0.3228, -0.0279 0.2151 0.3228, -0.0278 0.2144 0.3279, -0.0276 0.2125 0.3327, -0.0273 0.2094 0.3368, -0.0269 0.2053 0.3399, 0.0 0.2019 0.3418, 0.0 0.2067 0.3399, 0.0 0.2108 0.3368, 0.0 0.2139 0.3327, 0.0 0.2159 0.3279, 0.0 0.2165 0.3228, 0.0279 0.2151 0.3228, 0.0392 0.2134 0.3228, 0.0825 0.2039 0.3228, 0.0823 0.2033 0.3279, 0.0817 0.2014 0.3327, 0.0808 0.1984 0.3368, 0.0796 0.1945 0.3399, 0.1087 0.1942 0.3228, 0.1144 0.1914 0.3228, 0.1574 0.1671 0.3228, 0.1571 0.1666 0.3279, 0.1559 0.165 0.3327, 0.1541 0.1624 0.3368, 0.1518 0.1591 0.3399, 0.1731 0.1426 0.3399, 0.1758 0.1457 0.3368, 0.1778 0.148 0.3327, 0.1997 0.1308 0.3228, 0.208 0.1212 0.3228, 0.2339 0.0867 0.3228, 0.2333 0.0864 0.3279, 0.2316 0.0853 0.3327, 0.229 0.0837 0.3368, 0.2255 0.0815 0.3399, 0.2474 0.0623 0.3228, 0.2504 0.0553 0.3228, 0.2668 0.01 0.3228, 0.2661 0.0098 0.3279, 0.2642 0.0094 0.3327, 0.2612 0.0086 0.3368, 0.2573 0.0076 0.3399, 0.2627 -0.0188 0.3399, 0.2667 -0.0182 0.3368, 0.2698 -0.0177 0.3327, 0.2752 -0.0451 0.3228, 0.2752 -0.0591 0.3228, 0.2724 -0.1008 0.3228, 0.2717 -0.1007 0.3279, 0.2698 -0.1004 0.3327, 0.2667 -0.0999 0.3368, 0.2627 -0.0993 0.3399, 0.2668 -0.1281 0.3228, 0.2641 -0.1366 0.3228, 0.2474 -0.1804 0.3228, 0.2468 -0.1801 0.3279, 0.2451 -0.1793 0.3327, 0.2422 -0.1779 0.3368, 0.2386 -0.1761 0.3399, 0.2339 -0.2048 0.3228, 0.2317 -0.208 0.3228, 0.1978 -0.2471 0.3327, 0.1956 -0.245 0.3368, 0.1926 -0.2422 0.3399, 0.1795 -0.2682 0.3228, 0.1791 -0.2677 0.3279, 0.1778 -0.2662 0.3327, 0.1758 -0.2638 0.3368, 0.1731 -0.2607 0.3399, 0.1574 -0.2853 0.3228, 0.1488 -0.2906 0.3228, 0.1087 -0.3123 0.3228, 0.1084 -0.3117 0.3279, 0.1076 -0.3099 0.3327, 0.1064 -0.307 0.3368, 0.1048 -0.3033 0.3399, 0.0825 -0.322 0.3228, 0.0776 -0.3233 0.3228, 0.0279 -0.3332 0.3228, 0.0278 -0.3326 0.3279, 0.0276 -0.3306 0.3327, 0.0273 -0.3275 0.3368, 0.0269 -0.3234 0.3399, 0.0242 -0.1114 0.3133, 0.0349 -0.105 0.3133, 0.044 -0.0964 0.3133, 0.051 -0.0861 0.3133, 0.0576 -0.0622 0.3133, 0.057 -0.0497 0.3133, 0.0536 -0.0377 0.3133, 0.0478 -0.0267 0.3133, 0.0397 -0.0172 0.3133, 0.0184 -0.0044 0.3133, 0.0062 -0.0017 0.3133, -0.0062 -0.0017 0.3133, -0.0184 -0.0044 0.3133, -0.0298 -0.0096 0.3133, -0.0478 -0.0267 0.3133, -0.0536 -0.0377 0.3133, -0.057 -0.0497 0.3133, -0.0576 -0.0622 0.3133, -0.0556 -0.0745 0.3133, -0.044 -0.0964 0.3133, -0.0349 -0.105 0.3133, -0.0242 -0.1114 0.3133, -0.0124 -0.1154 0.3133, 0.0 -0.0889 0.3412, -0.0064 -0.0882 0.3412, 0.0 -0.0984 0.3372, -0.0085 -0.0975 0.3372, 0.0 -0.1066 0.331, -0.0102 -0.1055 0.331, 0.0 -0.1128 0.3228, -0.0116 -0.1116 0.3228, 0.0 -0.1168 0.3133, -0.0226 -0.1079 0.3228, -0.02 -0.1022 0.331, -0.0165 -0.0948 0.3372, -0.0125 -0.0862 0.3412, -0.0325 -0.1019 0.3228, -0.0288 -0.0969 0.331, -0.0238 -0.0904 0.3372, -0.0181 -0.0828 0.3412, -0.041 -0.0939 0.3228, -0.0362 -0.0898 0.331, -0.03 -0.0845 0.3372, -0.0228 -0.0784 0.3412, -0.051 -0.0861 0.3133, -0.0475 -0.0843 0.3228, -0.042 -0.0813 0.331, -0.0348 -0.0775 0.3372, -0.0264 -0.0731 0.3412, -0.0288 -0.0671 0.3412, -0.0379 -0.0696 0.3372, -0.0458 -0.0718 0.331, -0.0518 -0.0734 0.3228, -0.0537 -0.062 0.3228, -0.0475 -0.0616 0.331, -0.0393 -0.0612 0.3372, -0.0298 -0.0607 0.3412, -0.0531 -0.0504 0.3228, -0.0469 -0.0514 0.331, -0.0389 -0.0527 0.3372, -0.0295 -0.0542 0.3412, -0.05 -0.0392 0.3228, -0.0441 -0.0415 0.331, -0.0366 -0.0445 0.3372, -0.0278 -0.048 0.3412, -0.0445 -0.0289 0.3228, -0.0393 -0.0324 0.331, -0.0326 -0.037 0.3372, -0.0247 -0.0423 0.3412, -0.0397 -0.0172 0.3133, -0.037 -0.02 0.3228, -0.0327 -0.0246 0.331, -0.0271 -0.0305 0.3372, -0.0205 -0.0374 0.3412, -0.0154 -0.0335 0.3412, -0.0203 -0.0253 0.3372, -0.0245 -0.0183 0.331, -0.0277 -0.013 0.3228, -0.0172 -0.0081 0.3228, -0.0152 -0.014 0.331, -0.0126 -0.0218 0.3372, -0.0095 -0.0307 0.3412, -0.0058 -0.0056 0.3228, -0.0051 -0.0118 0.331, -0.0043 -0.0199 0.3372, -0.0032 -0.0294 0.3412, 0.0058 -0.0056 0.3228, 0.0051 -0.0118 0.331, 0.0043 -0.0199 0.3372, 0.0032 -0.0294 0.3412, 0.0172 -0.0081 0.3228, 0.0152 -0.014 0.331, 0.0126 -0.0218 0.3372, 0.0095 -0.0307 0.3412, 0.0298 -0.0096 0.3133, 0.0277 -0.013 0.3228, 0.0245 -0.0183 0.331, 0.0203 -0.0253 0.3372, 0.0154 -0.0335 0.3412, 0.0205 -0.0374 0.3412, 0.0271 -0.0305 0.3372, 0.0327 -0.0246 0.331, 0.037 -0.02 0.3228, 0.0445 -0.0289 0.3228, 0.0393 -0.0324 0.331, 0.0326 -0.037 0.3372, 0.0247 -0.0423 0.3412, 0.05 -0.0392 0.3228, 0.0441 -0.0415 0.331, 0.0366 -0.0445 0.3372, 0.0278 -0.048 0.3412, 0.0531 -0.0504 0.3228, 0.0469 -0.0514 0.331, 0.0389 -0.0527 0.3372, 0.0295 -0.0542 0.3412, 0.0537 -0.062 0.3228, 0.0475 -0.0616 0.331, 0.0393 -0.0612 0.3372, 0.0298 -0.0607 0.3412, 0.0556 -0.0745 0.3133, 0.0518 -0.0734 0.3228, 0.0458 -0.0718 0.331, 0.0379 -0.0696 0.3372, 0.0288 -0.0671 0.3412, 0.0264 -0.0731 0.3412, 0.0348 -0.0775 0.3372, 0.042 -0.0813 0.331, 0.0475 -0.0843 0.3228, 0.041 -0.0939 0.3228, 0.0362 -0.0898 0.331, 0.03 -0.0845 0.3372, 0.0228 -0.0784 0.3412, 0.0325 -0.1019 0.3228, 0.0288 -0.0969 0.331, 0.0238 -0.0904 0.3372, 0.0181 -0.0828 0.3412, 0.0226 -0.1079 0.3228, 0.02 -0.1022 0.331, 0.0165 -0.0948 0.3372, 0.0125 -0.0862 0.3412, 0.0124 -0.1154 0.3133, 0.0116 -0.1116 0.3228, 0.0102 -0.1055 0.331, 0.0085 -0.0975 0.3372, 0.0064 -0.0882 0.3412, 0.0776 -0.3233 0.2269, 0.0825 -0.322 0.2269, 0.0816 -0.3191 0.2273, 0.2727 -0.0983 0.2269, 0.2752 -0.073 0.2269, 0.2722 -0.0729 0.2273, 0.2317 0.0898 0.2269, 0.2179 0.1096 0.2269, 0.2155 0.1078 0.2273, 0.208 0.1212 0.2269, 0.1997 0.1308 0.2269, 0.1975 0.1287 0.2273, 0.0776 0.2052 0.2269, 0.0555 0.2109 0.2269, 0.0549 0.2079 0.2273, -0.1144 0.1914 0.2269, -0.1337 0.1819 0.2269, -0.1323 0.1792 0.2273, -0.2727 -0.0199 0.2269, -0.2752 -0.0451 0.2269, -0.2722 -0.0453 0.2273, -0.2317 -0.208 0.2269, -0.2179 -0.2278 0.2269, -0.2155 -0.2259 0.2273, -0.208 -0.2393 0.2269, -0.1997 -0.2489 0.2269, -0.1975 -0.2468 0.2273, 0.2722 -0.0729 0.2501, 0.2694 -0.1003 0.2501, 0.2666 -0.0999 0.249, 0.0392 -0.3315 0.2505, 0.0279 -0.3332 0.2505, 0.0276 -0.3302 0.2501, 0.1144 -0.3095 0.2505, 0.1087 -0.3123 0.2505, 0.1075 -0.3095 0.2501, 0.2504 -0.1734 0.2505, 0.2474 -0.1804 0.2505, 0.2447 -0.1791 0.2501, 0.2752 -0.0591 0.2505, 0.2752 -0.073 0.2505, 0.2727 -0.0199 0.2505, 0.2752 -0.0451 0.2505, 0.2722 -0.0453 0.2501, 0.2668 0.01 0.2505, 0.2724 -0.0173 0.2505, 0.2694 -0.0178 0.2501, 0.2339 0.0867 0.2505, 0.2474 0.0623 0.2505, 0.2447 0.061 0.2501, 0.1804 0.1492 0.2505, 0.1997 0.1308 0.2505, 0.1975 0.1287 0.2501, 0.1574 0.1671 0.2505, 0.1795 0.15 0.2505, 0.1775 0.1477 0.2501, 0.1144 0.1914 0.2505, 0.1337 0.1819 0.2505, 0.1323 0.1792 0.2501, 0.0825 0.2039 0.2505, 0.1087 0.1942 0.2505, 0.1075 0.1914 0.2501, 0.0 0.2165 0.2505, 0.0279 0.2151 0.2505, 0.0276 0.2121 0.2501, -0.0776 0.2052 0.2505, -0.0555 0.2109 0.2505, -0.0549 0.2079 0.2501, -0.1087 0.1942 0.2505, -0.0825 0.2039 0.2505, -0.0816 0.201 0.2501, -0.1795 0.15 0.2505, -0.1574 0.1671 0.2505, -0.1557 0.1646 0.2501, -0.208 0.1212 0.2505, -0.1997 0.1308 0.2505, -0.1975 0.1287 0.2501, -0.2317 0.0898 0.2505, -0.2179 0.1096 0.2505, -0.2155 0.1078 0.2501, -0.2474 0.0623 0.2505, -0.2339 0.0867 0.2505, -0.2313 0.0851 0.2501, -0.2724 -0.0173 0.2505, -0.2668 0.01 0.2505, -0.2638 0.0093 0.2501, -0.2727 -0.0983 0.2505, -0.2752 -0.073 0.2505, -0.2722 -0.0729 0.2501, -0.2668 -0.1281 0.2505, -0.2724 -0.1008 0.2505, -0.2694 -0.1003 0.2501, -0.2339 -0.2048 0.2505, -0.2474 -0.1804 0.2505, -0.2447 -0.1791 0.2501, -0.1804 -0.2673 0.2505, -0.1997 -0.2489 0.2505, -0.1975 -0.2468 0.2501, -0.1574 -0.2853 0.2505, -0.1795 -0.2682 0.2505, -0.1775 -0.2658 0.2501, -0.1144 -0.3095 0.2505, -0.1337 -0.3 0.2505, -0.1323 -0.2973 0.2501, -0.0825 -0.322 0.2505, -0.1087 -0.3123 0.2505, -0.1075 -0.3095 0.2501, 0.0 -0.3347 0.2505, -0.0279 -0.3332 0.2505, -0.0276 -0.3302 0.2501, -0.0555 -0.329 0.2505, -0.0776 -0.3233 0.2505, -0.0816 -0.3191 0.2501, -0.2179 -0.2278 0.2505, -0.2317 -0.208 0.2505, -0.2313 -0.2032 0.2501, -0.2584 -0.1548 0.2505, -0.2641 -0.1366 0.2505, -0.2638 -0.1274 0.2501, -0.2752 -0.0451 0.2505, -0.2727 -0.0199 0.2505, -0.2694 -0.0178 0.2501, -0.2584 0.0367 0.2505, -0.2504 0.0553 0.2505, -0.2447 0.061 0.2501, -0.1337 0.1819 0.2505, -0.1144 0.1914 0.2505, -0.1075 0.1914 0.2501, 0.0555 0.2109 0.2505, 0.0776 0.2052 0.2505, 0.0816 0.201 0.2501, 0.2179 0.1096 0.2505, 0.2317 0.0898 0.2505, 0.2313 0.0851 0.2501, 0.2584 0.0367 0.2505, 0.2641 0.0185 0.2505, 0.2638 0.0093 0.2501, 0.2727 -0.0983 0.2505, 0.2724 -0.1008 0.2505, 0.2638 -0.1274 0.2501, 0.2668 -0.1281 0.2505, 0.2641 -0.1366 0.2505, 0.2313 -0.2032 0.2501, 0.2339 -0.2048 0.2505, 0.2317 -0.208 0.2505, 0.2155 -0.2259 0.2501, 0.2179 -0.2278 0.2505, 0.208 -0.2393 0.2505, 0.1975 -0.2468 0.2501, 0.1997 -0.2489 0.2505, 0.1804 -0.2673 0.2505, 0.1557 -0.2827 0.2501, 0.1574 -0.2853 0.2505, 0.1488 -0.2906 0.2505, 0.1337 -0.3 0.2505, 0.0825 -0.322 0.2505, 0.0816 -0.3191 0.2501, 0.0776 -0.3233 0.2505, 0.0555 -0.329 0.2505, 0.0549 -0.326 0.2501, -0.0273 -0.3274 0.249, 0.0 -0.3287 0.249, 0.0 -0.3316 0.2501, 0.2587 -0.126 0.2471, 0.2611 -0.1267 0.249, 0.2488 -0.1512 0.2446, 0.2506 -0.1519 0.2471, 0.2529 -0.1527 0.249, 0.2556 -0.1537 0.2501, 0.2584 -0.1548 0.2505, 0.2372 -0.1754 0.2418, 0.2382 -0.1759 0.2446, 0.2399 -0.1768 0.2471, 0.2421 -0.1778 0.249, 0.2239 -0.1986 0.2387, 0.2242 -0.1988 0.2418, 0.2252 -0.1994 0.2446, 0.2268 -0.2004 0.2471, 0.2289 -0.2017 0.249, 0.2089 -0.2208 0.2357, 0.2086 -0.2205 0.2387, 0.2089 -0.2208 0.2418, 0.2098 -0.2215 0.2446, 0.2113 -0.2226 0.2471, 0.2133 -0.2241 0.249, -0.0807 0.1983 0.249, -0.0543 0.2051 0.249, -0.0538 0.2027 0.2471, -0.027 0.2068 0.2471, -0.0268 0.2049 0.2446, 0.0 0.2063 0.2446, 0.0 0.2051 0.2418, 0.0267 0.2038 0.2418, 0.0267 0.2034 0.2387, 0.0531 0.1993 0.2387, 0.0532 0.1997 0.2357, 0.0791 0.193 0.2357, 0.0794 0.1941 0.2328, 0.1923 -0.2419 0.2328, 0.1915 -0.2411 0.2357, 0.1912 -0.2408 0.2387, 0.1915 -0.2411 0.2418, 0.1923 -0.2419 0.2446, 0.1937 -0.2432 0.2471, 0.1955 -0.2449 0.249, -0.2641 0.0185 0.2505, -0.2556 0.0356 0.2501, -0.2421 0.0597 0.249, -0.2289 0.0836 0.249, -0.2268 0.0823 0.2471, -0.2113 0.1045 0.2471, -0.2098 0.1034 0.2446, -0.1923 0.1238 0.2446, -0.1915 0.123 0.2418, -0.1721 0.1414 0.2418, -0.1718 0.1411 0.2387, -0.1507 0.1574 0.2387, -0.1509 0.1578 0.2357, -0.1282 0.1719 0.2357, -0.1288 0.173 0.2328, -0.1046 0.1848 0.2328, -0.1054 0.1865 0.2304, -0.1488 0.1725 0.2505, -0.1323 0.1792 0.2501, -0.1064 0.1888 0.249, -0.08 0.1959 0.2471, -0.0534 0.2009 0.2446, -0.0267 0.2038 0.2418, 0.0 0.2047 0.2387, 0.0267 0.2038 0.2357, 0.0534 0.2009 0.2328, 0.08 0.1959 0.2304, 0.1741 -0.2618 0.2304, 0.1728 -0.2604 0.2328, 0.1721 -0.2595 0.2357, 0.1718 -0.2592 0.2387, 0.1721 -0.2595 0.2418, 0.1728 -0.2604 0.2446, 0.1741 -0.2618 0.2471, 0.1757 -0.2637 0.249, 0.1775 -0.2658 0.2501, 0.1795 -0.2682 0.2505, -0.0273 -0.3274 0.2285, 0.0 -0.3263 0.2304, -0.027 -0.3249 0.2304, 0.0 -0.3244 0.2328, -0.0268 -0.3231 0.2328, 0.0 -0.3232 0.2357, -0.0267 -0.3219 0.2357, 0.0 -0.3228 0.2387, -0.0267 -0.3215 0.2387, 0.0 -0.3232 0.2418, -0.0267 -0.3219 0.2418, 0.0 -0.3244 0.2446, -0.2529 0.0346 0.249, -0.2399 0.0586 0.2471, -0.2252 0.0813 0.2446, -0.2089 0.1026 0.2418, -0.1912 0.1227 0.2387, -0.1721 0.1414 0.2357, -0.1516 0.1587 0.2328, -0.1297 0.1746 0.2304, -0.1064 0.1888 0.2285, -0.1309 0.1767 0.249, -0.1054 0.1865 0.2471, -0.0794 0.1941 0.2446, -0.0532 0.1997 0.2418, -0.0267 0.2034 0.2387, 0.0 0.2051 0.2357, 0.0268 0.2049 0.2328, 0.0538 0.2027 0.2304, 0.0807 0.1983 0.2285, 0.1541 -0.2804 0.2285, 0.1527 -0.2784 0.2304, 0.1516 -0.2769 0.2328, 0.1509 -0.2759 0.2357, 0.1507 -0.2756 0.2387, 0.1509 -0.2759 0.2418, 0.1516 -0.2769 0.2446, 0.1527 -0.2784 0.2471, 0.1541 -0.2804 0.249, -0.0549 -0.326 0.2273, -0.0543 -0.3232 0.2285, -0.0538 -0.3208 0.2304, -0.0534 -0.319 0.2328, -0.0532 -0.3178 0.2357, -0.0531 -0.3174 0.2387, -0.1309 -0.2949 0.2285, -0.1064 -0.3069 0.2285, -0.1054 -0.3046 0.2304, -0.2611 0.0085 0.249, -0.2506 0.0338 0.2471, -0.2382 0.0578 0.2446, -0.2242 0.0807 0.2418, -0.2086 0.1024 0.2387, -0.1915 0.123 0.2357, -0.1728 0.1423 0.2328, -0.1527 0.1603 0.2304, -0.1309 0.1767 0.2285, -0.1075 0.1914 0.2273, -0.0543 0.2051 0.2285, -0.0807 0.1983 0.2285, -0.08 0.1959 0.2304, -0.1804 0.1492 0.2505, -0.1775 0.1477 0.2501, -0.1541 0.1623 0.249, -0.1297 0.1746 0.2471, -0.1046 0.1848 0.2446, -0.0791 0.193 0.2418, -0.0531 0.1993 0.2387, -0.0267 0.2038 0.2357, 0.0 0.2063 0.2328, 0.027 0.2068 0.2304, 0.0543 0.2051 0.2285, 0.0816 0.201 0.2273, 0.1309 0.1767 0.2285, 0.1064 0.1888 0.2285, 0.1054 0.1865 0.2304, 0.1323 -0.2973 0.2273, 0.1309 -0.2949 0.2285, 0.1297 -0.2927 0.2304, 0.1288 -0.2911 0.2328, 0.1282 -0.29 0.2357, 0.128 -0.2897 0.2387, 0.1282 -0.29 0.2418, 0.1288 -0.2911 0.2446, 0.1297 -0.2927 0.2471, 0.1309 -0.2949 0.249, 0.1323 -0.2973 0.2501, -0.0276 -0.3302 0.2273, 0.0 -0.3316 0.2273, 0.0 -0.3287 0.2285, -0.1075 -0.3095 0.2273, -0.1323 -0.2973 0.2273, -0.1557 -0.2827 0.2273, -0.1804 -0.2673 0.2269, -0.1795 -0.2682 0.2269, -0.1775 -0.2658 0.2273, -0.1541 -0.2804 0.2285, -0.1297 -0.2927 0.2304, -0.1046 -0.3029 0.2328, -0.0543 -0.3232 0.249, -0.0538 -0.3208 0.2471, -0.08 -0.314 0.2471, -0.0794 -0.3123 0.2446, -0.1046 -0.3029 0.2446, -0.1042 -0.3018 0.2418, -0.1282 -0.29 0.2418, -0.128 -0.2897 0.2387, -0.1507 -0.2756 0.2387, -0.1509 -0.2759 0.2357, -0.1721 -0.2595 0.2357, -0.1728 -0.2604 0.2328, -0.1923 -0.2419 0.2328, -0.1937 -0.2432 0.2304, -0.2113 -0.2226 0.2304, -0.2133 -0.2241 0.2285, -0.2289 -0.2017 0.2285, -0.2313 -0.2032 0.2273, -0.2447 -0.1791 0.2273, -0.1064 -0.3069 0.249, -0.1309 -0.2949 0.249, -0.1297 -0.2927 0.2471, -0.1527 -0.2784 0.2471, -0.1516 -0.2769 0.2446, -0.1728 -0.2604 0.2446, -0.1721 -0.2595 0.2418, -0.1915 -0.2411 0.2418, -0.1912 -0.2408 0.2387, -0.2086 -0.2205 0.2387, -0.2089 -0.2208 0.2357, -0.2242 -0.1988 0.2357, -0.2252 -0.1994 0.2328, -0.2382 -0.1759 0.2328, -0.2399 -0.1768 0.2304, -0.2506 -0.1519 0.2304, -0.2529 -0.1527 0.2285, -0.2611 -0.1267 0.2285, -0.2638 -0.1274 0.2273, -0.2694 -0.1003 0.2273, -0.1955 -0.2449 0.249, -0.2133 -0.2241 0.249, -0.2113 -0.2226 0.2471, -0.2268 -0.2004 0.2471, -0.2252 -0.1994 0.2446, -0.2382 -0.1759 0.2446, -0.2372 -0.1754 0.2418, -0.2477 -0.1508 0.2418, -0.2474 -0.1507 0.2387, -0.2554 -0.1252 0.2387, -0.2557 -0.1253 0.2357, -0.2611 -0.0991 0.2357, -0.2623 -0.0992 0.2328, -0.265 -0.0725 0.2328, -0.2669 -0.0726 0.2304, -0.2669 -0.0455 0.2304, -0.2693 -0.0454 0.2285, -0.2666 -0.0182 0.2285, -0.2694 -0.0178 0.2273, -0.2638 0.0093 0.2273, -0.2421 -0.1778 0.249, -0.2529 -0.1527 0.249, -0.2506 -0.1519 0.2471, -0.2587 -0.126 0.2471, -0.2569 -0.1256 0.2446, -0.2623 -0.0992 0.2446, -0.2611 -0.0991 0.2418, -0.2638 -0.0724 0.2418, -0.2634 -0.0724 0.2387, -0.2634 -0.0457 0.2387, -0.2638 -0.0457 0.2357, -0.2611 -0.0191 0.2357, -0.2623 -0.0189 0.2328, -0.2569 0.0075 0.2328, -0.2587 0.0079 0.2304, -0.2506 0.0338 0.2304, -0.2529 0.0346 0.2285, -0.2421 0.0597 0.2285, -0.2447 0.061 0.2273, -0.2313 0.0851 0.2273, -0.2666 -0.0999 0.249, -0.2693 -0.0727 0.249, -0.2669 -0.0726 0.2471, -0.2669 -0.0455 0.2471, -0.265 -0.0456 0.2446, -0.2623 -0.0189 0.2446, -0.2611 -0.0191 0.2418, -0.2557 0.0072 0.2418, -0.2554 0.0071 0.2387, -0.2474 0.0326 0.2387, -0.2477 0.0327 0.2357, -0.2372 0.0573 0.2357, -0.2382 0.0578 0.2328, -0.2252 0.0813 0.2328, -0.2268 0.0823 0.2304, -0.2113 0.1045 0.2304, -0.2133 0.106 0.2285, -0.1955 0.1267 0.2285, -0.1975 0.1287 0.2273, -0.1775 0.1477 0.2273, -0.2693 -0.0454 0.249, -0.2642 -0.0186 0.2471, -0.2569 0.0075 0.2446, -0.2477 0.0327 0.2418, -0.2368 0.0571 0.2387, -0.2242 0.0807 0.2357, -0.2098 0.1034 0.2328, -0.1937 0.1251 0.2304, -0.1757 0.1456 0.2285, -0.1557 0.1646 0.2273, -0.1574 0.1671 0.2269, -0.1488 0.1725 0.2269, -0.0816 0.201 0.2273, -0.0549 0.2079 0.2273, -0.0276 0.2121 0.2273, -0.2133 0.106 0.249, -0.1955 0.1267 0.249, -0.1937 0.1251 0.2471, -0.1741 0.1437 0.2471, -0.1728 0.1423 0.2446, -0.1516 0.1587 0.2446, -0.1509 0.1578 0.2418, -0.1282 0.1719 0.2418, -0.128 0.1716 0.2387, -0.104 0.1833 0.2387, -0.1042 0.1837 0.2357, -0.0791 0.193 0.2357, -0.0794 0.1941 0.2328, -0.0534 0.2009 0.2328, -0.0538 0.2027 0.2304, -0.027 0.2068 0.2304, -0.0273 0.2092 0.2285, 0.0 0.2106 0.2285, 0.0 0.2135 0.2273, 0.0276 0.2121 0.2273, 0.0279 0.2151 0.2269, 0.0392 0.2134 0.2269, 0.1075 0.1914 0.2273, 0.1323 0.1792 0.2273, 0.1557 0.1646 0.2273, 0.1804 0.1492 0.2269, 0.1795 0.15 0.2269, 0.1775 0.1477 0.2273, 0.1541 0.1623 0.2285, 0.1297 0.1746 0.2304, 0.1046 0.1848 0.2328, -0.0279 0.2151 0.2505, 0.0 0.2135 0.2501, 0.0273 0.2092 0.249, 0.0543 0.2051 0.249, 0.0538 0.2027 0.2471, 0.08 0.1959 0.2471, 0.0794 0.1941 0.2446, 0.1046 0.1848 0.2446, 0.1042 0.1837 0.2418, 0.1282 0.1719 0.2418, 0.128 0.1716 0.2387, 0.1507 0.1574 0.2387, 0.1509 0.1578 0.2357, 0.1721 0.1414 0.2357, 0.1728 0.1423 0.2328, 0.1923 0.1238 0.2328, 0.1937 0.1251 0.2304, 0.2113 0.1045 0.2304, 0.2133 0.106 0.2285, 0.2289 0.0836 0.2285, 0.2313 0.0851 0.2273, 0.2447 0.061 0.2273, 0.1064 0.1888 0.249, 0.1309 0.1767 0.249, 0.1297 0.1746 0.2471, 0.1527 0.1603 0.2471, 0.1516 0.1587 0.2446, 0.1728 0.1423 0.2446, 0.1721 0.1414 0.2418, 0.1915 0.123 0.2418, 0.1912 0.1227 0.2387, 0.2086 0.1024 0.2387, 0.2089 0.1026 0.2357, 0.2242 0.0807 0.2357, 0.2252 0.0813 0.2328, 0.2382 0.0578 0.2328, 0.2399 0.0586 0.2304, 0.2506 0.0338 0.2304, 0.2529 0.0346 0.2285, 0.2611 0.0085 0.2285, 0.2638 0.0093 0.2273, 0.2694 -0.0178 0.2273, 0.1955 0.1267 0.249, 0.2133 0.106 0.249, 0.2113 0.1045 0.2471, 0.2268 0.0823 0.2471, 0.2252 0.0813 0.2446, 0.2382 0.0578 0.2446, 0.2372 0.0573 0.2418, 0.2477 0.0327 0.2418, 0.2474 0.0326 0.2387, 0.2554 0.0071 0.2387, 0.2557 0.0072 0.2357, 0.2611 -0.0191 0.2357, 0.2623 -0.0189 0.2328, 0.265 -0.0456 0.2328, 0.2669 -0.0455 0.2304, 0.2669 -0.0726 0.2304, 0.2693 -0.0727 0.2285, 0.2666 -0.0999 0.2285, 0.2694 -0.1003 0.2273, 0.2638 -0.1274 0.2273, 0.2421 0.0597 0.249, 0.2529 0.0346 0.249, 0.2506 0.0338 0.2471, 0.2587 0.0079 0.2471, 0.2569 0.0075 0.2446, 0.2623 -0.0189 0.2446, 0.2611 -0.0191 0.2418, 0.2638 -0.0457 0.2418, 0.2634 -0.0457 0.2387, 0.2634 -0.0724 0.2387, 0.2638 -0.0724 0.2357, 0.2611 -0.0991 0.2357, 0.2623 -0.0992 0.2328, 0.2569 -0.1256 0.2328, 0.2587 -0.126 0.2304, 0.2506 -0.1519 0.2304, 0.2529 -0.1527 0.2285, 0.2421 -0.1778 0.2285, 0.2447 -0.1791 0.2273, 0.2313 -0.2032 0.2273, 0.2666 -0.0182 0.249, 0.2693 -0.0454 0.249, 0.2669 -0.0455 0.2471, 0.2669 -0.0726 0.2471, 0.265 -0.0725 0.2446, 0.2623 -0.0992 0.2446, 0.2611 -0.0991 0.2418, 0.2557 -0.1253 0.2418, 0.2554 -0.1252 0.2387, 0.2474 -0.1507 0.2387, 0.2477 -0.1508 0.2357, 0.2372 -0.1754 0.2357, 0.2382 -0.1759 0.2328, 0.2252 -0.1994 0.2328, 0.2268 -0.2004 0.2304, 0.2113 -0.2226 0.2304, 0.2133 -0.2241 0.2285, 0.1955 -0.2449 0.2285, 0.1975 -0.2468 0.2273, 0.1775 -0.2658 0.2273, 0.2693 -0.0727 0.249, 0.2642 -0.0995 0.2471, 0.2569 -0.1256 0.2446, 0.2477 -0.1508 0.2418, 0.2368 -0.1752 0.2387, 0.2242 -0.1988 0.2357, 0.2098 -0.2215 0.2328, 0.1937 -0.2432 0.2304, 0.1757 -0.2637 0.2285, 0.1557 -0.2827 0.2273, 0.1574 -0.2853 0.2269, 0.1488 -0.2906 0.2269, 0.0 -0.3347 0.2269, -0.0279 -0.3332 0.2269, -0.0392 -0.3315 0.2269, -0.0555 -0.329 0.2269, -0.0816 -0.3191 0.2273, -0.0825 -0.322 0.2269, -0.0776 -0.3233 0.2269, -0.0791 -0.3111 0.2357, -0.0794 -0.3123 0.2328, -0.08 -0.314 0.2304, -0.0807 -0.3164 0.2285, -0.1087 -0.3123 0.2269, -0.1574 -0.2853 0.2269, -0.1488 -0.2906 0.2269, -0.1337 -0.3 0.2269, -0.1144 -0.3095 0.2269, -0.1757 -0.2637 0.2285, -0.1527 -0.2784 0.2304, -0.1288 -0.2911 0.2328, -0.1042 -0.3018 0.2357, -0.079 -0.3107 0.2387, -0.0532 -0.3178 0.2418, -0.0268 -0.3231 0.2446, 0.0 -0.3263 0.2471, -0.1955 -0.2449 0.2285, -0.1741 -0.2618 0.2304, -0.1516 -0.2769 0.2328, -0.1282 -0.29 0.2357, -0.104 -0.3015 0.2387, -0.0791 -0.3111 0.2418, -0.0534 -0.319 0.2446, -0.027 -0.3249 0.2471, -0.2641 -0.1366 0.2269, -0.2584 -0.1548 0.2269, -0.2556 -0.1537 0.2273, -0.2421 -0.1778 0.2285, -0.2268 -0.2004 0.2304, -0.2098 -0.2215 0.2328, -0.1915 -0.2411 0.2357, -0.1718 -0.2592 0.2387, -0.1509 -0.2759 0.2418, -0.1288 -0.2911 0.2446, -0.1054 -0.3046 0.2471, -0.0807 -0.3164 0.249, -0.0549 -0.326 0.2501, -0.0392 -0.3315 0.2505, -0.2504 -0.1734 0.2269, -0.2474 -0.1804 0.2269, -0.2339 -0.2048 0.2269, -0.2752 -0.0591 0.2269, -0.2752 -0.073 0.2269, -0.2722 -0.0729 0.2273, -0.2666 -0.0999 0.2285, -0.2587 -0.126 0.2304, -0.2488 -0.1512 0.2328, -0.2372 -0.1754 0.2357, -0.2239 -0.1986 0.2387, -0.2089 -0.2208 0.2418, -0.1923 -0.2419 0.2446, -0.1741 -0.2618 0.2471, -0.1541 -0.2804 0.249, -0.2727 -0.0983 0.2269, -0.2724 -0.1008 0.2269, -0.2668 -0.1281 0.2269, -0.1488 -0.2906 0.2505, -0.1557 -0.2827 0.2501, -0.1757 -0.2637 0.249, -0.1937 -0.2432 0.2471, -0.2098 -0.2215 0.2446, -0.2242 -0.1988 0.2418, -0.2368 -0.1752 0.2387, -0.2477 -0.1508 0.2357, -0.2569 -0.1256 0.2328, -0.2642 -0.0995 0.2304, -0.2693 -0.0727 0.2285, -0.2504 0.0553 0.2269, -0.2584 0.0367 0.2269, -0.2556 0.0356 0.2273, -0.2611 0.0085 0.2285, -0.2642 -0.0186 0.2304, -0.265 -0.0456 0.2328, -0.2638 -0.0724 0.2357, -0.2607 -0.099 0.2387, -0.2557 -0.1253 0.2418, -0.2488 -0.1512 0.2446, -0.2399 -0.1768 0.2471, -0.2289 -0.2017 0.249, -0.2155 -0.2259 0.2501, -0.208 -0.2393 0.2505, -0.2641 0.0185 0.2269, -0.2668 0.01 0.2269, -0.2724 -0.0173 0.2269, -0.208 0.1212 0.2269, -0.2179 0.1096 0.2269, -0.2155 0.1078 0.2273, -0.2289 0.0836 0.2285, -0.2399 0.0586 0.2304, -0.2488 0.0331 0.2328, -0.2557 0.0072 0.2357, -0.2607 -0.0191 0.2387, -0.2638 -0.0457 0.2418, -0.265 -0.0725 0.2446, -0.2642 -0.0995 0.2471, -0.2611 -0.1267 0.249, -0.2556 -0.1537 0.2501, -0.2504 -0.1734 0.2505, -0.2317 0.0898 0.2269, -0.2339 0.0867 0.2269, -0.2474 0.0623 0.2269, -0.1795 0.15 0.2269, -0.1804 0.1492 0.2269, -0.1997 0.1308 0.2269, -0.2752 -0.0591 0.2505, -0.2722 -0.0453 0.2501, -0.2666 -0.0182 0.249, -0.2587 0.0079 0.2471, -0.2488 0.0331 0.2446, -0.2372 0.0573 0.2418, -0.2239 0.0805 0.2387, -0.2089 0.1026 0.2357, -0.1923 0.1238 0.2328, -0.1741 0.1437 0.2304, -0.1541 0.1623 0.2285, -0.1087 0.1942 0.2269, -0.0825 0.2039 0.2269, 0.0 0.2165 0.2269, -0.0279 0.2151 0.2269, -0.0392 0.2134 0.2269, -0.0555 0.2109 0.2269, -0.0776 0.2052 0.2269, -0.1757 0.1456 0.249, -0.1527 0.1603 0.2471, -0.1288 0.173 0.2446, -0.1042 0.1837 0.2418, -0.079 0.1926 0.2387, -0.0532 0.1997 0.2357, -0.0268 0.2049 0.2328, 0.0 0.2082 0.2304, 0.0273 0.2092 0.2285, 0.0825 0.2039 0.2269, 0.1087 0.1942 0.2269, 0.1574 0.1671 0.2269, 0.1488 0.1725 0.2269, 0.1337 0.1819 0.2269, 0.1144 0.1914 0.2269, 0.1757 0.1456 0.2285, 0.1527 0.1603 0.2304, 0.1288 0.173 0.2328, 0.1042 0.1837 0.2357, 0.079 0.1926 0.2387, 0.0532 0.1997 0.2418, 0.0268 0.2049 0.2446, 0.0 0.2082 0.2471, -0.0273 0.2092 0.249, -0.0392 0.2134 0.2505, -0.0276 0.2121 0.2501, 0.0 0.2106 0.249, 0.027 0.2068 0.2471, 0.0534 0.2009 0.2446, 0.0791 0.193 0.2418, 0.104 0.1833 0.2387, 0.1282 0.1719 0.2357, 0.1516 0.1587 0.2328, 0.1741 0.1437 0.2304, 0.1955 0.1267 0.2285, 0.2641 0.0185 0.2269, 0.2584 0.0367 0.2269, 0.2556 0.0356 0.2273, 0.2421 0.0597 0.2285, 0.2268 0.0823 0.2304, 0.2098 0.1034 0.2328, 0.1915 0.123 0.2357, 0.1718 0.1411 0.2387, 0.1509 0.1578 0.2418, 0.1288 0.173 0.2446, 0.1054 0.1865 0.2471, 0.0807 0.1983 0.249, 0.0549 0.2079 0.2501, 0.0392 0.2134 0.2505, 0.2504 0.0553 0.2269, 0.2474 0.0623 0.2269, 0.2339 0.0867 0.2269, 0.2752 -0.0591 0.2269, 0.2752 -0.0451 0.2269, 0.2722 -0.0453 0.2273, 0.2666 -0.0182 0.2285, 0.2587 0.0079 0.2304, 0.2488 0.0331 0.2328, 0.2372 0.0573 0.2357, 0.2239 0.0805 0.2387, 0.2089 0.1026 0.2418, 0.1923 0.1238 0.2446, 0.1741 0.1437 0.2471, 0.1541 0.1623 0.249, 0.2727 -0.0199 0.2269, 0.2724 -0.0173 0.2269, 0.2668 0.01 0.2269, 0.1488 0.1725 0.2505, 0.1557 0.1646 0.2501, 0.1757 0.1456 0.249, 0.1937 0.1251 0.2471, 0.2098 0.1034 0.2446, 0.2242 0.0807 0.2418, 0.2368 0.0571 0.2387, 0.2477 0.0327 0.2357, 0.2569 0.0075 0.2328, 0.2642 -0.0186 0.2304, 0.2693 -0.0454 0.2285, 0.2504 -0.1734 0.2269, 0.2584 -0.1548 0.2269, 0.2556 -0.1537 0.2273, 0.2611 -0.1267 0.2285, 0.2642 -0.0995 0.2304, 0.265 -0.0725 0.2328, 0.2638 -0.0457 0.2357, 0.2607 -0.0191 0.2387, 0.2557 0.0072 0.2418, 0.2488 0.0331 0.2446, 0.2399 0.0586 0.2471, 0.2289 0.0836 0.249, 0.2155 0.1078 0.2501, 0.208 0.1212 0.2505, 0.2641 -0.1366 0.2269, 0.2668 -0.1281 0.2269, 0.2724 -0.1008 0.2269, 0.208 -0.2393 0.2269, 0.2179 -0.2278 0.2269, 0.2155 -0.2259 0.2273, 0.2289 -0.2017 0.2285, 0.2399 -0.1768 0.2304, 0.2488 -0.1512 0.2328, 0.2557 -0.1253 0.2357, 0.2607 -0.099 0.2387, 0.2638 -0.0724 0.2418, 0.265 -0.0456 0.2446, 0.2642 -0.0186 0.2471, 0.2611 0.0085 0.249, 0.2556 0.0356 0.2501, 0.2504 0.0553 0.2505, 0.2317 -0.208 0.2269, 0.2339 -0.2048 0.2269, 0.2474 -0.1804 0.2269, 0.1795 -0.2682 0.2269, 0.1804 -0.2673 0.2269, 0.1997 -0.2489 0.2269, 0.1337 -0.3 0.2269, 0.1075 -0.3095 0.2273, 0.1087 -0.3123 0.2269, 0.1144 -0.3095 0.2269, 0.1064 -0.3069 0.249, 0.1054 -0.3046 0.2471, 0.1046 -0.3029 0.2446, 0.1042 -0.3018 0.2418, 0.104 -0.3015 0.2387, 0.1042 -0.3018 0.2357, 0.1046 -0.3029 0.2328, 0.1054 -0.3046 0.2304, 0.1064 -0.3069 0.2285, 0.0807 -0.3164 0.249, 0.08 -0.314 0.2471, 0.0794 -0.3123 0.2446, 0.0791 -0.3111 0.2418, 0.079 -0.3107 0.2387, 0.0791 -0.3111 0.2357, 0.0794 -0.3123 0.2328, 0.08 -0.314 0.2304, 0.0807 -0.3164 0.2285, 0.0543 -0.3232 0.249, 0.0538 -0.3208 0.2471, 0.0534 -0.319 0.2446, 0.0532 -0.3178 0.2418, 0.0531 -0.3174 0.2387, 0.0532 -0.3178 0.2357, 0.0534 -0.319 0.2328, 0.0538 -0.3208 0.2304, 0.0543 -0.3232 0.2285, 0.0549 -0.326 0.2273, 0.0555 -0.329 0.2269, 0.0276 -0.3302 0.2273, 0.0279 -0.3332 0.2269, 0.0392 -0.3315 0.2269, 0.0273 -0.3274 0.249, 0.027 -0.3249 0.2471, 0.0268 -0.3231 0.2446, 0.0267 -0.3219 0.2418, 0.0267 -0.3215 0.2387, 0.0267 -0.3219 0.2357, 0.0268 -0.3231 0.2328, 0.027 -0.3249 0.2304, 0.0273 -0.3274 0.2285
            ]
        }
        coordIndex [
            0,1,2,-1,3,4,2,-1,2,4,5,-1,2,5,0,-1,6,7,8,-1,8,7,9,-1,8,9,3,-1,3,9,10,-1,3,10,4,-1,6,8,11,-1,11,8,12,-1,11,12,13,-1,13,12,14,-1,14,12,15,-1,14,15,16,-1,16,15,17,-1,17,15,18,-1,17,18,19,-1,19,18,20,-1,20,18,21,-1,20,21,22,-1,22,21,23,-1,23,21,24,-1,23,24,25,-1,26,27,24,-1,24,27,28,-1,24,28,25,-1,29,30,26,-1,26,30,31,-1,26,31,27,-1,32,33,29,-1,29,33,34,-1,29,34,30,-1,35,36,32,-1,32,36,37,-1,32,37,33,-1,38,39,35,-1,35,39,40,-1,35,40,36,-1,41,42,38,-1,38,42,43,-1,38,43,39,-1,44,45,41,-1,41,45,46,-1,41,46,42,-1,47,48,44,-1,44,48,49,-1,44,49,45,-1,50,51,47,-1,47,51,52,-1,47,52,48,-1,50,47,53,-1,53,47,54,-1,53,54,55,-1,55,54,56,-1,55,56,57,-1,57,56,58,-1,58,56,59,-1,58,59,60,-1,60,59,61,-1,61,59,62,-1,61,62,63,-1,63,62,64,-1,64,62,65,-1,64,65,66,-1,66,65,67,-1,67,65,68,-1,67,68,69,-1,70,71,68,-1,68,71,72,-1,68,72,69,-1,0,73,1,-1,1,73,74,-1,1,74,70,-1,70,74,75,-1,70,75,71,-1,76,77,78,-1,76,78,79,-1,80,81,78,-1,78,81,82,-1,78,82,79,-1,83,84,78,-1,78,84,85,-1,78,85,80,-1,86,87,78,-1,78,87,88,-1,78,88,83,-1,89,90,78,-1,78,90,91,-1,78,91,86,-1,92,93,78,-1,78,93,94,-1,78,94,89,-1,95,96,78,-1,78,96,97,-1,78,97,92,-1,98,99,78,-1,78,99,100,-1,78,100,95,-1,101,102,78,-1,78,102,103,-1,78,103,98,-1,77,104,78,-1,78,104,105,-1,78,105,101,-1,106,107,108,-1,106,108,109,-1,107,106,110,-1,110,106,111,-1,110,111,112,-1,112,111,113,-1,113,111,114,-1,113,114,115,-1,116,117,114,-1,114,117,118,-1,114,118,115,-1,119,120,121,-1,121,120,122,-1,121,122,116,-1,116,122,123,-1,116,123,117,-1,119,121,124,-1,124,121,125,-1,124,125,126,-1,126,125,127,-1,127,125,128,-1,127,128,129,-1,130,131,128,-1,128,131,132,-1,128,132,129,-1,133,134,135,-1,135,134,136,-1,135,136,130,-1,130,136,137,-1,130,137,131,-1,133,135,138,-1,138,135,139,-1,138,139,140,-1,140,139,141,-1,141,139,142,-1,141,142,143,-1,144,145,146,-1,146,145,147,-1,146,147,142,-1,142,147,148,-1,142,148,143,-1,149,150,151,-1,151,150,152,-1,151,152,146,-1,146,152,153,-1,146,153,144,-1,154,155,149,-1,149,155,156,-1,149,156,150,-1,157,158,159,-1,159,158,160,-1,159,160,154,-1,154,160,161,-1,154,161,155,-1,157,159,162,-1,162,159,163,-1,162,163,164,-1,164,163,165,-1,165,163,166,-1,165,166,167,-1,168,169,166,-1,166,169,170,-1,166,170,167,-1,171,172,173,-1,173,172,174,-1,173,174,168,-1,168,174,175,-1,168,175,169,-1,171,173,176,-1,176,173,177,-1,176,177,178,-1,178,177,179,-1,178,179,180,-1,180,179,181,-1,180,181,182,-1,183,184,181,-1,181,184,185,-1,181,185,182,-1,186,187,188,-1,188,187,189,-1,188,189,183,-1,183,189,190,-1,183,190,184,-1,186,188,191,-1,191,188,192,-1,191,192,193,-1,193,192,194,-1,194,192,195,-1,194,195,196,-1,197,198,195,-1,195,198,199,-1,195,199,196,-1,200,201,197,-1,197,201,202,-1,197,202,198,-1,203,204,205,-1,205,204,206,-1,205,206,200,-1,200,206,207,-1,200,207,201,-1,203,205,208,-1,208,205,209,-1,208,209,210,-1,210,209,211,-1,211,209,212,-1,211,212,213,-1,214,215,212,-1,212,215,216,-1,212,216,213,-1,217,218,219,-1,219,218,220,-1,219,220,214,-1,214,220,221,-1,214,221,215,-1,217,219,222,-1,222,219,223,-1,222,223,224,-1,224,223,225,-1,225,223,226,-1,225,226,227,-1,228,229,226,-1,226,229,230,-1,226,230,227,-1,231,232,233,-1,233,232,234,-1,233,234,228,-1,228,234,235,-1,228,235,229,-1,231,233,236,-1,236,233,237,-1,236,237,238,-1,238,237,239,-1,239,237,240,-1,239,240,241,-1,242,243,240,-1,240,243,244,-1,240,244,241,-1,108,245,109,-1,109,245,246,-1,109,246,242,-1,242,246,247,-1,242,247,243,-1,248,249,250,-1,251,252,253,-1,254,255,256,-1,257,258,259,-1,260,261,262,-1,263,264,265,-1,266,267,268,-1,269,270,271,-1,272,273,274,-1,275,276,277,-1,278,279,280,-1,281,282,283,-1,284,285,286,-1,287,288,289,-1,290,291,292,-1,293,294,295,-1,296,297,298,-1,299,300,301,-1,302,303,304,-1,305,306,307,-1,308,309,310,-1,311,312,313,-1,314,315,316,-1,317,318,319,-1,175,174,320,-1,157,162,321,-1,322,160,158,-1,160,322,161,-1,148,147,323,-1,133,138,324,-1,132,131,325,-1,119,124,326,-1,118,117,327,-1,107,110,328,-1,247,246,329,-1,238,239,330,-1,231,236,331,-1,230,229,332,-1,217,222,333,-1,216,215,334,-1,335,211,213,-1,211,335,210,-1,336,206,204,-1,206,336,207,-1,199,198,337,-1,186,191,338,-1,319,189,187,-1,185,184,318,-1,178,180,339,-1,178,339,176,-1,318,184,319,-1,319,184,190,-1,319,190,189,-1,340,187,186,-1,191,193,341,-1,341,193,194,-1,341,194,196,-1,342,196,199,-1,198,202,343,-1,343,202,201,-1,343,201,207,-1,344,204,203,-1,203,208,345,-1,345,208,210,-1,346,213,216,-1,215,221,347,-1,347,221,220,-1,347,220,218,-1,348,218,217,-1,222,224,349,-1,349,224,225,-1,349,225,227,-1,350,227,230,-1,229,235,351,-1,351,235,234,-1,351,234,232,-1,352,232,231,-1,238,330,236,-1,247,329,243,-1,112,113,315,-1,315,113,115,-1,315,115,316,-1,316,115,118,-1,117,123,353,-1,353,123,122,-1,353,122,120,-1,354,120,119,-1,124,126,355,-1,355,126,127,-1,355,127,129,-1,356,129,132,-1,131,137,357,-1,357,137,136,-1,357,136,134,-1,358,134,133,-1,138,140,359,-1,359,140,141,-1,359,141,143,-1,360,143,148,-1,147,145,361,-1,361,145,144,-1,361,144,153,-1,362,153,152,-1,152,150,363,-1,363,150,156,-1,156,155,364,-1,364,155,161,-1,365,158,157,-1,162,164,366,-1,366,164,165,-1,366,165,167,-1,175,320,169,-1,182,185,367,-1,367,185,318,-1,367,318,368,-1,368,318,317,-1,368,317,369,-1,110,112,328,-1,328,112,315,-1,328,315,370,-1,370,315,314,-1,370,314,371,-1,180,182,339,-1,339,182,367,-1,339,367,372,-1,372,367,368,-1,372,368,373,-1,373,368,369,-1,373,369,374,-1,108,107,375,-1,375,107,328,-1,375,328,376,-1,376,328,370,-1,376,370,377,-1,377,370,371,-1,377,371,378,-1,171,176,379,-1,379,176,339,-1,379,339,380,-1,380,339,372,-1,380,372,381,-1,381,372,373,-1,381,373,382,-1,382,373,374,-1,382,374,383,-1,245,108,384,-1,384,108,375,-1,384,375,385,-1,385,375,376,-1,385,376,386,-1,386,376,377,-1,386,377,387,-1,387,377,378,-1,387,378,388,-1,389,390,391,-1,392,393,394,-1,395,396,397,-1,187,340,319,-1,319,340,398,-1,319,398,317,-1,317,398,399,-1,317,399,369,-1,369,399,400,-1,369,400,374,-1,374,400,395,-1,374,395,383,-1,383,395,397,-1,383,397,401,-1,402,403,404,-1,186,338,340,-1,340,338,405,-1,340,405,398,-1,398,405,406,-1,398,406,399,-1,399,406,407,-1,399,407,400,-1,400,407,402,-1,400,402,395,-1,395,402,404,-1,395,404,396,-1,408,409,410,-1,191,341,338,-1,338,341,411,-1,338,411,405,-1,405,411,412,-1,405,412,406,-1,406,412,413,-1,406,413,407,-1,407,413,408,-1,407,408,402,-1,402,408,410,-1,402,410,403,-1,414,415,416,-1,196,342,341,-1,341,342,417,-1,341,417,411,-1,411,417,418,-1,411,418,412,-1,412,418,419,-1,412,419,413,-1,413,419,414,-1,413,414,408,-1,408,414,416,-1,408,416,409,-1,420,421,422,-1,199,337,342,-1,342,337,423,-1,342,423,417,-1,417,423,424,-1,417,424,418,-1,418,424,425,-1,418,425,419,-1,419,425,420,-1,419,420,414,-1,414,420,422,-1,414,422,415,-1,426,427,428,-1,198,343,337,-1,337,343,429,-1,337,429,423,-1,423,429,430,-1,423,430,424,-1,424,430,431,-1,424,431,425,-1,425,431,426,-1,425,426,420,-1,420,426,428,-1,420,428,421,-1,432,433,434,-1,207,336,343,-1,343,336,435,-1,343,435,429,-1,429,435,436,-1,429,436,430,-1,430,436,437,-1,430,437,431,-1,431,437,432,-1,431,432,426,-1,426,432,434,-1,426,434,427,-1,438,439,440,-1,204,344,336,-1,336,344,441,-1,336,441,435,-1,435,441,442,-1,435,442,436,-1,436,442,443,-1,436,443,437,-1,437,443,438,-1,437,438,432,-1,432,438,440,-1,432,440,433,-1,444,445,446,-1,203,345,344,-1,344,345,447,-1,344,447,441,-1,441,447,448,-1,441,448,442,-1,442,448,449,-1,442,449,443,-1,443,449,444,-1,443,444,438,-1,438,444,446,-1,438,446,439,-1,450,451,452,-1,210,335,345,-1,345,335,453,-1,345,453,447,-1,447,453,454,-1,447,454,448,-1,448,454,455,-1,448,455,449,-1,449,455,450,-1,449,450,444,-1,444,450,452,-1,444,452,445,-1,456,457,458,-1,213,346,335,-1,335,346,459,-1,335,459,453,-1,453,459,460,-1,453,460,454,-1,454,460,461,-1,454,461,455,-1,455,461,456,-1,455,456,450,-1,450,456,458,-1,450,458,451,-1,462,463,464,-1,216,334,346,-1,346,334,465,-1,346,465,459,-1,459,465,466,-1,459,466,460,-1,460,466,467,-1,460,467,461,-1,461,467,462,-1,461,462,456,-1,456,462,464,-1,456,464,457,-1,468,469,470,-1,215,347,334,-1,334,347,471,-1,334,471,465,-1,465,471,472,-1,465,472,466,-1,466,472,473,-1,466,473,467,-1,467,473,468,-1,467,468,462,-1,462,468,470,-1,462,470,463,-1,474,475,476,-1,218,348,347,-1,347,348,477,-1,347,477,471,-1,471,477,478,-1,471,478,472,-1,472,478,479,-1,472,479,473,-1,473,479,474,-1,473,474,468,-1,468,474,476,-1,468,476,469,-1,480,481,482,-1,482,481,483,-1,217,333,348,-1,348,333,484,-1,348,484,477,-1,477,484,485,-1,477,485,478,-1,478,485,486,-1,478,486,479,-1,479,486,482,-1,479,482,474,-1,474,482,483,-1,474,483,475,-1,222,349,333,-1,333,349,487,-1,333,487,484,-1,484,487,488,-1,484,488,485,-1,485,488,489,-1,485,489,486,-1,486,489,313,-1,486,313,482,-1,482,313,312,-1,482,312,480,-1,227,350,349,-1,349,350,490,-1,349,490,487,-1,487,490,491,-1,487,491,488,-1,488,491,492,-1,488,492,489,-1,489,492,310,-1,489,310,313,-1,313,310,309,-1,313,309,311,-1,230,332,350,-1,350,332,493,-1,350,493,490,-1,490,493,494,-1,490,494,491,-1,491,494,495,-1,491,495,492,-1,492,495,307,-1,492,307,310,-1,310,307,306,-1,310,306,308,-1,229,351,332,-1,332,351,496,-1,332,496,493,-1,493,496,497,-1,493,497,494,-1,494,497,498,-1,494,498,495,-1,495,498,304,-1,495,304,307,-1,307,304,303,-1,307,303,305,-1,232,352,351,-1,351,352,499,-1,351,499,496,-1,496,499,500,-1,496,500,497,-1,497,500,501,-1,497,501,498,-1,498,501,301,-1,498,301,304,-1,304,301,300,-1,304,300,302,-1,231,331,352,-1,352,331,502,-1,352,502,499,-1,499,502,503,-1,499,503,500,-1,500,503,504,-1,500,504,501,-1,501,504,298,-1,501,298,301,-1,301,298,297,-1,301,297,299,-1,236,330,331,-1,331,330,505,-1,331,505,502,-1,502,505,506,-1,502,506,503,-1,503,506,507,-1,503,507,504,-1,504,507,295,-1,504,295,298,-1,298,295,294,-1,298,294,296,-1,330,508,505,-1,505,508,509,-1,505,509,506,-1,506,509,510,-1,506,510,507,-1,507,510,292,-1,507,292,295,-1,295,292,291,-1,295,291,293,-1,508,511,509,-1,509,511,512,-1,509,512,510,-1,510,512,289,-1,510,289,292,-1,292,289,288,-1,292,288,290,-1,511,389,512,-1,512,389,391,-1,512,391,289,-1,289,391,513,-1,289,513,287,-1,514,515,516,-1,516,515,390,-1,516,390,517,-1,517,390,389,-1,517,389,518,-1,518,389,511,-1,518,511,519,-1,519,511,508,-1,519,508,520,-1,520,508,330,-1,520,330,241,-1,241,330,239,-1,515,521,390,-1,390,521,522,-1,390,522,391,-1,391,522,523,-1,391,523,513,-1,285,514,286,-1,286,514,516,-1,286,516,524,-1,524,516,517,-1,524,517,525,-1,525,517,518,-1,525,518,526,-1,526,518,519,-1,526,519,527,-1,527,519,520,-1,527,520,244,-1,244,520,241,-1,282,284,283,-1,283,284,286,-1,283,286,528,-1,528,286,524,-1,528,524,529,-1,529,524,525,-1,529,525,530,-1,530,525,526,-1,530,526,329,-1,329,526,527,-1,329,527,243,-1,243,527,244,-1,531,281,388,-1,388,281,283,-1,388,283,387,-1,387,283,528,-1,387,528,386,-1,386,528,529,-1,386,529,385,-1,385,529,530,-1,385,530,384,-1,384,530,329,-1,384,329,245,-1,245,329,246,-1,532,533,534,-1,118,327,316,-1,316,327,535,-1,316,535,314,-1,314,535,536,-1,314,536,371,-1,371,536,537,-1,371,537,378,-1,378,537,532,-1,378,532,388,-1,388,532,534,-1,388,534,531,-1,538,539,540,-1,117,353,327,-1,327,353,541,-1,327,541,535,-1,535,541,542,-1,535,542,536,-1,536,542,543,-1,536,543,537,-1,537,543,538,-1,537,538,532,-1,532,538,540,-1,532,540,533,-1,544,545,546,-1,120,354,353,-1,353,354,547,-1,353,547,541,-1,541,547,548,-1,541,548,542,-1,542,548,549,-1,542,549,543,-1,543,549,544,-1,543,544,538,-1,538,544,546,-1,538,546,539,-1,550,551,552,-1,119,326,354,-1,354,326,553,-1,354,553,547,-1,547,553,554,-1,547,554,548,-1,548,554,555,-1,548,555,549,-1,549,555,550,-1,549,550,544,-1,544,550,552,-1,544,552,545,-1,556,557,558,-1,124,355,326,-1,326,355,559,-1,326,559,553,-1,553,559,560,-1,553,560,554,-1,554,560,561,-1,554,561,555,-1,555,561,556,-1,555,556,550,-1,550,556,558,-1,550,558,551,-1,562,563,564,-1,129,356,355,-1,355,356,565,-1,355,565,559,-1,559,565,566,-1,559,566,560,-1,560,566,567,-1,560,567,561,-1,561,567,562,-1,561,562,556,-1,556,562,564,-1,556,564,557,-1,568,569,570,-1,132,325,356,-1,356,325,571,-1,356,571,565,-1,565,571,572,-1,565,572,566,-1,566,572,573,-1,566,573,567,-1,567,573,568,-1,567,568,562,-1,562,568,570,-1,562,570,563,-1,574,575,576,-1,131,357,325,-1,325,357,577,-1,325,577,571,-1,571,577,578,-1,571,578,572,-1,572,578,579,-1,572,579,573,-1,573,579,574,-1,573,574,568,-1,568,574,576,-1,568,576,569,-1,580,581,582,-1,134,358,357,-1,357,358,583,-1,357,583,577,-1,577,583,584,-1,577,584,578,-1,578,584,585,-1,578,585,579,-1,579,585,580,-1,579,580,574,-1,574,580,582,-1,574,582,575,-1,586,587,588,-1,133,324,358,-1,358,324,589,-1,358,589,583,-1,583,589,590,-1,583,590,584,-1,584,590,591,-1,584,591,585,-1,585,591,586,-1,585,586,580,-1,580,586,588,-1,580,588,581,-1,592,593,594,-1,138,359,324,-1,324,359,595,-1,324,595,589,-1,589,595,596,-1,589,596,590,-1,590,596,597,-1,590,597,591,-1,591,597,592,-1,591,592,586,-1,586,592,594,-1,586,594,587,-1,598,599,600,-1,143,360,359,-1,359,360,601,-1,359,601,595,-1,595,601,602,-1,595,602,596,-1,596,602,603,-1,596,603,597,-1,597,603,598,-1,597,598,592,-1,592,598,600,-1,592,600,593,-1,604,605,606,-1,148,323,360,-1,360,323,607,-1,360,607,601,-1,601,607,608,-1,601,608,602,-1,602,608,609,-1,602,609,603,-1,603,609,604,-1,603,604,598,-1,598,604,606,-1,598,606,599,-1,610,611,612,-1,147,361,323,-1,323,361,613,-1,323,613,607,-1,607,613,614,-1,607,614,608,-1,608,614,615,-1,608,615,609,-1,609,615,610,-1,609,610,604,-1,604,610,612,-1,604,612,605,-1,616,617,618,-1,618,617,619,-1,153,362,361,-1,361,362,620,-1,361,620,613,-1,613,620,621,-1,613,621,614,-1,614,621,622,-1,614,622,615,-1,615,622,618,-1,615,618,610,-1,610,618,619,-1,610,619,611,-1,152,363,362,-1,362,363,623,-1,362,623,620,-1,620,623,624,-1,620,624,621,-1,621,624,625,-1,621,625,622,-1,622,625,280,-1,622,280,618,-1,618,280,279,-1,618,279,616,-1,156,364,363,-1,363,364,626,-1,363,626,623,-1,623,626,627,-1,623,627,624,-1,624,627,628,-1,624,628,625,-1,625,628,277,-1,625,277,280,-1,280,277,276,-1,280,276,278,-1,161,322,364,-1,364,322,629,-1,364,629,626,-1,626,629,630,-1,626,630,627,-1,627,630,631,-1,627,631,628,-1,628,631,274,-1,628,274,277,-1,277,274,273,-1,277,273,275,-1,158,365,322,-1,322,365,632,-1,322,632,629,-1,629,632,633,-1,629,633,630,-1,630,633,634,-1,630,634,631,-1,631,634,271,-1,631,271,274,-1,274,271,270,-1,274,270,272,-1,157,321,365,-1,365,321,635,-1,365,635,632,-1,632,635,636,-1,632,636,633,-1,633,636,637,-1,633,637,634,-1,634,637,268,-1,634,268,271,-1,271,268,267,-1,271,267,269,-1,162,366,321,-1,321,366,638,-1,321,638,635,-1,635,638,639,-1,635,639,636,-1,636,639,640,-1,636,640,637,-1,637,640,265,-1,637,265,268,-1,268,265,264,-1,268,264,266,-1,167,641,366,-1,366,641,642,-1,366,642,638,-1,638,642,643,-1,638,643,639,-1,639,643,644,-1,639,644,640,-1,640,644,262,-1,640,262,265,-1,265,262,261,-1,265,261,263,-1,641,645,642,-1,642,645,646,-1,642,646,643,-1,643,646,647,-1,643,647,644,-1,644,647,259,-1,644,259,262,-1,262,259,258,-1,262,258,260,-1,645,648,646,-1,646,648,649,-1,646,649,647,-1,647,649,256,-1,647,256,259,-1,259,256,255,-1,259,255,257,-1,648,392,649,-1,649,392,394,-1,649,394,256,-1,256,394,650,-1,256,650,254,-1,651,652,653,-1,653,652,393,-1,653,393,654,-1,654,393,392,-1,654,392,655,-1,655,392,648,-1,655,648,656,-1,656,648,645,-1,656,645,657,-1,657,645,641,-1,657,641,170,-1,170,641,167,-1,652,658,393,-1,393,658,659,-1,393,659,394,-1,394,659,660,-1,394,660,650,-1,252,651,253,-1,253,651,653,-1,253,653,661,-1,661,653,654,-1,661,654,662,-1,662,654,655,-1,662,655,663,-1,663,655,656,-1,663,656,320,-1,320,656,657,-1,320,657,169,-1,169,657,170,-1,249,251,250,-1,250,251,253,-1,250,253,664,-1,664,253,661,-1,664,661,665,-1,665,661,662,-1,665,662,666,-1,666,662,663,-1,666,663,667,-1,667,663,320,-1,667,320,172,-1,172,320,174,-1,401,248,383,-1,383,248,250,-1,383,250,382,-1,382,250,664,-1,382,664,381,-1,381,664,665,-1,381,665,380,-1,380,665,666,-1,380,666,379,-1,379,666,667,-1,379,667,171,-1,171,667,172,-1,668,669,670,-1,671,672,673,-1,674,675,676,-1,677,678,679,-1,680,681,682,-1,683,684,685,-1,686,687,688,-1,689,690,691,-1,692,693,694,-1,695,696,697,-1,698,699,700,-1,701,702,703,-1,704,705,706,-1,707,708,709,-1,710,711,712,-1,713,714,715,-1,716,717,718,-1,719,720,721,-1,722,723,724,-1,725,726,727,-1,728,729,730,-1,731,732,733,-1,734,735,736,-1,737,738,739,-1,249,248,740,-1,611,619,741,-1,605,612,742,-1,599,606,743,-1,593,600,744,-1,587,594,745,-1,581,588,746,-1,575,582,747,-1,569,576,748,-1,563,570,749,-1,557,564,750,-1,551,558,751,-1,545,552,752,-1,539,546,753,-1,533,540,754,-1,282,281,755,-1,475,483,756,-1,469,476,757,-1,463,470,758,-1,457,464,759,-1,451,458,760,-1,445,452,761,-1,439,446,762,-1,433,440,763,-1,427,434,764,-1,421,428,765,-1,415,422,766,-1,409,416,767,-1,403,410,768,-1,396,404,769,-1,480,312,770,-1,311,309,771,-1,308,306,772,-1,305,303,773,-1,302,300,774,-1,299,297,775,-1,296,294,776,-1,293,291,777,-1,290,288,778,-1,287,513,779,-1,523,522,780,-1,521,515,781,-1,514,285,782,-1,282,755,284,-1,616,279,783,-1,278,276,784,-1,275,273,785,-1,272,270,786,-1,269,267,787,-1,266,264,788,-1,263,261,789,-1,260,258,790,-1,257,255,791,-1,254,650,792,-1,660,659,793,-1,658,652,794,-1,651,252,795,-1,249,740,251,-1,397,396,796,-1,796,396,769,-1,796,769,797,-1,797,769,798,-1,797,798,799,-1,799,798,800,-1,799,800,801,-1,801,800,802,-1,801,802,803,-1,803,802,739,-1,416,415,767,-1,767,415,766,-1,767,766,804,-1,804,766,805,-1,804,805,806,-1,806,805,807,-1,806,807,808,-1,808,807,809,-1,808,809,810,-1,810,809,736,-1,440,439,763,-1,763,439,762,-1,763,762,811,-1,811,762,812,-1,811,812,813,-1,813,812,814,-1,813,814,815,-1,815,814,816,-1,815,816,817,-1,817,816,730,-1,458,457,760,-1,760,457,759,-1,760,759,818,-1,818,759,819,-1,818,819,820,-1,820,819,821,-1,820,821,822,-1,822,821,823,-1,822,823,824,-1,824,823,727,-1,483,481,756,-1,756,481,825,-1,756,825,826,-1,826,825,827,-1,826,827,828,-1,828,827,829,-1,828,829,830,-1,830,829,831,-1,830,831,832,-1,832,831,721,-1,309,308,771,-1,771,308,772,-1,771,772,833,-1,833,772,834,-1,833,834,835,-1,835,834,836,-1,835,836,837,-1,837,836,838,-1,837,838,839,-1,839,838,718,-1,300,299,774,-1,774,299,775,-1,774,775,840,-1,840,775,841,-1,840,841,842,-1,842,841,843,-1,842,843,844,-1,844,843,845,-1,844,845,846,-1,846,845,715,-1,288,287,778,-1,778,287,779,-1,778,779,847,-1,847,779,848,-1,847,848,849,-1,849,848,850,-1,849,850,851,-1,851,850,852,-1,851,852,853,-1,853,852,709,-1,515,514,781,-1,781,514,782,-1,781,782,854,-1,854,782,855,-1,854,855,856,-1,856,855,857,-1,856,857,858,-1,858,857,859,-1,858,859,860,-1,860,859,706,-1,534,533,861,-1,861,533,754,-1,861,754,862,-1,862,754,863,-1,862,863,864,-1,864,863,865,-1,864,865,866,-1,866,865,867,-1,866,867,868,-1,868,867,703,-1,552,551,752,-1,752,551,751,-1,752,751,869,-1,869,751,870,-1,869,870,871,-1,871,870,872,-1,871,872,873,-1,873,872,874,-1,873,874,875,-1,875,874,700,-1,576,575,748,-1,748,575,747,-1,748,747,876,-1,876,747,877,-1,876,877,878,-1,878,877,879,-1,878,879,880,-1,880,879,881,-1,880,881,882,-1,882,881,694,-1,594,593,745,-1,745,593,744,-1,745,744,883,-1,883,744,884,-1,883,884,885,-1,885,884,886,-1,885,886,887,-1,887,886,888,-1,887,888,889,-1,889,888,691,-1,619,617,741,-1,741,617,890,-1,741,890,891,-1,891,890,892,-1,891,892,893,-1,893,892,894,-1,893,894,895,-1,895,894,896,-1,895,896,897,-1,897,896,685,-1,276,275,784,-1,784,275,785,-1,784,785,898,-1,898,785,899,-1,898,899,900,-1,900,899,901,-1,900,901,902,-1,902,901,903,-1,902,903,904,-1,904,903,682,-1,267,266,787,-1,787,266,788,-1,787,788,905,-1,905,788,906,-1,905,906,907,-1,907,906,908,-1,907,908,909,-1,909,908,910,-1,909,910,911,-1,911,910,679,-1,255,254,791,-1,791,254,792,-1,791,792,912,-1,912,792,913,-1,912,913,914,-1,914,913,915,-1,914,915,916,-1,916,915,917,-1,916,917,918,-1,918,917,673,-1,652,651,794,-1,794,651,795,-1,794,795,919,-1,919,795,920,-1,919,920,921,-1,921,920,922,-1,921,922,923,-1,923,922,924,-1,923,924,925,-1,925,924,670,-1,401,397,926,-1,926,397,796,-1,926,796,927,-1,927,796,797,-1,927,797,928,-1,928,797,799,-1,928,799,929,-1,929,799,801,-1,929,801,930,-1,930,801,803,-1,930,803,931,-1,931,803,932,-1,739,738,803,-1,803,738,933,-1,803,933,932,-1,934,737,935,-1,935,737,739,-1,935,739,936,-1,936,739,802,-1,936,802,937,-1,937,802,800,-1,937,800,938,-1,938,800,798,-1,938,798,768,-1,768,798,769,-1,768,769,403,-1,403,769,404,-1,410,409,768,-1,768,409,767,-1,768,767,938,-1,938,767,804,-1,938,804,937,-1,937,804,806,-1,937,806,936,-1,936,806,808,-1,936,808,935,-1,935,808,810,-1,935,810,934,-1,934,810,939,-1,736,735,810,-1,810,735,940,-1,810,940,939,-1,941,734,942,-1,942,734,736,-1,942,736,943,-1,943,736,809,-1,943,809,944,-1,944,809,807,-1,944,807,945,-1,945,807,805,-1,945,805,765,-1,765,805,766,-1,765,766,421,-1,421,766,422,-1,428,427,765,-1,765,427,764,-1,765,764,945,-1,945,764,946,-1,945,946,944,-1,944,946,947,-1,944,947,943,-1,943,947,948,-1,943,948,942,-1,942,948,733,-1,942,733,941,-1,941,733,732,-1,949,731,817,-1,817,731,733,-1,817,733,815,-1,815,733,948,-1,815,948,813,-1,813,948,947,-1,813,947,811,-1,811,947,946,-1,811,946,763,-1,763,946,764,-1,763,764,433,-1,433,764,434,-1,730,729,817,-1,817,729,950,-1,817,950,949,-1,951,728,952,-1,952,728,730,-1,952,730,953,-1,953,730,816,-1,953,816,954,-1,954,816,814,-1,954,814,955,-1,955,814,812,-1,955,812,761,-1,761,812,762,-1,761,762,445,-1,445,762,446,-1,452,451,761,-1,761,451,760,-1,761,760,955,-1,955,760,818,-1,955,818,954,-1,954,818,820,-1,954,820,953,-1,953,820,822,-1,953,822,952,-1,952,822,824,-1,952,824,951,-1,951,824,956,-1,727,726,824,-1,824,726,957,-1,824,957,956,-1,958,725,959,-1,959,725,727,-1,959,727,960,-1,960,727,823,-1,960,823,961,-1,961,823,821,-1,961,821,962,-1,962,821,819,-1,962,819,758,-1,758,819,759,-1,758,759,463,-1,463,759,464,-1,470,469,758,-1,758,469,757,-1,758,757,962,-1,962,757,963,-1,962,963,961,-1,961,963,964,-1,961,964,960,-1,960,964,965,-1,960,965,959,-1,959,965,724,-1,959,724,958,-1,958,724,723,-1,966,722,832,-1,832,722,724,-1,832,724,830,-1,830,724,965,-1,830,965,828,-1,828,965,964,-1,828,964,826,-1,826,964,963,-1,826,963,756,-1,756,963,757,-1,756,757,475,-1,475,757,476,-1,721,720,832,-1,832,720,967,-1,832,967,966,-1,968,719,969,-1,969,719,721,-1,969,721,970,-1,970,721,831,-1,970,831,971,-1,971,831,829,-1,971,829,972,-1,972,829,827,-1,972,827,770,-1,770,827,825,-1,770,825,480,-1,480,825,481,-1,312,311,770,-1,770,311,771,-1,770,771,972,-1,972,771,833,-1,972,833,971,-1,971,833,835,-1,971,835,970,-1,970,835,837,-1,970,837,969,-1,969,837,839,-1,969,839,968,-1,968,839,973,-1,718,717,839,-1,839,717,974,-1,839,974,973,-1,975,716,976,-1,976,716,718,-1,976,718,977,-1,977,718,838,-1,977,838,978,-1,978,838,836,-1,978,836,979,-1,979,836,834,-1,979,834,773,-1,773,834,772,-1,773,772,305,-1,305,772,306,-1,303,302,773,-1,773,302,774,-1,773,774,979,-1,979,774,840,-1,979,840,978,-1,978,840,842,-1,978,842,977,-1,977,842,844,-1,977,844,976,-1,976,844,846,-1,976,846,975,-1,975,846,980,-1,715,714,846,-1,846,714,981,-1,846,981,980,-1,711,713,712,-1,712,713,715,-1,712,715,982,-1,982,715,845,-1,982,845,983,-1,983,845,843,-1,983,843,984,-1,984,843,841,-1,984,841,776,-1,776,841,775,-1,776,775,296,-1,296,775,297,-1,985,710,986,-1,986,710,712,-1,986,712,987,-1,987,712,982,-1,987,982,988,-1,988,982,983,-1,988,983,989,-1,989,983,984,-1,989,984,777,-1,777,984,776,-1,777,776,293,-1,293,776,294,-1,291,290,777,-1,777,290,778,-1,777,778,989,-1,989,778,847,-1,989,847,988,-1,988,847,849,-1,988,849,987,-1,987,849,851,-1,987,851,986,-1,986,851,853,-1,986,853,985,-1,985,853,990,-1,709,708,853,-1,853,708,991,-1,853,991,990,-1,992,707,993,-1,993,707,709,-1,993,709,994,-1,994,709,852,-1,994,852,995,-1,995,852,850,-1,995,850,996,-1,996,850,848,-1,996,848,780,-1,780,848,779,-1,780,779,523,-1,523,779,513,-1,522,521,780,-1,780,521,781,-1,780,781,996,-1,996,781,854,-1,996,854,995,-1,995,854,856,-1,995,856,994,-1,994,856,858,-1,994,858,993,-1,993,858,860,-1,993,860,992,-1,992,860,997,-1,706,705,860,-1,860,705,998,-1,860,998,997,-1,999,704,1000,-1,1000,704,706,-1,1000,706,1001,-1,1001,706,859,-1,1001,859,1002,-1,1002,859,857,-1,1002,857,1003,-1,1003,857,855,-1,1003,855,755,-1,755,855,782,-1,755,782,284,-1,284,782,285,-1,281,531,755,-1,755,531,1004,-1,755,1004,1003,-1,1003,1004,1005,-1,1003,1005,1002,-1,1002,1005,1006,-1,1002,1006,1001,-1,1001,1006,1007,-1,1001,1007,1000,-1,1000,1007,1008,-1,1000,1008,999,-1,999,1008,1009,-1,531,534,1004,-1,1004,534,861,-1,1004,861,1005,-1,1005,861,862,-1,1005,862,1006,-1,1006,862,864,-1,1006,864,1007,-1,1007,864,866,-1,1007,866,1008,-1,1008,866,868,-1,1008,868,1009,-1,1009,868,1010,-1,703,702,868,-1,868,702,1011,-1,868,1011,1010,-1,1012,701,1013,-1,1013,701,703,-1,1013,703,1014,-1,1014,703,867,-1,1014,867,1015,-1,1015,867,865,-1,1015,865,1016,-1,1016,865,863,-1,1016,863,753,-1,753,863,754,-1,753,754,539,-1,539,754,540,-1,546,545,753,-1,753,545,752,-1,753,752,1016,-1,1016,752,869,-1,1016,869,1015,-1,1015,869,871,-1,1015,871,1014,-1,1014,871,873,-1,1014,873,1013,-1,1013,873,875,-1,1013,875,1012,-1,1012,875,1017,-1,700,699,875,-1,875,699,1018,-1,875,1018,1017,-1,1019,698,1020,-1,1020,698,700,-1,1020,700,1021,-1,1021,700,874,-1,1021,874,1022,-1,1022,874,872,-1,1022,872,1023,-1,1023,872,870,-1,1023,870,750,-1,750,870,751,-1,750,751,557,-1,557,751,558,-1,564,563,750,-1,750,563,749,-1,750,749,1023,-1,1023,749,1024,-1,1023,1024,1022,-1,1022,1024,1025,-1,1022,1025,1021,-1,1021,1025,1026,-1,1021,1026,1020,-1,1020,1026,697,-1,1020,697,1019,-1,1019,697,696,-1,1027,695,882,-1,882,695,697,-1,882,697,880,-1,880,697,1026,-1,880,1026,878,-1,878,1026,1025,-1,878,1025,876,-1,876,1025,1024,-1,876,1024,748,-1,748,1024,749,-1,748,749,569,-1,569,749,570,-1,694,693,882,-1,882,693,1028,-1,882,1028,1027,-1,1029,692,1030,-1,1030,692,694,-1,1030,694,1031,-1,1031,694,881,-1,1031,881,1032,-1,1032,881,879,-1,1032,879,1033,-1,1033,879,877,-1,1033,877,746,-1,746,877,747,-1,746,747,581,-1,581,747,582,-1,588,587,746,-1,746,587,745,-1,746,745,1033,-1,1033,745,883,-1,1033,883,1032,-1,1032,883,885,-1,1032,885,1031,-1,1031,885,887,-1,1031,887,1030,-1,1030,887,889,-1,1030,889,1029,-1,1029,889,1034,-1,691,690,889,-1,889,690,1035,-1,889,1035,1034,-1,1036,689,1037,-1,1037,689,691,-1,1037,691,1038,-1,1038,691,888,-1,1038,888,1039,-1,1039,888,886,-1,1039,886,1040,-1,1040,886,884,-1,1040,884,743,-1,743,884,744,-1,743,744,599,-1,599,744,600,-1,606,605,743,-1,743,605,742,-1,743,742,1040,-1,1040,742,1041,-1,1040,1041,1039,-1,1039,1041,1042,-1,1039,1042,1038,-1,1038,1042,1043,-1,1038,1043,1037,-1,1037,1043,688,-1,1037,688,1036,-1,1036,688,687,-1,1044,686,897,-1,897,686,688,-1,897,688,895,-1,895,688,1043,-1,895,1043,893,-1,893,1043,1042,-1,893,1042,891,-1,891,1042,1041,-1,891,1041,741,-1,741,1041,742,-1,741,742,611,-1,611,742,612,-1,685,684,897,-1,897,684,1045,-1,897,1045,1044,-1,1046,683,1047,-1,1047,683,685,-1,1047,685,1048,-1,1048,685,896,-1,1048,896,1049,-1,1049,896,894,-1,1049,894,1050,-1,1050,894,892,-1,1050,892,783,-1,783,892,890,-1,783,890,616,-1,616,890,617,-1,279,278,783,-1,783,278,784,-1,783,784,1050,-1,1050,784,898,-1,1050,898,1049,-1,1049,898,900,-1,1049,900,1048,-1,1048,900,902,-1,1048,902,1047,-1,1047,902,904,-1,1047,904,1046,-1,1046,904,1051,-1,682,681,904,-1,904,681,1052,-1,904,1052,1051,-1,1053,680,1054,-1,1054,680,682,-1,1054,682,1055,-1,1055,682,903,-1,1055,903,1056,-1,1056,903,901,-1,1056,901,1057,-1,1057,901,899,-1,1057,899,786,-1,786,899,785,-1,786,785,272,-1,272,785,273,-1,270,269,786,-1,786,269,787,-1,786,787,1057,-1,1057,787,905,-1,1057,905,1056,-1,1056,905,907,-1,1056,907,1055,-1,1055,907,909,-1,1055,909,1054,-1,1054,909,911,-1,1054,911,1053,-1,1053,911,1058,-1,679,678,911,-1,911,678,1059,-1,911,1059,1058,-1,675,677,676,-1,676,677,679,-1,676,679,1060,-1,1060,679,910,-1,1060,910,1061,-1,1061,910,908,-1,1061,908,1062,-1,1062,908,906,-1,1062,906,789,-1,789,906,788,-1,789,788,263,-1,263,788,264,-1,1063,674,1064,-1,1064,674,676,-1,1064,676,1065,-1,1065,676,1060,-1,1065,1060,1066,-1,1066,1060,1061,-1,1066,1061,1067,-1,1067,1061,1062,-1,1067,1062,790,-1,790,1062,789,-1,790,789,260,-1,260,789,261,-1,258,257,790,-1,790,257,791,-1,790,791,1067,-1,1067,791,912,-1,1067,912,1066,-1,1066,912,914,-1,1066,914,1065,-1,1065,914,916,-1,1065,916,1064,-1,1064,916,918,-1,1064,918,1063,-1,1063,918,1068,-1,673,672,918,-1,918,672,1069,-1,918,1069,1068,-1,1070,671,1071,-1,1071,671,673,-1,1071,673,1072,-1,1072,673,917,-1,1072,917,1073,-1,1073,917,915,-1,1073,915,1074,-1,1074,915,913,-1,1074,913,793,-1,793,913,792,-1,793,792,660,-1,660,792,650,-1,659,658,793,-1,793,658,794,-1,793,794,1074,-1,1074,794,919,-1,1074,919,1073,-1,1073,919,921,-1,1073,921,1072,-1,1072,921,923,-1,1072,923,1071,-1,1071,923,925,-1,1071,925,1070,-1,1070,925,1075,-1,670,669,925,-1,925,669,1076,-1,925,1076,1075,-1,1077,668,1078,-1,1078,668,670,-1,1078,670,1079,-1,1079,670,924,-1,1079,924,1080,-1,1080,924,922,-1,1080,922,1081,-1,1081,922,920,-1,1081,920,740,-1,740,920,795,-1,740,795,251,-1,251,795,252,-1,248,401,740,-1,740,401,926,-1,740,926,1081,-1,1081,926,927,-1,1081,927,1080,-1,1080,927,928,-1,1080,928,1079,-1,1079,928,929,-1,1079,929,1078,-1,1078,929,930,-1,1078,930,1077,-1,1077,930,931,-1,43,42,1082,-1,46,45,1083,-1,49,48,1084,-1,52,51,1085,-1,53,55,1086,-1,57,58,1087,-1,60,61,1088,-1,63,64,1089,-1,66,67,1090,-1,72,71,1091,-1,75,74,1092,-1,73,0,1093,-1,5,4,1094,-1,10,9,1095,-1,6,11,1096,-1,13,14,1097,-1,16,17,1098,-1,19,20,1099,-1,22,23,1100,-1,28,27,1101,-1,31,30,1102,-1,34,33,1103,-1,37,36,1104,-1,76,79,1105,-1,1105,79,1106,-1,1105,1106,1107,-1,1107,1106,1108,-1,1107,1108,1109,-1,1109,1108,1110,-1,1109,1110,1111,-1,1111,1110,1112,-1,1111,1112,1113,-1,1113,1112,1104,-1,1113,1104,40,-1,40,1104,36,-1,33,37,1103,-1,1103,37,1104,-1,1103,1104,1114,-1,1114,1104,1112,-1,1114,1112,1115,-1,1115,1112,1110,-1,1115,1110,1116,-1,1116,1110,1108,-1,1116,1108,1117,-1,1117,1108,1106,-1,1117,1106,82,-1,82,1106,79,-1,30,34,1102,-1,1102,34,1103,-1,1102,1103,1118,-1,1118,1103,1114,-1,1118,1114,1119,-1,1119,1114,1115,-1,1119,1115,1120,-1,1120,1115,1116,-1,1120,1116,1121,-1,1121,1116,1117,-1,1121,1117,81,-1,81,1117,82,-1,27,31,1101,-1,1101,31,1102,-1,1101,1102,1122,-1,1122,1102,1118,-1,1122,1118,1123,-1,1123,1118,1119,-1,1123,1119,1124,-1,1124,1119,1120,-1,1124,1120,1125,-1,1125,1120,1121,-1,1125,1121,80,-1,80,1121,81,-1,25,28,1126,-1,1126,28,1101,-1,1126,1101,1127,-1,1127,1101,1122,-1,1127,1122,1128,-1,1128,1122,1123,-1,1128,1123,1129,-1,1129,1123,1124,-1,1129,1124,1130,-1,1130,1124,1125,-1,1130,1125,85,-1,85,1125,80,-1,85,84,1130,-1,1130,84,1131,-1,1130,1131,1129,-1,1129,1131,1132,-1,1129,1132,1128,-1,1128,1132,1133,-1,1128,1133,1127,-1,1127,1133,1134,-1,1127,1134,1126,-1,1126,1134,1100,-1,1126,1100,25,-1,25,1100,23,-1,20,22,1099,-1,1099,22,1100,-1,1099,1100,1135,-1,1135,1100,1134,-1,1135,1134,1136,-1,1136,1134,1133,-1,1136,1133,1137,-1,1137,1133,1132,-1,1137,1132,1138,-1,1138,1132,1131,-1,1138,1131,83,-1,83,1131,84,-1,17,19,1098,-1,1098,19,1099,-1,1098,1099,1139,-1,1139,1099,1135,-1,1139,1135,1140,-1,1140,1135,1136,-1,1140,1136,1141,-1,1141,1136,1137,-1,1141,1137,1142,-1,1142,1137,1138,-1,1142,1138,88,-1,88,1138,83,-1,14,16,1097,-1,1097,16,1098,-1,1097,1098,1143,-1,1143,1098,1139,-1,1143,1139,1144,-1,1144,1139,1140,-1,1144,1140,1145,-1,1145,1140,1141,-1,1145,1141,1146,-1,1146,1141,1142,-1,1146,1142,87,-1,87,1142,88,-1,11,13,1096,-1,1096,13,1097,-1,1096,1097,1147,-1,1147,1097,1143,-1,1147,1143,1148,-1,1148,1143,1144,-1,1148,1144,1149,-1,1149,1144,1145,-1,1149,1145,1150,-1,1150,1145,1146,-1,1150,1146,86,-1,86,1146,87,-1,7,6,1151,-1,1151,6,1096,-1,1151,1096,1152,-1,1152,1096,1147,-1,1152,1147,1153,-1,1153,1147,1148,-1,1153,1148,1154,-1,1154,1148,1149,-1,1154,1149,1155,-1,1155,1149,1150,-1,1155,1150,91,-1,91,1150,86,-1,91,90,1155,-1,1155,90,1156,-1,1155,1156,1154,-1,1154,1156,1157,-1,1154,1157,1153,-1,1153,1157,1158,-1,1153,1158,1152,-1,1152,1158,1159,-1,1152,1159,1151,-1,1151,1159,1095,-1,1151,1095,7,-1,7,1095,9,-1,4,10,1094,-1,1094,10,1095,-1,1094,1095,1160,-1,1160,1095,1159,-1,1160,1159,1161,-1,1161,1159,1158,-1,1161,1158,1162,-1,1162,1158,1157,-1,1162,1157,1163,-1,1163,1157,1156,-1,1163,1156,89,-1,89,1156,90,-1,0,5,1093,-1,1093,5,1094,-1,1093,1094,1164,-1,1164,1094,1160,-1,1164,1160,1165,-1,1165,1160,1161,-1,1165,1161,1166,-1,1166,1161,1162,-1,1166,1162,1167,-1,1167,1162,1163,-1,1167,1163,94,-1,94,1163,89,-1,74,73,1092,-1,1092,73,1093,-1,1092,1093,1168,-1,1168,1093,1164,-1,1168,1164,1169,-1,1169,1164,1165,-1,1169,1165,1170,-1,1170,1165,1166,-1,1170,1166,1171,-1,1171,1166,1167,-1,1171,1167,93,-1,93,1167,94,-1,71,75,1091,-1,1091,75,1092,-1,1091,1092,1172,-1,1172,1092,1168,-1,1172,1168,1173,-1,1173,1168,1169,-1,1173,1169,1174,-1,1174,1169,1170,-1,1174,1170,1175,-1,1175,1170,1171,-1,1175,1171,92,-1,92,1171,93,-1,69,72,1176,-1,1176,72,1091,-1,1176,1091,1177,-1,1177,1091,1172,-1,1177,1172,1178,-1,1178,1172,1173,-1,1178,1173,1179,-1,1179,1173,1174,-1,1179,1174,1180,-1,1180,1174,1175,-1,1180,1175,97,-1,97,1175,92,-1,97,96,1180,-1,1180,96,1181,-1,1180,1181,1179,-1,1179,1181,1182,-1,1179,1182,1178,-1,1178,1182,1183,-1,1178,1183,1177,-1,1177,1183,1184,-1,1177,1184,1176,-1,1176,1184,1090,-1,1176,1090,69,-1,69,1090,67,-1,64,66,1089,-1,1089,66,1090,-1,1089,1090,1185,-1,1185,1090,1184,-1,1185,1184,1186,-1,1186,1184,1183,-1,1186,1183,1187,-1,1187,1183,1182,-1,1187,1182,1188,-1,1188,1182,1181,-1,1188,1181,95,-1,95,1181,96,-1,61,63,1088,-1,1088,63,1089,-1,1088,1089,1189,-1,1189,1089,1185,-1,1189,1185,1190,-1,1190,1185,1186,-1,1190,1186,1191,-1,1191,1186,1187,-1,1191,1187,1192,-1,1192,1187,1188,-1,1192,1188,100,-1,100,1188,95,-1,58,60,1087,-1,1087,60,1088,-1,1087,1088,1193,-1,1193,1088,1189,-1,1193,1189,1194,-1,1194,1189,1190,-1,1194,1190,1195,-1,1195,1190,1191,-1,1195,1191,1196,-1,1196,1191,1192,-1,1196,1192,99,-1,99,1192,100,-1,55,57,1086,-1,1086,57,1087,-1,1086,1087,1197,-1,1197,1087,1193,-1,1197,1193,1198,-1,1198,1193,1194,-1,1198,1194,1199,-1,1199,1194,1195,-1,1199,1195,1200,-1,1200,1195,1196,-1,1200,1196,98,-1,98,1196,99,-1,50,53,1201,-1,1201,53,1086,-1,1201,1086,1202,-1,1202,1086,1197,-1,1202,1197,1203,-1,1203,1197,1198,-1,1203,1198,1204,-1,1204,1198,1199,-1,1204,1199,1205,-1,1205,1199,1200,-1,1205,1200,103,-1,103,1200,98,-1,103,102,1205,-1,1205,102,1206,-1,1205,1206,1204,-1,1204,1206,1207,-1,1204,1207,1203,-1,1203,1207,1208,-1,1203,1208,1202,-1,1202,1208,1209,-1,1202,1209,1201,-1,1201,1209,1085,-1,1201,1085,50,-1,50,1085,51,-1,48,52,1084,-1,1084,52,1085,-1,1084,1085,1210,-1,1210,1085,1209,-1,1210,1209,1211,-1,1211,1209,1208,-1,1211,1208,1212,-1,1212,1208,1207,-1,1212,1207,1213,-1,1213,1207,1206,-1,1213,1206,101,-1,101,1206,102,-1,45,49,1083,-1,1083,49,1084,-1,1083,1084,1214,-1,1214,1084,1210,-1,1214,1210,1215,-1,1215,1210,1211,-1,1215,1211,1216,-1,1216,1211,1212,-1,1216,1212,1217,-1,1217,1212,1213,-1,1217,1213,105,-1,105,1213,101,-1,42,46,1082,-1,1082,46,1083,-1,1082,1083,1218,-1,1218,1083,1214,-1,1218,1214,1219,-1,1219,1214,1215,-1,1219,1215,1220,-1,1220,1215,1216,-1,1220,1216,1221,-1,1221,1216,1217,-1,1221,1217,104,-1,104,1217,105,-1,39,43,1222,-1,1222,43,1082,-1,1222,1082,1223,-1,1223,1082,1218,-1,1223,1218,1224,-1,1224,1218,1219,-1,1224,1219,1225,-1,1225,1219,1220,-1,1225,1220,1226,-1,1226,1220,1221,-1,1226,1221,77,-1,77,1221,104,-1,77,76,1226,-1,1226,76,1105,-1,1226,1105,1225,-1,1225,1105,1107,-1,1225,1107,1224,-1,1224,1107,1109,-1,1224,1109,1223,-1,1223,1109,1111,-1,1223,1111,1222,-1,1222,1111,1113,-1,1222,1113,39,-1,39,1113,40,-1,1227,1228,1229,-1,1230,1231,1232,-1,1233,1234,1235,-1,1236,1237,1238,-1,1239,1240,1241,-1,1242,1243,1244,-1,1245,1246,1247,-1,1248,1249,1250,-1,1251,1252,1253,-1,1254,1255,1256,-1,1257,1258,1259,-1,1260,1261,1262,-1,1263,1264,1265,-1,1266,1267,1254,-1,1268,1269,1270,-1,1271,1272,1273,-1,1274,1275,1276,-1,1277,1278,1279,-1,1280,1281,1282,-1,1283,1284,1285,-1,1286,1287,1288,-1,1289,1290,1291,-1,1292,1293,1294,-1,1295,1296,1297,-1,1298,1299,1300,-1,1301,1302,1303,-1,1304,1305,1306,-1,1307,1308,1309,-1,1310,1311,1312,-1,1313,1314,1315,-1,1316,1317,1318,-1,1319,1320,1321,-1,1322,1323,1324,-1,1325,1326,1327,-1,1328,1329,1330,-1,1331,1332,1333,-1,1334,1335,1336,-1,1337,1338,1339,-1,1340,1341,1342,-1,1343,1344,1345,-1,1346,1347,1348,-1,1349,1350,1351,-1,1352,1353,1354,-1,1355,1356,1357,-1,1358,1359,1360,-1,1361,1362,1363,-1,1254,1267,1255,-1,1255,1267,1364,-1,1255,1364,1365,-1,1366,1367,1368,-1,1369,1370,1371,-1,1372,1373,1374,-1,1375,1376,1377,-1,1378,1379,1380,-1,1260,1262,1381,-1,1261,1382,1383,-1,1383,1382,1384,-1,1384,1385,1386,-1,1386,1385,1257,-1,1387,1388,1389,-1,1390,1256,1391,-1,1391,1256,1255,-1,1391,1255,1366,-1,1366,1255,1365,-1,1366,1365,1367,-1,1392,1390,1393,-1,1393,1390,1391,-1,1393,1391,1394,-1,1394,1391,1366,-1,1394,1366,1395,-1,1395,1366,1368,-1,1395,1368,1396,-1,1397,1392,1398,-1,1398,1392,1393,-1,1398,1393,1399,-1,1399,1393,1394,-1,1399,1394,1400,-1,1400,1394,1395,-1,1400,1395,1265,-1,1265,1395,1396,-1,1265,1396,1263,-1,1401,1397,1402,-1,1402,1397,1398,-1,1402,1398,1403,-1,1403,1398,1399,-1,1403,1399,1404,-1,1404,1399,1400,-1,1404,1400,1405,-1,1405,1400,1265,-1,1405,1265,1369,-1,1369,1265,1264,-1,1369,1264,1370,-1,1406,1401,1407,-1,1407,1401,1402,-1,1407,1402,1408,-1,1408,1402,1403,-1,1408,1403,1409,-1,1409,1403,1404,-1,1409,1404,1410,-1,1410,1404,1405,-1,1410,1405,1411,-1,1411,1405,1369,-1,1411,1369,1372,-1,1372,1369,1371,-1,1372,1371,1373,-1,1353,1295,1354,-1,1354,1295,1297,-1,1354,1297,1412,-1,1412,1297,1413,-1,1412,1413,1414,-1,1414,1413,1415,-1,1414,1415,1416,-1,1416,1415,1417,-1,1416,1417,1418,-1,1418,1417,1419,-1,1418,1419,1420,-1,1420,1419,1421,-1,1420,1421,1422,-1,1422,1421,1423,-1,1422,1423,1424,-1,1425,1406,1426,-1,1426,1406,1407,-1,1426,1407,1427,-1,1427,1407,1408,-1,1427,1408,1428,-1,1428,1408,1409,-1,1428,1409,1429,-1,1429,1409,1410,-1,1429,1410,1430,-1,1430,1410,1411,-1,1430,1411,1431,-1,1431,1411,1372,-1,1431,1372,1375,-1,1375,1372,1374,-1,1375,1374,1376,-1,1432,1349,1433,-1,1433,1349,1351,-1,1433,1351,1434,-1,1434,1351,1435,-1,1434,1435,1436,-1,1436,1435,1437,-1,1436,1437,1438,-1,1438,1437,1439,-1,1438,1439,1440,-1,1440,1439,1441,-1,1440,1441,1442,-1,1442,1441,1443,-1,1442,1443,1444,-1,1444,1443,1445,-1,1444,1445,1446,-1,1446,1445,1447,-1,1446,1447,1448,-1,1449,1352,1450,-1,1450,1352,1354,-1,1450,1354,1451,-1,1451,1354,1412,-1,1451,1412,1452,-1,1452,1412,1414,-1,1452,1414,1453,-1,1453,1414,1416,-1,1453,1416,1454,-1,1454,1416,1418,-1,1454,1418,1455,-1,1455,1418,1420,-1,1455,1420,1456,-1,1456,1420,1422,-1,1456,1422,1457,-1,1457,1422,1424,-1,1457,1424,1458,-1,1459,1425,1460,-1,1460,1425,1426,-1,1460,1426,1461,-1,1461,1426,1427,-1,1461,1427,1462,-1,1462,1427,1428,-1,1462,1428,1463,-1,1463,1428,1429,-1,1463,1429,1464,-1,1464,1429,1430,-1,1464,1430,1465,-1,1465,1430,1431,-1,1465,1431,1466,-1,1466,1431,1375,-1,1466,1375,1467,-1,1467,1375,1377,-1,1467,1377,1468,-1,1469,1470,1471,-1,1471,1470,1472,-1,1471,1472,1473,-1,1473,1472,1474,-1,1473,1474,1475,-1,1475,1474,1476,-1,1475,1476,1477,-1,1477,1476,1478,-1,1477,1478,1479,-1,1479,1478,1480,-1,1311,1432,1312,-1,1312,1432,1433,-1,1312,1433,1481,-1,1481,1433,1434,-1,1481,1434,1482,-1,1482,1434,1436,-1,1482,1436,1483,-1,1483,1436,1438,-1,1483,1438,1484,-1,1484,1438,1440,-1,1484,1440,1485,-1,1485,1440,1442,-1,1485,1442,1486,-1,1486,1442,1444,-1,1486,1444,1487,-1,1487,1444,1446,-1,1487,1446,1488,-1,1488,1446,1448,-1,1488,1448,1489,-1,1299,1449,1300,-1,1300,1449,1450,-1,1300,1450,1490,-1,1490,1450,1451,-1,1490,1451,1491,-1,1491,1451,1452,-1,1491,1452,1492,-1,1492,1452,1453,-1,1492,1453,1493,-1,1493,1453,1454,-1,1493,1454,1494,-1,1494,1454,1455,-1,1494,1455,1495,-1,1495,1455,1456,-1,1495,1456,1496,-1,1496,1456,1457,-1,1496,1457,1497,-1,1497,1457,1458,-1,1497,1458,1498,-1,1499,1459,1500,-1,1500,1459,1460,-1,1500,1460,1501,-1,1501,1460,1461,-1,1501,1461,1502,-1,1502,1461,1462,-1,1502,1462,1503,-1,1503,1462,1463,-1,1503,1463,1504,-1,1504,1463,1464,-1,1504,1464,1505,-1,1505,1464,1465,-1,1505,1465,1506,-1,1506,1465,1466,-1,1506,1466,1507,-1,1507,1466,1467,-1,1507,1467,1378,-1,1378,1467,1468,-1,1378,1468,1379,-1,1508,1469,1509,-1,1509,1469,1471,-1,1509,1471,1510,-1,1510,1471,1473,-1,1510,1473,1511,-1,1511,1473,1475,-1,1511,1475,1512,-1,1512,1475,1477,-1,1512,1477,1513,-1,1513,1477,1479,-1,1514,1515,1516,-1,1347,1310,1348,-1,1348,1310,1312,-1,1348,1312,1517,-1,1517,1312,1481,-1,1517,1481,1518,-1,1518,1481,1482,-1,1518,1482,1519,-1,1519,1482,1483,-1,1519,1483,1520,-1,1520,1483,1484,-1,1520,1484,1521,-1,1521,1484,1485,-1,1521,1485,1522,-1,1522,1485,1486,-1,1522,1486,1523,-1,1523,1486,1487,-1,1523,1487,1524,-1,1524,1487,1488,-1,1524,1488,1525,-1,1525,1488,1489,-1,1525,1489,1526,-1,1527,1528,1529,-1,1530,1298,1531,-1,1531,1298,1300,-1,1531,1300,1532,-1,1532,1300,1490,-1,1532,1490,1533,-1,1533,1490,1491,-1,1533,1491,1534,-1,1534,1491,1492,-1,1534,1492,1535,-1,1535,1492,1493,-1,1535,1493,1536,-1,1536,1493,1494,-1,1536,1494,1537,-1,1537,1494,1495,-1,1537,1495,1538,-1,1538,1495,1496,-1,1538,1496,1539,-1,1539,1496,1497,-1,1539,1497,1540,-1,1540,1497,1498,-1,1540,1498,1541,-1,1542,1543,1544,-1,1545,1499,1546,-1,1546,1499,1500,-1,1546,1500,1547,-1,1547,1500,1501,-1,1547,1501,1548,-1,1548,1501,1502,-1,1548,1502,1549,-1,1549,1502,1503,-1,1549,1503,1550,-1,1550,1503,1504,-1,1550,1504,1551,-1,1551,1504,1505,-1,1551,1505,1552,-1,1552,1505,1506,-1,1552,1506,1553,-1,1553,1506,1507,-1,1553,1507,1554,-1,1554,1507,1378,-1,1554,1378,1555,-1,1555,1378,1380,-1,1555,1380,1381,-1,1556,1557,1558,-1,1559,1515,1560,-1,1560,1515,1514,-1,1560,1514,1561,-1,1562,1563,1564,-1,1564,1563,1561,-1,1564,1561,1565,-1,1565,1561,1514,-1,1565,1514,1566,-1,1566,1514,1516,-1,1566,1516,1567,-1,1258,1334,1389,-1,1389,1334,1336,-1,1389,1336,1387,-1,1387,1336,1568,-1,1387,1568,1569,-1,1569,1568,1570,-1,1569,1570,1571,-1,1571,1570,1572,-1,1571,1572,1573,-1,1573,1572,1574,-1,1573,1574,1575,-1,1575,1574,1576,-1,1575,1576,1577,-1,1577,1576,1578,-1,1577,1578,1579,-1,1579,1578,1580,-1,1579,1580,1581,-1,1581,1580,1582,-1,1581,1582,1583,-1,1583,1582,1584,-1,1583,1584,1585,-1,1585,1584,1586,-1,1338,1331,1339,-1,1339,1331,1333,-1,1339,1333,1587,-1,1587,1333,1588,-1,1587,1588,1589,-1,1589,1588,1590,-1,1589,1590,1591,-1,1591,1590,1592,-1,1591,1592,1593,-1,1593,1592,1594,-1,1593,1594,1595,-1,1595,1594,1596,-1,1595,1596,1597,-1,1597,1596,1598,-1,1597,1598,1599,-1,1599,1598,1600,-1,1599,1600,1601,-1,1601,1600,1602,-1,1601,1602,1603,-1,1603,1602,1604,-1,1603,1604,1605,-1,1605,1604,1606,-1,1326,1322,1327,-1,1327,1322,1324,-1,1327,1324,1607,-1,1607,1324,1608,-1,1607,1608,1609,-1,1609,1608,1610,-1,1609,1610,1611,-1,1611,1610,1612,-1,1611,1612,1613,-1,1613,1612,1614,-1,1613,1614,1615,-1,1615,1614,1616,-1,1615,1616,1617,-1,1617,1616,1618,-1,1617,1618,1619,-1,1619,1618,1620,-1,1619,1620,1621,-1,1621,1620,1622,-1,1621,1622,1623,-1,1623,1622,1624,-1,1623,1624,1625,-1,1625,1624,1626,-1,1341,1319,1342,-1,1342,1319,1321,-1,1342,1321,1627,-1,1627,1321,1628,-1,1627,1628,1629,-1,1629,1628,1630,-1,1629,1630,1631,-1,1631,1630,1632,-1,1631,1632,1633,-1,1633,1632,1634,-1,1633,1634,1635,-1,1635,1634,1636,-1,1635,1636,1637,-1,1637,1636,1638,-1,1637,1638,1639,-1,1639,1638,1640,-1,1639,1640,1641,-1,1641,1640,1642,-1,1641,1642,1643,-1,1643,1642,1644,-1,1643,1644,1645,-1,1645,1644,1646,-1,1344,1316,1345,-1,1345,1316,1318,-1,1345,1318,1647,-1,1647,1318,1648,-1,1647,1648,1649,-1,1649,1648,1650,-1,1649,1650,1651,-1,1651,1650,1652,-1,1651,1652,1653,-1,1653,1652,1654,-1,1653,1654,1655,-1,1655,1654,1656,-1,1655,1656,1657,-1,1657,1656,1658,-1,1657,1658,1659,-1,1659,1658,1660,-1,1659,1660,1661,-1,1661,1660,1662,-1,1661,1662,1663,-1,1663,1662,1664,-1,1663,1664,1665,-1,1665,1664,1666,-1,1317,1313,1318,-1,1318,1313,1315,-1,1318,1315,1648,-1,1648,1315,1667,-1,1648,1667,1650,-1,1650,1667,1668,-1,1650,1668,1652,-1,1652,1668,1669,-1,1652,1669,1654,-1,1654,1669,1670,-1,1654,1670,1656,-1,1656,1670,1671,-1,1656,1671,1658,-1,1658,1671,1672,-1,1658,1672,1660,-1,1660,1672,1673,-1,1660,1673,1662,-1,1662,1673,1674,-1,1662,1674,1664,-1,1664,1674,1675,-1,1664,1675,1666,-1,1666,1675,1676,-1,1666,1676,1677,-1,1677,1676,1678,-1,1679,1528,1680,-1,1680,1528,1527,-1,1680,1527,1681,-1,1308,1304,1309,-1,1309,1304,1306,-1,1309,1306,1682,-1,1682,1306,1683,-1,1682,1683,1684,-1,1684,1683,1685,-1,1684,1685,1686,-1,1686,1685,1687,-1,1686,1687,1688,-1,1688,1687,1689,-1,1688,1689,1690,-1,1690,1689,1691,-1,1690,1691,1692,-1,1692,1691,1693,-1,1692,1693,1694,-1,1694,1693,1695,-1,1694,1695,1696,-1,1696,1695,1697,-1,1696,1697,1698,-1,1698,1697,1699,-1,1698,1699,1700,-1,1700,1699,1701,-1,1700,1701,1702,-1,1702,1701,1703,-1,1704,1543,1705,-1,1705,1543,1542,-1,1705,1542,1706,-1,1707,1708,1709,-1,1709,1708,1706,-1,1709,1706,1710,-1,1710,1706,1542,-1,1710,1542,1711,-1,1711,1542,1544,-1,1711,1544,1712,-1,1713,1289,1714,-1,1714,1289,1291,-1,1714,1291,1715,-1,1715,1291,1716,-1,1715,1716,1717,-1,1717,1716,1718,-1,1717,1718,1719,-1,1719,1718,1720,-1,1719,1720,1721,-1,1721,1720,1722,-1,1721,1722,1723,-1,1723,1722,1724,-1,1723,1724,1725,-1,1725,1724,1726,-1,1725,1726,1727,-1,1727,1726,1728,-1,1727,1728,1729,-1,1729,1728,1730,-1,1729,1730,1731,-1,1731,1730,1732,-1,1731,1732,1733,-1,1733,1732,1734,-1,1356,1286,1357,-1,1357,1286,1288,-1,1357,1288,1735,-1,1735,1288,1736,-1,1735,1736,1737,-1,1737,1736,1738,-1,1737,1738,1739,-1,1739,1738,1740,-1,1739,1740,1741,-1,1741,1740,1742,-1,1741,1742,1743,-1,1743,1742,1744,-1,1743,1744,1745,-1,1745,1744,1746,-1,1745,1746,1747,-1,1747,1746,1748,-1,1747,1748,1749,-1,1749,1748,1750,-1,1749,1750,1751,-1,1751,1750,1752,-1,1751,1752,1753,-1,1753,1752,1754,-1,1281,1277,1282,-1,1282,1277,1279,-1,1282,1279,1755,-1,1755,1279,1756,-1,1755,1756,1757,-1,1757,1756,1758,-1,1757,1758,1759,-1,1759,1758,1760,-1,1759,1760,1761,-1,1761,1760,1762,-1,1761,1762,1763,-1,1763,1762,1764,-1,1763,1764,1765,-1,1765,1764,1766,-1,1765,1766,1767,-1,1767,1766,1768,-1,1767,1768,1769,-1,1769,1768,1770,-1,1769,1770,1771,-1,1771,1770,1772,-1,1771,1772,1773,-1,1773,1772,1774,-1,1359,1274,1360,-1,1360,1274,1276,-1,1360,1276,1775,-1,1775,1276,1776,-1,1775,1776,1777,-1,1777,1776,1778,-1,1777,1778,1779,-1,1779,1778,1780,-1,1779,1780,1781,-1,1781,1780,1782,-1,1781,1782,1783,-1,1783,1782,1784,-1,1783,1784,1785,-1,1785,1784,1786,-1,1785,1786,1787,-1,1787,1786,1788,-1,1787,1788,1789,-1,1789,1788,1790,-1,1789,1790,1791,-1,1791,1790,1792,-1,1791,1792,1793,-1,1793,1792,1794,-1,1362,1271,1363,-1,1363,1271,1273,-1,1363,1273,1795,-1,1795,1273,1796,-1,1795,1796,1797,-1,1797,1796,1798,-1,1797,1798,1799,-1,1799,1798,1800,-1,1799,1800,1801,-1,1801,1800,1802,-1,1801,1802,1803,-1,1803,1802,1804,-1,1803,1804,1805,-1,1805,1804,1806,-1,1805,1806,1807,-1,1807,1806,1808,-1,1807,1808,1809,-1,1809,1808,1810,-1,1809,1810,1811,-1,1811,1810,1812,-1,1811,1812,1813,-1,1813,1812,1814,-1,1272,1268,1273,-1,1273,1268,1270,-1,1273,1270,1796,-1,1796,1270,1815,-1,1796,1815,1798,-1,1798,1815,1816,-1,1798,1816,1800,-1,1800,1816,1817,-1,1800,1817,1802,-1,1802,1817,1818,-1,1802,1818,1804,-1,1804,1818,1819,-1,1804,1819,1806,-1,1806,1819,1820,-1,1806,1820,1808,-1,1808,1820,1821,-1,1808,1821,1810,-1,1810,1821,1822,-1,1810,1822,1812,-1,1812,1822,1823,-1,1812,1823,1814,-1,1814,1823,1824,-1,1814,1824,1825,-1,1825,1824,1826,-1,1827,1557,1828,-1,1828,1557,1556,-1,1828,1556,1829,-1,1830,1829,1508,-1,1508,1829,1556,-1,1508,1556,1469,-1,1469,1556,1558,-1,1469,1558,1470,-1,1831,1832,1833,-1,1513,1834,1512,-1,1512,1834,1835,-1,1512,1835,1511,-1,1511,1835,1836,-1,1511,1836,1510,-1,1510,1836,1837,-1,1510,1837,1509,-1,1509,1837,1831,-1,1509,1831,1508,-1,1508,1831,1833,-1,1508,1833,1830,-1,1834,1567,1835,-1,1835,1567,1516,-1,1835,1516,1836,-1,1836,1516,1515,-1,1836,1515,1837,-1,1837,1515,1559,-1,1837,1559,1831,-1,1831,1559,1838,-1,1831,1838,1832,-1,1563,1839,1561,-1,1561,1839,1840,-1,1561,1840,1560,-1,1560,1840,1841,-1,1560,1841,1559,-1,1559,1841,1842,-1,1559,1842,1838,-1,1252,1562,1253,-1,1253,1562,1564,-1,1253,1564,1843,-1,1843,1564,1565,-1,1843,1565,1844,-1,1844,1565,1566,-1,1844,1566,1845,-1,1845,1566,1567,-1,1845,1567,1846,-1,1846,1567,1834,-1,1846,1834,1847,-1,1847,1834,1513,-1,1847,1513,1848,-1,1848,1513,1479,-1,1848,1479,1849,-1,1849,1479,1480,-1,1849,1480,1850,-1,1249,1251,1250,-1,1250,1251,1253,-1,1250,1253,1851,-1,1851,1253,1843,-1,1851,1843,1852,-1,1852,1843,1844,-1,1852,1844,1853,-1,1853,1844,1845,-1,1853,1845,1854,-1,1854,1845,1846,-1,1854,1846,1855,-1,1855,1846,1847,-1,1855,1847,1856,-1,1856,1847,1848,-1,1856,1848,1857,-1,1857,1848,1849,-1,1857,1849,1858,-1,1858,1849,1850,-1,1858,1850,1388,-1,1388,1387,1858,-1,1858,1387,1569,-1,1858,1569,1857,-1,1857,1569,1571,-1,1857,1571,1856,-1,1856,1571,1573,-1,1856,1573,1855,-1,1855,1573,1575,-1,1855,1575,1854,-1,1854,1575,1577,-1,1854,1577,1853,-1,1853,1577,1579,-1,1853,1579,1852,-1,1852,1579,1581,-1,1852,1581,1851,-1,1851,1581,1583,-1,1851,1583,1250,-1,1250,1583,1585,-1,1250,1585,1248,-1,1859,1860,1861,-1,1861,1860,1586,-1,1861,1586,1862,-1,1862,1586,1584,-1,1862,1584,1863,-1,1863,1584,1582,-1,1863,1582,1864,-1,1864,1582,1580,-1,1864,1580,1865,-1,1865,1580,1578,-1,1865,1578,1866,-1,1866,1578,1576,-1,1866,1576,1867,-1,1867,1576,1574,-1,1867,1574,1868,-1,1868,1574,1572,-1,1868,1572,1869,-1,1869,1572,1570,-1,1869,1570,1870,-1,1870,1570,1568,-1,1870,1568,1871,-1,1871,1568,1336,-1,1871,1336,1872,-1,1872,1336,1335,-1,1860,1873,1586,-1,1586,1873,1874,-1,1586,1874,1585,-1,1585,1874,1875,-1,1585,1875,1248,-1,1872,1337,1871,-1,1871,1337,1339,-1,1871,1339,1870,-1,1870,1339,1587,-1,1870,1587,1869,-1,1869,1587,1589,-1,1869,1589,1868,-1,1868,1589,1591,-1,1868,1591,1867,-1,1867,1591,1593,-1,1867,1593,1866,-1,1866,1593,1595,-1,1866,1595,1865,-1,1865,1595,1597,-1,1865,1597,1864,-1,1864,1597,1599,-1,1864,1599,1863,-1,1863,1599,1601,-1,1863,1601,1862,-1,1862,1601,1603,-1,1862,1603,1861,-1,1861,1603,1605,-1,1861,1605,1859,-1,1876,1877,1878,-1,1878,1877,1606,-1,1878,1606,1879,-1,1879,1606,1604,-1,1879,1604,1880,-1,1880,1604,1602,-1,1880,1602,1881,-1,1881,1602,1600,-1,1881,1600,1882,-1,1882,1600,1598,-1,1882,1598,1883,-1,1883,1598,1596,-1,1883,1596,1884,-1,1884,1596,1594,-1,1884,1594,1885,-1,1885,1594,1592,-1,1885,1592,1886,-1,1886,1592,1590,-1,1886,1590,1887,-1,1887,1590,1588,-1,1887,1588,1330,-1,1330,1588,1333,-1,1330,1333,1328,-1,1328,1333,1332,-1,1877,1888,1606,-1,1606,1888,1889,-1,1606,1889,1605,-1,1605,1889,1890,-1,1605,1890,1859,-1,1329,1891,1330,-1,1330,1891,1892,-1,1330,1892,1887,-1,1887,1892,1893,-1,1887,1893,1886,-1,1886,1893,1894,-1,1886,1894,1885,-1,1885,1894,1895,-1,1885,1895,1884,-1,1884,1895,1896,-1,1884,1896,1883,-1,1883,1896,1897,-1,1883,1897,1882,-1,1882,1897,1898,-1,1882,1898,1881,-1,1881,1898,1899,-1,1881,1899,1880,-1,1880,1899,1900,-1,1880,1900,1879,-1,1879,1900,1901,-1,1879,1901,1878,-1,1878,1901,1247,-1,1878,1247,1876,-1,1876,1247,1246,-1,1891,1325,1892,-1,1892,1325,1327,-1,1892,1327,1893,-1,1893,1327,1607,-1,1893,1607,1894,-1,1894,1607,1609,-1,1894,1609,1895,-1,1895,1609,1611,-1,1895,1611,1896,-1,1896,1611,1613,-1,1896,1613,1897,-1,1897,1613,1615,-1,1897,1615,1898,-1,1898,1615,1617,-1,1898,1617,1899,-1,1899,1617,1619,-1,1899,1619,1900,-1,1900,1619,1621,-1,1900,1621,1901,-1,1901,1621,1623,-1,1901,1623,1247,-1,1247,1623,1625,-1,1247,1625,1245,-1,1902,1903,1904,-1,1904,1903,1626,-1,1904,1626,1905,-1,1905,1626,1624,-1,1905,1624,1906,-1,1906,1624,1622,-1,1906,1622,1907,-1,1907,1622,1620,-1,1907,1620,1908,-1,1908,1620,1618,-1,1908,1618,1909,-1,1909,1618,1616,-1,1909,1616,1910,-1,1910,1616,1614,-1,1910,1614,1911,-1,1911,1614,1612,-1,1911,1612,1912,-1,1912,1612,1610,-1,1912,1610,1913,-1,1913,1610,1608,-1,1913,1608,1914,-1,1914,1608,1324,-1,1914,1324,1915,-1,1915,1324,1323,-1,1903,1916,1626,-1,1626,1916,1917,-1,1626,1917,1625,-1,1625,1917,1918,-1,1625,1918,1245,-1,1915,1340,1914,-1,1914,1340,1342,-1,1914,1342,1913,-1,1913,1342,1627,-1,1913,1627,1912,-1,1912,1627,1629,-1,1912,1629,1911,-1,1911,1629,1631,-1,1911,1631,1910,-1,1910,1631,1633,-1,1910,1633,1909,-1,1909,1633,1635,-1,1909,1635,1908,-1,1908,1635,1637,-1,1908,1637,1907,-1,1907,1637,1639,-1,1907,1639,1906,-1,1906,1639,1641,-1,1906,1641,1905,-1,1905,1641,1643,-1,1905,1643,1904,-1,1904,1643,1645,-1,1904,1645,1902,-1,1919,1920,1921,-1,1921,1920,1646,-1,1921,1646,1922,-1,1922,1646,1644,-1,1922,1644,1923,-1,1923,1644,1642,-1,1923,1642,1924,-1,1924,1642,1640,-1,1924,1640,1925,-1,1925,1640,1638,-1,1925,1638,1926,-1,1926,1638,1636,-1,1926,1636,1927,-1,1927,1636,1634,-1,1927,1634,1928,-1,1928,1634,1632,-1,1928,1632,1929,-1,1929,1632,1630,-1,1929,1630,1930,-1,1930,1630,1628,-1,1930,1628,1931,-1,1931,1628,1321,-1,1931,1321,1932,-1,1932,1321,1320,-1,1920,1933,1646,-1,1646,1933,1934,-1,1646,1934,1645,-1,1645,1934,1935,-1,1645,1935,1902,-1,1932,1343,1931,-1,1931,1343,1345,-1,1931,1345,1930,-1,1930,1345,1647,-1,1930,1647,1929,-1,1929,1647,1649,-1,1929,1649,1928,-1,1928,1649,1651,-1,1928,1651,1927,-1,1927,1651,1653,-1,1927,1653,1926,-1,1926,1653,1655,-1,1926,1655,1925,-1,1925,1655,1657,-1,1925,1657,1924,-1,1924,1657,1659,-1,1924,1659,1923,-1,1923,1659,1661,-1,1923,1661,1922,-1,1922,1661,1663,-1,1922,1663,1921,-1,1921,1663,1665,-1,1921,1665,1919,-1,1677,1936,1666,-1,1666,1936,1937,-1,1666,1937,1665,-1,1665,1937,1938,-1,1665,1938,1919,-1,1314,1939,1315,-1,1315,1939,1940,-1,1315,1940,1667,-1,1667,1940,1941,-1,1667,1941,1668,-1,1668,1941,1942,-1,1668,1942,1669,-1,1669,1942,1943,-1,1669,1943,1670,-1,1670,1943,1944,-1,1670,1944,1671,-1,1671,1944,1945,-1,1671,1945,1672,-1,1672,1945,1946,-1,1672,1946,1673,-1,1673,1946,1947,-1,1673,1947,1674,-1,1674,1947,1948,-1,1674,1948,1675,-1,1675,1948,1949,-1,1675,1949,1676,-1,1676,1949,1244,-1,1676,1244,1678,-1,1678,1244,1243,-1,1950,1242,1526,-1,1526,1242,1244,-1,1526,1244,1525,-1,1525,1244,1949,-1,1525,1949,1524,-1,1524,1949,1948,-1,1524,1948,1523,-1,1523,1948,1947,-1,1523,1947,1522,-1,1522,1947,1946,-1,1522,1946,1521,-1,1521,1946,1945,-1,1521,1945,1520,-1,1520,1945,1944,-1,1520,1944,1519,-1,1519,1944,1943,-1,1519,1943,1518,-1,1518,1943,1942,-1,1518,1942,1517,-1,1517,1942,1941,-1,1517,1941,1348,-1,1348,1941,1940,-1,1348,1940,1346,-1,1346,1940,1939,-1,1447,1529,1448,-1,1448,1529,1528,-1,1448,1528,1489,-1,1489,1528,1679,-1,1489,1679,1526,-1,1526,1679,1951,-1,1526,1951,1950,-1,1952,1953,1681,-1,1681,1953,1954,-1,1681,1954,1680,-1,1680,1954,1955,-1,1680,1955,1679,-1,1679,1955,1956,-1,1679,1956,1951,-1,1350,1307,1351,-1,1351,1307,1309,-1,1351,1309,1435,-1,1435,1309,1682,-1,1435,1682,1437,-1,1437,1682,1684,-1,1437,1684,1439,-1,1439,1684,1686,-1,1439,1686,1441,-1,1441,1686,1688,-1,1441,1688,1443,-1,1443,1688,1690,-1,1443,1690,1445,-1,1445,1690,1692,-1,1445,1692,1447,-1,1447,1692,1694,-1,1447,1694,1529,-1,1529,1694,1696,-1,1529,1696,1527,-1,1527,1696,1698,-1,1527,1698,1681,-1,1681,1698,1700,-1,1681,1700,1952,-1,1952,1700,1702,-1,1305,1301,1306,-1,1306,1301,1303,-1,1306,1303,1683,-1,1683,1303,1957,-1,1683,1957,1685,-1,1685,1957,1958,-1,1685,1958,1687,-1,1687,1958,1959,-1,1687,1959,1689,-1,1689,1959,1960,-1,1689,1960,1691,-1,1691,1960,1961,-1,1691,1961,1693,-1,1693,1961,1962,-1,1693,1962,1695,-1,1695,1962,1963,-1,1695,1963,1697,-1,1697,1963,1964,-1,1697,1964,1699,-1,1699,1964,1965,-1,1699,1965,1701,-1,1701,1965,1241,-1,1701,1241,1703,-1,1703,1241,1240,-1,1966,1239,1541,-1,1541,1239,1241,-1,1541,1241,1540,-1,1540,1241,1965,-1,1540,1965,1539,-1,1539,1965,1964,-1,1539,1964,1538,-1,1538,1964,1963,-1,1538,1963,1537,-1,1537,1963,1962,-1,1537,1962,1536,-1,1536,1962,1961,-1,1536,1961,1535,-1,1535,1961,1960,-1,1535,1960,1534,-1,1534,1960,1959,-1,1534,1959,1533,-1,1533,1959,1958,-1,1533,1958,1532,-1,1532,1958,1957,-1,1532,1957,1531,-1,1531,1957,1303,-1,1531,1303,1530,-1,1530,1303,1302,-1,1423,1712,1424,-1,1424,1712,1544,-1,1424,1544,1458,-1,1458,1544,1543,-1,1458,1543,1498,-1,1498,1543,1704,-1,1498,1704,1541,-1,1541,1704,1967,-1,1541,1967,1966,-1,1708,1968,1706,-1,1706,1968,1969,-1,1706,1969,1705,-1,1705,1969,1970,-1,1705,1970,1704,-1,1704,1970,1971,-1,1704,1971,1967,-1,1237,1707,1238,-1,1238,1707,1709,-1,1238,1709,1972,-1,1972,1709,1710,-1,1972,1710,1973,-1,1973,1710,1711,-1,1973,1711,1974,-1,1974,1711,1712,-1,1974,1712,1975,-1,1975,1712,1423,-1,1975,1423,1976,-1,1976,1423,1421,-1,1976,1421,1977,-1,1977,1421,1419,-1,1977,1419,1978,-1,1978,1419,1417,-1,1978,1417,1979,-1,1979,1417,1415,-1,1979,1415,1980,-1,1980,1415,1413,-1,1980,1413,1294,-1,1294,1413,1297,-1,1294,1297,1292,-1,1292,1297,1296,-1,1293,1981,1294,-1,1294,1981,1982,-1,1294,1982,1980,-1,1980,1982,1983,-1,1980,1983,1979,-1,1979,1983,1984,-1,1979,1984,1978,-1,1978,1984,1985,-1,1978,1985,1977,-1,1977,1985,1986,-1,1977,1986,1976,-1,1976,1986,1987,-1,1976,1987,1975,-1,1975,1987,1988,-1,1975,1988,1974,-1,1974,1988,1989,-1,1974,1989,1973,-1,1973,1989,1990,-1,1973,1990,1972,-1,1972,1990,1991,-1,1972,1991,1238,-1,1238,1991,1235,-1,1238,1235,1236,-1,1236,1235,1234,-1,1981,1713,1982,-1,1982,1713,1714,-1,1982,1714,1983,-1,1983,1714,1715,-1,1983,1715,1984,-1,1984,1715,1717,-1,1984,1717,1985,-1,1985,1717,1719,-1,1985,1719,1986,-1,1986,1719,1721,-1,1986,1721,1987,-1,1987,1721,1723,-1,1987,1723,1988,-1,1988,1723,1725,-1,1988,1725,1989,-1,1989,1725,1727,-1,1989,1727,1990,-1,1990,1727,1729,-1,1990,1729,1991,-1,1991,1729,1731,-1,1991,1731,1235,-1,1235,1731,1733,-1,1235,1733,1233,-1,1992,1993,1994,-1,1994,1993,1734,-1,1994,1734,1995,-1,1995,1734,1732,-1,1995,1732,1996,-1,1996,1732,1730,-1,1996,1730,1997,-1,1997,1730,1728,-1,1997,1728,1998,-1,1998,1728,1726,-1,1998,1726,1999,-1,1999,1726,1724,-1,1999,1724,2000,-1,2000,1724,1722,-1,2000,1722,2001,-1,2001,1722,1720,-1,2001,1720,2002,-1,2002,1720,1718,-1,2002,1718,2003,-1,2003,1718,1716,-1,2003,1716,2004,-1,2004,1716,1291,-1,2004,1291,2005,-1,2005,1291,1290,-1,1993,2006,1734,-1,1734,2006,2007,-1,1734,2007,1733,-1,1733,2007,2008,-1,1733,2008,1233,-1,2005,1355,2004,-1,2004,1355,1357,-1,2004,1357,2003,-1,2003,1357,1735,-1,2003,1735,2002,-1,2002,1735,1737,-1,2002,1737,2001,-1,2001,1737,1739,-1,2001,1739,2000,-1,2000,1739,1741,-1,2000,1741,1999,-1,1999,1741,1743,-1,1999,1743,1998,-1,1998,1743,1745,-1,1998,1745,1997,-1,1997,1745,1747,-1,1997,1747,1996,-1,1996,1747,1749,-1,1996,1749,1995,-1,1995,1749,1751,-1,1995,1751,1994,-1,1994,1751,1753,-1,1994,1753,1992,-1,2009,2010,2011,-1,2011,2010,1754,-1,2011,1754,2012,-1,2012,1754,1752,-1,2012,1752,2013,-1,2013,1752,1750,-1,2013,1750,2014,-1,2014,1750,1748,-1,2014,1748,2015,-1,2015,1748,1746,-1,2015,1746,2016,-1,2016,1746,1744,-1,2016,1744,2017,-1,2017,1744,1742,-1,2017,1742,2018,-1,2018,1742,1740,-1,2018,1740,2019,-1,2019,1740,1738,-1,2019,1738,2020,-1,2020,1738,1736,-1,2020,1736,1285,-1,1285,1736,1288,-1,1285,1288,1283,-1,1283,1288,1287,-1,2010,2021,1754,-1,1754,2021,2022,-1,1754,2022,1753,-1,1753,2022,2023,-1,1753,2023,1992,-1,1284,2024,1285,-1,1285,2024,2025,-1,1285,2025,2020,-1,2020,2025,2026,-1,2020,2026,2019,-1,2019,2026,2027,-1,2019,2027,2018,-1,2018,2027,2028,-1,2018,2028,2017,-1,2017,2028,2029,-1,2017,2029,2016,-1,2016,2029,2030,-1,2016,2030,2015,-1,2015,2030,2031,-1,2015,2031,2014,-1,2014,2031,2032,-1,2014,2032,2013,-1,2013,2032,2033,-1,2013,2033,2012,-1,2012,2033,2034,-1,2012,2034,2011,-1,2011,2034,1232,-1,2011,1232,2009,-1,2009,1232,1231,-1,2024,1280,2025,-1,2025,1280,1282,-1,2025,1282,2026,-1,2026,1282,1755,-1,2026,1755,2027,-1,2027,1755,1757,-1,2027,1757,2028,-1,2028,1757,1759,-1,2028,1759,2029,-1,2029,1759,1761,-1,2029,1761,2030,-1,2030,1761,1763,-1,2030,1763,2031,-1,2031,1763,1765,-1,2031,1765,2032,-1,2032,1765,1767,-1,2032,1767,2033,-1,2033,1767,1769,-1,2033,1769,2034,-1,2034,1769,1771,-1,2034,1771,1232,-1,1232,1771,1773,-1,1232,1773,1230,-1,2035,2036,2037,-1,2037,2036,1774,-1,2037,1774,2038,-1,2038,1774,1772,-1,2038,1772,2039,-1,2039,1772,1770,-1,2039,1770,2040,-1,2040,1770,1768,-1,2040,1768,2041,-1,2041,1768,1766,-1,2041,1766,2042,-1,2042,1766,1764,-1,2042,1764,2043,-1,2043,1764,1762,-1,2043,1762,2044,-1,2044,1762,1760,-1,2044,1760,2045,-1,2045,1760,1758,-1,2045,1758,2046,-1,2046,1758,1756,-1,2046,1756,2047,-1,2047,1756,1279,-1,2047,1279,2048,-1,2048,1279,1278,-1,2036,2049,1774,-1,1774,2049,2050,-1,1774,2050,1773,-1,1773,2050,2051,-1,1773,2051,1230,-1,2048,1358,2047,-1,2047,1358,1360,-1,2047,1360,2046,-1,2046,1360,1775,-1,2046,1775,2045,-1,2045,1775,1777,-1,2045,1777,2044,-1,2044,1777,1779,-1,2044,1779,2043,-1,2043,1779,1781,-1,2043,1781,2042,-1,2042,1781,1783,-1,2042,1783,2041,-1,2041,1783,1785,-1,2041,1785,2040,-1,2040,1785,1787,-1,2040,1787,2039,-1,2039,1787,1789,-1,2039,1789,2038,-1,2038,1789,1791,-1,2038,1791,2037,-1,2037,1791,1793,-1,2037,1793,2035,-1,2052,2053,2054,-1,2054,2053,1794,-1,2054,1794,2055,-1,2055,1794,1792,-1,2055,1792,2056,-1,2056,1792,1790,-1,2056,1790,2057,-1,2057,1790,1788,-1,2057,1788,2058,-1,2058,1788,1786,-1,2058,1786,2059,-1,2059,1786,1784,-1,2059,1784,2060,-1,2060,1784,1782,-1,2060,1782,2061,-1,2061,1782,1780,-1,2061,1780,2062,-1,2062,1780,1778,-1,2062,1778,2063,-1,2063,1778,1776,-1,2063,1776,2064,-1,2064,1776,1276,-1,2064,1276,2065,-1,2065,1276,1275,-1,2053,2066,1794,-1,1794,2066,2067,-1,1794,2067,1793,-1,1793,2067,2068,-1,1793,2068,2035,-1,2065,1361,2064,-1,2064,1361,1363,-1,2064,1363,2063,-1,2063,1363,1795,-1,2063,1795,2062,-1,2062,1795,1797,-1,2062,1797,2061,-1,2061,1797,1799,-1,2061,1799,2060,-1,2060,1799,1801,-1,2060,1801,2059,-1,2059,1801,1803,-1,2059,1803,2058,-1,2058,1803,1805,-1,2058,1805,2057,-1,2057,1805,1807,-1,2057,1807,2056,-1,2056,1807,1809,-1,2056,1809,2055,-1,2055,1809,1811,-1,2055,1811,2054,-1,2054,1811,1813,-1,2054,1813,2052,-1,1825,2069,1814,-1,1814,2069,2070,-1,1814,2070,1813,-1,1813,2070,2071,-1,1813,2071,2052,-1,1269,1266,1270,-1,1270,1266,1254,-1,1270,1254,1815,-1,1815,1254,1256,-1,1815,1256,1816,-1,1816,1256,1390,-1,1816,1390,1817,-1,1817,1390,1392,-1,1817,1392,1818,-1,1818,1392,1397,-1,1818,1397,1819,-1,1819,1397,1401,-1,1819,1401,1820,-1,1820,1401,1406,-1,1820,1406,1821,-1,1821,1406,1425,-1,1821,1425,1822,-1,1822,1425,1459,-1,1822,1459,1823,-1,1823,1459,1499,-1,1823,1499,1824,-1,1824,1499,1545,-1,1824,1545,1826,-1,1826,1545,2072,-1,2073,2074,2075,-1,1381,1262,1555,-1,1555,1262,2076,-1,1555,2076,1554,-1,1554,2076,2077,-1,1554,2077,1553,-1,1553,2077,2078,-1,1553,2078,1552,-1,1552,2078,2079,-1,1552,2079,1551,-1,1551,2079,2080,-1,1551,2080,1550,-1,1550,2080,2081,-1,1550,2081,1549,-1,1549,2081,2082,-1,1549,2082,1548,-1,1548,2082,2083,-1,1548,2083,1547,-1,1547,2083,2084,-1,1547,2084,1546,-1,1546,2084,2073,-1,1546,2073,1545,-1,1545,2073,2075,-1,1545,2075,2072,-1,1261,1383,1262,-1,1262,1383,2085,-1,1262,2085,2076,-1,2076,2085,2086,-1,2076,2086,2077,-1,2077,2086,2087,-1,2077,2087,2078,-1,2078,2087,2088,-1,2078,2088,2079,-1,2079,2088,2089,-1,2079,2089,2080,-1,2080,2089,2090,-1,2080,2090,2081,-1,2081,2090,2091,-1,2081,2091,2082,-1,2082,2091,2092,-1,2082,2092,2083,-1,2083,2092,2093,-1,2083,2093,2084,-1,2084,2093,1229,-1,2084,1229,2073,-1,2073,1229,1228,-1,2073,1228,2074,-1,1384,1386,1383,-1,1383,1386,2094,-1,1383,2094,2085,-1,2085,2094,2095,-1,2085,2095,2086,-1,2086,2095,2096,-1,2086,2096,2087,-1,2087,2096,2097,-1,2087,2097,2088,-1,2088,2097,2098,-1,2088,2098,2089,-1,2089,2098,2099,-1,2089,2099,2090,-1,2090,2099,2100,-1,2090,2100,2091,-1,2091,2100,2101,-1,2091,2101,2092,-1,2092,2101,2102,-1,2092,2102,2093,-1,2093,2102,2103,-1,2093,2103,1229,-1,1229,2103,2104,-1,1229,2104,1227,-1,2105,2106,2107,-1,1257,1259,1386,-1,1386,1259,2108,-1,1386,2108,2094,-1,2094,2108,2109,-1,2094,2109,2095,-1,2095,2109,2110,-1,2095,2110,2096,-1,2096,2110,2111,-1,2096,2111,2097,-1,2097,2111,2112,-1,2097,2112,2098,-1,2098,2112,2113,-1,2098,2113,2099,-1,2099,2113,2114,-1,2099,2114,2100,-1,2100,2114,2115,-1,2100,2115,2101,-1,2101,2115,2116,-1,2101,2116,2102,-1,2102,2116,2105,-1,2102,2105,2103,-1,2103,2105,2107,-1,2103,2107,2104,-1,1258,1389,1259,-1,1259,1389,1388,-1,1259,1388,2108,-1,2108,1388,1850,-1,2108,1850,2109,-1,2109,1850,1480,-1,2109,1480,2110,-1,2110,1480,1478,-1,2110,1478,2111,-1,2111,1478,1476,-1,2111,1476,2112,-1,2112,1476,1474,-1,2112,1474,2113,-1,2113,1474,1472,-1,2113,1472,2114,-1,2114,1472,1470,-1,2114,1470,2115,-1,2115,1470,1558,-1,2115,1558,2116,-1,2116,1558,1557,-1,2116,1557,2105,-1,2105,1557,1827,-1,2105,1827,2106,-1,
        ]
    }
}
Shape{
    appearance Appearance {
        material  Material 	{
            diffuseColor 1.0 1.0 1.0
            specularColor 0.30196078431372547 0.30196078431372547 0.30196078431372547
            ambientIntensity 1.0
            transparency 0.0
            shininess 0.5
        }
    }
    geometry IndexedFaceSet {
        ccw TRUE
        solid FALSE
        coord DEF co Coordinate {
            point [
                -0.0591 0.2756 0.0079, -0.3346 0.2756 0.0079, -0.0591 0.2756 0.0472, -0.3346 0.2756 0.1457, 0.0591 0.2756 0.0472, 0.3346 0.2756 0.1457, 0.3346 0.2756 0.0079, 0.1049 0.2756 0.0079, 0.0591 0.2756 0.0079, 0.3346 0.1968 0.0079, 0.3346 0.1968 0.0472, 0.3346 -0.315 0.0472, 0.3346 -0.3937 0.1457, 0.3346 -0.315 0.0079, 0.3346 -0.3937 0.0079, 0.1049 -0.3937 0.0079, 0.0591 -0.3937 0.0079, 0.0591 -0.3937 0.0472, -0.0591 -0.3937 0.0472, -0.2953 -0.3937 0.1457, -0.0591 -0.3937 0.0079, -0.2953 -0.3937 0.0079, -0.3346 -0.3543 0.1457, -0.3346 -0.3543 0.0079, -0.3333 -0.3645 0.0079, -0.3333 -0.3645 0.1457, -0.3294 -0.374 0.0079, -0.3294 -0.374 0.1457, -0.3231 -0.3822 0.0079, -0.3231 -0.3822 0.1457, -0.315 -0.3884 0.0079, -0.315 -0.3884 0.1457, -0.3055 -0.3924 0.0079, -0.3055 -0.3924 0.1457, -0.3346 -0.315 0.0079, -0.3346 -0.315 0.0472, -0.3346 0.1968 0.0472, -0.3346 0.1968 0.0079, 0.2756 -0.0591 0.1457, 0.2728 -0.0983 0.1457, 0.2644 -0.1367 0.1457, -0.2644 0.0186 0.1457, -0.2507 0.0554 0.1457, -0.2318 0.0899 0.1457, -0.2083 0.1214 0.1457, 0.1145 -0.3097 0.1457, 0.0776 -0.3235 0.1457, 0.2507 -0.1735 0.1457, 0.2318 -0.2081 0.1457, 0.2083 -0.2395 0.1457, 0.0392 -0.3318 0.1457, 0.0 -0.3347 0.1457, -0.0392 -0.3318 0.1457, -0.0776 -0.3235 0.1457, -0.1145 -0.3097 0.1457, -0.149 -0.2909 0.1457, -0.1805 -0.2673 0.1457, -0.1805 0.1492 0.1457, -0.149 0.1728 0.1457, -0.1145 0.1916 0.1457, 0.0 0.2165 0.1457, 0.0392 0.2137 0.1457, 0.0776 0.2054 0.1457, 0.1145 0.1916 0.1457, 0.149 0.1728 0.1457, 0.1805 0.1492 0.1457, 0.1805 -0.2673 0.1457, 0.149 -0.2909 0.1457, -0.0776 0.2054 0.1457, -0.0392 0.2137 0.1457, 0.2083 0.1214 0.1457, 0.2318 0.0899 0.1457, 0.2507 0.0554 0.1457, -0.2083 -0.2395 0.1457, -0.2318 -0.2081 0.1457, -0.2507 -0.1735 0.1457, -0.2644 -0.1367 0.1457, 0.2644 0.0186 0.1457, 0.2728 -0.0198 0.1457, -0.2728 -0.0983 0.1457, -0.2756 -0.0591 0.1457, -0.2728 -0.0198 0.1457
            ]
        }
        coordIndex [
            0,1,2,-1,2,1,3,-1,2,3,4,-1,4,3,5,-1,5,6,4,-1,4,6,7,-1,4,7,8,-1,9,6,10,-1,10,6,5,-1,10,5,11,-1,11,5,12,-1,11,12,13,-1,13,12,14,-1,15,14,12,-1,16,15,17,-1,17,15,12,-1,17,12,18,-1,18,12,19,-1,18,19,20,-1,20,19,21,-1,22,23,24,-1,22,24,25,-1,25,24,26,-1,25,26,27,-1,27,26,28,-1,27,28,29,-1,29,28,30,-1,29,30,31,-1,31,30,32,-1,31,32,33,-1,33,32,21,-1,33,21,19,-1,34,23,35,-1,35,23,22,-1,35,22,36,-1,36,22,3,-1,36,3,37,-1,37,3,1,-1,5,38,12,-1,12,38,39,-1,12,39,40,-1,41,42,3,-1,3,42,43,-1,3,43,44,-1,12,45,46,-1,40,47,12,-1,12,47,48,-1,12,48,49,-1,46,50,12,-1,12,50,51,-1,12,51,19,-1,19,51,52,-1,19,52,53,-1,53,54,19,-1,19,54,55,-1,19,55,56,-1,44,57,3,-1,3,57,58,-1,3,58,59,-1,3,60,5,-1,5,60,61,-1,5,61,62,-1,62,63,5,-1,5,63,64,-1,5,64,65,-1,49,66,12,-1,12,66,67,-1,12,67,45,-1,59,68,3,-1,3,68,69,-1,3,69,60,-1,65,70,5,-1,5,70,71,-1,5,71,72,-1,56,73,22,-1,73,74,22,-1,22,74,75,-1,22,75,76,-1,72,77,5,-1,5,77,78,-1,5,78,38,-1,22,25,56,-1,56,25,27,-1,56,27,29,-1,29,31,56,-1,56,31,33,-1,56,33,19,-1,76,79,22,-1,22,79,80,-1,22,80,3,-1,3,80,81,-1,3,81,41,-1,
        ]
    }
}
Shape{
    appearance Appearance {
        material  Material 	{
            diffuseColor 0.9686274509803922 0.8784313725490196 0.6
            specularColor 0.6784313725490196 0.615686274509804 0.4196078431372549
            ambientIntensity 0.8737
            transparency 0.0
            shininess 0.5
        }
    }
    geometry IndexedFaceSet {
        ccw TRUE
        solid FALSE
        coord DEF co Coordinate {
            point [
                0.0 0.2165 0.1457, -0.0392 0.2137 0.1457, -0.0279 0.2151 0.2269, -0.0776 0.2054 0.1457, -0.0555 0.2109 0.2269, -0.0392 0.2134 0.2269, -0.1144 0.1914 0.2269, -0.1087 0.1942 0.2269, -0.1145 0.1916 0.1457, -0.0825 0.2039 0.2269, -0.0776 0.2052 0.2269, -0.1337 0.1819 0.2269, -0.149 0.1728 0.1457, -0.1488 0.1725 0.2269, -0.1574 0.1671 0.2269, -0.1805 0.1492 0.1457, -0.1795 0.15 0.2269, -0.2083 0.1214 0.1457, -0.1997 0.1308 0.2269, -0.1804 0.1492 0.2269, -0.2318 0.0899 0.1457, -0.2179 0.1096 0.2269, -0.208 0.1212 0.2269, -0.2504 0.0553 0.2269, -0.2474 0.0623 0.2269, -0.2507 0.0554 0.1457, -0.2339 0.0867 0.2269, -0.2317 0.0898 0.2269, -0.2584 0.0367 0.2269, -0.2644 0.0186 0.1457, -0.2641 0.0185 0.2269, -0.2668 0.01 0.2269, -0.2728 -0.0198 0.1457, -0.2724 -0.0173 0.2269, -0.2756 -0.0591 0.1457, -0.2752 -0.0451 0.2269, -0.2727 -0.0199 0.2269, -0.2728 -0.0983 0.1457, -0.2752 -0.073 0.2269, -0.2752 -0.0591 0.2269, -0.2641 -0.1366 0.2269, -0.2668 -0.1281 0.2269, -0.2644 -0.1367 0.1457, -0.2724 -0.1008 0.2269, -0.2727 -0.0983 0.2269, -0.2584 -0.1548 0.2269, -0.2507 -0.1735 0.1457, -0.2504 -0.1734 0.2269, -0.2474 -0.1804 0.2269, -0.2318 -0.2081 0.1457, -0.2339 -0.2048 0.2269, -0.2083 -0.2395 0.1457, -0.2179 -0.2278 0.2269, -0.2317 -0.208 0.2269, -0.1805 -0.2673 0.1457, -0.1997 -0.2489 0.2269, -0.208 -0.2393 0.2269, -0.1488 -0.2906 0.2269, -0.1574 -0.2853 0.2269, -0.149 -0.2909 0.1457, -0.1795 -0.2682 0.2269, -0.1804 -0.2673 0.2269, -0.1337 -0.3 0.2269, -0.1145 -0.3097 0.1457, -0.1144 -0.3095 0.2269, -0.1087 -0.3123 0.2269, -0.0776 -0.3235 0.1457, -0.0825 -0.322 0.2269, -0.0392 -0.3318 0.1457, -0.0555 -0.329 0.2269, -0.0776 -0.3233 0.2269, 0.0 -0.3347 0.1457, -0.0279 -0.3332 0.2269, -0.0392 -0.3315 0.2269, 0.0392 -0.3318 0.1457, 0.0279 -0.3332 0.2269, 0.0 -0.3347 0.2269, 0.0776 -0.3235 0.1457, 0.0555 -0.329 0.2269, 0.0392 -0.3315 0.2269, 0.1144 -0.3095 0.2269, 0.1087 -0.3123 0.2269, 0.1145 -0.3097 0.1457, 0.0825 -0.322 0.2269, 0.0776 -0.3233 0.2269, 0.1337 -0.3 0.2269, 0.149 -0.2909 0.1457, 0.1488 -0.2906 0.2269, 0.1574 -0.2853 0.2269, 0.1805 -0.2673 0.1457, 0.1795 -0.2682 0.2269, 0.2083 -0.2395 0.1457, 0.1997 -0.2489 0.2269, 0.1804 -0.2673 0.2269, 0.2318 -0.2081 0.1457, 0.2179 -0.2278 0.2269, 0.208 -0.2393 0.2269, 0.2504 -0.1734 0.2269, 0.2474 -0.1804 0.2269, 0.2507 -0.1735 0.1457, 0.2339 -0.2048 0.2269, 0.2317 -0.208 0.2269, 0.2584 -0.1548 0.2269, 0.2644 -0.1367 0.1457, 0.2641 -0.1366 0.2269, 0.2668 -0.1281 0.2269, 0.2728 -0.0983 0.1457, 0.2724 -0.1008 0.2269, 0.2756 -0.0591 0.1457, 0.2752 -0.073 0.2269, 0.2727 -0.0983 0.2269, 0.2728 -0.0198 0.1457, 0.2752 -0.0451 0.2269, 0.2752 -0.0591 0.2269, 0.2641 0.0185 0.2269, 0.2668 0.01 0.2269, 0.2644 0.0186 0.1457, 0.2724 -0.0173 0.2269, 0.2727 -0.0199 0.2269, 0.2584 0.0367 0.2269, 0.2507 0.0554 0.1457, 0.2504 0.0553 0.2269, 0.2474 0.0623 0.2269, 0.2318 0.0899 0.1457, 0.2339 0.0867 0.2269, 0.2083 0.1214 0.1457, 0.2179 0.1096 0.2269, 0.2317 0.0898 0.2269, 0.1805 0.1492 0.1457, 0.1997 0.1308 0.2269, 0.208 0.1212 0.2269, 0.1488 0.1725 0.2269, 0.1574 0.1671 0.2269, 0.149 0.1728 0.1457, 0.1795 0.15 0.2269, 0.1804 0.1492 0.2269, 0.1337 0.1819 0.2269, 0.1145 0.1916 0.1457, 0.1144 0.1914 0.2269, 0.1087 0.1942 0.2269, 0.0776 0.2054 0.1457, 0.0825 0.2039 0.2269, 0.0392 0.2137 0.1457, 0.0555 0.2109 0.2269, 0.0776 0.2052 0.2269, 0.0 0.2165 0.2269, 0.0279 0.2151 0.2269, 0.0392 0.2134 0.2269, -0.0591 0.2165 0.0, 0.0591 0.2165 0.0, -0.0591 0.2165 0.0079, 0.0591 0.2165 0.0079, -0.0591 0.2756 0.0079, -0.0591 0.2756 0.0472, -0.0591 0.3346 0.0472, -0.0591 0.3346 0.0, 0.0591 0.2756 0.0079, 0.0591 0.3346 0.0, 0.0591 0.2756 0.0472, 0.0591 0.3346 0.0472, 0.0591 -0.315 0.0, 0.0394 -0.315 0.0, 0.0591 -0.315 0.0079, 0.0394 -0.315 0.0079, 0.0394 -0.1493 0.0, 0.0394 -0.1493 0.0079, 0.095 -0.0333 0.0, 0.0984 -0.0563 0.0079, 0.0984 -0.0563 0.0, 0.0963 -0.0795 0.0079, 0.0963 -0.0795 0.0, 0.0888 -0.1016 0.0079, 0.0888 -0.1016 0.0, 0.0763 -0.1213 0.0079, 0.0763 -0.1213 0.0, 0.0595 -0.1375 0.0079, 0.0595 -0.1375 0.0, -0.0863 -0.0117 0.0, -0.0727 0.0073 0.0079, -0.0727 0.0073 0.0, -0.055 0.0225 0.0079, -0.055 0.0225 0.0, -0.0343 0.0332 0.0079, -0.0343 0.0332 0.0, -0.0117 0.0387 0.0079, -0.0117 0.0387 0.0, 0.0117 0.0387 0.0079, 0.0117 0.0387 0.0, 0.0343 0.0332 0.0079, 0.0343 0.0332 0.0, 0.055 0.0225 0.0079, 0.055 0.0225 0.0, 0.0727 0.0073 0.0079, 0.0727 0.0073 0.0, 0.0863 -0.0117 0.0079, 0.0863 -0.0117 0.0, 0.0888 -0.0179 0.0079, 0.095 -0.0333 0.0079, -0.095 -0.0333 0.0079, -0.0888 -0.0179 0.0079, -0.0863 -0.0117 0.0079, -0.095 -0.0333 0.0, -0.0984 -0.0563 0.0, -0.0984 -0.0563 0.0079, -0.0963 -0.0795 0.0, -0.0963 -0.0795 0.0079, -0.0888 -0.1016 0.0, -0.0888 -0.1016 0.0079, -0.0763 -0.1213 0.0, -0.0763 -0.1213 0.0079, -0.0595 -0.1375 0.0, -0.0595 -0.1375 0.0079, -0.0394 -0.1493 0.0, -0.0394 -0.1493 0.0079, -0.0394 -0.315 0.0, -0.0394 -0.315 0.0079, -0.0591 -0.315 0.0, -0.0591 -0.315 0.0079, 0.0591 -0.3937 0.0079, 0.0591 -0.3937 0.0472, 0.0591 -0.4528 0.0472, 0.0591 -0.4528 0.0, -0.0591 -0.3937 0.0079, -0.0591 -0.4528 0.0, -0.0591 -0.3937 0.0472, -0.0591 -0.4528 0.0472, -0.0059 -0.1099 0.0, 0.0059 -0.1099 0.0, 0.0175 -0.1072 0.0, 0.0281 -0.1018 0.0, 0.0372 -0.0942 0.0, 0.0 -0.0079 0.0, -0.0118 -0.0093 0.0, -0.023 -0.0133 0.0, -0.0329 -0.0199 0.0, -0.0411 -0.0285 0.0, -0.047 -0.0388 0.0, -0.0504 -0.0502 0.0, -0.0511 -0.062 0.0, -0.049 -0.0737 0.0, -0.0443 -0.0847 0.0, -0.0372 -0.0942 0.0, -0.0281 -0.1018 0.0, -0.0175 -0.1072 0.0, 0.0443 -0.0847 0.0, 0.049 -0.0737 0.0, 0.0511 -0.062 0.0, 0.0504 -0.0502 0.0, 0.047 -0.0388 0.0, 0.0411 -0.0285 0.0, 0.0329 -0.0199 0.0, 0.023 -0.0133 0.0, 0.0118 -0.0093 0.0, 0.2559 0.1968 0.0079, 0.2559 0.1968 0.0, 0.2457 0.1955 0.0, 0.2457 0.1955 0.0079, 0.2362 0.1916 0.0, 0.2362 0.1916 0.0079, 0.2281 0.1853 0.0, 0.2281 0.1853 0.0079, 0.2218 0.1772 0.0, 0.2218 0.1772 0.0079, 0.2179 0.1677 0.0, 0.2179 0.1677 0.0079, 0.2165 0.1575 0.0, 0.2165 0.1575 0.0079, 0.2165 0.0787 0.0, 0.2165 0.0787 0.0079, 0.2202 0.0713 0.0079, 0.2202 0.0713 0.0, 0.2221 0.0632 0.0079, 0.2221 0.0632 0.0, 0.2221 0.0549 0.0079, 0.2221 0.0549 0.0, 0.2202 0.0468 0.0079, 0.2202 0.0468 0.0, 0.2165 0.0394 0.0079, 0.2165 0.0394 0.0, 0.2165 -0.0179 0.0079, 0.2165 -0.1575 0.0, 0.2165 -0.1575 0.0079, 0.2202 -0.1649 0.0079, 0.2202 -0.1649 0.0, 0.2221 -0.173 0.0079, 0.2221 -0.173 0.0, 0.2221 -0.1813 0.0079, 0.2221 -0.1813 0.0, 0.2202 -0.1894 0.0079, 0.2202 -0.1894 0.0, 0.2165 -0.1969 0.0079, 0.2165 -0.1969 0.0, 0.2165 -0.2756 0.0, 0.2165 -0.2756 0.0079, 0.2179 -0.2858 0.0, 0.2179 -0.2858 0.0079, 0.2218 -0.2953 0.0, 0.2218 -0.2953 0.0079, 0.2281 -0.3034 0.0, 0.2281 -0.3034 0.0079, 0.2362 -0.3097 0.0, 0.2362 -0.3097 0.0079, 0.2457 -0.3136 0.0, 0.2457 -0.3136 0.0079, 0.2559 -0.315 0.0, 0.2559 -0.315 0.0079, 0.3346 0.1968 0.0079, 0.3346 0.1968 0.0472, 0.3937 0.1968 0.0472, 0.3937 0.1968 0.0, 0.3346 -0.315 0.0079, 0.3937 -0.315 0.0, 0.3346 -0.315 0.0472, 0.3937 -0.315 0.0472, -0.2165 -0.1969 0.0079, -0.2165 -0.1969 0.0, -0.2202 -0.1894 0.0079, -0.2202 -0.1894 0.0, -0.2221 -0.1813 0.0079, -0.2221 -0.1813 0.0, -0.2221 -0.173 0.0079, -0.2221 -0.173 0.0, -0.2202 -0.1649 0.0079, -0.2202 -0.1649 0.0, -0.2165 -0.1575 0.0079, -0.2165 -0.1575 0.0, -0.2165 -0.0179 0.0079, -0.2165 0.0394 0.0, -0.2165 0.0394 0.0079, -0.2202 0.0468 0.0079, -0.2202 0.0468 0.0, -0.2221 0.0549 0.0079, -0.2221 0.0549 0.0, -0.2221 0.0632 0.0079, -0.2221 0.0632 0.0, -0.2202 0.0713 0.0079, -0.2202 0.0713 0.0, -0.2165 0.0787 0.0079, -0.2165 0.0787 0.0, -0.2165 0.1575 0.0, -0.2165 0.1575 0.0079, -0.2179 0.1677 0.0, -0.2179 0.1677 0.0079, -0.2218 0.1772 0.0, -0.2218 0.1772 0.0079, -0.2281 0.1853 0.0, -0.2281 0.1853 0.0079, -0.2362 0.1916 0.0, -0.2362 0.1916 0.0079, -0.2457 0.1955 0.0, -0.2457 0.1955 0.0079, -0.2559 0.1968 0.0, -0.2559 0.1968 0.0079, -0.2559 -0.315 0.0079, -0.2559 -0.315 0.0, -0.2457 -0.3136 0.0, -0.2457 -0.3136 0.0079, -0.2362 -0.3097 0.0, -0.2362 -0.3097 0.0079, -0.2281 -0.3034 0.0, -0.2281 -0.3034 0.0079, -0.2218 -0.2953 0.0, -0.2218 -0.2953 0.0079, -0.2179 -0.2858 0.0, -0.2179 -0.2858 0.0079, -0.2165 -0.2756 0.0, -0.2165 -0.2756 0.0079, -0.3346 0.1968 0.0079, -0.3937 0.1968 0.0, -0.3346 0.1968 0.0472, -0.3937 0.1968 0.0472, -0.3346 -0.315 0.0079, -0.3346 -0.315 0.0472, -0.3937 -0.315 0.0472, -0.3937 -0.315 0.0, 0.0091 -0.0208 0.0118, 0.0102 -0.021 0.0787, 0.0 -0.0197 0.0787, 0.0101 -0.0211 0.0118, 0.0177 -0.0239 0.0118, 0.0197 -0.025 0.0787, 0.0196 -0.0251 0.0118, 0.0253 -0.0289 0.0118, 0.0278 -0.0312 0.0787, 0.0277 -0.0314 0.0118, 0.0316 -0.0355 0.0118, 0.0341 -0.0394 0.0787, 0.0339 -0.0395 0.0118, 0.0362 -0.0435 0.0118, 0.038 -0.0489 0.0787, 0.0378 -0.0489 0.0118, 0.0388 -0.0522 0.0118, 0.0394 -0.0591 0.0787, 0.0392 -0.0591 0.0118, 0.0393 -0.0613 0.0118, 0.038 -0.0692 0.0787, 0.0379 -0.0692 0.0118, 0.0377 -0.0704 0.0118, 0.0341 -0.0787 0.0787, 0.0341 -0.0787 0.0118, 0.0286 -0.0861 0.0118, 0.0278 -0.0869 0.0787, 0.0278 -0.0868 0.0118, 0.0216 -0.092 0.0118, 0.0197 -0.0932 0.0787, 0.0196 -0.093 0.0118, 0.0135 -0.0961 0.0118, 0.0102 -0.0971 0.0787, 0.0101 -0.0968 0.0118, 0.0046 -0.0982 0.0118, 0.0 -0.0984 0.0787, 0.0 -0.0982 0.0118, -0.0046 -0.0982 0.0118, -0.0102 -0.0971 0.0787, -0.0101 -0.0968 0.0118, -0.0135 -0.0961 0.0118, -0.0197 -0.0932 0.0787, -0.0196 -0.093 0.0118, -0.0216 -0.092 0.0118, -0.0278 -0.0869 0.0787, -0.0278 -0.0868 0.0118, -0.0286 -0.0861 0.0118, -0.0341 -0.0787 0.0787, -0.0341 -0.0787 0.0118, -0.0377 -0.0704 0.0118, -0.038 -0.0692 0.0787, -0.0379 -0.0692 0.0118, -0.0393 -0.0613 0.0118, -0.0394 -0.0591 0.0787, -0.0392 -0.0591 0.0118, -0.0388 -0.0522 0.0118, -0.038 -0.0489 0.0787, -0.0378 -0.0489 0.0118, -0.0362 -0.0435 0.0118, -0.0341 -0.0394 0.0787, -0.0339 -0.0395 0.0118, -0.0316 -0.0355 0.0118, -0.0278 -0.0312 0.0787, -0.0277 -0.0314 0.0118, -0.0253 -0.0289 0.0118, -0.0197 -0.025 0.0787, -0.0196 -0.0251 0.0118, -0.0177 -0.0239 0.0118, -0.0102 -0.021 0.0787, -0.0101 -0.0211 0.0118, -0.0091 -0.0208 0.0118, 0.0 -0.0197 0.0118, 0.0 -0.0591 0.0787, -0.0256 -0.0286 0.0088, -0.0178 -0.0235 0.0088, -0.0319 -0.0353 0.0088, -0.0365 -0.0433 0.0088, -0.0392 -0.0522 0.0088, -0.0397 -0.0614 0.0088, -0.0381 -0.0705 0.0088, -0.0344 -0.0789 0.0088, -0.0289 -0.0864 0.0088, -0.0219 -0.0923 0.0088, -0.0136 -0.0964 0.0088, -0.0046 -0.0986 0.0088, 0.0046 -0.0986 0.0088, 0.0136 -0.0964 0.0088, 0.0219 -0.0923 0.0088, 0.0289 -0.0864 0.0088, 0.0344 -0.0789 0.0088, 0.0381 -0.0705 0.0088, 0.0397 -0.0614 0.0088, 0.0392 -0.0522 0.0088, 0.0365 -0.0433 0.0088, 0.0319 -0.0353 0.0088, 0.0256 -0.0286 0.0088, 0.0178 -0.0235 0.0088, 0.0092 -0.0204 0.0088, 0.0 -0.0193 0.0088, -0.0092 -0.0204 0.0088, 0.0094 -0.0192 0.0059, 0.0184 -0.0225 0.0059, 0.0263 -0.0277 0.0059, 0.0328 -0.0346 0.0059, 0.0376 -0.0428 0.0059, 0.0403 -0.0519 0.0059, 0.0409 -0.0614 0.0059, 0.0392 -0.0708 0.0059, 0.0355 -0.0795 0.0059, 0.0298 -0.0872 0.0059, 0.0225 -0.0933 0.0059, 0.014 -0.0975 0.0059, 0.0048 -0.0997 0.0059, -0.0048 -0.0997 0.0059, -0.014 -0.0975 0.0059, -0.0225 -0.0933 0.0059, -0.0298 -0.0872 0.0059, -0.0355 -0.0795 0.0059, -0.0392 -0.0708 0.0059, -0.0409 -0.0614 0.0059, -0.0403 -0.0519 0.0059, -0.0376 -0.0428 0.0059, -0.0328 -0.0346 0.0059, -0.0263 -0.0277 0.0059, -0.0184 -0.0225 0.0059, -0.0094 -0.0192 0.0059, 0.0 -0.0181 0.0059, 0.0099 -0.0174 0.0035, 0.0192 -0.0208 0.0035, 0.0275 -0.0263 0.0035, 0.0344 -0.0335 0.0035, 0.0393 -0.0421 0.0035, 0.0422 -0.0516 0.0035, 0.0428 -0.0616 0.0035, 0.041 -0.0713 0.0035, 0.0371 -0.0805 0.0035, 0.0312 -0.0885 0.0035, 0.0235 -0.0948 0.0035, 0.0146 -0.0993 0.0035, 0.005 -0.1016 0.0035, -0.005 -0.1016 0.0035, -0.0146 -0.0993 0.0035, -0.0235 -0.0948 0.0035, -0.0312 -0.0885 0.0035, -0.0371 -0.0805 0.0035, -0.041 -0.0713 0.0035, -0.0428 -0.0616 0.0035, -0.0422 -0.0516 0.0035, -0.0393 -0.0421 0.0035, -0.0344 -0.0335 0.0035, -0.0275 -0.0263 0.0035, -0.0192 -0.0208 0.0035, -0.0099 -0.0174 0.0035, 0.0 -0.0162 0.0035, 0.0104 -0.015 0.0016, 0.0203 -0.0186 0.0016, 0.0291 -0.0244 0.0016, 0.0363 -0.032 0.0016, 0.0416 -0.0411 0.0016, 0.0446 -0.0512 0.0016, 0.0452 -0.0617 0.0016, 0.0434 -0.072 0.0016, 0.0392 -0.0817 0.0016, 0.0329 -0.0901 0.0016, 0.0249 -0.0969 0.0016, 0.0155 -0.1016 0.0016, 0.0053 -0.104 0.0016, -0.0053 -0.104 0.0016, -0.0155 -0.1016 0.0016, -0.0249 -0.0969 0.0016, -0.0329 -0.0901 0.0016, -0.0392 -0.0817 0.0016, -0.0434 -0.072 0.0016, -0.0452 -0.0617 0.0016, -0.0446 -0.0512 0.0016, -0.0416 -0.0411 0.0016, -0.0363 -0.032 0.0016, -0.0291 -0.0244 0.0016, -0.0203 -0.0186 0.0016, -0.0104 -0.015 0.0016, 0.0 -0.0138 0.0016, 0.0111 -0.0122 0.0004, 0.0216 -0.0161 0.0004, 0.0309 -0.0222 0.0004, 0.0386 -0.0303 0.0004, 0.0442 -0.04 0.0004, 0.0474 -0.0507 0.0004, 0.048 -0.0619 0.0004, 0.0461 -0.0729 0.0004, 0.0417 -0.0831 0.0004, 0.035 -0.0921 0.0004, 0.0264 -0.0993 0.0004, 0.0165 -0.1043 0.0004, 0.0056 -0.1069 0.0004, -0.0056 -0.1069 0.0004, -0.0165 -0.1043 0.0004, -0.0264 -0.0993 0.0004, -0.035 -0.0921 0.0004, -0.0417 -0.0831 0.0004, -0.0461 -0.0729 0.0004, -0.048 -0.0619 0.0004, -0.0474 -0.0507 0.0004, -0.0442 -0.04 0.0004, -0.0386 -0.0303 0.0004, -0.0309 -0.0222 0.0004, -0.0216 -0.0161 0.0004, -0.0111 -0.0122 0.0004, 0.0 -0.0109 0.0004
            ]
        }
        coordIndex [
            0,1,2,-1,3,4,1,-1,1,4,5,-1,1,5,2,-1,6,7,8,-1,8,7,9,-1,8,9,3,-1,3,9,10,-1,3,10,4,-1,6,8,11,-1,11,8,12,-1,11,12,13,-1,13,12,14,-1,14,12,15,-1,14,15,16,-1,17,18,15,-1,15,18,19,-1,15,19,16,-1,20,21,17,-1,17,21,22,-1,17,22,18,-1,23,24,25,-1,25,24,26,-1,25,26,20,-1,20,26,27,-1,20,27,21,-1,23,25,28,-1,28,25,29,-1,28,29,30,-1,30,29,31,-1,31,29,32,-1,31,32,33,-1,34,35,32,-1,32,35,36,-1,32,36,33,-1,37,38,34,-1,34,38,39,-1,34,39,35,-1,40,41,42,-1,42,41,43,-1,42,43,37,-1,37,43,44,-1,37,44,38,-1,40,42,45,-1,45,42,46,-1,45,46,47,-1,47,46,48,-1,48,46,49,-1,48,49,50,-1,51,52,49,-1,49,52,53,-1,49,53,50,-1,54,55,51,-1,51,55,56,-1,51,56,52,-1,57,58,59,-1,59,58,60,-1,59,60,54,-1,54,60,61,-1,54,61,55,-1,57,59,62,-1,62,59,63,-1,62,63,64,-1,64,63,65,-1,65,63,66,-1,65,66,67,-1,68,69,66,-1,66,69,70,-1,66,70,67,-1,71,72,68,-1,68,72,73,-1,68,73,69,-1,74,75,71,-1,71,75,76,-1,71,76,72,-1,77,78,74,-1,74,78,79,-1,74,79,75,-1,80,81,82,-1,82,81,83,-1,82,83,77,-1,77,83,84,-1,77,84,78,-1,80,82,85,-1,85,82,86,-1,85,86,87,-1,87,86,88,-1,88,86,89,-1,88,89,90,-1,91,92,89,-1,89,92,93,-1,89,93,90,-1,94,95,91,-1,91,95,96,-1,91,96,92,-1,97,98,99,-1,99,98,100,-1,99,100,94,-1,94,100,101,-1,94,101,95,-1,97,99,102,-1,102,99,103,-1,102,103,104,-1,104,103,105,-1,105,103,106,-1,105,106,107,-1,108,109,106,-1,106,109,110,-1,106,110,107,-1,111,112,108,-1,108,112,113,-1,108,113,109,-1,114,115,116,-1,116,115,117,-1,116,117,111,-1,111,117,118,-1,111,118,112,-1,114,116,119,-1,119,116,120,-1,119,120,121,-1,121,120,122,-1,122,120,123,-1,122,123,124,-1,125,126,123,-1,123,126,127,-1,123,127,124,-1,128,129,125,-1,125,129,130,-1,125,130,126,-1,131,132,133,-1,133,132,134,-1,133,134,128,-1,128,134,135,-1,128,135,129,-1,131,133,136,-1,136,133,137,-1,136,137,138,-1,138,137,139,-1,139,137,140,-1,139,140,141,-1,142,143,140,-1,140,143,144,-1,140,144,141,-1,2,145,0,-1,0,145,146,-1,0,146,142,-1,142,146,147,-1,142,147,143,-1,148,149,150,-1,150,149,151,-1,148,150,152,-1,153,154,152,-1,152,154,155,-1,152,155,148,-1,151,149,156,-1,156,149,157,-1,156,157,158,-1,158,157,159,-1,158,159,153,-1,153,159,154,-1,155,154,157,-1,157,154,159,-1,149,148,157,-1,157,148,155,-1,160,161,162,-1,162,161,163,-1,161,164,163,-1,163,164,165,-1,166,167,168,-1,168,167,169,-1,168,169,170,-1,170,169,171,-1,170,171,172,-1,172,171,173,-1,172,173,174,-1,174,173,175,-1,174,175,176,-1,176,175,165,-1,176,165,164,-1,177,178,179,-1,179,178,180,-1,179,180,181,-1,181,180,182,-1,181,182,183,-1,183,182,184,-1,183,184,185,-1,185,184,186,-1,185,186,187,-1,187,186,188,-1,187,188,189,-1,189,188,190,-1,189,190,191,-1,191,190,192,-1,191,192,193,-1,193,192,194,-1,193,194,195,-1,195,194,196,-1,195,196,166,-1,166,196,197,-1,166,197,167,-1,198,199,177,-1,177,199,200,-1,177,200,178,-1,177,201,198,-1,198,201,202,-1,198,202,203,-1,203,202,204,-1,203,204,205,-1,205,204,206,-1,205,206,207,-1,207,206,208,-1,207,208,209,-1,209,208,210,-1,209,210,211,-1,211,210,212,-1,211,212,213,-1,212,214,213,-1,213,214,215,-1,214,216,215,-1,215,216,217,-1,160,162,218,-1,219,220,218,-1,218,220,221,-1,218,221,160,-1,217,216,222,-1,222,216,223,-1,222,223,224,-1,224,223,225,-1,224,225,219,-1,219,225,220,-1,221,220,223,-1,223,220,225,-1,223,216,221,-1,221,216,214,-1,174,212,172,-1,172,212,170,-1,160,221,161,-1,161,221,214,-1,161,214,164,-1,164,214,212,-1,164,212,176,-1,176,212,174,-1,212,226,227,-1,227,228,212,-1,212,228,229,-1,212,229,170,-1,170,229,230,-1,187,231,185,-1,185,231,232,-1,185,232,183,-1,183,232,233,-1,183,233,181,-1,181,233,234,-1,181,234,179,-1,179,234,235,-1,179,235,177,-1,177,235,236,-1,177,236,201,-1,201,236,237,-1,201,237,202,-1,202,237,238,-1,202,238,204,-1,204,238,239,-1,204,239,206,-1,206,239,240,-1,206,240,208,-1,208,240,241,-1,208,241,210,-1,210,241,242,-1,210,242,212,-1,212,242,243,-1,212,243,226,-1,230,244,170,-1,170,244,245,-1,170,245,168,-1,168,245,246,-1,168,246,166,-1,166,246,247,-1,166,247,195,-1,195,247,248,-1,195,248,193,-1,193,248,249,-1,193,249,191,-1,191,249,250,-1,191,250,189,-1,189,250,251,-1,189,251,187,-1,187,251,252,-1,187,252,231,-1,253,254,255,-1,253,255,256,-1,256,255,257,-1,256,257,258,-1,258,257,259,-1,258,259,260,-1,260,259,261,-1,260,261,262,-1,262,261,263,-1,262,263,264,-1,264,263,265,-1,264,265,266,-1,265,267,266,-1,266,267,268,-1,268,267,269,-1,269,267,270,-1,269,270,271,-1,271,270,272,-1,271,272,273,-1,273,272,274,-1,273,274,275,-1,275,274,276,-1,275,276,277,-1,277,276,278,-1,277,278,279,-1,279,278,280,-1,279,280,281,-1,281,280,282,-1,282,280,283,-1,282,283,284,-1,284,283,285,-1,284,285,286,-1,286,285,287,-1,286,287,288,-1,288,287,289,-1,288,289,290,-1,290,289,291,-1,291,292,290,-1,290,292,293,-1,293,292,294,-1,293,294,295,-1,295,294,296,-1,295,296,297,-1,297,296,298,-1,297,298,299,-1,299,298,300,-1,299,300,301,-1,301,300,302,-1,301,302,303,-1,303,302,304,-1,303,304,305,-1,254,253,306,-1,307,308,306,-1,306,308,309,-1,306,309,254,-1,305,304,310,-1,310,304,311,-1,310,311,312,-1,312,311,313,-1,313,308,312,-1,312,308,307,-1,309,308,311,-1,311,308,313,-1,283,309,285,-1,285,309,311,-1,285,311,287,-1,272,270,309,-1,292,291,289,-1,280,278,283,-1,283,278,276,-1,283,276,309,-1,309,276,274,-1,309,274,272,-1,270,267,309,-1,309,267,265,-1,309,265,254,-1,254,265,255,-1,287,311,289,-1,289,311,304,-1,289,304,292,-1,265,263,255,-1,255,263,261,-1,255,261,257,-1,257,261,259,-1,304,302,292,-1,292,302,300,-1,292,300,294,-1,294,300,298,-1,294,298,296,-1,314,315,316,-1,316,315,317,-1,316,317,318,-1,318,317,319,-1,318,319,320,-1,320,319,321,-1,320,321,322,-1,322,321,323,-1,322,323,324,-1,324,323,325,-1,324,325,326,-1,326,325,327,-1,326,327,328,-1,328,327,329,-1,329,327,330,-1,329,330,331,-1,331,330,332,-1,331,332,333,-1,333,332,334,-1,333,334,335,-1,335,334,336,-1,335,336,337,-1,337,336,338,-1,338,339,337,-1,337,339,340,-1,340,339,341,-1,340,341,342,-1,342,341,343,-1,342,343,344,-1,344,343,345,-1,344,345,346,-1,346,345,347,-1,346,347,348,-1,348,347,349,-1,348,349,350,-1,350,349,351,-1,350,351,352,-1,353,354,355,-1,353,355,356,-1,356,355,357,-1,356,357,358,-1,358,357,359,-1,358,359,360,-1,360,359,361,-1,360,361,362,-1,362,361,363,-1,362,363,364,-1,364,363,365,-1,364,365,366,-1,365,315,366,-1,366,315,314,-1,352,351,367,-1,367,351,368,-1,367,368,369,-1,369,368,370,-1,354,353,371,-1,372,373,371,-1,371,373,374,-1,371,374,354,-1,369,370,372,-1,372,370,373,-1,374,373,368,-1,368,373,370,-1,323,321,374,-1,336,368,351,-1,321,319,374,-1,374,319,317,-1,374,317,354,-1,330,327,325,-1,347,345,343,-1,338,336,339,-1,339,336,351,-1,339,351,341,-1,336,334,368,-1,368,334,332,-1,368,332,374,-1,374,332,330,-1,374,330,323,-1,323,330,325,-1,341,351,343,-1,343,351,349,-1,343,349,347,-1,317,315,354,-1,354,315,365,-1,354,365,363,-1,363,361,354,-1,354,361,359,-1,354,359,355,-1,355,359,357,-1,375,376,377,-1,375,378,376,-1,376,378,379,-1,376,379,380,-1,379,381,380,-1,380,381,382,-1,380,382,383,-1,382,384,383,-1,383,384,385,-1,383,385,386,-1,385,387,386,-1,386,387,388,-1,386,388,389,-1,388,390,389,-1,389,390,391,-1,389,391,392,-1,391,393,392,-1,392,393,394,-1,392,394,395,-1,394,396,395,-1,395,396,397,-1,395,397,398,-1,397,399,398,-1,398,399,400,-1,398,400,401,-1,400,402,401,-1,401,402,403,-1,401,403,404,-1,403,405,404,-1,404,405,406,-1,404,406,407,-1,406,408,407,-1,407,408,409,-1,407,409,410,-1,409,411,410,-1,410,411,412,-1,410,412,413,-1,412,414,413,-1,413,414,415,-1,413,415,416,-1,415,417,416,-1,416,417,418,-1,416,418,419,-1,418,420,419,-1,419,420,421,-1,419,421,422,-1,421,423,422,-1,422,423,424,-1,422,424,425,-1,424,426,425,-1,425,426,427,-1,425,427,428,-1,427,429,428,-1,428,429,430,-1,428,430,431,-1,430,432,431,-1,431,432,433,-1,431,433,434,-1,433,435,434,-1,434,435,436,-1,434,436,437,-1,436,438,437,-1,437,438,439,-1,437,439,440,-1,439,441,440,-1,440,441,442,-1,440,442,443,-1,442,444,443,-1,443,444,445,-1,443,445,377,-1,377,445,446,-1,377,446,375,-1,440,443,447,-1,447,443,377,-1,447,377,376,-1,431,434,447,-1,447,434,437,-1,447,437,440,-1,422,425,447,-1,447,425,428,-1,447,428,431,-1,413,416,447,-1,447,416,419,-1,447,419,422,-1,404,407,447,-1,447,407,410,-1,447,410,413,-1,395,398,447,-1,447,398,401,-1,447,401,404,-1,386,389,447,-1,447,389,392,-1,447,392,395,-1,376,380,447,-1,447,380,383,-1,447,383,386,-1,448,449,441,-1,441,439,448,-1,448,439,438,-1,448,438,450,-1,450,438,436,-1,450,436,451,-1,436,435,451,-1,451,435,433,-1,451,433,452,-1,433,432,452,-1,452,432,430,-1,452,430,453,-1,453,430,429,-1,429,427,453,-1,453,427,426,-1,453,426,454,-1,426,424,454,-1,454,424,423,-1,454,423,455,-1,455,423,421,-1,455,421,456,-1,456,421,420,-1,456,420,457,-1,420,418,457,-1,457,418,417,-1,457,417,458,-1,417,415,458,-1,458,415,414,-1,458,414,459,-1,459,414,412,-1,459,412,460,-1,412,411,460,-1,460,411,409,-1,460,409,461,-1,409,408,461,-1,461,408,406,-1,461,406,462,-1,462,406,405,-1,405,403,462,-1,462,403,402,-1,462,402,463,-1,402,400,463,-1,463,400,399,-1,463,399,464,-1,464,399,397,-1,464,397,465,-1,465,397,396,-1,465,396,466,-1,396,394,466,-1,466,394,393,-1,466,393,467,-1,393,391,467,-1,467,391,390,-1,467,390,468,-1,468,390,388,-1,468,388,469,-1,388,387,469,-1,469,387,385,-1,469,385,470,-1,385,384,470,-1,470,384,382,-1,470,382,471,-1,471,382,381,-1,381,379,471,-1,471,379,378,-1,471,378,472,-1,378,375,472,-1,472,375,446,-1,472,446,473,-1,473,446,445,-1,473,445,474,-1,474,445,444,-1,474,444,449,-1,449,444,442,-1,449,442,441,-1,473,475,472,-1,472,475,476,-1,472,476,471,-1,471,476,477,-1,471,477,470,-1,470,477,478,-1,470,478,469,-1,469,478,479,-1,469,479,468,-1,468,479,480,-1,468,480,467,-1,467,480,481,-1,467,481,466,-1,466,481,482,-1,466,482,465,-1,465,482,483,-1,465,483,464,-1,464,483,484,-1,464,484,463,-1,463,484,485,-1,463,485,462,-1,462,485,486,-1,462,486,461,-1,461,486,487,-1,461,487,460,-1,460,487,488,-1,460,488,459,-1,459,488,489,-1,459,489,458,-1,458,489,490,-1,458,490,457,-1,457,490,491,-1,457,491,456,-1,456,491,492,-1,456,492,455,-1,455,492,493,-1,455,493,454,-1,454,493,494,-1,454,494,453,-1,453,494,495,-1,453,495,452,-1,452,495,496,-1,452,496,451,-1,451,496,497,-1,451,497,450,-1,450,497,498,-1,450,498,448,-1,448,498,499,-1,448,499,449,-1,449,499,500,-1,449,500,474,-1,474,500,501,-1,474,501,473,-1,473,501,475,-1,501,502,475,-1,475,502,503,-1,475,503,476,-1,476,503,504,-1,476,504,477,-1,477,504,505,-1,477,505,478,-1,478,505,506,-1,478,506,479,-1,479,506,507,-1,479,507,480,-1,480,507,508,-1,480,508,481,-1,481,508,509,-1,481,509,482,-1,482,509,510,-1,482,510,483,-1,483,510,511,-1,483,511,484,-1,484,511,512,-1,484,512,485,-1,485,512,513,-1,485,513,486,-1,486,513,514,-1,486,514,487,-1,487,514,515,-1,487,515,488,-1,488,515,516,-1,488,516,489,-1,489,516,517,-1,489,517,490,-1,490,517,518,-1,490,518,491,-1,491,518,519,-1,491,519,492,-1,492,519,520,-1,492,520,493,-1,493,520,521,-1,493,521,494,-1,494,521,522,-1,494,522,495,-1,495,522,523,-1,495,523,496,-1,496,523,524,-1,496,524,497,-1,497,524,525,-1,497,525,498,-1,498,525,526,-1,498,526,499,-1,499,526,527,-1,499,527,500,-1,500,527,528,-1,500,528,501,-1,501,528,502,-1,528,529,502,-1,502,529,530,-1,502,530,503,-1,503,530,531,-1,503,531,504,-1,504,531,532,-1,504,532,505,-1,505,532,533,-1,505,533,506,-1,506,533,534,-1,506,534,507,-1,507,534,535,-1,507,535,508,-1,508,535,536,-1,508,536,509,-1,509,536,537,-1,509,537,510,-1,510,537,538,-1,510,538,511,-1,511,538,539,-1,511,539,512,-1,512,539,540,-1,512,540,513,-1,513,540,541,-1,513,541,514,-1,514,541,542,-1,514,542,515,-1,515,542,543,-1,515,543,516,-1,516,543,544,-1,516,544,517,-1,517,544,545,-1,517,545,518,-1,518,545,546,-1,518,546,519,-1,519,546,547,-1,519,547,520,-1,520,547,548,-1,520,548,521,-1,521,548,549,-1,521,549,522,-1,522,549,550,-1,522,550,523,-1,523,550,551,-1,523,551,524,-1,524,551,552,-1,524,552,525,-1,525,552,553,-1,525,553,526,-1,526,553,554,-1,526,554,527,-1,527,554,555,-1,527,555,528,-1,528,555,529,-1,555,556,529,-1,529,556,557,-1,529,557,530,-1,530,557,558,-1,530,558,531,-1,531,558,559,-1,531,559,532,-1,532,559,560,-1,532,560,533,-1,533,560,561,-1,533,561,534,-1,534,561,562,-1,534,562,535,-1,535,562,563,-1,535,563,536,-1,536,563,564,-1,536,564,537,-1,537,564,565,-1,537,565,538,-1,538,565,566,-1,538,566,539,-1,539,566,567,-1,539,567,540,-1,540,567,568,-1,540,568,541,-1,541,568,569,-1,541,569,542,-1,542,569,570,-1,542,570,543,-1,543,570,571,-1,543,571,544,-1,544,571,572,-1,544,572,545,-1,545,572,573,-1,545,573,546,-1,546,573,574,-1,546,574,547,-1,547,574,575,-1,547,575,548,-1,548,575,576,-1,548,576,549,-1,549,576,577,-1,549,577,550,-1,550,577,578,-1,550,578,551,-1,551,578,579,-1,551,579,552,-1,552,579,580,-1,552,580,553,-1,553,580,581,-1,553,581,554,-1,554,581,582,-1,554,582,555,-1,555,582,556,-1,582,252,556,-1,556,252,251,-1,556,251,557,-1,557,251,250,-1,557,250,558,-1,558,250,249,-1,558,249,559,-1,559,249,248,-1,559,248,560,-1,560,248,247,-1,560,247,561,-1,561,247,246,-1,561,246,562,-1,562,246,245,-1,562,245,563,-1,563,245,244,-1,563,244,564,-1,564,244,230,-1,564,230,565,-1,565,230,229,-1,565,229,566,-1,566,229,228,-1,566,228,567,-1,567,228,227,-1,567,227,568,-1,568,227,226,-1,568,226,569,-1,569,226,243,-1,569,243,570,-1,570,243,242,-1,570,242,571,-1,571,242,241,-1,571,241,572,-1,572,241,240,-1,572,240,573,-1,573,240,239,-1,573,239,574,-1,574,239,238,-1,574,238,575,-1,575,238,237,-1,575,237,576,-1,576,237,236,-1,576,236,577,-1,577,236,235,-1,577,235,578,-1,578,235,234,-1,578,234,579,-1,579,234,233,-1,579,233,580,-1,580,233,232,-1,580,232,581,-1,581,232,231,-1,581,231,582,-1,582,231,252,-1,
        ]
    }
}
Shape{
    appearance Appearance {
        material  Material 	{
            diffuseColor 0.10980392156862745 0.10980392156862745 0.10980392156862745
            specularColor 0.0784313725490196 0.0784313725490196 0.0784313725490196
            ambientIntensity 0.1098
            transparency 0.0
            shininess 0.5
        }
    }
    geometry IndexedFaceSet {
        ccw TRUE
        solid FALSE
        coord DEF co Coordinate {
            point [
                0.1842 0.0993 0.0083, 0.1054 0.13 0.0083, 0.1842 0.0993 0.0079, 0.1054 0.13 0.0079, 0.1054 0.1185 0.0083, 0.1054 0.1185 0.0079, 0.1275 0.1105 0.0083, 0.1275 0.1105 0.0079, 0.1275 0.078 0.0083, 0.1275 0.078 0.0079, 0.1054 0.0705 0.0083, 0.1054 0.0705 0.0079, 0.1054 0.0589 0.0083, 0.1054 0.0589 0.0079, 0.1842 0.0887 0.0083, 0.1842 0.0887 0.0079, 0.1362 0.0806 0.0083, 0.169 0.0924 0.0083, 0.1718 0.0931 0.0083, 0.1746 0.0936 0.0083, 0.1746 0.0939 0.0083, 0.1718 0.0944 0.0083, 0.1362 0.107 0.0083, 0.169 0.0951 0.0083, 0.1362 0.0806 0.0079, 0.1362 0.107 0.0079, 0.169 0.0924 0.0079, 0.1718 0.0931 0.0079, 0.1746 0.0936 0.0079, 0.1746 0.0939 0.0079, 0.1718 0.0944 0.0079, 0.169 0.0951 0.0079, 0.1054 0.0112 0.0083, 0.1054 -0.0102 0.0083, 0.1054 0.0112 0.0079, 0.1054 -0.0102 0.0079, 0.1842 -0.0102 0.0083, 0.1842 -0.0102 0.0079, 0.1842 0.012 0.0083, 0.1842 0.012 0.0079, 0.1458 0.0532 0.0083, 0.1458 0.0532 0.0079, 0.1532 0.0526 0.0079, 0.1532 0.0526 0.0083, 0.1609 0.0505 0.0079, 0.1609 0.0505 0.0083, 0.1677 0.0468 0.0079, 0.1677 0.0468 0.0083, 0.1739 0.0413 0.0079, 0.1739 0.0413 0.0083, 0.174 0.0412 0.0079, 0.174 0.0412 0.0083, 0.1797 0.0326 0.0079, 0.1797 0.0326 0.0083, 0.1829 0.0234 0.0079, 0.1829 0.0234 0.0083, 0.1063 0.0209 0.0079, 0.1063 0.0209 0.0083, 0.109 0.03 0.0079, 0.109 0.03 0.0083, 0.1138 0.0382 0.0079, 0.1138 0.0382 0.0083, 0.12 0.0447 0.0079, 0.12 0.0447 0.0083, 0.127 0.0492 0.0079, 0.127 0.0492 0.0083, 0.1352 0.0521 0.0079, 0.1352 0.0521 0.0083, 0.1645 0.0374 0.0083, 0.1685 0.0335 0.0083, 0.1723 0.0278 0.0083, 0.1745 0.0213 0.0083, 0.1755 0.012 0.0083, 0.1755 0.0004 0.0083, 0.1141 0.0004 0.0083, 0.1141 0.0115 0.0083, 0.1148 0.0198 0.0083, 0.1169 0.0265 0.0083, 0.1201 0.0318 0.0083, 0.1245 0.0363 0.0083, 0.1299 0.0396 0.0083, 0.1373 0.0419 0.0083, 0.1456 0.0426 0.0083, 0.1534 0.0419 0.0083, 0.1596 0.0401 0.0083, 0.1755 0.012 0.0079, 0.1755 0.0004 0.0079, 0.1745 0.0213 0.0079, 0.1723 0.0278 0.0079, 0.1685 0.0335 0.0079, 0.1645 0.0374 0.0079, 0.1596 0.0401 0.0079, 0.1534 0.0419 0.0079, 0.1456 0.0426 0.0079, 0.1373 0.0419 0.0079, 0.1299 0.0396 0.0079, 0.1245 0.0363 0.0079, 0.1201 0.0318 0.0079, 0.1169 0.0265 0.0079, 0.1148 0.0198 0.0079, 0.1141 0.0115 0.0079, 0.1141 0.0004 0.0079, 0.1141 -0.0256 0.0083, 0.1054 -0.0256 0.0083, 0.1141 -0.0256 0.0079, 0.1054 -0.0256 0.0079, 0.1054 -0.0678 0.0083, 0.1054 -0.0678 0.0079, 0.1842 -0.0678 0.0083, 0.1842 -0.0678 0.0079, 0.1842 -0.0275 0.0083, 0.1842 -0.0275 0.0079, 0.1755 -0.0275 0.0083, 0.1755 -0.0275 0.0079, 0.1755 -0.0573 0.0083, 0.1755 -0.0573 0.0079, 0.1496 -0.0573 0.0083, 0.1496 -0.0573 0.0079, 0.1496 -0.0294 0.0083, 0.1496 -0.0294 0.0079, 0.141 -0.0294 0.0083, 0.141 -0.0294 0.0079, 0.141 -0.0573 0.0083, 0.141 -0.0573 0.0079, 0.1141 -0.0573 0.0083, 0.1141 -0.0573 0.0079, 0.1181 -0.0832 0.0083, 0.1095 -0.0832 0.0083, 0.1181 -0.0832 0.0079, 0.1095 -0.0832 0.0079, 0.1061 -0.0916 0.0083, 0.1045 -0.1049 0.0083, 0.1045 -0.1049 0.0079, 0.1045 -0.1027 0.0079, 0.1045 -0.1027 0.0083, 0.1049 -0.0995 0.0079, 0.1061 -0.0916 0.0079, 0.1049 -0.1095 0.0079, 0.1055 -0.1146 0.0083, 0.1055 -0.1146 0.0079, 0.1081 -0.1222 0.0083, 0.1081 -0.1222 0.0079, 0.1121 -0.1285 0.0083, 0.1121 -0.1285 0.0079, 0.1184 -0.1344 0.0083, 0.1184 -0.1344 0.0079, 0.1259 -0.1386 0.0083, 0.1259 -0.1386 0.0079, 0.1342 -0.141 0.0083, 0.1342 -0.141 0.0079, 0.1433 -0.1418 0.0083, 0.1433 -0.1418 0.0079, 0.1851 -0.1017 0.0083, 0.1851 -0.1017 0.0079, 0.1845 -0.1096 0.0079, 0.1845 -0.1096 0.0083, 0.1819 -0.1184 0.0079, 0.1819 -0.1184 0.0083, 0.1776 -0.1259 0.0079, 0.1776 -0.1259 0.0083, 0.1708 -0.133 0.0079, 0.1708 -0.133 0.0083, 0.1635 -0.1376 0.0079, 0.1635 -0.1376 0.0083, 0.1545 -0.1406 0.0079, 0.1545 -0.1406 0.0083, 0.182 -0.0832 0.0083, 0.182 -0.0832 0.0079, 0.1845 -0.0923 0.0079, 0.1845 -0.0923 0.0083, 0.1714 -0.0832 0.0083, 0.1714 -0.0832 0.0079, 0.1765 -0.1016 0.0083, 0.1765 -0.1016 0.0079, 0.1752 -0.0921 0.0079, 0.1752 -0.0921 0.0083, 0.144 -0.1312 0.0083, 0.144 -0.1312 0.0079, 0.1501 -0.1308 0.0079, 0.1501 -0.1308 0.0083, 0.1585 -0.1287 0.0079, 0.1585 -0.1287 0.0083, 0.1646 -0.1255 0.0079, 0.1646 -0.1255 0.0083, 0.1698 -0.1207 0.0079, 0.1698 -0.1207 0.0083, 0.1735 -0.1153 0.0079, 0.1735 -0.1153 0.0083, 0.1756 -0.1094 0.0079, 0.1756 -0.1094 0.0083, 0.1131 -0.1034 0.0083, 0.1131 -0.1034 0.0079, 0.1139 -0.1107 0.0079, 0.1139 -0.1107 0.0083, 0.116 -0.1165 0.0079, 0.116 -0.1165 0.0083, 0.1193 -0.1213 0.0079, 0.1193 -0.1213 0.0083, 0.1232 -0.125 0.0079, 0.1232 -0.125 0.0083, 0.1287 -0.1283 0.0079, 0.1287 -0.1283 0.0083, 0.1354 -0.1304 0.0079, 0.1354 -0.1304 0.0083, 0.1174 -0.0846 0.0079, 0.1174 -0.0846 0.0083, 0.1143 -0.0929 0.0079, 0.1143 -0.0929 0.0083, 0.1141 -0.1485 0.0083, 0.1054 -0.1485 0.0083, 0.1141 -0.1485 0.0079, 0.1054 -0.1485 0.0079, 0.1054 -0.1888 0.0083, 0.1054 -0.1888 0.0079, 0.1842 -0.1888 0.0083, 0.1842 -0.1888 0.0079, 0.1842 -0.1783 0.0083, 0.1842 -0.1783 0.0079, 0.1141 -0.1783 0.0083, 0.1141 -0.1783 0.0079
            ]
        }
        coordIndex [
            0,1,2,-1,2,1,3,-1,1,4,3,-1,3,4,5,-1,4,6,5,-1,5,6,7,-1,6,8,7,-1,7,8,9,-1,8,10,9,-1,9,10,11,-1,10,12,11,-1,11,12,13,-1,12,14,13,-1,13,14,15,-1,14,0,15,-1,15,0,2,-1,16,17,14,-1,12,10,8,-1,17,18,14,-1,14,18,19,-1,14,19,0,-1,0,19,20,-1,0,20,21,-1,14,12,16,-1,16,12,8,-1,16,8,22,-1,22,8,6,-1,21,23,0,-1,0,23,22,-1,0,22,1,-1,1,22,6,-1,1,6,4,-1,16,22,24,-1,24,22,25,-1,17,16,26,-1,26,16,24,-1,17,26,27,-1,17,27,18,-1,18,27,28,-1,18,28,19,-1,20,19,29,-1,29,19,28,-1,20,29,30,-1,20,30,21,-1,21,30,31,-1,21,31,23,-1,22,23,25,-1,25,23,31,-1,32,33,34,-1,34,33,35,-1,33,36,35,-1,35,36,37,-1,36,38,37,-1,37,38,39,-1,40,41,42,-1,40,42,43,-1,43,42,44,-1,43,44,45,-1,45,44,46,-1,45,46,47,-1,47,46,48,-1,47,48,49,-1,49,48,50,-1,49,50,51,-1,51,50,52,-1,51,52,53,-1,53,52,54,-1,53,54,55,-1,55,54,39,-1,55,39,38,-1,32,34,56,-1,32,56,57,-1,57,56,58,-1,57,58,59,-1,59,58,60,-1,59,60,61,-1,61,60,62,-1,61,62,63,-1,63,62,64,-1,63,64,65,-1,65,64,66,-1,65,66,67,-1,67,66,41,-1,67,41,40,-1,45,47,68,-1,68,47,49,-1,68,49,69,-1,69,49,51,-1,69,51,70,-1,70,51,53,-1,70,53,71,-1,71,53,55,-1,71,55,72,-1,72,55,38,-1,72,38,73,-1,73,38,36,-1,73,36,74,-1,74,36,33,-1,74,33,75,-1,75,33,32,-1,75,32,76,-1,76,32,57,-1,76,57,77,-1,77,57,59,-1,77,59,78,-1,78,59,61,-1,78,61,79,-1,79,61,63,-1,79,63,80,-1,80,63,65,-1,80,65,81,-1,81,65,67,-1,81,67,82,-1,82,67,40,-1,82,40,83,-1,83,40,43,-1,83,43,84,-1,84,43,45,-1,84,45,68,-1,72,73,85,-1,85,73,86,-1,72,85,87,-1,72,87,71,-1,71,87,88,-1,71,88,70,-1,70,88,89,-1,70,89,69,-1,69,89,90,-1,69,90,68,-1,68,90,91,-1,68,91,84,-1,84,91,92,-1,84,92,83,-1,83,92,93,-1,83,93,82,-1,82,93,94,-1,82,94,81,-1,81,94,95,-1,81,95,80,-1,80,95,96,-1,80,96,79,-1,79,96,97,-1,79,97,78,-1,78,97,98,-1,78,98,77,-1,77,98,99,-1,77,99,76,-1,76,99,100,-1,76,100,75,-1,74,75,101,-1,101,75,100,-1,73,74,86,-1,86,74,101,-1,102,103,104,-1,104,103,105,-1,103,106,105,-1,105,106,107,-1,106,108,107,-1,107,108,109,-1,108,110,109,-1,109,110,111,-1,110,112,111,-1,111,112,113,-1,112,114,113,-1,113,114,115,-1,114,116,115,-1,115,116,117,-1,116,118,117,-1,117,118,119,-1,118,120,119,-1,119,120,121,-1,120,122,121,-1,121,122,123,-1,122,124,123,-1,123,124,125,-1,124,102,125,-1,125,102,104,-1,106,103,102,-1,102,124,106,-1,106,124,122,-1,106,122,108,-1,112,110,114,-1,114,110,108,-1,114,108,116,-1,116,108,122,-1,116,122,118,-1,118,122,120,-1,126,127,128,-1,128,127,129,-1,129,127,130,-1,131,132,133,-1,131,133,134,-1,134,133,135,-1,134,135,130,-1,130,135,136,-1,130,136,129,-1,132,131,137,-1,137,131,138,-1,137,138,139,-1,139,138,140,-1,139,140,141,-1,141,140,142,-1,141,142,143,-1,143,142,144,-1,143,144,145,-1,145,144,146,-1,145,146,147,-1,147,146,148,-1,147,148,149,-1,149,148,150,-1,149,150,151,-1,152,153,154,-1,152,154,155,-1,155,154,156,-1,155,156,157,-1,157,156,158,-1,157,158,159,-1,159,158,160,-1,159,160,161,-1,161,160,162,-1,161,162,163,-1,163,162,164,-1,163,164,165,-1,165,164,151,-1,165,151,150,-1,166,167,168,-1,166,168,169,-1,169,168,153,-1,169,153,152,-1,166,170,167,-1,167,170,171,-1,172,173,174,-1,172,174,175,-1,175,174,171,-1,175,171,170,-1,176,177,178,-1,176,178,179,-1,179,178,180,-1,179,180,181,-1,181,180,182,-1,181,182,183,-1,183,182,184,-1,183,184,185,-1,185,184,186,-1,185,186,187,-1,187,186,188,-1,187,188,189,-1,189,188,173,-1,189,173,172,-1,190,191,192,-1,190,192,193,-1,193,192,194,-1,193,194,195,-1,195,194,196,-1,195,196,197,-1,197,196,198,-1,197,198,199,-1,199,198,200,-1,199,200,201,-1,201,200,202,-1,201,202,203,-1,203,202,177,-1,203,177,176,-1,126,128,204,-1,126,204,205,-1,205,204,206,-1,205,206,207,-1,207,206,191,-1,207,191,190,-1,193,131,190,-1,190,131,134,-1,190,134,207,-1,207,134,130,-1,207,130,205,-1,205,130,127,-1,205,127,126,-1,170,166,175,-1,175,166,169,-1,175,169,172,-1,172,169,152,-1,172,152,189,-1,189,152,155,-1,189,155,187,-1,187,155,157,-1,187,157,185,-1,185,157,159,-1,185,159,183,-1,183,159,161,-1,183,161,181,-1,181,161,163,-1,181,163,179,-1,179,163,165,-1,179,165,176,-1,176,165,150,-1,176,150,203,-1,203,150,148,-1,203,148,201,-1,201,148,146,-1,201,146,199,-1,199,146,144,-1,199,144,197,-1,197,144,142,-1,197,142,195,-1,195,142,140,-1,195,140,193,-1,193,140,138,-1,193,138,131,-1,208,209,210,-1,210,209,211,-1,209,212,211,-1,211,212,213,-1,212,214,213,-1,213,214,215,-1,214,216,215,-1,215,216,217,-1,216,218,217,-1,217,218,219,-1,218,208,219,-1,219,208,210,-1,216,214,218,-1,218,214,212,-1,218,212,208,-1,208,212,209,-1,
        ]
    }
}
Shape{
    appearance Appearance {
        material  Material 	{
            diffuseColor 1.0 1.0 1.0
            specularColor 0.30196078431372547 0.30196078431372547 0.30196078431372547
            ambientIntensity 1.0
            transparency 0.0
            shininess 0.5
        }
    }
    geometry IndexedFaceSet {
        ccw TRUE
        solid FALSE
        coord DEF co Coordinate {
            point [
                0.1362 0.0806 0.0079, 0.1362 0.107 0.0079, 0.169 0.0924 0.0079, 0.169 0.0951 0.0079, 0.1718 0.0931 0.0079, 0.1718 0.0944 0.0079, 0.1746 0.0936 0.0079, 0.1746 0.0939 0.0079, 0.1755 0.0004 0.0079, 0.1141 0.0004 0.0079, 0.1755 0.012 0.0079, 0.1141 0.0115 0.0079, 0.1148 0.0198 0.0079, 0.1456 0.0426 0.0079, 0.1534 0.0419 0.0079, 0.1596 0.0401 0.0079, 0.1745 0.0213 0.0079, 0.1169 0.0265 0.0079, 0.1201 0.0318 0.0079, 0.1245 0.0363 0.0079, 0.1299 0.0396 0.0079, 0.1373 0.0419 0.0079, 0.1645 0.0374 0.0079, 0.1685 0.0335 0.0079, 0.1723 0.0278 0.0079
            ]
        }
        coordIndex [
            0,1,2,-1,2,1,3,-1,2,3,4,-1,4,3,5,-1,4,5,6,-1,6,5,7,-1,8,9,10,-1,10,9,11,-1,10,11,12,-1,13,14,10,-1,10,14,15,-1,10,15,16,-1,12,17,10,-1,10,17,18,-1,10,18,19,-1,19,20,10,-1,10,20,21,-1,10,21,13,-1,22,23,15,-1,15,23,24,-1,15,24,16,-1,
        ]
    }
}