#VRML V2.0 utf8
# 3D model generated by easyeda2kicad.py (https://github.com/uPesy/easyeda2kicad.py)

Shape{
    appearance Appearance {
        material  Material 	{
            diffuseColor 0.0 0.5019607843137255 0.25098039215686274
            specularColor 0.0 0.25098039215686274 0.12549019607843137
            ambientIntensity 0.3233
            transparency 0.0
            shininess 0.5
        }
    }
    geometry IndexedFaceSet {
        ccw TRUE
        solid FALSE
        coord DEF co Coordinate {
            point [
                -1.7126 0.4239 0.0079, -3.5236 0.4239 0.0079, -3.5236 0.5512 0.0079, -0.1059 0.4239 0.0079, -0.4208 0.4239 0.0079, -0.4208 0.5512 0.0079, -1.1614 -1.7126 0.0079, -1.7126 -1.7126 0.0079, -1.7126 -0.8169 0.0079, 0.3937 1.8898 0.0079, -0.1059 1.8898 0.0079, -0.1059 2.2441 0.0079, -1.8897 2.5984 0.0079, -1.7126 2.5984 0.0079, -1.7126 2.2441 0.0079, -0.4331 3.6614 0.0079, -0.4208 3.6614 0.0079, -0.4208 3.5236 0.0079, -0.1181 4.5709 0.0079, -0.1059 4.5709 0.0079, -0.1181 4.0551 0.0079, 4.5709 0.6693 0.0079, 4.7244 0.6693 0.0079, 4.7244 0.5512 0.0079, 4.5709 0.1181 0.0079, 4.5709 -0.0107 0.0079, 4.0551 0.1181 0.0079, -0.6693 -4.5709 0.0079, -0.866 -4.5709 0.0079, -0.866 -4.3898 0.0079, -4.5708 -1.8504 0.0079, -4.7244 -1.8504 0.0079, -4.7244 -1.7126 0.0079, 0.3937 3.3858 0.0079, -0.1059 3.3858 0.0079, -0.1059 3.5236 0.0079, 2.5984 -1.1024 0.0079, 2.5984 -1.7126 0.0079, 2.2441 -1.7126 0.0079, 3.3858 -1.8898 0.0079, 3.3858 -1.7126 0.0079, 3.5236 -1.7126 0.0079, 1.7126 -1.7126 0.0079, 1.1652 -1.4014 0.0079, 1.2059 -1.3484 0.0079, 1.2315 -1.2867 0.0079, 1.2402 -1.2205 0.0079, 1.7126 -0.8169 0.0079, 1.2315 -1.1542 0.0079, 1.2059 -1.0925 0.0079, 1.1652 -1.0395 0.0079, 1.1122 -0.9989 0.0079, 1.0433 -0.8169 0.0079, 1.0433 -1.7126 0.0079, 1.0505 -1.4677 0.0079, 1.1122 -1.4421 0.0079, 1.0505 -0.9733 0.0079, 1.0433 -0.9723 0.0079, 0.9843 -0.9646 0.0079, 0.918 -0.9733 0.0079, 0.8563 -0.9989 0.0079, 0.6988 -0.8169 0.0079, 0.8033 -1.0395 0.0079, 0.7627 -1.0925 0.0079, 0.7627 -1.3484 0.0079, 0.8033 -1.4014 0.0079, 0.6988 -1.7126 0.0079, 0.8563 -1.4421 0.0079, 0.918 -1.4677 0.0079, 0.9843 -1.4764 0.0079, 1.0433 -1.4686 0.0079, 0.7371 -1.1542 0.0079, 0.7284 -1.2205 0.0079, 0.7371 -1.2867 0.0079, -4.0551 0.4331 0.0079, -4.3897 0.5512 0.0079, -3.6614 0.4331 0.0079, -3.6614 0.4239 0.0079, -3.6614 0.1181 0.0079, -3.5236 -0.0107 0.0079, -4.0551 0.1181 0.0079, -4.3897 -0.0107 0.0079, -4.0551 0.4239 0.0079, -4.3897 0.4239 0.0079, -4.0551 -1.2205 0.0079, -4.0551 -1.5354 0.0079, -4.3897 -1.7126 0.0079, -4.3897 -0.8169 0.0079, -4.0551 -0.8169 0.0079, -4.0551 -0.9843 0.0079, -3.5236 -1.7126 0.0079, -3.6614 -1.5354 0.0079, -3.6614 -1.2205 0.0079, -4.0551 -0.6693 0.0079, -3.6614 -0.9843 0.0079, -3.6614 -0.8169 0.0079, -3.5236 -0.8169 0.0079, -3.6614 -0.6693 0.0079, -3.6614 -0.4331 0.0079, -3.6614 -0.1181 0.0079, -4.0551 -0.1181 0.0079, -4.0551 -0.4331 0.0079, -0.6693 -4.0551 0.0079, -0.441 -4.3898 0.0079, -0.866 -4.0551 0.0079, -0.9842 -4.0551 0.0079, -1.1614 -4.3898 0.0079, -0.9842 -3.6614 0.0079, -1.1614 -3.5236 0.0079, -0.866 -3.6614 0.0079, -0.866 -3.5236 0.0079, -0.6693 -3.6614 0.0079, -0.866 3.6614 0.0079, -0.866 3.5236 0.0079, -0.9842 3.6614 0.0079, -1.1614 3.5236 0.0079, -0.9842 4.0551 0.0079, -1.063 4.5709 0.0079, -0.866 4.0551 0.0079, -1.1614 4.5709 0.0079, -0.6693 4.7244 0.0079, -0.5118 4.7244 0.0079, -0.6693 4.5709 0.0079, -0.5118 4.5709 0.0079, -0.6693 3.6614 0.0079, -0.441 3.5236 0.0079, -0.6693 4.0551 0.0079, -1.063 4.7244 0.0079, -0.9055 4.7244 0.0079, -0.9055 4.5709 0.0079, -0.866 4.5709 0.0079, -0.441 4.5709 0.0079, 3.5236 -3.5236 0.0079, 3.3858 -2.5984 0.0079, 2.5984 -1.8898 0.0079, 2.5984 -2.5984 0.0079, 2.2441 -3.5236 0.0079, 2.5984 -3.3858 0.0079, 3.3858 -3.3858 0.0079, 2.2441 -0.8169 0.0079, 3.5236 -0.8169 0.0079, 3.3858 -1.1024 0.0079, 2.2441 1.7126 0.0079, 2.5984 1.7126 0.0079, 2.5984 1.1614 0.0079, 2.5984 1.8898 0.0079, 2.2441 2.2441 0.0079, 3.3858 1.8898 0.0079, 3.5236 2.2441 0.0079, 3.3858 1.7126 0.0079, 3.5236 1.7126 0.0079, 3.5236 1.1614 0.0079, -3.3858 -2.5984 0.0079, -3.3858 -3.3858 0.0079, -3.5236 -3.5236 0.0079, -1.7126 -2.5984 0.0079, -1.8897 -2.5984 0.0079, -1.8897 -3.3858 0.0079, -2.5984 -3.3858 0.0079, -2.5984 -2.5984 0.0079, -1.1614 -2.5984 0.0079, -1.1023 -2.5984 0.0079, -1.7126 -3.5236 0.0079, -1.7126 -3.3858 0.0079, -1.1614 -3.3858 0.0079, 1.8898 -2.5984 0.0079, 1.8898 -3.3858 0.0079, 1.7126 -3.3858 0.0079, 1.7126 -3.5236 0.0079, 1.1024 -3.3858 0.0079, 1.0433 -3.5236 0.0079, 1.1024 -2.5984 0.0079, 1.7126 -2.5984 0.0079, -0.4208 -3.5236 0.0079, -0.4208 -1.7126 0.0079, -0.3937 -1.8898 0.0079, -0.3937 -1.7126 0.0079, -0.3937 -1.1024 0.0079, -0.4208 -0.8169 0.0079, -0.1059 -1.1024 0.0079, 0.4737 -0.8169 0.0079, 0.4737 -1.7126 0.0079, 0.3937 -1.1024 0.0079, 0.3937 -1.7126 0.0079, 0.3937 -2.5984 0.0079, 0.4737 -3.5236 0.0079, 0.3937 -1.8898 0.0079, -0.1059 -1.8898 0.0079, -0.1059 -2.5984 0.0079, -0.3937 -2.5984 0.0079, -0.3937 -3.3858 0.0079, -0.1059 -3.5236 0.0079, -0.1059 -3.3858 0.0079, 0.3937 -3.3858 0.0079, -1.8897 -0.3937 0.0079, -2.5984 -0.3937 0.0079, -1.8897 -0.0107 0.0079, -2.5984 -0.0107 0.0079, -1.8897 0.3937 0.0079, -2.5984 0.3937 0.0079, -1.7126 0.3937 0.0079, -3.3858 0.3937 0.0079, -3.3858 -0.0107 0.0079, -3.3858 -0.3937 0.0079, -1.1023 0.3937 0.0079, -0.866 0.4239 0.0079, -1.1023 -0.0107 0.0079, -0.866 -0.0107 0.0079, -1.1023 -0.3937 0.0079, -0.866 -0.8169 0.0079, -1.7126 -0.3937 0.0079, -1.1614 -0.3937 0.0079, -1.1614 -0.8169 0.0079, -3.3858 1.1024 0.0079, -2.5984 1.1024 0.0079, -1.7126 0.5512 0.0079, -1.7126 1.1614 0.0079, -2.5984 1.8898 0.0079, -3.3858 1.8898 0.0079, -3.5236 2.2441 0.0079, -3.5236 1.7126 0.0079, -1.7126 1.7126 0.0079, -2.5984 1.7126 0.0079, -2.5984 1.1614 0.0079, -0.3937 3.3858 0.0079, -0.3937 2.5984 0.0079, -0.4208 2.2441 0.0079, 0.4737 3.5236 0.0079, 0.3937 2.5984 0.0079, 0.4737 2.2441 0.0079, -0.1059 2.5984 0.0079, -4.7244 -3.5236 0.0079, -4.7244 -3.2677 0.0079, -4.3897 -3.5236 0.0079, -4.5708 -3.2677 0.0079, -4.5708 -2.6378 0.0079, -4.5708 -2.874 0.0079, -4.5708 -3.0315 0.0079, -4.7244 -2.874 0.0079, -4.7244 -3.0315 0.0079, -4.5708 -2.2441 0.0079, -4.7244 -2.2441 0.0079, -4.7244 -2.0866 0.0079, -4.5708 -2.0866 0.0079, -4.5708 -2.4803 0.0079, -4.7244 -2.4803 0.0079, -4.7244 -2.6378 0.0079, -3.6614 -4.7244 0.0079, -3.8189 -4.7244 0.0079, -3.6614 -4.5709 0.0079, -3.8189 -4.5709 0.0079, -3.4252 -4.5709 0.0079, -3.5236 -4.5709 0.0079, -3.5236 -4.3898 0.0079, -4.3897 -4.3898 0.0079, -4.0551 -4.5709 0.0079, -4.4488 -4.7244 0.0079, -4.7244 -4.7244 0.0079, -4.4488 -4.5709 0.0079, -4.7244 -4.3898 0.0079, -4.3897 -4.5709 0.0079, -4.2126 -4.5709 0.0079, -4.2126 -4.7244 0.0079, -4.0551 -4.7244 0.0079, -1.8504 -4.7244 0.0079, -1.8504 -4.5709 0.0079, -1.7126 -4.3898 0.0079, -2.0866 -4.5709 0.0079, -2.4803 -4.5709 0.0079, -2.4803 -4.7244 0.0079, -2.6378 -4.7244 0.0079, -2.6378 -4.5709 0.0079, -2.874 -4.5709 0.0079, -2.2441 -4.5709 0.0079, -2.2441 -4.7244 0.0079, -2.0866 -4.7244 0.0079, -3.2677 -4.5709 0.0079, -3.2677 -4.7244 0.0079, -3.4252 -4.7244 0.0079, -3.0315 -4.5709 0.0079, -3.0315 -4.7244 0.0079, -2.874 -4.7244 0.0079, -1.2992 -4.5709 0.0079, -1.2992 -4.7244 0.0079, -1.4567 -4.7244 0.0079, -1.4567 -4.5709 0.0079, -1.6929 -4.5709 0.0079, -1.7126 -4.7244 0.0079, -1.6929 -4.7244 0.0079, -0.9055 -4.5709 0.0079, -1.1614 -4.5709 0.0079, -1.063 -4.5709 0.0079, -1.063 -4.7244 0.0079, -0.9055 -4.7244 0.0079, -0.5118 -4.5709 0.0079, -0.5118 -4.7244 0.0079, -0.6693 -4.7244 0.0079, -0.441 -4.5709 0.0079, -0.4208 -4.5709 0.0079, -0.4208 -4.3898 0.0079, -0.2756 -4.5709 0.0079, -0.1181 -4.5709 0.0079, -0.1181 -4.7244 0.0079, -0.2756 -4.7244 0.0079, 0.2756 -4.5709 0.0079, -0.1059 -4.3898 0.0079, 0.4737 -4.5709 0.0079, 0.4737 -4.3898 0.0079, 0.5118 -4.5709 0.0079, -0.1059 -4.5709 0.0079, 0.1181 -4.5709 0.0079, 0.1181 -4.7244 0.0079, 0.2756 -4.7244 0.0079, 0.6693 -4.5709 0.0079, 0.6693 -4.7244 0.0079, 0.5118 -4.7244 0.0079, 0.6988 -4.5709 0.0079, 0.6988 -4.3898 0.0079, 0.9055 -4.5709 0.0079, 1.0433 -4.3898 0.0079, 0.9055 -4.7244 0.0079, 1.0433 -4.7244 0.0079, 1.7126 -4.3898 0.0079, 1.7126 -4.7244 0.0079, 1.6929 -4.5709 0.0079, 1.6929 -4.7244 0.0079, 1.4567 -4.7244 0.0079, 1.2992 -4.7244 0.0079, 1.4567 -4.5709 0.0079, 1.2992 -4.5709 0.0079, 1.063 -4.7244 0.0079, 1.063 -4.5709 0.0079, 2.2441 -4.7244 0.0079, 2.0866 -4.7244 0.0079, 2.2441 -4.5709 0.0079, 2.0866 -4.5709 0.0079, 1.8504 -4.7244 0.0079, 1.8504 -4.5709 0.0079, 2.2441 -4.3898 0.0079, 2.4803 -4.5709 0.0079, 2.6378 -4.5709 0.0079, 2.6378 -4.7244 0.0079, 2.4803 -4.7244 0.0079, 3.4252 -4.7244 0.0079, 3.2677 -4.7244 0.0079, 3.4252 -4.5709 0.0079, 3.2677 -4.5709 0.0079, 3.6614 -4.5709 0.0079, 3.5236 -4.5709 0.0079, 3.5236 -4.3898 0.0079, 3.0315 -4.5709 0.0079, 2.874 -4.5709 0.0079, 2.874 -4.7244 0.0079, 3.0315 -4.7244 0.0079, 4.7244 -4.3898 0.0079, 4.7244 -4.7244 0.0079, 4.4488 -4.7244 0.0079, 4.4488 -4.5709 0.0079, 4.2126 -4.5709 0.0079, 3.8189 -4.5709 0.0079, 3.8189 -4.7244 0.0079, 3.6614 -4.7244 0.0079, 4.0551 -4.5709 0.0079, 4.0551 -4.7244 0.0079, 4.2126 -4.7244 0.0079, 4.7244 -3.2677 0.0079, 4.7244 -3.5236 0.0079, 4.5709 -3.2677 0.0079, 4.5709 -3.0315 0.0079, 4.5709 -2.0866 0.0079, 4.7244 -2.0866 0.0079, 4.7244 -2.2441 0.0079, 4.7244 -1.7126 0.0079, 4.7244 -1.8504 0.0079, 4.5709 -1.8504 0.0079, 4.5709 -2.2441 0.0079, 4.5709 -2.4803 0.0079, 4.5709 -2.874 0.0079, 4.7244 -2.874 0.0079, 4.7244 -3.0315 0.0079, 4.7244 -2.4803 0.0079, 4.7244 -2.6378 0.0079, 4.5709 -2.6378 0.0079, 4.0551 -1.2205 0.0079, 3.6614 -0.9843 0.0079, 4.0551 -0.9843 0.0079, 3.6614 -1.2205 0.0079, 4.5709 -0.9055 0.0079, 4.5709 -0.8169 0.0079, 4.0551 -0.8169 0.0079, 4.5709 -0.6693 0.0079, 3.6614 -1.5354 0.0079, 4.0551 -1.5354 0.0079, 4.5709 -1.6929 0.0079, 4.7244 -1.6929 0.0079, 4.7244 -0.9055 0.0079, 4.7244 -1.063 0.0079, 4.5709 -1.063 0.0079, 4.5709 -1.2992 0.0079, 4.7244 -1.2992 0.0079, 4.7244 -1.4567 0.0079, 4.5709 -1.4567 0.0079, 3.6614 -0.8169 0.0079, 3.6614 -0.6693 0.0079, 4.5709 -0.5118 0.0079, 4.7244 -0.5118 0.0079, 4.7244 -0.6693 0.0079, 4.7244 -0.1181 0.0079, 4.7244 -0.2756 0.0079, 4.5709 -0.1181 0.0079, 4.5709 -0.2756 0.0079, 3.6614 -0.4331 0.0079, 4.0551 -0.4331 0.0079, 4.0551 -0.6693 0.0079, 3.6614 -0.1181 0.0079, 3.5236 -0.0107 0.0079, 4.0551 -0.1181 0.0079, 3.6614 0.1181 0.0079, 4.5709 0.2756 0.0079, 4.7244 0.2756 0.0079, 4.7244 0.1181 0.0079, 4.7244 0.5118 0.0079, 4.5709 0.5118 0.0079, 3.6614 0.4239 0.0079, 3.5236 0.4239 0.0079, 3.6614 0.4331 0.0079, 3.5236 0.5512 0.0079, 4.0551 0.4331 0.0079, 4.5709 1.1614 0.0079, 4.5709 1.063 0.0079, 4.0551 0.6693 0.0079, 4.0551 0.9843 0.0079, 3.6614 0.9843 0.0079, 3.6614 0.6693 0.0079, 4.5709 0.4239 0.0079, 4.0551 0.4239 0.0079, 4.5709 0.9055 0.0079, 4.7244 0.9055 0.0079, 4.7244 1.063 0.0079, 4.0551 1.2205 0.0079, 4.5709 1.6929 0.0079, 4.5709 1.4567 0.0079, 4.7244 1.7126 0.0079, 4.7244 1.6929 0.0079, 4.7244 1.4567 0.0079, 4.7244 1.2992 0.0079, 4.5709 1.2992 0.0079, 3.6614 1.2205 0.0079, 3.6614 1.5354 0.0079, 4.0551 1.5354 0.0079, 4.5709 2.2441 0.0079, 4.7244 2.2441 0.0079, 4.7244 2.0866 0.0079, 4.5709 2.0866 0.0079, 4.5709 1.8504 0.0079, 4.7244 1.8504 0.0079, 4.7244 3.5236 0.0079, 4.7244 3.2677 0.0079, 4.5709 3.2677 0.0079, 4.5709 3.0315 0.0079, 4.7244 3.0315 0.0079, 4.7244 2.874 0.0079, 4.5709 2.874 0.0079, 4.5709 2.6378 0.0079, 3.5236 3.5236 0.0079, 4.5709 2.4803 0.0079, 4.7244 2.4803 0.0079, 4.7244 2.6378 0.0079, 3.6614 4.5709 0.0079, 3.6614 4.7244 0.0079, 3.8189 4.7244 0.0079, 3.8189 4.5709 0.0079, 4.0551 4.5709 0.0079, 4.4488 4.7244 0.0079, 4.7244 4.7244 0.0079, 4.4488 4.5709 0.0079, 4.2126 4.5709 0.0079, 4.2126 4.7244 0.0079, 4.0551 4.7244 0.0079, 2.2441 3.5236 0.0079, 2.2441 4.5709 0.0079, 2.4803 4.5709 0.0079, 2.874 4.5709 0.0079, 2.874 4.7244 0.0079, 3.0315 4.7244 0.0079, 3.0315 4.5709 0.0079, 3.2677 4.5709 0.0079, 2.6378 4.5709 0.0079, 2.6378 4.7244 0.0079, 2.4803 4.7244 0.0079, 3.5236 4.5709 0.0079, 3.4252 4.5709 0.0079, 3.4252 4.7244 0.0079, 3.2677 4.7244 0.0079, 1.7126 3.5236 0.0079, 1.8504 4.5709 0.0079, 2.0866 4.5709 0.0079, 2.0866 4.7244 0.0079, 2.2441 4.7244 0.0079, 1.6929 4.5709 0.0079, 1.6929 4.7244 0.0079, 1.7126 4.7244 0.0079, 1.5355 3.6614 0.0079, 1.5355 4.0551 0.0079, 1.2205 3.6614 0.0079, 1.0433 3.5236 0.0079, 1.2205 4.0551 0.0079, 1.063 4.5709 0.0079, 1.2992 4.5709 0.0079, 1.8504 4.7244 0.0079, 1.4567 4.5709 0.0079, 1.4567 4.7244 0.0079, 1.2992 4.7244 0.0079, 0.6988 3.6614 0.0079, 0.9843 3.6614 0.0079, 1.063 4.7244 0.0079, 1.0433 4.7244 0.0079, 0.9843 4.0551 0.0079, 0.4737 4.5709 0.0079, 0.5118 4.5709 0.0079, 0.6988 4.0551 0.0079, 0.6693 4.0551 0.0079, 0.6693 3.6614 0.0079, 0.9055 4.7244 0.0079, 0.9055 4.5709 0.0079, 0.6988 4.5709 0.0079, 0.6693 4.5709 0.0079, 0.6693 4.7244 0.0079, 0.5118 4.7244 0.0079, 0.1181 4.0551 0.0079, 0.1181 3.6614 0.0079, 0.1181 4.5709 0.0079, 0.4331 4.0551 0.0079, 0.1181 4.7244 0.0079, 0.2756 4.7244 0.0079, 0.2756 4.5709 0.0079, 0.4331 3.6614 0.0079, -0.1181 3.6614 0.0079, -0.4331 4.0551 0.0079, -0.4208 4.0551 0.0079, -0.4208 4.5709 0.0079, -0.2756 4.5709 0.0079, -0.2756 4.7244 0.0079, -0.1181 4.7244 0.0079, -1.7126 3.5236 0.0079, -1.7126 4.7244 0.0079, -1.6929 4.5709 0.0079, -1.6929 4.7244 0.0079, -1.4567 4.5709 0.0079, -1.4567 4.7244 0.0079, -1.2992 4.7244 0.0079, -1.2205 4.0551 0.0079, -1.2992 4.5709 0.0079, -1.5354 4.0551 0.0079, -1.5354 3.6614 0.0079, -1.2205 3.6614 0.0079, -3.4252 4.5709 0.0079, -3.4252 4.7244 0.0079, -3.2677 4.7244 0.0079, -3.2677 4.5709 0.0079, -3.0315 4.5709 0.0079, -2.6378 4.5709 0.0079, -2.6378 4.7244 0.0079, -2.4803 4.7244 0.0079, -2.4803 4.5709 0.0079, -2.2441 4.5709 0.0079, -2.874 4.5709 0.0079, -2.874 4.7244 0.0079, -3.0315 4.7244 0.0079, -1.8504 4.7244 0.0079, -1.8504 4.5709 0.0079, -2.0866 4.5709 0.0079, -2.0866 4.7244 0.0079, -2.2441 4.7244 0.0079, -4.3897 4.5709 0.0079, -4.2126 4.5709 0.0079, -3.5236 3.5236 0.0079, -3.8189 4.5709 0.0079, -4.0551 4.5709 0.0079, -4.0551 4.7244 0.0079, -4.2126 4.7244 0.0079, -3.5236 4.5709 0.0079, -3.6614 4.5709 0.0079, -3.6614 4.7244 0.0079, -3.8189 4.7244 0.0079, -4.7244 4.7244 0.0079, -4.4488 4.7244 0.0079, -4.4488 4.5709 0.0079, -4.3897 3.5236 0.0079, -4.7244 3.5236 0.0079, -4.3897 2.2441 0.0079, -4.5708 2.4803 0.0079, -4.5708 2.2441 0.0079, -4.5708 2.874 0.0079, -4.5708 2.6378 0.0079, -4.7244 2.6378 0.0079, -4.7244 2.4803 0.0079, -4.7244 3.2677 0.0079, -4.5708 3.2677 0.0079, -4.5708 3.0315 0.0079, -4.7244 3.0315 0.0079, -4.7244 2.874 0.0079, -4.7244 1.8504 0.0079, -4.5708 1.8504 0.0079, -4.3897 1.7126 0.0079, -4.5708 2.0866 0.0079, -4.7244 2.0866 0.0079, -4.7244 2.2441 0.0079, -4.5708 1.2992 0.0079, -4.7244 1.2992 0.0079, -4.7244 1.4567 0.0079, -4.5708 1.4567 0.0079, -4.5708 1.6929 0.0079, -4.7244 1.7126 0.0079, -4.7244 1.6929 0.0079, -4.7244 0.5512 0.0079, -4.7244 0.6693 0.0079, -4.5708 0.6693 0.0079, -4.3897 1.1614 0.0079, -4.5708 0.9055 0.0079, -4.5708 1.1614 0.0079, -4.5708 1.063 0.0079, -4.7244 1.063 0.0079, -4.7244 0.9055 0.0079, -4.7244 0.5118 0.0079, -4.5708 0.5118 0.0079, -4.5708 0.4239 0.0079, -4.5708 0.2756 0.0079, -4.5708 0.1181 0.0079, -4.7244 0.1181 0.0079, -4.7244 0.2756 0.0079, -4.7244 -0.6693 0.0079, -4.7244 -0.5118 0.0079, -4.5708 -0.6693 0.0079, -4.5708 -0.5118 0.0079, -4.5708 -0.9055 0.0079, -4.5708 -0.8169 0.0079, -4.5708 -0.2756 0.0079, -4.5708 -0.0107 0.0079, -4.5708 -0.1181 0.0079, -4.7244 -0.1181 0.0079, -4.7244 -0.2756 0.0079, -4.5708 -1.6929 0.0079, -4.7244 -1.6929 0.0079, -4.5708 -1.4567 0.0079, -4.5708 -1.063 0.0079, -4.7244 -1.063 0.0079, -4.7244 -0.9055 0.0079, -4.5708 -1.2992 0.0079, -4.7244 -1.2992 0.0079, -4.7244 -1.4567 0.0079, 1.7126 3.3858 0.0079, 1.8898 3.3858 0.0079, 1.8898 2.5984 0.0079, 1.7126 2.5984 0.0079, -2.5984 2.5984 0.0079, -1.8897 3.3858 0.0079, -2.5984 3.3858 0.0079, -1.7126 3.3858 0.0079, -3.3858 3.3858 0.0079, -3.3858 2.5984 0.0079, -1.1614 3.3858 0.0079, -1.1023 3.3858 0.0079, -1.1023 2.5984 0.0079, -0.866 2.2441 0.0079, -1.1614 2.5984 0.0079, -1.1614 2.2441 0.0079, -0.3937 1.8898 0.0079, -0.4208 1.7126 0.0079, 0.4737 1.7126 0.0079, 0.3937 1.7126 0.0079, 0.4737 1.1614 0.0079, 0.3937 1.1614 0.0079, 0.3937 1.1024 0.0079, 0.4737 0.5512 0.0079, -0.1059 1.1024 0.0079, 1.0433 0.4239 0.0079, 1.1024 0.3937 0.0079, 1.0433 -0.0107 0.0079, 1.1024 -0.0107 0.0079, 1.1024 -0.3937 0.0079, 1.8898 0.3937 0.0079, 2.2441 0.4239 0.0079, 1.8898 -0.0107 0.0079, 2.2441 -0.0107 0.0079, 1.8898 -0.3937 0.0079, 1.7126 -0.3937 0.0079, 3.3858 0.3937 0.0079, 2.5984 0.3937 0.0079, -0.441 -3.5236 0.0079, -0.4331 -3.6614 0.0079, -0.4331 -4.0551 0.0079, -0.4208 -3.6614 0.0079, -0.1181 -3.6614 0.0079, -0.1181 -4.0551 0.0079, -0.4208 -4.0551 0.0079, 0.9843 -3.6614 0.0079, 0.9843 -4.0551 0.0079, 0.6988 -4.0551 0.0079, 0.6693 -4.0551 0.0079, 0.6693 -3.6614 0.0079, 0.6988 -3.6614 0.0079, 0.3112 0.4264 0.0079, 0.286 0.4279 0.0079, 0.3219 0.4239 0.0079, 0.4737 0.4239 0.0079, 0.3497 0.4173 0.0079, 0.2509 0.4239 0.0079, -0.1059 0.5512 0.0079, -0.3937 1.1024 0.0079, 0.084 0.4198 0.0079, -0.0937 0.4198 0.0079, -0.0937 0.3875 0.0079, 0.0557 0.3875 0.0079, 0.0557 0.2906 0.0079, -0.0937 0.2906 0.0079, -0.0937 0.2583 0.0079, -0.1059 -0.0107 0.0079, 0.2115 0.4128 0.0079, 0.1772 0.392 0.0079, 0.1579 0.3736 0.0079, 0.4265 0.2768 0.0079, 0.4272 0.262 0.0079, 0.2878 0.3956 0.0079, 0.4198 0.3074 0.0079, 0.1734 0.1816 0.0079, 0.1486 0.1628 0.0079, 0.1486 0.362 0.0079, 0.3962 0.1765 0.0079, 0.3734 0.1557 0.0079, 0.0557 0.2583 0.0079, 0.0557 0.1372 0.0079, -0.0937 0.1372 0.0079, -0.0937 0.1049 0.0079, 0.084 0.1049 0.0079, 0.3348 0.1024 0.0079, 0.3725 0.1169 0.0079, 0.4737 -0.0107 0.0079, 0.1734 0.3431 0.0079, 0.1986 0.3675 0.0079, 0.1908 0.164 0.0079, 0.2282 0.3843 0.0079, 0.2186 0.1449 0.0079, 0.249 0.1334 0.0079, 0.325 0.391 0.0079, 0.3572 0.3786 0.0079, 0.4231 0.2273 0.0079, 0.4131 0.2012 0.0079, 0.242 0.3892 0.0079, 0.2768 0.3952 0.0079, 0.3109 0.1308 0.0079, 0.3429 0.1391 0.0079, 0.2859 0.1291 0.0079, 0.3862 0.3582 0.0079, 0.4057 0.3353 0.0079, 0.1764 0.1337 0.0079, 0.209 0.1131 0.0079, 0.4029 0.1388 0.0079, 0.4156 0.1519 0.0079, 0.4384 0.1864 0.0079, 0.4375 0.3406 0.0079, 0.4158 0.3716 0.0079, 0.383 0.4003 0.0079, 0.2448 0.101 0.0079, 0.2699 0.0974 0.0079, 0.2857 0.0968 0.0079, 0.4511 0.2226 0.0079, 0.4555 0.2642 0.0079, 0.4503 0.3072 0.0079, 1.5355 -3.6614 0.0079, 1.5355 -4.0551 0.0079, 1.2205 -4.0551 0.0079, 1.2205 -3.6614 0.0079, 0.4331 -3.6614 0.0079, 0.4331 -4.0551 0.0079, 0.1181 -4.0551 0.0079, 0.1181 -3.6614 0.0079, -1.5354 -3.6614 0.0079, -1.5354 -4.0551 0.0079, -1.2205 -4.0551 0.0079, -1.2205 -3.6614 0.0079, 0.6988 -3.5236 0.0079, -3.3858 -1.8898 0.0079, -2.5984 -1.8898 0.0079, -2.5984 -1.7126 0.0079, -2.5984 -1.1024 0.0079, -3.3858 -1.1024 0.0079, -3.3858 -1.7126 0.0079, -0.866 -1.7126 0.0079, -1.1023 -3.3858 0.0079, 0.6988 -0.0107 0.0079, -0.1059 -0.8169 0.0079, -0.441 -1.7126 0.0079, -0.441 -0.8169 0.0079, -0.441 -0.0107 0.0079, 0.4918 0.1372 0.0079, 0.4918 0.1049 0.0079, 0.6413 0.1049 0.0079, 0.6988 0.4239 0.0079, 0.6413 0.4198 0.0079, 0.613 0.4198 0.0079, -0.2478 0.1049 0.0079, -0.1502 0.1049 0.0079, -0.3919 0.1812 0.0079, -0.3704 0.1488 0.0079, -0.4208 -0.0107 0.0079, -0.3468 0.128 0.0079, -0.3231 0.1157 0.0079, -0.2847 0.1069 0.0079, -0.3137 0.4085 0.0079, -0.3456 0.3924 0.0079, -0.1502 0.4198 0.0079, -0.2138 0.4198 0.0079, -0.2642 0.4179 0.0079, -0.3686 0.3724 0.0079, -0.3887 0.344 0.0079, -0.4018 0.3111 0.0079, -0.4082 0.273 0.0079, -0.4086 0.2584 0.0079, -0.4042 0.2163 0.0079, -0.4798 0.1049 0.0079, -0.449 0.1049 0.0079, -0.441 0.4239 0.0079, -0.5984 0.4198 0.0079, -0.6024 0.4198 0.0079, 3.3858 -0.0107 0.0079, 3.3858 -0.3937 0.0079, 2.5984 -0.3937 0.0079, 2.5984 -0.0107 0.0079, 2.2441 0.5512 0.0079, -0.3937 1.7126 0.0079, -0.3937 1.1614 0.0079, -0.4208 1.1614 0.0079, 0.2402 0.4226 0.0079, -3.3858 1.7126 0.0079, -3.3858 1.1614 0.0079, -3.5236 1.1614 0.0079, 1.7126 1.7126 0.0079, 2.2441 1.1614 0.0079, 1.7126 1.1614 0.0079, 1.7126 0.5512 0.0079, 1.7126 0.4239 0.0079, 1.7126 0.3937 0.0079, -3.6614 0.9843 0.0079, -3.6614 0.6693 0.0079, -4.0551 0.6693 0.0079, -4.0551 0.9843 0.0079, 1.0433 2.2441 0.0079, 1.0433 1.7126 0.0079, 1.0433 1.1614 0.0079, 1.0433 0.5512 0.0079, -4.0551 1.5354 0.0079, -4.0551 1.2205 0.0079, -3.6614 1.2205 0.0079, -3.6614 1.5354 0.0079, 1.1024 2.5984 0.0079, 1.7126 2.2441 0.0079, 1.1024 3.3858 0.0079, 2.5984 1.1024 0.0079, 3.3858 1.1024 0.0079, 3.3858 1.1614 0.0079, -0.866 1.7126 0.0079, -1.1614 1.7126 0.0079, -0.866 1.1614 0.0079, -1.1614 1.1614 0.0079, -0.866 0.5512 0.0079, -1.1614 0.5512 0.0079, -1.1614 0.4239 0.0079, -1.1614 0.3937 0.0079, 3.3858 3.3858 0.0079, 3.3858 2.5984 0.0079, 2.5984 2.5984 0.0079, 2.5984 3.3858 0.0079, 0.6988 3.5236 0.0079, 0.6988 2.2441 0.0079, 0.6988 1.7126 0.0079, 0.6988 1.1614 0.0079, 0.6988 0.5512 0.0079, 0.613 0.1372 0.0079, -0.441 2.2441 0.0079, -0.441 1.7126 0.0079, -0.441 1.1614 0.0079, -0.441 0.5512 0.0079, -0.7478 0.1049 0.0079, -0.7171 0.1049 0.0079, -0.6705 0.2058 0.0079, -0.5277 0.2058 0.0079
            ]
        }
        coordIndex [
            0,1,2,-1,3,4,5,-1,6,7,8,-1,9,10,11,-1,12,13,14,-1,15,16,17,-1,18,19,20,-1,21,22,23,-1,24,25,26,-1,27,28,29,-1,30,31,32,-1,33,34,35,-1,36,37,38,-1,39,40,41,-1,42,43,44,-1,45,46,47,-1,47,46,48,-1,47,48,49,-1,49,50,47,-1,47,50,51,-1,47,51,52,-1,53,54,42,-1,42,54,55,-1,42,55,43,-1,51,56,52,-1,52,56,57,-1,52,57,58,-1,59,60,61,-1,61,60,62,-1,61,62,63,-1,64,65,66,-1,66,65,67,-1,66,67,68,-1,68,69,53,-1,53,69,70,-1,53,70,54,-1,63,71,61,-1,61,71,72,-1,61,72,66,-1,66,72,73,-1,66,73,64,-1,74,75,76,-1,76,75,2,-1,76,2,77,-1,77,2,1,-1,77,1,78,-1,78,1,79,-1,78,79,80,-1,80,79,81,-1,80,81,82,-1,82,81,83,-1,82,83,74,-1,74,83,75,-1,84,85,86,-1,87,88,89,-1,86,85,90,-1,90,85,91,-1,90,91,92,-1,88,87,93,-1,94,95,96,-1,96,95,97,-1,98,99,79,-1,79,99,100,-1,79,100,81,-1,81,100,101,-1,79,96,98,-1,98,96,97,-1,98,97,101,-1,101,97,93,-1,101,93,81,-1,81,93,87,-1,102,103,104,-1,104,103,29,-1,104,29,105,-1,105,106,107,-1,107,106,108,-1,107,108,109,-1,109,108,110,-1,109,110,111,-1,112,113,114,-1,114,113,115,-1,114,115,116,-1,117,118,119,-1,119,118,116,-1,120,121,122,-1,122,121,123,-1,112,124,125,-1,125,124,126,-1,127,128,117,-1,117,128,129,-1,117,129,118,-1,118,129,130,-1,118,130,126,-1,126,130,122,-1,126,122,125,-1,125,122,123,-1,125,123,131,-1,41,132,39,-1,39,132,133,-1,39,133,134,-1,134,133,135,-1,37,134,38,-1,38,134,135,-1,38,135,136,-1,136,135,137,-1,136,137,132,-1,132,137,138,-1,132,138,133,-1,139,140,141,-1,142,143,144,-1,145,146,147,-1,147,146,148,-1,147,148,149,-1,149,150,151,-1,152,153,154,-1,7,155,156,-1,157,158,156,-1,156,158,159,-1,156,159,7,-1,155,7,160,-1,160,7,6,-1,160,6,161,-1,153,158,154,-1,154,158,157,-1,154,157,162,-1,162,157,163,-1,162,163,108,-1,108,163,164,-1,108,164,110,-1,165,38,166,-1,166,38,136,-1,166,136,167,-1,167,136,168,-1,167,168,169,-1,169,168,170,-1,169,170,171,-1,171,170,53,-1,171,53,172,-1,172,53,42,-1,172,42,165,-1,165,42,38,-1,173,174,175,-1,175,174,176,-1,176,174,177,-1,177,174,178,-1,177,178,179,-1,180,181,182,-1,182,181,183,-1,184,181,185,-1,183,181,186,-1,186,181,184,-1,186,184,187,-1,187,184,188,-1,187,188,175,-1,175,188,189,-1,175,189,173,-1,173,189,190,-1,173,190,191,-1,191,190,192,-1,191,192,185,-1,185,192,193,-1,185,193,184,-1,8,96,194,-1,194,96,195,-1,194,195,196,-1,196,195,197,-1,196,197,198,-1,198,197,199,-1,200,198,0,-1,0,198,199,-1,0,199,1,-1,1,199,201,-1,1,201,79,-1,79,201,202,-1,79,202,96,-1,96,202,203,-1,96,203,195,-1,204,205,206,-1,206,205,207,-1,206,207,208,-1,208,207,209,-1,210,211,212,-1,213,214,215,-1,215,214,216,-1,217,218,219,-1,219,218,220,-1,14,221,222,-1,222,221,216,-1,222,216,223,-1,223,216,214,-1,34,224,17,-1,17,224,225,-1,17,225,226,-1,226,225,11,-1,33,227,228,-1,228,227,229,-1,228,229,230,-1,231,232,233,-1,233,232,234,-1,235,86,236,-1,236,86,237,-1,236,237,238,-1,238,237,239,-1,240,241,242,-1,242,243,240,-1,240,243,86,-1,240,86,244,-1,244,86,235,-1,244,235,245,-1,245,235,246,-1,247,248,249,-1,249,248,250,-1,251,252,253,-1,253,252,249,-1,253,249,254,-1,254,249,250,-1,254,250,255,-1,256,257,258,-1,258,257,259,-1,258,259,260,-1,260,259,254,-1,260,254,261,-1,261,254,255,-1,261,255,262,-1,262,255,263,-1,264,265,266,-1,266,265,267,-1,266,267,253,-1,268,269,270,-1,271,272,253,-1,270,271,268,-1,268,271,253,-1,268,253,273,-1,273,253,267,-1,273,267,274,-1,274,267,275,-1,276,277,278,-1,278,251,276,-1,276,251,253,-1,276,253,279,-1,279,253,272,-1,279,272,280,-1,280,272,281,-1,282,283,284,-1,285,286,266,-1,264,266,287,-1,287,266,286,-1,287,286,288,-1,105,29,106,-1,106,29,28,-1,106,28,289,-1,284,285,282,-1,282,285,266,-1,282,266,290,-1,290,266,106,-1,290,106,291,-1,291,106,289,-1,291,289,292,-1,292,289,293,-1,294,295,296,-1,296,27,294,-1,294,27,29,-1,294,29,297,-1,297,29,103,-1,297,103,298,-1,298,103,299,-1,298,299,300,-1,301,302,303,-1,304,305,306,-1,306,305,307,-1,306,307,308,-1,303,300,301,-1,301,300,299,-1,301,299,309,-1,309,299,305,-1,309,305,310,-1,310,305,304,-1,310,304,311,-1,311,304,312,-1,313,314,315,-1,315,308,313,-1,313,308,307,-1,313,307,316,-1,316,307,317,-1,316,317,318,-1,318,317,319,-1,318,319,320,-1,320,319,321,-1,322,323,324,-1,324,323,325,-1,326,327,328,-1,328,327,329,-1,330,321,331,-1,331,321,319,-1,331,319,329,-1,329,319,322,-1,329,322,328,-1,328,322,324,-1,332,333,334,-1,334,333,335,-1,336,323,337,-1,337,323,322,-1,337,322,335,-1,335,322,338,-1,335,338,334,-1,334,338,339,-1,340,341,342,-1,343,344,345,-1,345,344,346,-1,347,348,349,-1,349,348,345,-1,349,345,338,-1,338,345,346,-1,338,346,350,-1,342,339,340,-1,340,339,338,-1,340,338,351,-1,351,338,350,-1,351,350,352,-1,352,350,353,-1,354,355,356,-1,356,357,354,-1,354,357,358,-1,354,358,349,-1,359,360,361,-1,361,347,359,-1,359,347,349,-1,359,349,362,-1,362,349,358,-1,362,358,363,-1,363,358,364,-1,365,366,367,-1,367,366,132,-1,367,132,368,-1,369,370,371,-1,372,373,374,-1,375,376,132,-1,377,378,379,-1,380,381,376,-1,376,381,382,-1,376,382,132,-1,132,382,377,-1,132,377,368,-1,368,377,379,-1,383,384,385,-1,386,41,140,-1,140,41,40,-1,140,40,141,-1,387,385,388,-1,388,385,389,-1,388,389,390,-1,386,391,41,-1,41,391,392,-1,41,392,393,-1,371,375,369,-1,369,375,132,-1,369,132,374,-1,374,132,41,-1,374,41,372,-1,372,41,393,-1,372,393,394,-1,395,396,397,-1,398,385,397,-1,397,385,387,-1,397,387,395,-1,399,400,398,-1,398,400,401,-1,398,401,385,-1,385,401,393,-1,385,393,383,-1,383,393,392,-1,383,386,384,-1,384,386,140,-1,384,140,402,-1,402,140,403,-1,404,405,406,-1,407,408,409,-1,409,408,410,-1,411,412,413,-1,406,390,404,-1,404,390,389,-1,404,389,410,-1,410,389,413,-1,410,413,409,-1,409,413,412,-1,409,412,25,-1,413,403,411,-1,411,403,140,-1,411,140,414,-1,414,140,415,-1,414,415,416,-1,412,416,25,-1,25,416,415,-1,25,415,26,-1,26,415,417,-1,418,419,420,-1,23,421,422,-1,417,415,423,-1,423,415,424,-1,423,424,425,-1,425,424,426,-1,425,426,427,-1,428,429,430,-1,431,432,151,-1,151,432,426,-1,426,432,433,-1,426,433,430,-1,420,24,418,-1,418,24,26,-1,418,26,434,-1,434,26,435,-1,434,435,422,-1,422,435,427,-1,422,427,23,-1,23,427,426,-1,23,426,21,-1,21,426,430,-1,21,430,436,-1,436,430,429,-1,436,429,437,-1,437,429,438,-1,439,440,441,-1,442,443,440,-1,444,445,441,-1,441,445,446,-1,441,446,439,-1,439,446,428,-1,447,151,448,-1,448,151,150,-1,448,150,449,-1,430,431,428,-1,428,431,151,-1,428,151,439,-1,439,151,447,-1,450,451,452,-1,149,148,150,-1,150,148,453,-1,150,453,454,-1,439,449,440,-1,440,449,150,-1,440,150,442,-1,442,150,454,-1,442,454,455,-1,456,457,458,-1,459,460,461,-1,462,463,148,-1,461,462,459,-1,459,462,148,-1,459,148,458,-1,458,148,464,-1,458,464,456,-1,452,453,450,-1,450,453,148,-1,450,148,465,-1,465,148,463,-1,465,463,466,-1,466,463,467,-1,468,469,470,-1,471,472,456,-1,473,474,475,-1,475,474,456,-1,475,456,476,-1,476,456,472,-1,476,472,477,-1,477,472,478,-1,479,480,464,-1,464,480,481,-1,482,483,484,-1,485,486,464,-1,484,485,482,-1,482,485,464,-1,482,464,487,-1,487,464,481,-1,487,481,488,-1,488,481,489,-1,470,471,468,-1,468,471,456,-1,468,456,490,-1,490,456,464,-1,490,464,491,-1,491,464,486,-1,491,486,492,-1,492,486,493,-1,494,495,479,-1,479,495,496,-1,479,496,480,-1,480,496,497,-1,480,497,498,-1,499,500,501,-1,494,502,503,-1,504,505,506,-1,506,505,507,-1,506,507,503,-1,503,507,508,-1,509,495,501,-1,501,495,494,-1,501,494,499,-1,499,494,503,-1,499,503,510,-1,510,503,508,-1,510,508,511,-1,511,508,512,-1,513,514,505,-1,515,507,516,-1,516,507,505,-1,516,505,517,-1,517,505,514,-1,518,519,520,-1,521,522,227,-1,523,516,524,-1,524,516,517,-1,524,517,525,-1,525,517,520,-1,525,520,526,-1,526,520,519,-1,526,519,527,-1,527,519,528,-1,529,530,35,-1,19,531,532,-1,533,534,531,-1,531,534,535,-1,531,535,532,-1,532,535,518,-1,33,35,227,-1,227,35,530,-1,227,530,536,-1,520,521,518,-1,518,521,227,-1,518,227,532,-1,532,227,536,-1,34,17,35,-1,35,17,16,-1,35,16,537,-1,532,529,19,-1,19,529,35,-1,19,35,20,-1,20,35,537,-1,15,125,538,-1,538,125,131,-1,538,131,539,-1,539,131,540,-1,539,540,20,-1,20,540,541,-1,20,541,18,-1,18,541,542,-1,18,542,543,-1,544,545,546,-1,546,545,547,-1,548,549,550,-1,116,115,119,-1,119,115,551,-1,119,551,552,-1,550,552,548,-1,548,552,551,-1,548,551,546,-1,546,551,553,-1,546,553,544,-1,544,553,554,-1,544,554,115,-1,115,554,555,-1,115,555,551,-1,556,557,558,-1,559,560,544,-1,561,562,563,-1,564,565,544,-1,563,564,561,-1,561,564,544,-1,561,544,566,-1,566,544,560,-1,566,560,567,-1,567,560,568,-1,569,545,570,-1,570,545,544,-1,570,544,571,-1,571,544,565,-1,571,565,572,-1,572,565,573,-1,574,575,576,-1,577,576,578,-1,578,576,575,-1,578,575,579,-1,579,575,580,-1,558,559,556,-1,556,559,544,-1,556,544,581,-1,581,544,576,-1,581,576,582,-1,582,576,577,-1,582,577,583,-1,583,577,584,-1,585,586,587,-1,574,588,587,-1,587,588,589,-1,587,589,585,-1,588,590,591,-1,591,590,592,-1,593,588,594,-1,594,588,591,-1,594,591,595,-1,595,591,596,-1,597,589,598,-1,598,589,588,-1,598,588,599,-1,599,588,593,-1,599,593,600,-1,600,593,601,-1,602,603,604,-1,604,603,590,-1,590,603,605,-1,590,605,592,-1,592,605,606,-1,592,606,607,-1,608,609,610,-1,611,612,604,-1,602,604,613,-1,613,604,612,-1,613,612,614,-1,615,616,75,-1,75,616,617,-1,75,617,618,-1,618,617,619,-1,610,611,608,-1,608,611,604,-1,608,604,620,-1,620,604,618,-1,620,618,621,-1,621,618,619,-1,621,619,622,-1,622,619,623,-1,624,615,625,-1,625,615,75,-1,625,75,626,-1,626,75,83,-1,626,83,627,-1,628,629,630,-1,631,632,633,-1,633,632,634,-1,635,636,87,-1,87,636,633,-1,87,633,81,-1,81,633,634,-1,81,634,637,-1,630,627,628,-1,628,627,83,-1,628,83,638,-1,638,83,81,-1,638,81,639,-1,639,81,637,-1,639,637,640,-1,640,637,641,-1,243,30,86,-1,86,30,32,-1,86,32,642,-1,642,32,643,-1,96,90,94,-1,94,90,92,-1,94,92,89,-1,89,92,84,-1,89,84,87,-1,87,84,86,-1,87,86,644,-1,644,86,642,-1,645,646,647,-1,647,635,645,-1,645,635,87,-1,645,87,648,-1,648,87,644,-1,648,644,649,-1,649,644,650,-1,651,505,494,-1,494,505,504,-1,494,504,502,-1,651,494,652,-1,652,494,479,-1,652,479,653,-1,653,479,146,-1,653,146,654,-1,222,217,14,-1,14,217,219,-1,14,219,12,-1,12,219,655,-1,12,655,656,-1,656,655,657,-1,658,656,544,-1,544,656,657,-1,544,657,576,-1,576,657,659,-1,576,659,219,-1,219,659,660,-1,219,660,655,-1,658,544,661,-1,661,544,115,-1,661,115,662,-1,662,115,113,-1,662,113,663,-1,663,113,664,-1,663,664,665,-1,13,665,666,-1,11,10,226,-1,226,10,667,-1,226,667,668,-1,225,230,11,-1,11,230,229,-1,11,229,9,-1,9,229,669,-1,9,669,670,-1,670,669,671,-1,670,671,672,-1,672,671,673,-1,673,671,674,-1,673,674,675,-1,676,677,678,-1,678,677,679,-1,678,679,680,-1,681,682,683,-1,683,682,684,-1,683,684,685,-1,685,684,139,-1,685,139,686,-1,686,139,47,-1,686,47,680,-1,680,47,52,-1,680,52,678,-1,424,687,688,-1,689,690,691,-1,692,173,693,-1,693,173,191,-1,693,191,694,-1,694,191,305,-1,694,305,695,-1,695,305,299,-1,695,299,691,-1,691,299,103,-1,691,103,689,-1,689,103,102,-1,689,102,111,-1,696,170,697,-1,697,170,319,-1,697,319,698,-1,698,319,317,-1,698,317,699,-1,699,317,307,-1,699,307,700,-1,700,307,185,-1,700,185,701,-1,702,703,674,-1,702,674,704,-1,704,674,705,-1,704,705,706,-1,703,707,674,-1,674,707,708,-1,674,708,675,-1,675,708,709,-1,710,711,3,-1,3,711,712,-1,712,713,714,-1,715,716,717,-1,718,719,710,-1,710,719,720,-1,721,722,723,-1,721,723,724,-1,725,726,727,-1,723,728,729,-1,730,731,716,-1,716,731,732,-1,716,732,717,-1,717,732,733,-1,717,733,734,-1,735,736,737,-1,727,738,725,-1,725,738,739,-1,725,739,740,-1,740,739,741,-1,740,741,742,-1,742,741,743,-1,723,744,745,-1,722,746,723,-1,723,746,747,-1,723,747,728,-1,748,749,750,-1,750,749,723,-1,750,723,751,-1,751,723,729,-1,748,750,741,-1,741,750,752,-1,741,752,743,-1,745,753,723,-1,723,753,754,-1,723,754,724,-1,720,727,710,-1,710,727,726,-1,710,726,734,-1,734,726,755,-1,734,755,756,-1,736,757,737,-1,737,757,758,-1,737,758,759,-1,760,761,705,-1,705,761,762,-1,705,762,706,-1,763,764,737,-1,737,764,765,-1,737,765,735,-1,759,766,737,-1,737,766,767,-1,737,767,705,-1,705,767,768,-1,705,768,760,-1,322,168,338,-1,338,168,136,-1,338,136,349,-1,349,136,132,-1,349,132,354,-1,354,132,366,-1,769,168,770,-1,770,168,322,-1,770,322,771,-1,771,322,319,-1,771,319,772,-1,772,319,170,-1,772,170,769,-1,769,170,168,-1,773,185,774,-1,774,185,307,-1,774,307,775,-1,775,307,305,-1,775,305,776,-1,776,305,191,-1,776,191,773,-1,773,191,185,-1,777,778,266,-1,266,778,106,-1,106,778,779,-1,106,779,108,-1,108,779,780,-1,108,780,162,-1,259,231,254,-1,254,231,233,-1,254,233,253,-1,253,233,154,-1,253,154,266,-1,266,154,162,-1,266,162,777,-1,777,162,780,-1,68,53,66,-1,66,53,170,-1,66,170,781,-1,781,170,696,-1,781,696,701,-1,234,237,233,-1,233,237,86,-1,233,86,154,-1,154,86,90,-1,154,90,152,-1,152,90,782,-1,152,782,159,-1,159,782,783,-1,159,783,7,-1,7,783,784,-1,7,784,8,-1,8,784,785,-1,8,785,96,-1,96,785,786,-1,96,786,90,-1,90,786,787,-1,90,787,782,-1,44,45,42,-1,42,45,47,-1,42,47,38,-1,38,47,139,-1,38,139,36,-1,36,139,141,-1,788,212,209,-1,209,212,211,-1,209,211,208,-1,164,789,110,-1,110,789,161,-1,110,161,788,-1,788,161,6,-1,788,6,212,-1,212,6,8,-1,212,8,210,-1,210,8,194,-1,701,185,781,-1,781,185,181,-1,781,181,66,-1,66,181,180,-1,66,180,61,-1,61,180,737,-1,61,737,790,-1,756,763,734,-1,734,763,737,-1,734,737,717,-1,717,737,180,-1,717,180,791,-1,791,180,182,-1,791,182,179,-1,111,110,689,-1,689,110,788,-1,689,788,792,-1,792,788,209,-1,792,209,793,-1,793,209,207,-1,793,207,794,-1,705,795,737,-1,737,795,796,-1,737,796,790,-1,790,796,797,-1,790,797,798,-1,798,797,799,-1,798,799,800,-1,801,802,717,-1,803,804,805,-1,714,715,712,-1,712,715,717,-1,712,717,3,-1,3,717,802,-1,804,806,805,-1,805,806,807,-1,805,807,808,-1,4,809,810,-1,179,178,791,-1,791,178,805,-1,791,805,717,-1,717,805,808,-1,717,808,801,-1,802,811,3,-1,3,811,812,-1,3,812,4,-1,4,812,813,-1,4,813,809,-1,810,814,4,-1,4,814,815,-1,4,815,816,-1,816,817,4,-1,4,817,818,-1,4,818,805,-1,805,818,819,-1,805,819,803,-1,820,821,794,-1,794,821,822,-1,822,821,823,-1,822,823,824,-1,687,424,825,-1,825,424,415,-1,825,415,826,-1,826,415,140,-1,826,140,827,-1,827,140,139,-1,827,139,828,-1,828,139,684,-1,828,684,688,-1,688,684,682,-1,688,682,424,-1,424,682,829,-1,424,829,426,-1,667,830,668,-1,668,830,831,-1,668,831,832,-1,832,831,709,-1,832,709,5,-1,5,709,708,-1,5,708,3,-1,3,708,707,-1,3,707,710,-1,710,707,833,-1,710,833,718,-1,218,834,220,-1,220,834,835,-1,220,835,836,-1,836,835,213,-1,836,213,2,-1,2,213,215,-1,2,215,0,-1,837,838,839,-1,839,838,829,-1,839,829,840,-1,840,829,682,-1,840,682,841,-1,841,682,681,-1,841,681,842,-1,843,836,844,-1,844,836,2,-1,844,2,845,-1,845,2,75,-1,845,75,846,-1,846,75,618,-1,846,618,843,-1,843,618,836,-1,847,837,848,-1,848,837,839,-1,848,839,849,-1,849,839,840,-1,849,840,850,-1,850,840,841,-1,850,841,676,-1,676,841,842,-1,676,842,677,-1,604,851,618,-1,618,851,852,-1,618,852,836,-1,836,852,853,-1,836,853,220,-1,220,853,854,-1,855,654,856,-1,856,654,146,-1,856,146,142,-1,142,146,145,-1,142,145,143,-1,651,857,505,-1,505,857,855,-1,505,855,847,-1,847,855,856,-1,847,856,837,-1,837,856,142,-1,837,142,838,-1,838,142,144,-1,838,144,829,-1,829,144,858,-1,829,858,426,-1,426,858,859,-1,426,859,151,-1,151,859,860,-1,151,860,149,-1,665,664,666,-1,666,664,861,-1,666,861,862,-1,862,861,863,-1,862,863,864,-1,864,863,865,-1,864,865,866,-1,866,865,205,-1,866,205,867,-1,867,205,204,-1,867,204,868,-1,13,666,14,-1,14,666,862,-1,14,862,221,-1,221,862,864,-1,221,864,216,-1,216,864,866,-1,216,866,215,-1,215,866,867,-1,215,867,0,-1,0,867,868,-1,0,868,200,-1,869,464,870,-1,870,464,148,-1,870,148,871,-1,871,148,146,-1,871,146,872,-1,872,146,479,-1,872,479,869,-1,869,479,464,-1,513,505,873,-1,873,505,847,-1,873,847,874,-1,874,847,848,-1,874,848,875,-1,875,848,849,-1,875,849,876,-1,876,849,850,-1,876,850,877,-1,877,850,676,-1,877,676,798,-1,798,676,678,-1,798,678,790,-1,790,678,52,-1,790,52,61,-1,61,52,58,-1,61,58,59,-1,878,795,800,-1,800,795,705,-1,800,705,798,-1,798,705,674,-1,798,674,877,-1,877,674,671,-1,877,671,876,-1,876,671,669,-1,876,669,875,-1,875,669,229,-1,875,229,874,-1,874,229,227,-1,874,227,873,-1,873,227,522,-1,873,522,513,-1,15,17,125,-1,125,17,226,-1,125,226,879,-1,879,226,668,-1,879,668,880,-1,880,668,832,-1,880,832,881,-1,881,832,5,-1,881,5,882,-1,882,5,4,-1,882,4,822,-1,822,4,805,-1,822,805,794,-1,794,805,178,-1,794,178,793,-1,793,178,174,-1,793,174,792,-1,792,174,173,-1,792,173,689,-1,689,173,692,-1,689,692,690,-1,112,125,113,-1,113,125,879,-1,113,879,664,-1,664,879,880,-1,664,880,861,-1,861,880,881,-1,861,881,863,-1,863,881,882,-1,863,882,865,-1,865,882,822,-1,865,822,205,-1,205,822,824,-1,205,824,207,-1,207,824,883,-1,207,883,794,-1,794,883,884,-1,794,884,820,-1,820,884,885,-1,820,885,886,-1,574,576,588,-1,588,576,219,-1,588,219,590,-1,590,219,220,-1,590,220,604,-1,604,220,854,-1,604,854,851,-1,
        ]
    }
}
Shape{
    appearance Appearance {
        material  Material 	{
            diffuseColor 0.7529411764705882 0.7529411764705882 0.7529411764705882
            specularColor 0.3764705882352941 0.3764705882352941 0.3764705882352941
            ambientIntensity 0.7529
            transparency 0.0
            shininess 0.5
        }
    }
    geometry IndexedFaceSet {
        ccw TRUE
        solid FALSE
        coord DEF co Coordinate {
            point [
                4.7244 3.0315 0.3228, 4.7244 2.874 0.3228, 4.7244 3.0315 0.0079, 4.7244 2.874 0.0079, 4.7244 2.6378 0.3228, 4.7244 2.4803 0.3228, 4.7244 2.6378 0.0079, 4.7244 2.4803 0.0079, 4.7244 2.2441 0.3228, 4.7244 2.0866 0.3228, 4.7244 2.2441 0.0079, 4.7244 2.0866 0.0079, 4.7244 1.8504 0.3228, 4.7244 1.6929 0.3228, 4.7244 1.8504 0.0079, 4.7244 1.6929 0.0079, 4.7244 1.4567 0.3228, 4.7244 1.2992 0.3228, 4.7244 1.4567 0.0079, 4.7244 1.2992 0.0079, 4.7244 1.063 0.3228, 4.7244 0.9055 0.3228, 4.7244 1.063 0.0079, 4.7244 0.9055 0.0079, 4.7244 0.6693 0.3228, 4.7244 0.5118 0.3228, 4.7244 0.6693 0.0079, 4.7244 0.5118 0.0079, 4.7244 0.2756 0.3228, 4.7244 0.1181 0.3228, 4.7244 0.2756 0.0079, 4.7244 0.1181 0.0079, 4.7244 -0.1181 0.3228, 4.7244 -0.2756 0.3228, 4.7244 -0.1181 0.0079, 4.7244 -0.2756 0.0079, 4.7244 -0.5118 0.3228, 4.7244 -0.6693 0.3228, 4.7244 -0.5118 0.0079, 4.7244 -0.6693 0.0079, 4.7244 -0.9055 0.3228, 4.7244 -1.063 0.3228, 4.7244 -0.9055 0.0079, 4.7244 -1.063 0.0079, 4.7244 -1.2992 0.3228, 4.7244 -1.4567 0.3228, 4.7244 -1.2992 0.0079, 4.7244 -1.4567 0.0079, 4.7244 -1.6929 0.3228, 4.7244 -1.8504 0.3228, 4.7244 -1.6929 0.0079, 4.7244 -1.8504 0.0079, 4.7244 -2.0866 0.3228, 4.7244 -2.2441 0.3228, 4.7244 -2.0866 0.0079, 4.7244 -2.2441 0.0079, 4.7244 -2.4803 0.3228, 4.7244 -2.6378 0.3228, 4.7244 -2.4803 0.0079, 4.7244 -2.6378 0.0079, 4.7244 -2.874 0.3228, 4.7244 -3.0315 0.3228, 4.7244 -2.874 0.0079, 4.7244 -3.0315 0.0079, 4.7244 -3.2677 0.3228, 4.7244 -4.7244 0.3228, 4.7244 -3.2677 0.0079, 4.7244 -4.7244 0.0079, -4.7244 -3.0315 0.3228, -4.7244 -2.874 0.3228, -4.7244 -3.0315 0.0079, -4.7244 -2.874 0.0079, -4.7244 -2.6378 0.3228, -4.7244 -2.4803 0.3228, -4.7244 -2.6378 0.0079, -4.7244 -2.4803 0.0079, -4.7244 -2.2441 0.3228, -4.7244 -2.0866 0.3228, -4.7244 -2.2441 0.0079, -4.7244 -2.0866 0.0079, -4.7244 -1.8504 0.3228, -4.7244 -1.6929 0.3228, -4.7244 -1.8504 0.0079, -4.7244 -1.6929 0.0079, -4.7244 -1.4567 0.3228, -4.7244 -1.2992 0.3228, -4.7244 -1.4567 0.0079, -4.7244 -1.2992 0.0079, -4.7244 -1.063 0.3228, -4.7244 -0.9055 0.3228, -4.7244 -1.063 0.0079, -4.7244 -0.9055 0.0079, -4.7244 -0.6693 0.3228, -4.7244 -0.5118 0.3228, -4.7244 -0.6693 0.0079, -4.7244 -0.5118 0.0079, -4.7244 -0.2756 0.3228, -4.7244 -0.1181 0.3228, -4.7244 -0.2756 0.0079, -4.7244 -0.1181 0.0079, -4.7244 0.1181 0.3228, -4.7244 0.2756 0.3228, -4.7244 0.1181 0.0079, -4.7244 0.2756 0.0079, -4.7244 0.5118 0.3228, -4.7244 0.6693 0.3228, -4.7244 0.5118 0.0079, -4.7244 0.6693 0.0079, -4.7244 0.9055 0.3228, -4.7244 1.063 0.3228, -4.7244 0.9055 0.0079, -4.7244 1.063 0.0079, -4.7244 1.2992 0.3228, -4.7244 1.4567 0.3228, -4.7244 1.2992 0.0079, -4.7244 1.4567 0.0079, -4.7244 1.6929 0.3228, -4.7244 1.8504 0.3228, -4.7244 1.6929 0.0079, -4.7244 1.8504 0.0079, -4.7244 2.0866 0.3228, -4.7244 2.2441 0.3228, -4.7244 2.0866 0.0079, -4.7244 2.2441 0.0079, -4.7244 2.4803 0.3228, -4.7244 2.6378 0.3228, -4.7244 2.4803 0.0079, -4.7244 2.6378 0.0079, -4.7244 2.874 0.3228, -4.7244 3.0315 0.3228, -4.7244 2.874 0.0079, -4.7244 3.0315 0.0079, -4.7244 3.2677 0.3228, -4.7244 4.7244 0.3228, -4.7244 3.2677 0.0079, -4.7244 4.7244 0.0079, -4.0551 4.7244 0.0079, -4.2126 4.7244 0.0079, -4.0551 4.7244 0.3228, -4.2126 4.7244 0.3228, -3.6614 4.7244 0.0079, -3.8189 4.7244 0.0079, -3.6614 4.7244 0.3228, -3.8189 4.7244 0.3228, -3.2677 4.7244 0.0079, -3.4252 4.7244 0.0079, -3.2677 4.7244 0.3228, -3.4252 4.7244 0.3228, -2.874 4.7244 0.0079, -3.0315 4.7244 0.0079, -2.874 4.7244 0.3228, -3.0315 4.7244 0.3228, -2.4803 4.7244 0.0079, -2.6378 4.7244 0.0079, -2.4803 4.7244 0.3228, -2.6378 4.7244 0.3228, -2.0866 4.7244 0.0079, -2.2441 4.7244 0.0079, -2.0866 4.7244 0.3228, -2.2441 4.7244 0.3228, -1.6929 4.7244 0.0079, -1.8504 4.7244 0.0079, -1.6929 4.7244 0.3228, -1.8504 4.7244 0.3228, -1.2992 4.7244 0.0079, -1.4567 4.7244 0.0079, -1.2992 4.7244 0.3228, -1.4567 4.7244 0.3228, -0.9055 4.7244 0.0079, -1.063 4.7244 0.0079, -0.9055 4.7244 0.3228, -1.063 4.7244 0.3228, -0.5118 4.7244 0.0079, -0.6693 4.7244 0.0079, -0.5118 4.7244 0.3228, -0.6693 4.7244 0.3228, -0.1181 4.7244 0.0079, -0.2756 4.7244 0.0079, -0.1181 4.7244 0.3228, -0.2756 4.7244 0.3228, 0.2756 4.7244 0.0079, 0.1181 4.7244 0.0079, 0.2756 4.7244 0.3228, 0.1181 4.7244 0.3228, 0.6693 4.7244 0.0079, 0.5118 4.7244 0.0079, 0.6693 4.7244 0.3228, 0.5118 4.7244 0.3228, 1.063 4.7244 0.0079, 0.9055 4.7244 0.0079, 1.063 4.7244 0.3228, 0.9055 4.7244 0.3228, 1.4567 4.7244 0.0079, 1.2992 4.7244 0.0079, 1.4567 4.7244 0.3228, 1.2992 4.7244 0.3228, 1.8504 4.7244 0.0079, 1.6929 4.7244 0.0079, 1.8504 4.7244 0.3228, 1.6929 4.7244 0.3228, 2.2441 4.7244 0.0079, 2.0866 4.7244 0.0079, 2.2441 4.7244 0.3228, 2.0866 4.7244 0.3228, 2.6378 4.7244 0.0079, 2.4803 4.7244 0.0079, 2.6378 4.7244 0.3228, 2.4803 4.7244 0.3228, 3.0315 4.7244 0.0079, 2.874 4.7244 0.0079, 3.0315 4.7244 0.3228, 2.874 4.7244 0.3228, 3.4252 4.7244 0.0079, 3.2677 4.7244 0.0079, 3.4252 4.7244 0.3228, 3.2677 4.7244 0.3228, 3.8189 4.7244 0.0079, 3.6614 4.7244 0.0079, 3.8189 4.7244 0.3228, 3.6614 4.7244 0.3228, 4.2126 4.7244 0.0079, 4.0551 4.7244 0.0079, 4.2126 4.7244 0.3228, 4.0551 4.7244 0.3228, 4.4488 4.7244 0.3228, 4.7244 4.7244 0.3228, 4.4488 4.7244 0.0079, 4.7244 4.7244 0.0079, -2.6378 -4.7244 0.0079, -2.4803 -4.7244 0.0079, -2.6378 -4.7244 0.3228, -2.4803 -4.7244 0.3228, -3.0315 -4.7244 0.0079, -2.874 -4.7244 0.0079, -3.0315 -4.7244 0.3228, -2.874 -4.7244 0.3228, -3.4252 -4.7244 0.0079, -3.2677 -4.7244 0.0079, -3.4252 -4.7244 0.3228, -3.2677 -4.7244 0.3228, -3.8189 -4.7244 0.0079, -3.6614 -4.7244 0.0079, -3.8189 -4.7244 0.3228, -3.6614 -4.7244 0.3228, -4.2126 -4.7244 0.0079, -4.0551 -4.7244 0.0079, -4.2126 -4.7244 0.3228, -4.0551 -4.7244 0.3228, -4.4488 -4.7244 0.3228, -4.7244 -4.7244 0.3228, -4.4488 -4.7244 0.0079, -4.7244 -4.7244 0.0079, -2.2441 -4.7244 0.0079, -2.0866 -4.7244 0.0079, -2.2441 -4.7244 0.3228, -2.0866 -4.7244 0.3228, -1.8504 -4.7244 0.0079, -1.6929 -4.7244 0.0079, -1.8504 -4.7244 0.3228, -1.6929 -4.7244 0.3228, -1.4567 -4.7244 0.0079, -1.2992 -4.7244 0.0079, -1.4567 -4.7244 0.3228, -1.2992 -4.7244 0.3228, -1.063 -4.7244 0.0079, -0.9055 -4.7244 0.0079, -1.063 -4.7244 0.3228, -0.9055 -4.7244 0.3228, -0.6693 -4.7244 0.0079, -0.5118 -4.7244 0.0079, -0.6693 -4.7244 0.3228, -0.5118 -4.7244 0.3228, -0.2756 -4.7244 0.0079, -0.1181 -4.7244 0.0079, -0.2756 -4.7244 0.3228, -0.1181 -4.7244 0.3228, 0.1181 -4.7244 0.0079, 0.2756 -4.7244 0.0079, 0.1181 -4.7244 0.3228, 0.2756 -4.7244 0.3228, 0.5118 -4.7244 0.0079, 0.6693 -4.7244 0.0079, 0.5118 -4.7244 0.3228, 0.6693 -4.7244 0.3228, 0.9055 -4.7244 0.0079, 1.063 -4.7244 0.0079, 0.9055 -4.7244 0.3228, 1.063 -4.7244 0.3228, 1.2992 -4.7244 0.0079, 1.4567 -4.7244 0.0079, 1.2992 -4.7244 0.3228, 1.4567 -4.7244 0.3228, 1.6929 -4.7244 0.0079, 1.8504 -4.7244 0.0079, 1.6929 -4.7244 0.3228, 1.8504 -4.7244 0.3228, 2.0866 -4.7244 0.0079, 2.2441 -4.7244 0.0079, 2.0866 -4.7244 0.3228, 2.2441 -4.7244 0.3228, 2.4803 -4.7244 0.0079, 2.6378 -4.7244 0.0079, 2.4803 -4.7244 0.3228, 2.6378 -4.7244 0.3228, 2.874 -4.7244 0.0079, 3.0315 -4.7244 0.0079, 2.874 -4.7244 0.3228, 3.0315 -4.7244 0.3228, 3.2677 -4.7244 0.0079, 3.4252 -4.7244 0.0079, 3.2677 -4.7244 0.3228, 3.4252 -4.7244 0.3228, 3.6614 -4.7244 0.0079, 3.8189 -4.7244 0.0079, 3.6614 -4.7244 0.3228, 3.8189 -4.7244 0.3228, 4.0551 -4.7244 0.0079, 4.2126 -4.7244 0.0079, 4.0551 -4.7244 0.3228, 4.2126 -4.7244 0.3228, 4.7244 3.2677 0.0079, 4.7244 3.2677 0.3228, -4.4488 4.7244 0.0079, -4.4488 4.7244 0.3228, -4.7244 -3.2677 0.0079, -4.7244 -3.2677 0.3228, 4.4488 -4.7244 0.0079, 4.4488 -4.7244 0.3228
            ]
        }
        coordIndex [
            0,1,2,-1,2,1,3,-1,4,5,6,-1,6,5,7,-1,8,9,10,-1,10,9,11,-1,12,13,14,-1,14,13,15,-1,16,17,18,-1,18,17,19,-1,20,21,22,-1,22,21,23,-1,24,25,26,-1,26,25,27,-1,28,29,30,-1,30,29,31,-1,32,33,34,-1,34,33,35,-1,36,37,38,-1,38,37,39,-1,40,41,42,-1,42,41,43,-1,44,45,46,-1,46,45,47,-1,48,49,50,-1,50,49,51,-1,52,53,54,-1,54,53,55,-1,56,57,58,-1,58,57,59,-1,60,61,62,-1,62,61,63,-1,64,65,66,-1,66,65,67,-1,68,69,70,-1,70,69,71,-1,72,73,74,-1,74,73,75,-1,76,77,78,-1,78,77,79,-1,80,81,82,-1,82,81,83,-1,84,85,86,-1,86,85,87,-1,88,89,90,-1,90,89,91,-1,92,93,94,-1,94,93,95,-1,96,97,98,-1,98,97,99,-1,100,101,102,-1,102,101,103,-1,104,105,106,-1,106,105,107,-1,108,109,110,-1,110,109,111,-1,112,113,114,-1,114,113,115,-1,116,117,118,-1,118,117,119,-1,120,121,122,-1,122,121,123,-1,124,125,126,-1,126,125,127,-1,128,129,130,-1,130,129,131,-1,132,133,134,-1,134,133,135,-1,136,137,138,-1,138,137,139,-1,140,141,142,-1,142,141,143,-1,144,145,146,-1,146,145,147,-1,148,149,150,-1,150,149,151,-1,152,153,154,-1,154,153,155,-1,156,157,158,-1,158,157,159,-1,160,161,162,-1,162,161,163,-1,164,165,166,-1,166,165,167,-1,168,169,170,-1,170,169,171,-1,172,173,174,-1,174,173,175,-1,176,177,178,-1,178,177,179,-1,180,181,182,-1,182,181,183,-1,184,185,186,-1,186,185,187,-1,188,189,190,-1,190,189,191,-1,192,193,194,-1,194,193,195,-1,196,197,198,-1,198,197,199,-1,200,201,202,-1,202,201,203,-1,204,205,206,-1,206,205,207,-1,208,209,210,-1,210,209,211,-1,212,213,214,-1,214,213,215,-1,216,217,218,-1,218,217,219,-1,220,221,222,-1,222,221,223,-1,224,225,226,-1,226,225,227,-1,228,229,230,-1,230,229,231,-1,232,233,234,-1,234,233,235,-1,236,237,238,-1,238,237,239,-1,240,241,242,-1,242,241,243,-1,244,245,246,-1,246,245,247,-1,248,249,250,-1,250,249,251,-1,252,253,254,-1,254,253,255,-1,256,257,258,-1,258,257,259,-1,260,261,262,-1,262,261,263,-1,264,265,266,-1,266,265,267,-1,268,269,270,-1,270,269,271,-1,272,273,274,-1,274,273,275,-1,276,277,278,-1,278,277,279,-1,280,281,282,-1,282,281,283,-1,284,285,286,-1,286,285,287,-1,288,289,290,-1,290,289,291,-1,292,293,294,-1,294,293,295,-1,296,297,298,-1,298,297,299,-1,300,301,302,-1,302,301,303,-1,304,305,306,-1,306,305,307,-1,308,309,310,-1,310,309,311,-1,312,313,314,-1,314,313,315,-1,316,317,318,-1,318,317,319,-1,320,227,321,-1,321,227,225,-1,322,135,323,-1,323,135,133,-1,324,251,325,-1,325,251,249,-1,326,67,327,-1,327,67,65,-1,
        ]
    }
}
Shape{
    appearance Appearance {
        material  Material 	{
            diffuseColor 0.0 0.5019607843137255 0.25098039215686274
            specularColor 0.0 0.25098039215686274 0.12549019607843137
            ambientIntensity 0.3233
            transparency 0.0
            shininess 0.5
        }
    }
    geometry IndexedFaceSet {
        ccw TRUE
        solid FALSE
        coord DEF co Coordinate {
            point [
                4.4488 -4.5709 0.3228, 4.4488 -4.7244 0.3228, 4.7244 -4.7244 0.3228, -4.7244 -4.7244 0.3228, -4.4488 -4.7244 0.3228, -4.4488 -4.5709 0.3228, 1.6929 -4.5709 0.3228, 1.6929 -4.7244 0.3228, 1.8504 -4.7244 0.3228, 2.874 -4.7244 0.3228, 3.0315 -4.7244 0.3228, 2.874 -4.5709 0.3228, 3.0315 -4.5709 0.3228, -4.5708 -2.0866 0.3228, -4.7244 -2.0866 0.3228, -4.7244 -2.2441 0.3228, 1.8504 -4.5709 0.3228, 2.0866 -4.5709 0.3228, 4.2717 -4.3898 0.3228, 3.2677 -4.7244 0.3228, 3.4252 -4.7244 0.3228, 3.2677 -4.5709 0.3228, 3.4252 -4.5709 0.3228, 4.298 -4.3868 0.3228, -4.2126 -4.7244 0.3228, -4.0551 -4.7244 0.3228, -4.2126 -4.5709 0.3228, -4.0551 -4.5709 0.3228, 3.6614 -4.7244 0.3228, 3.8189 -4.7244 0.3228, 3.6614 -4.5709 0.3228, 3.8189 -4.5709 0.3228, 4.5709 -1.8504 0.3228, 4.7244 -1.8504 0.3228, 4.7244 -1.6929 0.3228, 4.5709 -0.2756 0.3228, 4.7244 -0.2756 0.3228, 4.7244 -0.1181 0.3228, -4.3022 -4.3857 0.3228, -4.3307 -4.3739 0.3228, 2.0866 -4.7244 0.3228, 2.2441 -4.7244 0.3228, 2.2441 -4.5709 0.3228, 2.4803 -4.5709 0.3228, 4.2126 4.7244 0.3228, 4.0551 4.7244 0.3228, 4.2126 4.5709 0.3228, 4.0551 4.5709 0.3228, -4.3552 -4.3552 0.3228, -4.3739 -4.3307 0.3228, -4.3857 -4.3022 0.3228, -3.4252 -4.5709 0.3228, -3.4252 -4.7244 0.3228, -3.2677 -4.7244 0.3228, 4.0551 -4.7244 0.3228, 4.2126 -4.7244 0.3228, 4.0551 -4.5709 0.3228, 4.2126 -4.5709 0.3228, 4.5709 -1.063 0.3228, 4.7244 -1.063 0.3228, 4.7244 -0.9055 0.3228, -4.7244 -3.2677 0.3228, -4.5708 -3.2677 0.3228, -4.3897 -4.2717 0.3228, -4.5708 -3.0315 0.3228, 2.4803 -4.7244 0.3228, 2.6378 -4.7244 0.3228, 2.6378 -4.5709 0.3228, 4.7244 -3.0315 0.3228, 4.7244 -2.874 0.3228, 4.5709 -3.0315 0.3228, 4.5709 -2.874 0.3228, 4.5709 -0.1181 0.3228, 4.5709 0.1181 0.3228, 4.3898 4.2717 0.3228, 4.5709 0.5118 0.3228, 4.7244 0.5118 0.3228, 4.7244 0.6693 0.3228, 3.4252 4.5709 0.3228, 3.4252 4.7244 0.3228, 3.2677 4.7244 0.3228, -4.7244 -2.4803 0.3228, -4.7244 -2.6378 0.3228, -4.5708 -2.4803 0.3228, -4.5708 -2.6378 0.3228, -4.7244 -2.874 0.3228, -4.7244 -3.0315 0.3228, -4.5708 -2.874 0.3228, -4.3897 4.2717 0.3228, 4.3868 -4.2979 0.3228, 4.3898 -4.2717 0.3228, 4.7244 -3.2677 0.3228, 4.3781 -4.3229 0.3228, 4.364 -4.3453 0.3228, 4.3453 -4.364 0.3228, 4.5709 -1.6929 0.3228, 4.5709 -1.4567 0.3228, 4.5709 -0.9055 0.3228, 4.5709 -0.6693 0.3228, -2.6378 -4.5709 0.3228, -2.6378 -4.7244 0.3228, -2.4803 -4.7244 0.3228, 4.3229 -4.3781 0.3228, 4.5709 -3.2677 0.3228, 4.5709 -2.6378 0.3228, 4.5709 -1.2992 0.3228, 4.7244 -1.2992 0.3228, 4.7244 -1.4567 0.3228, 4.5709 -0.5118 0.3228, 4.7244 -0.5118 0.3228, 4.7244 -0.6693 0.3228, 4.5709 0.6693 0.3228, 4.5709 0.9055 0.3228, 1.4567 4.5709 0.3228, 1.4567 4.7244 0.3228, 1.2992 4.7244 0.3228, -4.5708 -1.063 0.3228, -4.5708 -1.2992 0.3228, 4.7244 -2.6378 0.3228, 4.7244 -2.4803 0.3228, 4.5709 -2.4803 0.3228, 4.5709 -2.2441 0.3228, 4.7244 0.1181 0.3228, 4.7244 0.2756 0.3228, 4.5709 0.2756 0.3228, 4.5709 1.2992 0.3228, 4.7244 1.2992 0.3228, 4.7244 1.4567 0.3228, -4.5708 -2.2441 0.3228, -2.4803 -4.5709 0.3228, -2.2441 -4.5709 0.3228, 4.5709 1.4567 0.3228, 4.5709 1.6929 0.3228, 2.6378 4.5709 0.3228, 2.6378 4.7244 0.3228, 2.4803 4.7244 0.3228, 0.6693 4.5709 0.3228, 0.6693 4.7244 0.3228, 0.5118 4.7244 0.3228, -4.7244 -1.2992 0.3228, -4.7244 -1.4567 0.3228, -4.5708 -1.4567 0.3228, -4.5708 -1.6929 0.3228, 4.7244 -2.2441 0.3228, 4.7244 -2.0866 0.3228, 4.5709 -2.0866 0.3228, 4.5709 1.063 0.3228, 4.7244 1.063 0.3228, 4.7244 0.9055 0.3228, -4.5708 -1.8504 0.3228, -4.7244 -1.8504 0.3228, -4.7244 -1.6929 0.3228, -3.2677 -4.5709 0.3228, -3.0315 -4.5709 0.3228, -3.0315 -4.7244 0.3228, -2.874 -4.7244 0.3228, -2.874 -4.5709 0.3228, -1.4567 -4.5709 0.3228, -1.4567 -4.7244 0.3228, -1.2992 -4.7244 0.3228, 4.5709 2.0866 0.3228, 4.7244 2.0866 0.3228, 4.7244 2.2441 0.3228, 1.2992 4.5709 0.3228, 1.063 4.5709 0.3228, -4.2716 4.3898 0.3228, 0.5118 4.5709 0.3228, 0.2756 4.5709 0.3228, -4.2716 -4.3898 0.3228, -3.8189 -4.5709 0.3228, -3.8189 -4.7244 0.3228, -3.6614 -4.7244 0.3228, -3.6614 -4.5709 0.3228, 4.5709 2.2441 0.3228, 4.5709 2.4803 0.3228, 2.4803 4.5709 0.3228, 2.2441 4.5709 0.3228, 0.9055 4.5709 0.3228, 0.9055 4.7244 0.3228, 1.063 4.7244 0.3228, -0.1181 4.5709 0.3228, -0.1181 4.7244 0.3228, -0.2756 4.7244 0.3228, -4.4488 4.5709 0.3228, -4.4488 4.7244 0.3228, -4.7244 4.7244 0.3228, 4.5709 1.8504 0.3228, 4.7244 1.8504 0.3228, 4.7244 1.6929 0.3228, 3.2677 4.5709 0.3228, 3.0315 4.5709 0.3228, 3.6614 4.5709 0.3228, 3.8189 4.5709 0.3228, 3.6614 4.7244 0.3228, 3.8189 4.7244 0.3228, 1.8504 4.5709 0.3228, 2.0866 4.5709 0.3228, 2.0866 4.7244 0.3228, 2.2441 4.7244 0.3228, -0.6693 -4.5709 0.3228, -0.6693 -4.7244 0.3228, -0.5118 -4.7244 0.3228, 2.874 4.5709 0.3228, 2.874 4.7244 0.3228, 3.0315 4.7244 0.3228, 1.6929 4.5709 0.3228, 1.6929 4.7244 0.3228, 1.8504 4.7244 0.3228, -0.2756 4.5709 0.3228, -0.5118 4.5709 0.3228, -2.2441 -4.7244 0.3228, -2.0866 -4.7244 0.3228, -2.0866 -4.5709 0.3228, -1.8504 -4.5709 0.3228, -1.2992 -4.5709 0.3228, -1.063 -4.5709 0.3228, 4.7244 2.874 0.3228, 4.7244 3.0315 0.3228, 4.5709 2.874 0.3228, 4.5709 3.0315 0.3228, -1.8504 -4.7244 0.3228, -1.6929 -4.7244 0.3228, -1.6929 -4.5709 0.3228, 4.7244 2.4803 0.3228, 4.7244 2.6378 0.3228, 4.5709 2.6378 0.3228, 4.3868 4.2979 0.3228, 0.1181 4.5709 0.3228, 0.1181 4.7244 0.3228, 0.2756 4.7244 0.3228, -0.9055 4.5709 0.3228, -0.9055 4.7244 0.3228, -1.063 4.7244 0.3228, -1.063 4.5709 0.3228, -1.2992 4.5709 0.3228, -0.5118 -4.5709 0.3228, -0.2756 -4.5709 0.3228, 0.1181 -4.5709 0.3228, 0.1181 -4.7244 0.3228, 0.2756 -4.7244 0.3228, 4.298 4.3868 0.3228, 4.3229 4.3781 0.3228, 4.4488 4.5709 0.3228, 4.3453 4.364 0.3228, -0.6693 4.5709 0.3228, -0.6693 4.7244 0.3228, -0.5118 4.7244 0.3228, -1.063 -4.7244 0.3228, -0.9055 -4.7244 0.3228, -0.9055 -4.5709 0.3228, 4.2717 4.3898 0.3228, 4.364 4.3453 0.3228, 4.3781 4.3229 0.3228, 4.5709 3.2677 0.3228, 4.7244 3.2677 0.3228, 4.7244 4.7244 0.3228, 4.4488 4.7244 0.3228, -1.6929 4.5709 0.3228, -1.6929 4.7244 0.3228, -1.8504 4.7244 0.3228, 0.2756 -4.5709 0.3228, 0.5118 -4.5709 0.3228, -1.8504 4.5709 0.3228, -2.0866 4.5709 0.3228, -1.4567 4.5709 0.3228, -1.4567 4.7244 0.3228, -1.2992 4.7244 0.3228, -0.2756 -4.7244 0.3228, -0.1181 -4.7244 0.3228, -0.1181 -4.5709 0.3228, 0.9055 -4.5709 0.3228, 0.9055 -4.7244 0.3228, 1.063 -4.7244 0.3228, 1.063 -4.5709 0.3228, 1.2992 -4.5709 0.3228, -2.4803 4.5709 0.3228, -2.4803 4.7244 0.3228, -2.6378 4.7244 0.3228, 0.6693 -4.5709 0.3228, 0.6693 -4.7244 0.3228, 0.5118 -4.7244 0.3228, -2.6378 4.5709 0.3228, -2.874 4.5709 0.3228, 1.4567 -4.5709 0.3228, 1.4567 -4.7244 0.3228, 1.2992 -4.7244 0.3228, -2.2441 4.5709 0.3228, -2.2441 4.7244 0.3228, -2.0866 4.7244 0.3228, -3.2677 4.7244 0.3228, -3.4252 4.7244 0.3228, -3.2677 4.5709 0.3228, -3.4252 4.5709 0.3228, -2.874 4.7244 0.3228, -3.0315 4.7244 0.3228, -3.0315 4.5709 0.3228, -4.3022 4.3857 0.3228, -3.6614 4.5709 0.3228, -4.0551 4.7244 0.3228, -4.2126 4.7244 0.3228, -4.0551 4.5709 0.3228, -4.2126 4.5709 0.3228, -4.3857 4.3022 0.3228, -4.3739 4.3307 0.3228, -4.3552 4.3552 0.3228, -4.3307 4.3739 0.3228, -4.5708 1.8504 0.3228, -4.7244 1.8504 0.3228, -4.7244 1.6929 0.3228, -3.6614 4.7244 0.3228, -3.8189 4.7244 0.3228, -3.8189 4.5709 0.3228, -4.5708 1.063 0.3228, -4.7244 1.063 0.3228, -4.7244 0.9055 0.3228, -4.5708 -0.1181 0.3228, -4.7244 -0.1181 0.3228, -4.7244 -0.2756 0.3228, -4.5708 -0.9055 0.3228, -4.7244 -0.9055 0.3228, -4.7244 -1.063 0.3228, -4.7244 3.2677 0.3228, -4.5708 3.2677 0.3228, -4.5708 3.0315 0.3228, -4.7244 3.0315 0.3228, -4.7244 2.874 0.3228, -4.5708 2.874 0.3228, -4.5708 2.6378 0.3228, -4.7244 2.6378 0.3228, -4.7244 2.4803 0.3228, -4.5708 2.4803 0.3228, -4.5708 2.2441 0.3228, -4.5708 1.6929 0.3228, -4.5708 1.4567 0.3228, -4.5708 2.0866 0.3228, -4.7244 2.0866 0.3228, -4.7244 2.2441 0.3228, -4.5708 0.9055 0.3228, -4.5708 0.6693 0.3228, -4.5708 1.2992 0.3228, -4.7244 1.2992 0.3228, -4.7244 1.4567 0.3228, -4.7244 0.6693 0.3228, -4.7244 0.5118 0.3228, -4.5708 0.5118 0.3228, -4.5708 0.2756 0.3228, -4.5708 -0.2756 0.3228, -4.5708 -0.5118 0.3228, -4.5708 0.1181 0.3228, -4.7244 0.1181 0.3228, -4.7244 0.2756 0.3228, -4.7244 -0.5118 0.3228, -4.7244 -0.6693 0.3228, -4.5708 -0.6693 0.3228
            ]
        }
        coordIndex [
            0,1,2,-1,3,4,5,-1,6,7,8,-1,9,10,11,-1,11,10,12,-1,13,14,15,-1,16,17,18,-1,19,20,21,-1,21,20,22,-1,21,22,23,-1,24,25,26,-1,26,25,27,-1,28,29,30,-1,30,29,31,-1,32,33,34,-1,35,36,37,-1,5,38,39,-1,40,41,17,-1,17,41,42,-1,17,42,18,-1,18,42,43,-1,44,45,46,-1,46,45,47,-1,39,48,5,-1,5,48,49,-1,5,49,50,-1,51,52,53,-1,54,55,56,-1,56,55,57,-1,58,59,60,-1,3,5,61,-1,61,5,50,-1,61,50,62,-1,62,50,63,-1,62,63,64,-1,65,66,43,-1,43,66,67,-1,43,67,18,-1,18,67,11,-1,18,11,23,-1,23,11,12,-1,23,12,21,-1,68,69,70,-1,70,69,71,-1,72,73,74,-1,75,76,77,-1,78,79,80,-1,81,82,83,-1,83,82,84,-1,85,86,87,-1,87,86,64,-1,87,64,88,-1,88,64,63,-1,89,0,90,-1,90,0,2,-1,90,2,91,-1,89,92,0,-1,0,92,93,-1,0,93,94,-1,74,95,96,-1,74,97,98,-1,99,100,101,-1,22,30,23,-1,23,30,31,-1,23,31,102,-1,102,31,56,-1,102,56,94,-1,94,56,57,-1,94,57,0,-1,91,103,90,-1,90,103,70,-1,90,70,74,-1,74,70,71,-1,74,71,104,-1,60,97,58,-1,58,97,74,-1,58,74,105,-1,105,74,96,-1,105,96,106,-1,106,96,107,-1,37,72,35,-1,35,72,74,-1,35,74,108,-1,108,74,98,-1,108,98,109,-1,109,98,110,-1,111,112,74,-1,113,114,115,-1,88,116,117,-1,118,119,104,-1,104,119,120,-1,104,120,74,-1,74,120,121,-1,122,123,73,-1,73,123,124,-1,73,124,74,-1,74,124,75,-1,74,75,111,-1,111,75,77,-1,125,126,127,-1,128,83,88,-1,88,83,84,-1,88,84,87,-1,129,130,18,-1,131,132,74,-1,133,134,135,-1,136,137,138,-1,139,140,117,-1,117,140,141,-1,117,141,88,-1,88,141,142,-1,143,144,121,-1,121,144,145,-1,121,145,74,-1,74,145,32,-1,74,32,95,-1,95,32,34,-1,127,131,125,-1,125,131,74,-1,125,74,146,-1,146,74,112,-1,146,112,147,-1,147,112,148,-1,15,128,13,-1,13,128,88,-1,13,88,149,-1,149,88,142,-1,149,142,150,-1,150,142,151,-1,18,152,153,-1,154,155,153,-1,153,155,156,-1,153,156,18,-1,18,156,99,-1,18,99,129,-1,129,99,101,-1,157,158,159,-1,160,161,162,-1,163,164,165,-1,166,167,165,-1,38,5,168,-1,168,5,26,-1,168,26,18,-1,18,26,27,-1,18,27,169,-1,170,171,169,-1,169,171,172,-1,169,172,18,-1,18,172,51,-1,18,51,152,-1,152,51,53,-1,173,174,74,-1,165,175,176,-1,138,166,136,-1,136,166,165,-1,136,165,177,-1,177,165,164,-1,177,164,178,-1,178,164,179,-1,180,181,182,-1,183,184,185,-1,162,173,160,-1,160,173,74,-1,160,74,186,-1,186,74,132,-1,186,132,187,-1,187,132,188,-1,189,190,165,-1,80,189,78,-1,78,189,165,-1,78,165,191,-1,191,165,192,-1,191,192,193,-1,193,192,194,-1,195,165,196,-1,196,165,176,-1,196,176,197,-1,197,176,198,-1,199,200,201,-1,135,175,133,-1,133,175,165,-1,133,165,202,-1,202,165,190,-1,202,190,203,-1,203,190,204,-1,115,163,113,-1,113,163,165,-1,113,165,205,-1,205,165,195,-1,205,195,206,-1,206,195,207,-1,208,209,165,-1,210,211,130,-1,130,211,212,-1,130,212,18,-1,18,212,213,-1,214,215,18,-1,216,217,218,-1,218,217,219,-1,220,221,213,-1,213,221,222,-1,213,222,18,-1,18,222,157,-1,18,157,214,-1,214,157,159,-1,223,224,174,-1,174,224,225,-1,174,225,74,-1,74,225,218,-1,74,218,226,-1,226,218,219,-1,182,208,180,-1,180,208,165,-1,180,165,227,-1,227,165,167,-1,227,167,228,-1,228,167,229,-1,230,231,232,-1,233,234,165,-1,235,236,18,-1,237,238,239,-1,240,241,242,-1,242,241,243,-1,232,233,230,-1,230,233,165,-1,230,165,244,-1,244,165,209,-1,244,209,245,-1,245,209,246,-1,247,248,215,-1,215,248,249,-1,215,249,18,-1,18,249,199,-1,18,199,235,-1,235,199,201,-1,240,242,250,-1,250,242,46,-1,250,46,165,-1,165,46,47,-1,165,47,192,-1,243,251,242,-1,242,251,252,-1,242,252,226,-1,219,253,226,-1,226,253,254,-1,226,254,242,-1,242,254,255,-1,242,255,256,-1,257,258,259,-1,260,261,18,-1,262,263,165,-1,259,262,257,-1,257,262,165,-1,257,165,264,-1,264,165,234,-1,264,234,265,-1,265,234,266,-1,267,268,236,-1,236,268,269,-1,236,269,18,-1,18,269,237,-1,18,237,260,-1,260,237,239,-1,270,271,272,-1,273,274,18,-1,275,276,277,-1,272,273,270,-1,270,273,18,-1,270,18,278,-1,278,18,261,-1,278,261,279,-1,279,261,280,-1,281,282,165,-1,8,16,6,-1,6,16,18,-1,6,18,283,-1,283,18,274,-1,283,274,284,-1,284,274,285,-1,277,281,275,-1,275,281,165,-1,275,165,286,-1,286,165,263,-1,286,263,287,-1,287,263,288,-1,289,290,291,-1,291,290,292,-1,293,294,282,-1,282,294,295,-1,282,295,165,-1,165,295,291,-1,165,291,296,-1,296,291,292,-1,296,292,297,-1,298,299,300,-1,300,299,301,-1,88,302,183,-1,302,303,183,-1,183,303,304,-1,183,304,305,-1,306,307,308,-1,309,310,297,-1,297,310,311,-1,297,311,296,-1,296,311,300,-1,296,300,305,-1,305,300,301,-1,305,301,183,-1,312,313,314,-1,315,316,317,-1,318,319,320,-1,185,321,183,-1,183,321,322,-1,183,322,88,-1,88,322,323,-1,324,325,323,-1,323,325,326,-1,323,326,88,-1,88,326,327,-1,328,329,327,-1,327,329,330,-1,327,330,88,-1,88,330,331,-1,332,333,88,-1,308,332,306,-1,306,332,88,-1,306,88,334,-1,334,88,331,-1,334,331,335,-1,335,331,336,-1,337,338,88,-1,314,337,312,-1,312,337,88,-1,312,88,339,-1,339,88,333,-1,339,333,340,-1,340,333,341,-1,342,343,338,-1,338,343,344,-1,338,344,88,-1,88,344,345,-1,346,347,88,-1,317,346,315,-1,315,346,88,-1,315,88,348,-1,348,88,345,-1,348,345,349,-1,349,345,350,-1,351,352,347,-1,347,352,353,-1,347,353,88,-1,88,353,318,-1,88,318,116,-1,116,318,320,-1,
        ]
    }
}
Shape{
    appearance Appearance {
        material  Material 	{
            diffuseColor 0.6470588235294118 0.6196078431372549 0.5882352941176471
            specularColor 0.45098039215686275 0.43529411764705883 0.4117647058823529
            ambientIntensity 0.6242
            transparency 0.0
            shininess 0.5
        }
    }
    geometry IndexedFaceSet {
        ccw TRUE
        solid FALSE
        coord DEF co Coordinate {
            point [
                4.3898 -4.2717 0.874, 4.3898 -4.2717 0.3228, 4.3898 4.2717 0.874, 4.3898 4.2717 0.3228, 4.2717 4.3898 0.874, 4.2717 4.3898 0.3228, -4.2716 4.3898 0.874, -4.2716 4.3898 0.3228, -4.3897 4.2717 0.874, -4.3897 4.2717 0.3228, -4.3897 -4.2717 0.874, -4.3897 -4.2717 0.3228, -4.2716 -4.3898 0.874, -4.2716 -4.3898 0.3228, 4.2717 -4.3898 0.874, 4.2717 -4.3898 0.3228, -4.0183 3.3588 0.9528, -3.9918 3.4228 0.9528, -4.311 4.2717 0.9528, -4.2716 -4.311 0.9528, -3.762 3.0247 0.9528, -3.8307 3.0337 0.9528, 4.2717 -4.311 0.9528, 4.2819 -4.3097 0.9528, -3.5321 3.1574 0.9528, 4.2914 -4.3057 0.9528, 4.2995 -4.2995 0.9528, 4.3058 -4.2913 0.9528, -3.5743 3.1024 0.9528, -3.6293 3.0602 0.9528, -3.6933 3.0337 0.9528, -4.311 -4.2717 0.9528, -3.8947 3.0602 0.9528, -3.9496 3.1024 0.9528, -3.9918 3.1574 0.9528, -4.0183 3.2214 0.9528, -4.0274 3.2901 0.9528, -4.3097 -4.2818 0.9528, -4.2913 4.3057 0.9528, -4.2995 4.2995 0.9528, -3.8307 3.5465 0.9528, -3.5321 3.4228 0.9528, 4.2717 4.311 0.9528, -3.5743 3.4778 0.9528, -3.6293 3.52 0.9528, -4.2913 -4.3057 0.9528, -4.2818 -4.3097 0.9528, -4.2995 -4.2995 0.9528, -4.3057 -4.2913 0.9528, -3.6933 3.5465 0.9528, -4.2716 4.311 0.9528, -3.762 3.5555 0.9528, 4.2819 4.3097 0.9528, 4.311 4.2717 0.9528, -4.2818 4.3097 0.9528, -3.9496 3.4778 0.9528, -3.8947 3.52 0.9528, -4.3097 4.2818 0.9528, -4.3057 4.2913 0.9528, 4.3097 4.2818 0.9528, 4.3058 4.2913 0.9528, 4.2995 4.2995 0.9528, 4.3097 -4.2818 0.9528, 4.311 -4.2717 0.9528, -3.5056 3.2214 0.9528, -3.4965 3.2901 0.9528, -3.5056 3.3588 0.9528, 4.2914 4.3057 0.9528, 4.298 -4.3868 0.3228, 4.2979 -4.3863 0.874, 4.3022 -4.3857 0.874, 4.3229 -4.3781 0.3228, 4.3226 -4.3773 0.874, 4.3307 -4.3739 0.874, 4.3453 -4.364 0.3228, 4.3447 -4.3632 0.874, 4.3552 -4.3552 0.874, 4.364 -4.3453 0.3228, 4.3632 -4.3447 0.874, 4.374 -4.3307 0.874, 4.3781 -4.3229 0.3228, 4.3773 -4.3226 0.874, 4.3858 -4.3022 0.874, 4.3868 -4.2979 0.3228, 4.3863 -4.2979 0.874, -4.3857 -4.3022 0.3228, -4.3857 -4.3022 0.874, -4.3739 -4.3307 0.3228, -4.3739 -4.3307 0.874, -4.3552 -4.3552 0.3228, -4.3552 -4.3552 0.874, -4.3307 -4.3739 0.3228, -4.3307 -4.3739 0.874, -4.3022 -4.3857 0.3228, -4.3022 -4.3857 0.874, -4.3022 4.3857 0.3228, -4.3022 4.3857 0.874, -4.3307 4.3739 0.3228, -4.3307 4.3739 0.874, -4.3552 4.3552 0.3228, -4.3552 4.3552 0.874, -4.3739 4.3307 0.3228, -4.3739 4.3307 0.874, -4.3857 4.3022 0.3228, -4.3857 4.3022 0.874, 4.3868 4.2979 0.3228, 4.3868 4.2979 0.874, 4.3781 4.3229 0.3228, 4.3781 4.3229 0.874, 4.364 4.3453 0.3228, 4.364 4.3453 0.874, 4.3453 4.364 0.3228, 4.3453 4.364 0.874, 4.3229 4.3781 0.3228, 4.3229 4.3781 0.874, 4.298 4.3868 0.3228, 4.298 4.3868 0.874, 4.3101 4.2804 0.9528, 4.3071 4.2887 0.9528, 4.3025 4.2962 0.9528, 4.2962 4.3024 0.9528, 4.2888 4.3071 0.9528, 4.2804 4.31 0.9528
            ]
        }
        coordIndex [
            0,1,2,-1,2,1,3,-1,4,5,6,-1,6,5,7,-1,8,9,10,-1,10,9,11,-1,12,13,14,-1,14,13,15,-1,16,17,18,-1,19,20,21,-1,22,23,24,-1,23,25,24,-1,24,25,26,-1,24,26,27,-1,24,28,22,-1,22,28,29,-1,22,29,19,-1,19,29,30,-1,19,30,20,-1,31,32,33,-1,33,34,31,-1,31,34,35,-1,31,35,18,-1,18,35,36,-1,18,36,16,-1,37,19,31,-1,31,19,21,-1,31,21,32,-1,38,39,40,-1,41,42,43,-1,43,42,44,-1,45,46,47,-1,47,46,19,-1,47,19,48,-1,48,19,37,-1,44,42,49,-1,49,42,50,-1,49,50,51,-1,52,42,53,-1,51,50,40,-1,40,50,54,-1,40,54,38,-1,17,55,18,-1,18,55,56,-1,18,56,57,-1,57,56,40,-1,57,40,58,-1,58,40,39,-1,59,60,61,-1,27,62,24,-1,24,62,63,-1,24,63,64,-1,64,63,53,-1,64,53,65,-1,65,53,42,-1,65,42,66,-1,66,42,41,-1,59,61,53,-1,53,61,67,-1,53,67,52,-1,15,68,14,-1,14,68,69,-1,69,68,70,-1,70,68,71,-1,70,71,72,-1,72,71,73,-1,73,71,74,-1,73,74,75,-1,75,74,76,-1,76,74,77,-1,76,77,78,-1,78,77,79,-1,79,77,80,-1,79,80,81,-1,81,80,82,-1,82,80,83,-1,82,83,84,-1,84,83,1,-1,84,1,0,-1,10,11,85,-1,10,85,86,-1,86,85,87,-1,86,87,88,-1,88,87,89,-1,88,89,90,-1,90,89,91,-1,90,91,92,-1,92,91,93,-1,92,93,94,-1,94,93,13,-1,94,13,12,-1,6,7,95,-1,6,95,96,-1,96,95,97,-1,96,97,98,-1,98,97,99,-1,98,99,100,-1,100,99,101,-1,100,101,102,-1,102,101,103,-1,102,103,104,-1,104,103,9,-1,104,9,8,-1,2,3,105,-1,2,105,106,-1,106,105,107,-1,106,107,108,-1,108,107,109,-1,108,109,110,-1,110,109,111,-1,110,111,112,-1,112,111,113,-1,112,113,114,-1,114,113,115,-1,114,115,116,-1,116,115,5,-1,116,5,4,-1,53,2,106,-1,53,106,117,-1,117,106,108,-1,117,108,118,-1,118,108,110,-1,118,110,119,-1,119,110,112,-1,119,112,120,-1,120,112,114,-1,120,114,121,-1,121,114,116,-1,121,116,122,-1,122,116,4,-1,122,4,42,-1,6,50,4,-1,4,50,42,-1,63,0,53,-1,53,0,2,-1,50,6,96,-1,50,96,54,-1,54,96,98,-1,54,98,38,-1,38,98,100,-1,38,100,39,-1,39,100,102,-1,39,102,58,-1,58,102,104,-1,58,104,57,-1,57,104,8,-1,57,8,18,-1,14,69,22,-1,22,69,23,-1,69,70,23,-1,23,70,72,-1,23,72,25,-1,72,73,25,-1,25,73,75,-1,25,75,26,-1,75,76,26,-1,26,76,78,-1,26,78,27,-1,78,79,27,-1,27,79,81,-1,27,81,62,-1,0,63,84,-1,84,63,62,-1,84,62,82,-1,82,62,81,-1,10,31,8,-1,8,31,18,-1,19,12,22,-1,22,12,14,-1,31,10,86,-1,31,86,37,-1,37,86,88,-1,37,88,48,-1,48,88,90,-1,48,90,47,-1,47,90,92,-1,47,92,45,-1,45,92,94,-1,45,94,46,-1,46,94,12,-1,46,12,19,-1,
        ]
    }
}
Shape{
    appearance Appearance {
        material  Material 	{
            diffuseColor 0.6470588235294118 0.5176470588235295 0.0
            specularColor 0.45098039215686275 0.3607843137254902 0.0
            ambientIntensity 0.4973
            transparency 0.0
            shininess 0.5
        }
    }
    geometry IndexedFaceSet {
        ccw TRUE
        solid FALSE
        coord DEF co Coordinate {
            point [
                4.4488 -4.5709 0.0, 4.2126 -4.5709 0.0, 4.4488 -4.5709 0.0079, 4.2126 -4.5709 0.0079, 4.2126 -4.7244 0.0079, 4.2126 -4.7283 0.0, 4.2126 -4.7244 0.3228, 4.2126 -4.7283 0.3268, 4.2126 -4.5709 0.3228, 4.2126 -4.5709 0.3268, 4.4488 -4.5709 0.3228, 4.4488 -4.5709 0.3268, 4.4488 -4.7244 0.3228, 4.4488 -4.7283 0.3268, 4.4488 -4.7244 0.0079, 4.4488 -4.7283 0.0, 4.4292 -4.7283 0.3268, 4.4292 -4.7283 0.0, 4.4258 -4.7029 0.0, 4.4258 -4.7029 0.3268, 4.416 -4.6791 0.0, 4.416 -4.6791 0.3268, 4.4003 -4.6587 0.0, 4.4003 -4.6587 0.3268, 4.3799 -4.6431 0.0, 4.3799 -4.6431 0.3268, 4.3562 -4.6333 0.0, 4.3562 -4.6333 0.3268, 4.3307 -4.6299 0.0, 4.3307 -4.6299 0.3268, 4.3053 -4.6333 0.0, 4.3053 -4.6333 0.3268, 4.2815 -4.6431 0.0, 4.2815 -4.6431 0.3268, 4.2611 -4.6587 0.0, 4.2611 -4.6587 0.3268, 4.2455 -4.6791 0.0, 4.2455 -4.6791 0.3268, 4.2357 -4.7029 0.0, 4.2357 -4.7029 0.3268, 4.2323 -4.7283 0.0, 4.2323 -4.7283 0.3268, 4.0551 -4.5709 0.0, 3.8189 -4.5709 0.0, 4.0551 -4.5709 0.0079, 3.8189 -4.5709 0.0079, 3.8189 -4.5709 0.3228, 3.8189 -4.5709 0.3268, 4.0551 -4.5709 0.3228, 4.0551 -4.5709 0.3268, 4.0551 -4.7244 0.3228, 4.0551 -4.7283 0.3268, 4.0551 -4.7244 0.0079, 4.0551 -4.7283 0.0, 4.0355 -4.7283 0.3268, 4.0355 -4.7283 0.0, 4.0321 -4.7029 0.0, 4.0321 -4.7029 0.3268, 4.0223 -4.6791 0.0, 4.0223 -4.6791 0.3268, 4.0066 -4.6587 0.0, 4.0066 -4.6587 0.3268, 3.9862 -4.6431 0.0, 3.9862 -4.6431 0.3268, 3.9625 -4.6333 0.0, 3.9625 -4.6333 0.3268, 3.937 -4.6299 0.0, 3.937 -4.6299 0.3268, 3.9116 -4.6333 0.0, 3.9116 -4.6333 0.3268, 3.8878 -4.6431 0.0, 3.8878 -4.6431 0.3268, 3.8674 -4.6587 0.0, 3.8674 -4.6587 0.3268, 3.8518 -4.6791 0.0, 3.8518 -4.6791 0.3268, 3.842 -4.7029 0.0, 3.842 -4.7029 0.3268, 3.8386 -4.7283 0.0, 3.8386 -4.7283 0.3268, 3.8189 -4.7283 0.3268, 3.8189 -4.7283 0.0, 3.8189 -4.7244 0.0079, 3.8189 -4.7244 0.3228, 3.6614 -4.5709 0.0, 3.4252 -4.5709 0.0, 3.6614 -4.5709 0.0079, 3.4252 -4.5709 0.0079, 3.4252 -4.5709 0.3228, 3.4252 -4.5709 0.3268, 3.6614 -4.5709 0.3228, 3.6614 -4.5709 0.3268, 3.6614 -4.7244 0.3228, 3.6614 -4.7283 0.3268, 3.6614 -4.7244 0.0079, 3.6614 -4.7283 0.0, 3.6418 -4.7283 0.3268, 3.6418 -4.7283 0.0, 3.6384 -4.7029 0.0, 3.6384 -4.7029 0.3268, 3.6286 -4.6791 0.0, 3.6286 -4.6791 0.3268, 3.6129 -4.6587 0.0, 3.6129 -4.6587 0.3268, 3.5925 -4.6431 0.0, 3.5925 -4.6431 0.3268, 3.5688 -4.6333 0.0, 3.5688 -4.6333 0.3268, 3.5433 -4.6299 0.0, 3.5433 -4.6299 0.3268, 3.5179 -4.6333 0.0, 3.5179 -4.6333 0.3268, 3.4941 -4.6431 0.0, 3.4941 -4.6431 0.3268, 3.4737 -4.6587 0.0, 3.4737 -4.6587 0.3268, 3.4581 -4.6791 0.0, 3.4581 -4.6791 0.3268, 3.4483 -4.7029 0.0, 3.4483 -4.7029 0.3268, 3.4449 -4.7283 0.0, 3.4449 -4.7283 0.3268, 3.4252 -4.7283 0.3268, 3.4252 -4.7283 0.0, 3.4252 -4.7244 0.0079, 3.4252 -4.7244 0.3228, 3.2677 -4.5709 0.0, 3.0315 -4.5709 0.0, 3.2677 -4.5709 0.0079, 3.0315 -4.5709 0.0079, 3.0315 -4.5709 0.3228, 3.0315 -4.5709 0.3268, 3.2677 -4.5709 0.3228, 3.2677 -4.5709 0.3268, 3.2677 -4.7244 0.3228, 3.2677 -4.7283 0.3268, 3.2677 -4.7244 0.0079, 3.2677 -4.7283 0.0, 3.2481 -4.7283 0.3268, 3.2481 -4.7283 0.0, 3.2447 -4.7029 0.0, 3.2447 -4.7029 0.3268, 3.2349 -4.6791 0.0, 3.2349 -4.6791 0.3268, 3.2192 -4.6587 0.0, 3.2192 -4.6587 0.3268, 3.1988 -4.6431 0.0, 3.1988 -4.6431 0.3268, 3.1751 -4.6333 0.0, 3.1751 -4.6333 0.3268, 3.1496 -4.6299 0.0, 3.1496 -4.6299 0.3268, 3.1242 -4.6333 0.0, 3.1242 -4.6333 0.3268, 3.1004 -4.6431 0.0, 3.1004 -4.6431 0.3268, 3.08 -4.6587 0.0, 3.08 -4.6587 0.3268, 3.0644 -4.6791 0.0, 3.0644 -4.6791 0.3268, 3.0546 -4.7029 0.0, 3.0546 -4.7029 0.3268, 3.0512 -4.7283 0.0, 3.0512 -4.7283 0.3268, 3.0315 -4.7283 0.3268, 3.0315 -4.7283 0.0, 3.0315 -4.7244 0.0079, 3.0315 -4.7244 0.3228, 2.874 -4.5709 0.0, 2.6378 -4.5709 0.0, 2.874 -4.5709 0.0079, 2.6378 -4.5709 0.0079, 2.6378 -4.5709 0.3228, 2.6378 -4.5709 0.3268, 2.874 -4.5709 0.3228, 2.874 -4.5709 0.3268, 2.874 -4.7244 0.3228, 2.874 -4.7283 0.3268, 2.874 -4.7244 0.0079, 2.874 -4.7283 0.0, 2.8544 -4.7283 0.3268, 2.8544 -4.7283 0.0, 2.851 -4.7029 0.0, 2.851 -4.7029 0.3268, 2.8412 -4.6791 0.0, 2.8412 -4.6791 0.3268, 2.8255 -4.6587 0.0, 2.8255 -4.6587 0.3268, 2.8051 -4.6431 0.0, 2.8051 -4.6431 0.3268, 2.7814 -4.6333 0.0, 2.7814 -4.6333 0.3268, 2.7559 -4.6299 0.0, 2.7559 -4.6299 0.3268, 2.7305 -4.6333 0.0, 2.7305 -4.6333 0.3268, 2.7067 -4.6431 0.0, 2.7067 -4.6431 0.3268, 2.6863 -4.6587 0.0, 2.6863 -4.6587 0.3268, 2.6707 -4.6791 0.0, 2.6707 -4.6791 0.3268, 2.6609 -4.7029 0.0, 2.6609 -4.7029 0.3268, 2.6575 -4.7283 0.0, 2.6575 -4.7283 0.3268, 2.6378 -4.7283 0.3268, 2.6378 -4.7283 0.0, 2.6378 -4.7244 0.0079, 2.6378 -4.7244 0.3228, 2.4803 -4.5709 0.0, 2.2441 -4.5709 0.0, 2.4803 -4.5709 0.0079, 2.2441 -4.5709 0.0079, 2.2441 -4.5709 0.3228, 2.2441 -4.5709 0.3268, 2.4803 -4.5709 0.3228, 2.4803 -4.5709 0.3268, 2.4803 -4.7244 0.3228, 2.4803 -4.7283 0.3268, 2.4803 -4.7244 0.0079, 2.4803 -4.7283 0.0, 2.4606 -4.7283 0.3268, 2.4606 -4.7283 0.0, 2.4573 -4.7029 0.0, 2.4573 -4.7029 0.3268, 2.4475 -4.6791 0.0, 2.4475 -4.6791 0.3268, 2.4318 -4.6587 0.0, 2.4318 -4.6587 0.3268, 2.4114 -4.6431 0.0, 2.4114 -4.6431 0.3268, 2.3877 -4.6333 0.0, 2.3877 -4.6333 0.3268, 2.3622 -4.6299 0.0, 2.3622 -4.6299 0.3268, 2.3368 -4.6333 0.0, 2.3368 -4.6333 0.3268, 2.313 -4.6431 0.0, 2.313 -4.6431 0.3268, 2.2926 -4.6587 0.0, 2.2926 -4.6587 0.3268, 2.277 -4.6791 0.0, 2.277 -4.6791 0.3268, 2.2672 -4.7029 0.0, 2.2672 -4.7029 0.3268, 2.2638 -4.7283 0.0, 2.2638 -4.7283 0.3268, 2.2441 -4.7283 0.3268, 2.2441 -4.7283 0.0, 2.2441 -4.7244 0.0079, 2.2441 -4.7244 0.3228, 2.0866 -4.5709 0.0, 1.8504 -4.5709 0.0, 2.0866 -4.5709 0.0079, 1.8504 -4.5709 0.0079, 1.8504 -4.5709 0.3228, 1.8504 -4.5709 0.3268, 2.0866 -4.5709 0.3228, 2.0866 -4.5709 0.3268, 2.0866 -4.7244 0.3228, 2.0866 -4.7283 0.3268, 2.0866 -4.7244 0.0079, 2.0866 -4.7283 0.0, 2.0669 -4.7283 0.3268, 2.0669 -4.7283 0.0, 2.0636 -4.7029 0.0, 2.0636 -4.7029 0.3268, 2.0538 -4.6791 0.0, 2.0538 -4.6791 0.3268, 2.0381 -4.6587 0.0, 2.0381 -4.6587 0.3268, 2.0177 -4.6431 0.0, 2.0177 -4.6431 0.3268, 1.994 -4.6333 0.0, 1.994 -4.6333 0.3268, 1.9685 -4.6299 0.0, 1.9685 -4.6299 0.3268, 1.943 -4.6333 0.0, 1.943 -4.6333 0.3268, 1.9193 -4.6431 0.0, 1.9193 -4.6431 0.3268, 1.8989 -4.6587 0.0, 1.8989 -4.6587 0.3268, 1.8833 -4.6791 0.0, 1.8833 -4.6791 0.3268, 1.8735 -4.7029 0.0, 1.8735 -4.7029 0.3268, 1.8701 -4.7283 0.0, 1.8701 -4.7283 0.3268, 1.8504 -4.7283 0.3268, 1.8504 -4.7283 0.0, 1.8504 -4.7244 0.0079, 1.8504 -4.7244 0.3228, 1.6929 -4.5709 0.0, 1.4567 -4.5709 0.0, 1.6929 -4.5709 0.0079, 1.4567 -4.5709 0.0079, 1.4567 -4.5709 0.3228, 1.4567 -4.5709 0.3268, 1.6929 -4.5709 0.3228, 1.6929 -4.5709 0.3268, 1.6929 -4.7244 0.3228, 1.6929 -4.7283 0.3268, 1.6929 -4.7244 0.0079, 1.6929 -4.7283 0.0, 1.6732 -4.7283 0.3268, 1.6732 -4.7283 0.0, 1.6699 -4.7029 0.0, 1.6699 -4.7029 0.3268, 1.6601 -4.6791 0.0, 1.6601 -4.6791 0.3268, 1.6444 -4.6587 0.0, 1.6444 -4.6587 0.3268, 1.624 -4.6431 0.0, 1.624 -4.6431 0.3268, 1.6003 -4.6333 0.0, 1.6003 -4.6333 0.3268, 1.5748 -4.6299 0.0, 1.5748 -4.6299 0.3268, 1.5493 -4.6333 0.0, 1.5493 -4.6333 0.3268, 1.5256 -4.6431 0.0, 1.5256 -4.6431 0.3268, 1.5052 -4.6587 0.0, 1.5052 -4.6587 0.3268, 1.4896 -4.6791 0.0, 1.4896 -4.6791 0.3268, 1.4798 -4.7029 0.0, 1.4798 -4.7029 0.3268, 1.4764 -4.7283 0.0, 1.4764 -4.7283 0.3268, 1.4567 -4.7283 0.3268, 1.4567 -4.7283 0.0, 1.4567 -4.7244 0.0079, 1.4567 -4.7244 0.3228, 1.2992 -4.5709 0.0, 1.063 -4.5709 0.0, 1.2992 -4.5709 0.0079, 1.063 -4.5709 0.0079, 1.063 -4.5709 0.3228, 1.063 -4.5709 0.3268, 1.2992 -4.5709 0.3228, 1.2992 -4.5709 0.3268, 1.2992 -4.7244 0.3228, 1.2992 -4.7283 0.3268, 1.2992 -4.7244 0.0079, 1.2992 -4.7283 0.0, 1.2795 -4.7283 0.3268, 1.2795 -4.7283 0.0, 1.2762 -4.7029 0.0, 1.2762 -4.7029 0.3268, 1.2664 -4.6791 0.0, 1.2664 -4.6791 0.3268, 1.2507 -4.6587 0.0, 1.2507 -4.6587 0.3268, 1.2303 -4.6431 0.0, 1.2303 -4.6431 0.3268, 1.2066 -4.6333 0.0, 1.2066 -4.6333 0.3268, 1.1811 -4.6299 0.0, 1.1811 -4.6299 0.3268, 1.1556 -4.6333 0.0, 1.1556 -4.6333 0.3268, 1.1319 -4.6431 0.0, 1.1319 -4.6431 0.3268, 1.1115 -4.6587 0.0, 1.1115 -4.6587 0.3268, 1.0959 -4.6791 0.0, 1.0959 -4.6791 0.3268, 1.0861 -4.7029 0.0, 1.0861 -4.7029 0.3268, 1.0827 -4.7283 0.0, 1.0827 -4.7283 0.3268, 1.063 -4.7283 0.3268, 1.063 -4.7283 0.0, 1.063 -4.7244 0.0079, 1.063 -4.7244 0.3228, 0.9055 -4.5709 0.0, 0.6693 -4.5709 0.0, 0.9055 -4.5709 0.0079, 0.6693 -4.5709 0.0079, 0.6693 -4.5709 0.3228, 0.6693 -4.5709 0.3268, 0.9055 -4.5709 0.3228, 0.9055 -4.5709 0.3268, 0.9055 -4.7244 0.3228, 0.9055 -4.7283 0.3268, 0.9055 -4.7244 0.0079, 0.9055 -4.7283 0.0, 0.8858 -4.7283 0.3268, 0.8858 -4.7283 0.0, 0.8825 -4.7029 0.0, 0.8825 -4.7029 0.3268, 0.8727 -4.6791 0.0, 0.8727 -4.6791 0.3268, 0.857 -4.6587 0.0, 0.857 -4.6587 0.3268, 0.8366 -4.6431 0.0, 0.8366 -4.6431 0.3268, 0.8129 -4.6333 0.0, 0.8129 -4.6333 0.3268, 0.7874 -4.6299 0.0, 0.7874 -4.6299 0.3268, 0.7619 -4.6333 0.0, 0.7619 -4.6333 0.3268, 0.7382 -4.6431 0.0, 0.7382 -4.6431 0.3268, 0.7178 -4.6587 0.0, 0.7178 -4.6587 0.3268, 0.7022 -4.6791 0.0, 0.7022 -4.6791 0.3268, 0.6923 -4.7029 0.0, 0.6923 -4.7029 0.3268, 0.689 -4.7283 0.0, 0.689 -4.7283 0.3268, 0.6693 -4.7283 0.3268, 0.6693 -4.7283 0.0, 0.6693 -4.7244 0.0079, 0.6693 -4.7244 0.3228, 0.5118 -4.5709 0.0, 0.2756 -4.5709 0.0, 0.5118 -4.5709 0.0079, 0.2756 -4.5709 0.0079, 0.2756 -4.5709 0.3228, 0.2756 -4.5709 0.3268, 0.5118 -4.5709 0.3228, 0.5118 -4.5709 0.3268, 0.5118 -4.7244 0.3228, 0.5118 -4.7283 0.3268, 0.5118 -4.7244 0.0079, 0.5118 -4.7283 0.0, 0.4921 -4.7283 0.3268, 0.4921 -4.7283 0.0, 0.4888 -4.7029 0.0, 0.4888 -4.7029 0.3268, 0.479 -4.6791 0.0, 0.479 -4.6791 0.3268, 0.4633 -4.6587 0.0, 0.4633 -4.6587 0.3268, 0.4429 -4.6431 0.0, 0.4429 -4.6431 0.3268, 0.4192 -4.6333 0.0, 0.4192 -4.6333 0.3268, 0.3937 -4.6299 0.0, 0.3937 -4.6299 0.3268, 0.3682 -4.6333 0.0, 0.3682 -4.6333 0.3268, 0.3445 -4.6431 0.0, 0.3445 -4.6431 0.3268, 0.3241 -4.6587 0.0, 0.3241 -4.6587 0.3268, 0.3085 -4.6791 0.0, 0.3085 -4.6791 0.3268, 0.2986 -4.7029 0.0, 0.2986 -4.7029 0.3268, 0.2953 -4.7283 0.0, 0.2953 -4.7283 0.3268, 0.2756 -4.7283 0.3268, 0.2756 -4.7283 0.0, 0.2756 -4.7244 0.0079, 0.2756 -4.7244 0.3228, 0.1181 -4.5709 0.0, -0.1181 -4.5709 0.0, 0.1181 -4.5709 0.0079, -0.1181 -4.5709 0.0079, -0.1181 -4.5709 0.3228, -0.1181 -4.5709 0.3268, 0.1181 -4.5709 0.3228, 0.1181 -4.5709 0.3268, 0.1181 -4.7244 0.3228, 0.1181 -4.7283 0.3268, 0.1181 -4.7244 0.0079, 0.1181 -4.7283 0.0, 0.0984 -4.7283 0.3268, 0.0984 -4.7283 0.0, 0.0951 -4.7029 0.0, 0.0951 -4.7029 0.3268, 0.0853 -4.6791 0.0, 0.0853 -4.6791 0.3268, 0.0696 -4.6587 0.0, 0.0696 -4.6587 0.3268, 0.0492 -4.6431 0.0, 0.0492 -4.6431 0.3268, 0.0255 -4.6333 0.0, 0.0255 -4.6333 0.3268, 0.0 -4.6299 0.0, 0.0 -4.6299 0.3268, -0.0255 -4.6333 0.0, -0.0255 -4.6333 0.3268, -0.0492 -4.6431 0.0, -0.0492 -4.6431 0.3268, -0.0696 -4.6587 0.0, -0.0696 -4.6587 0.3268, -0.0852 -4.6791 0.0, -0.0852 -4.6791 0.3268, -0.0951 -4.7029 0.0, -0.0951 -4.7029 0.3268, -0.0984 -4.7283 0.0, -0.0984 -4.7283 0.3268, -0.1181 -4.7283 0.3268, -0.1181 -4.7283 0.0, -0.1181 -4.7244 0.0079, -0.1181 -4.7244 0.3228, -0.2756 -4.5709 0.0, -0.5118 -4.5709 0.0, -0.2756 -4.5709 0.0079, -0.5118 -4.5709 0.0079, -0.5118 -4.5709 0.3228, -0.5118 -4.5709 0.3268, -0.2756 -4.5709 0.3228, -0.2756 -4.5709 0.3268, -0.2756 -4.7244 0.3228, -0.2756 -4.7283 0.3268, -0.2756 -4.7244 0.0079, -0.2756 -4.7283 0.0, -0.2953 -4.7283 0.3268, -0.2953 -4.7283 0.0, -0.2986 -4.7029 0.0, -0.2986 -4.7029 0.3268, -0.3084 -4.6791 0.0, -0.3084 -4.6791 0.3268, -0.3241 -4.6587 0.0, -0.3241 -4.6587 0.3268, -0.3445 -4.6431 0.0, -0.3445 -4.6431 0.3268, -0.3682 -4.6333 0.0, -0.3682 -4.6333 0.3268, -0.3937 -4.6299 0.0, -0.3937 -4.6299 0.3268, -0.4192 -4.6333 0.0, -0.4192 -4.6333 0.3268, -0.4429 -4.6431 0.0, -0.4429 -4.6431 0.3268, -0.4633 -4.6587 0.0, -0.4633 -4.6587 0.3268, -0.4789 -4.6791 0.0, -0.4789 -4.6791 0.3268, -0.4888 -4.7029 0.0, -0.4888 -4.7029 0.3268, -0.4921 -4.7283 0.0, -0.4921 -4.7283 0.3268, -0.5118 -4.7283 0.3268, -0.5118 -4.7283 0.0, -0.5118 -4.7244 0.0079, -0.5118 -4.7244 0.3228, -0.6693 -4.5709 0.0, -0.9055 -4.5709 0.0, -0.6693 -4.5709 0.0079, -0.9055 -4.5709 0.0079, -0.9055 -4.5709 0.3228, -0.9055 -4.5709 0.3268, -0.6693 -4.5709 0.3228, -0.6693 -4.5709 0.3268, -0.6693 -4.7244 0.3228, -0.6693 -4.7283 0.3268, -0.6693 -4.7244 0.0079, -0.6693 -4.7283 0.0, -0.689 -4.7283 0.3268, -0.689 -4.7283 0.0, -0.6923 -4.7029 0.0, -0.6923 -4.7029 0.3268, -0.7021 -4.6791 0.0, -0.7021 -4.6791 0.3268, -0.7178 -4.6587 0.0, -0.7178 -4.6587 0.3268, -0.7382 -4.6431 0.0, -0.7382 -4.6431 0.3268, -0.7619 -4.6333 0.0, -0.7619 -4.6333 0.3268, -0.7874 -4.6299 0.0, -0.7874 -4.6299 0.3268, -0.8129 -4.6333 0.0, -0.8129 -4.6333 0.3268, -0.8366 -4.6431 0.0, -0.8366 -4.6431 0.3268, -0.857 -4.6587 0.0, -0.857 -4.6587 0.3268, -0.8726 -4.6791 0.0, -0.8726 -4.6791 0.3268, -0.8825 -4.7029 0.0, -0.8825 -4.7029 0.3268, -0.8858 -4.7283 0.0, -0.8858 -4.7283 0.3268, -0.9055 -4.7283 0.3268, -0.9055 -4.7283 0.0, -0.9055 -4.7244 0.0079, -0.9055 -4.7244 0.3228, -1.063 -4.5709 0.0, -1.2992 -4.5709 0.0, -1.063 -4.5709 0.0079, -1.2992 -4.5709 0.0079, -1.2992 -4.5709 0.3228, -1.2992 -4.5709 0.3268, -1.063 -4.5709 0.3228, -1.063 -4.5709 0.3268, -1.063 -4.7244 0.3228, -1.063 -4.7283 0.3268, -1.063 -4.7244 0.0079, -1.063 -4.7283 0.0, -1.0827 -4.7283 0.3268, -1.0827 -4.7283 0.0, -1.086 -4.7029 0.0, -1.086 -4.7029 0.3268, -1.0958 -4.6791 0.0, -1.0958 -4.6791 0.3268, -1.1115 -4.6587 0.0, -1.1115 -4.6587 0.3268, -1.1319 -4.6431 0.0, -1.1319 -4.6431 0.3268, -1.1556 -4.6333 0.0, -1.1556 -4.6333 0.3268, -1.1811 -4.6299 0.0, -1.1811 -4.6299 0.3268, -1.2066 -4.6333 0.0, -1.2066 -4.6333 0.3268, -1.2303 -4.6431 0.0, -1.2303 -4.6431 0.3268, -1.2507 -4.6587 0.0, -1.2507 -4.6587 0.3268, -1.2663 -4.6791 0.0, -1.2663 -4.6791 0.3268, -1.2762 -4.7029 0.0, -1.2762 -4.7029 0.3268, -1.2795 -4.7283 0.0, -1.2795 -4.7283 0.3268, -1.2992 -4.7283 0.3268, -1.2992 -4.7283 0.0, -1.2992 -4.7244 0.0079, -1.2992 -4.7244 0.3228, -1.4567 -4.5709 0.0, -1.6929 -4.5709 0.0, -1.4567 -4.5709 0.0079, -1.6929 -4.5709 0.0079, -1.6929 -4.5709 0.3228, -1.6929 -4.5709 0.3268, -1.4567 -4.5709 0.3228, -1.4567 -4.5709 0.3268, -1.4567 -4.7244 0.3228, -1.4567 -4.7283 0.3268, -1.4567 -4.7244 0.0079, -1.4567 -4.7283 0.0, -1.4764 -4.7283 0.3268, -1.4764 -4.7283 0.0, -1.4797 -4.7029 0.0, -1.4797 -4.7029 0.3268, -1.4895 -4.6791 0.0, -1.4895 -4.6791 0.3268, -1.5052 -4.6587 0.0, -1.5052 -4.6587 0.3268, -1.5256 -4.6431 0.0, -1.5256 -4.6431 0.3268, -1.5493 -4.6333 0.0, -1.5493 -4.6333 0.3268, -1.5748 -4.6299 0.0, -1.5748 -4.6299 0.3268, -1.6003 -4.6333 0.0, -1.6003 -4.6333 0.3268, -1.624 -4.6431 0.0, -1.624 -4.6431 0.3268, -1.6444 -4.6587 0.0, -1.6444 -4.6587 0.3268, -1.66 -4.6791 0.0, -1.66 -4.6791 0.3268, -1.6699 -4.7029 0.0, -1.6699 -4.7029 0.3268, -1.6732 -4.7283 0.0, -1.6732 -4.7283 0.3268, -1.6929 -4.7283 0.3268, -1.6929 -4.7283 0.0, -1.6929 -4.7244 0.0079, -1.6929 -4.7244 0.3228, -1.8504 -4.5709 0.0, -2.0866 -4.5709 0.0, -1.8504 -4.5709 0.0079, -2.0866 -4.5709 0.0079, -2.0866 -4.5709 0.3228, -2.0866 -4.5709 0.3268, -1.8504 -4.5709 0.3228, -1.8504 -4.5709 0.3268, -1.8504 -4.7244 0.3228, -1.8504 -4.7283 0.3268, -1.8504 -4.7244 0.0079, -1.8504 -4.7283 0.0, -1.8701 -4.7283 0.3268, -1.8701 -4.7283 0.0, -1.8734 -4.7029 0.0, -1.8734 -4.7029 0.3268, -1.8832 -4.6791 0.0, -1.8832 -4.6791 0.3268, -1.8989 -4.6587 0.0, -1.8989 -4.6587 0.3268, -1.9193 -4.6431 0.0, -1.9193 -4.6431 0.3268, -1.943 -4.6333 0.0, -1.943 -4.6333 0.3268, -1.9685 -4.6299 0.0, -1.9685 -4.6299 0.3268, -1.994 -4.6333 0.0, -1.994 -4.6333 0.3268, -2.0177 -4.6431 0.0, -2.0177 -4.6431 0.3268, -2.0381 -4.6587 0.0, -2.0381 -4.6587 0.3268, -2.0537 -4.6791 0.0, -2.0537 -4.6791 0.3268, -2.0636 -4.7029 0.0, -2.0636 -4.7029 0.3268, -2.0669 -4.7283 0.0, -2.0669 -4.7283 0.3268, -2.0866 -4.7283 0.3268, -2.0866 -4.7283 0.0, -2.0866 -4.7244 0.0079, -2.0866 -4.7244 0.3228, -2.2441 -4.5709 0.0, -2.4803 -4.5709 0.0, -2.2441 -4.5709 0.0079, -2.4803 -4.5709 0.0079, -2.4803 -4.5709 0.3228, -2.4803 -4.5709 0.3268, -2.2441 -4.5709 0.3228, -2.2441 -4.5709 0.3268, -2.2441 -4.7244 0.3228, -2.2441 -4.7283 0.3268, -2.2441 -4.7244 0.0079, -2.2441 -4.7283 0.0, -2.2638 -4.7283 0.3268, -2.2638 -4.7283 0.0, -2.2671 -4.7029 0.0, -2.2671 -4.7029 0.3268, -2.2769 -4.6791 0.0, -2.2769 -4.6791 0.3268, -2.2926 -4.6587 0.0, -2.2926 -4.6587 0.3268, -2.313 -4.6431 0.0, -2.313 -4.6431 0.3268, -2.3367 -4.6333 0.0, -2.3367 -4.6333 0.3268, -2.3622 -4.6299 0.0, -2.3622 -4.6299 0.3268, -2.3877 -4.6333 0.0, -2.3877 -4.6333 0.3268, -2.4114 -4.6431 0.0, -2.4114 -4.6431 0.3268, -2.4318 -4.6587 0.0, -2.4318 -4.6587 0.3268, -2.4474 -4.6791 0.0, -2.4474 -4.6791 0.3268, -2.4573 -4.7029 0.0, -2.4573 -4.7029 0.3268, -2.4606 -4.7283 0.0, -2.4606 -4.7283 0.3268, -2.4803 -4.7283 0.3268, -2.4803 -4.7283 0.0, -2.4803 -4.7244 0.0079, -2.4803 -4.7244 0.3228, -2.6378 -4.5709 0.0, -2.874 -4.5709 0.0, -2.6378 -4.5709 0.0079, -2.874 -4.5709 0.0079, -2.874 -4.5709 0.3228, -2.874 -4.5709 0.3268, -2.6378 -4.5709 0.3228, -2.6378 -4.5709 0.3268, -2.6378 -4.7244 0.3228, -2.6378 -4.7283 0.3268, -2.6378 -4.7244 0.0079, -2.6378 -4.7283 0.0, -2.6575 -4.7283 0.3268, -2.6575 -4.7283 0.0, -2.6608 -4.7029 0.0, -2.6608 -4.7029 0.3268, -2.6706 -4.6791 0.0, -2.6706 -4.6791 0.3268, -2.6863 -4.6587 0.0, -2.6863 -4.6587 0.3268, -2.7067 -4.6431 0.0, -2.7067 -4.6431 0.3268, -2.7304 -4.6333 0.0, -2.7304 -4.6333 0.3268, -2.7559 -4.6299 0.0, -2.7559 -4.6299 0.3268, -2.7814 -4.6333 0.0, -2.7814 -4.6333 0.3268, -2.8051 -4.6431 0.0, -2.8051 -4.6431 0.3268, -2.8255 -4.6587 0.0, -2.8255 -4.6587 0.3268, -2.8411 -4.6791 0.0, -2.8411 -4.6791 0.3268, -2.851 -4.7029 0.0, -2.851 -4.7029 0.3268, -2.8543 -4.7283 0.0, -2.8543 -4.7283 0.3268, -2.874 -4.7283 0.3268, -2.874 -4.7283 0.0, -2.874 -4.7244 0.0079, -2.874 -4.7244 0.3228, -3.0315 -4.5709 0.0, -3.2677 -4.5709 0.0, -3.0315 -4.5709 0.0079, -3.2677 -4.5709 0.0079, -3.2677 -4.5709 0.3228, -3.2677 -4.5709 0.3268, -3.0315 -4.5709 0.3228, -3.0315 -4.5709 0.3268, -3.0315 -4.7244 0.3228, -3.0315 -4.7283 0.3268, -3.0315 -4.7244 0.0079, -3.0315 -4.7283 0.0, -3.0512 -4.7283 0.3268, -3.0512 -4.7283 0.0, -3.0545 -4.7029 0.0, -3.0545 -4.7029 0.3268, -3.0643 -4.6791 0.0, -3.0643 -4.6791 0.3268, -3.08 -4.6587 0.0, -3.08 -4.6587 0.3268, -3.1004 -4.6431 0.0, -3.1004 -4.6431 0.3268, -3.1241 -4.6333 0.0, -3.1241 -4.6333 0.3268, -3.1496 -4.6299 0.0, -3.1496 -4.6299 0.3268, -3.1751 -4.6333 0.0, -3.1751 -4.6333 0.3268, -3.1988 -4.6431 0.0, -3.1988 -4.6431 0.3268, -3.2192 -4.6587 0.0, -3.2192 -4.6587 0.3268, -3.2348 -4.6791 0.0, -3.2348 -4.6791 0.3268, -3.2447 -4.7029 0.0, -3.2447 -4.7029 0.3268, -3.248 -4.7283 0.0, -3.248 -4.7283 0.3268, -3.2677 -4.7283 0.3268, -3.2677 -4.7283 0.0, -3.2677 -4.7244 0.0079, -3.2677 -4.7244 0.3228, -3.4252 -4.5709 0.0, -3.6614 -4.5709 0.0, -3.4252 -4.5709 0.0079, -3.6614 -4.5709 0.0079, -3.6614 -4.5709 0.3228, -3.6614 -4.5709 0.3268, -3.4252 -4.5709 0.3228, -3.4252 -4.5709 0.3268, -3.4252 -4.7244 0.3228, -3.4252 -4.7283 0.3268, -3.4252 -4.7244 0.0079, -3.4252 -4.7283 0.0, -3.4449 -4.7283 0.3268, -3.4449 -4.7283 0.0, -3.4482 -4.7029 0.0, -3.4482 -4.7029 0.3268, -3.458 -4.6791 0.0, -3.458 -4.6791 0.3268, -3.4737 -4.6587 0.0, -3.4737 -4.6587 0.3268, -3.4941 -4.6431 0.0, -3.4941 -4.6431 0.3268, -3.5178 -4.6333 0.0, -3.5178 -4.6333 0.3268, -3.5433 -4.6299 0.0, -3.5433 -4.6299 0.3268, -3.5688 -4.6333 0.0, -3.5688 -4.6333 0.3268, -3.5925 -4.6431 0.0, -3.5925 -4.6431 0.3268, -3.6129 -4.6587 0.0, -3.6129 -4.6587 0.3268, -3.6285 -4.6791 0.0, -3.6285 -4.6791 0.3268, -3.6384 -4.7029 0.0, -3.6384 -4.7029 0.3268, -3.6417 -4.7283 0.0, -3.6417 -4.7283 0.3268, -3.6614 -4.7283 0.3268, -3.6614 -4.7283 0.0, -3.6614 -4.7244 0.0079, -3.6614 -4.7244 0.3228, -3.8189 -4.5709 0.0, -4.0551 -4.5709 0.0, -3.8189 -4.5709 0.0079, -4.0551 -4.5709 0.0079, -4.0551 -4.5709 0.3228, -4.0551 -4.5709 0.3268, -3.8189 -4.5709 0.3228, -3.8189 -4.5709 0.3268, -3.8189 -4.7244 0.3228, -3.8189 -4.7283 0.3268, -3.8189 -4.7244 0.0079, -3.8189 -4.7283 0.0, -3.8386 -4.7283 0.3268, -3.8386 -4.7283 0.0, -3.8419 -4.7029 0.0, -3.8419 -4.7029 0.3268, -3.8517 -4.6791 0.0, -3.8517 -4.6791 0.3268, -3.8674 -4.6587 0.0, -3.8674 -4.6587 0.3268, -3.8878 -4.6431 0.0, -3.8878 -4.6431 0.3268, -3.9115 -4.6333 0.0, -3.9115 -4.6333 0.3268, -3.937 -4.6299 0.0, -3.937 -4.6299 0.3268, -3.9625 -4.6333 0.0, -3.9625 -4.6333 0.3268, -3.9862 -4.6431 0.0, -3.9862 -4.6431 0.3268, -4.0066 -4.6587 0.0, -4.0066 -4.6587 0.3268, -4.0222 -4.6791 0.0, -4.0222 -4.6791 0.3268, -4.0321 -4.7029 0.0, -4.0321 -4.7029 0.3268, -4.0354 -4.7283 0.0, -4.0354 -4.7283 0.3268, -4.0551 -4.7283 0.3268, -4.0551 -4.7283 0.0, -4.0551 -4.7244 0.0079, -4.0551 -4.7244 0.3228, -4.2126 -4.5709 0.0, -4.4488 -4.5709 0.0, -4.2126 -4.5709 0.0079, -4.4488 -4.5709 0.0079, -4.4488 -4.5709 0.3228, -4.4488 -4.5709 0.3268, -4.2126 -4.5709 0.3228, -4.2126 -4.5709 0.3268, -4.2126 -4.7244 0.3228, -4.2126 -4.7283 0.3268, -4.2126 -4.7244 0.0079, -4.2126 -4.7283 0.0, -4.2323 -4.7283 0.3268, -4.2323 -4.7283 0.0, -4.2356 -4.7029 0.0, -4.2356 -4.7029 0.3268, -4.2454 -4.6791 0.0, -4.2454 -4.6791 0.3268, -4.2611 -4.6587 0.0, -4.2611 -4.6587 0.3268, -4.2815 -4.6431 0.0, -4.2815 -4.6431 0.3268, -4.3052 -4.6333 0.0, -4.3052 -4.6333 0.3268, -4.3307 -4.6299 0.0, -4.3307 -4.6299 0.3268, -4.3562 -4.6333 0.0, -4.3562 -4.6333 0.3268, -4.3799 -4.6431 0.0, -4.3799 -4.6431 0.3268, -4.4003 -4.6587 0.0, -4.4003 -4.6587 0.3268, -4.4159 -4.6791 0.0, -4.4159 -4.6791 0.3268, -4.4258 -4.7029 0.0, -4.4258 -4.7029 0.3268, -4.4291 -4.7283 0.0, -4.4291 -4.7283 0.3268, -4.4488 -4.7283 0.3268, -4.4488 -4.7283 0.0, -4.4488 -4.7244 0.0079, -4.4488 -4.7244 0.3228, -4.4488 4.5709 0.0, -4.2126 4.5709 0.0, -4.4488 4.5709 0.0079, -4.2126 4.5709 0.0079, -4.4291 4.7283 0.0, -4.4291 4.7283 0.3268, -4.4258 4.7029 0.0, -4.4258 4.7029 0.3268, -4.4159 4.6791 0.0, -4.4159 4.6791 0.3268, -4.4003 4.6587 0.0, -4.4003 4.6587 0.3268, -4.3799 4.6431 0.0, -4.3799 4.6431 0.3268, -4.3562 4.6333 0.0, -4.3562 4.6333 0.3268, -4.3307 4.6299 0.0, -4.3307 4.6299 0.3268, -4.3052 4.6333 0.0, -4.3052 4.6333 0.3268, -4.2815 4.6431 0.0, -4.2815 4.6431 0.3268, -4.2611 4.6587 0.0, -4.2611 4.6587 0.3268, -4.2454 4.6791 0.0, -4.2454 4.6791 0.3268, -4.2356 4.7029 0.0, -4.2356 4.7029 0.3268, -4.2323 4.7283 0.0, -4.2323 4.7283 0.3268, -4.2126 4.7283 0.3268, -4.2126 4.7283 0.0, -4.2126 4.7244 0.0079, -4.2126 4.7244 0.3228, -4.2126 4.5709 0.3228, -4.2126 4.5709 0.3268, -4.4488 4.5709 0.3228, -4.4488 4.5709 0.3268, -4.4488 4.7244 0.3228, -4.4488 4.7283 0.3268, -4.4488 4.7244 0.0079, -4.4488 4.7283 0.0, -4.0551 4.5709 0.0, -3.8189 4.5709 0.0, -4.0551 4.5709 0.0079, -3.8189 4.5709 0.0079, -4.0354 4.7283 0.0, -4.0354 4.7283 0.3268, -4.0321 4.7029 0.0, -4.0321 4.7029 0.3268, -4.0222 4.6791 0.0, -4.0222 4.6791 0.3268, -4.0066 4.6587 0.0, -4.0066 4.6587 0.3268, -3.9862 4.6431 0.0, -3.9862 4.6431 0.3268, -3.9625 4.6333 0.0, -3.9625 4.6333 0.3268, -3.937 4.6299 0.0, -3.937 4.6299 0.3268, -3.9115 4.6333 0.0, -3.9115 4.6333 0.3268, -3.8878 4.6431 0.0, -3.8878 4.6431 0.3268, -3.8674 4.6587 0.0, -3.8674 4.6587 0.3268, -3.8517 4.6791 0.0, -3.8517 4.6791 0.3268, -3.8419 4.7029 0.0, -3.8419 4.7029 0.3268, -3.8386 4.7283 0.0, -3.8386 4.7283 0.3268, -3.8189 4.7283 0.3268, -3.8189 4.7283 0.0, -3.8189 4.7244 0.0079, -3.8189 4.7244 0.3228, -3.8189 4.5709 0.3228, -3.8189 4.5709 0.3268, -4.0551 4.5709 0.3228, -4.0551 4.5709 0.3268, -4.0551 4.7244 0.3228, -4.0551 4.7283 0.3268, -4.0551 4.7244 0.0079, -4.0551 4.7283 0.0, -3.6614 4.5709 0.0, -3.4252 4.5709 0.0, -3.6614 4.5709 0.0079, -3.4252 4.5709 0.0079, -3.6417 4.7283 0.0, -3.6417 4.7283 0.3268, -3.6384 4.7029 0.0, -3.6384 4.7029 0.3268, -3.6285 4.6791 0.0, -3.6285 4.6791 0.3268, -3.6129 4.6587 0.0, -3.6129 4.6587 0.3268, -3.5925 4.6431 0.0, -3.5925 4.6431 0.3268, -3.5688 4.6333 0.0, -3.5688 4.6333 0.3268, -3.5433 4.6299 0.0, -3.5433 4.6299 0.3268, -3.5178 4.6333 0.0, -3.5178 4.6333 0.3268, -3.4941 4.6431 0.0, -3.4941 4.6431 0.3268, -3.4737 4.6587 0.0, -3.4737 4.6587 0.3268, -3.458 4.6791 0.0, -3.458 4.6791 0.3268, -3.4482 4.7029 0.0, -3.4482 4.7029 0.3268, -3.4449 4.7283 0.0, -3.4449 4.7283 0.3268, -3.4252 4.7283 0.3268, -3.4252 4.7283 0.0, -3.4252 4.7244 0.0079, -3.4252 4.7244 0.3228, -3.4252 4.5709 0.3228, -3.4252 4.5709 0.3268, -3.6614 4.5709 0.3228, -3.6614 4.5709 0.3268, -3.6614 4.7244 0.3228, -3.6614 4.7283 0.3268, -3.6614 4.7244 0.0079, -3.6614 4.7283 0.0, -3.2677 4.5709 0.0, -3.0315 4.5709 0.0, -3.2677 4.5709 0.0079, -3.0315 4.5709 0.0079, -3.248 4.7283 0.0, -3.248 4.7283 0.3268, -3.2447 4.7029 0.0, -3.2447 4.7029 0.3268, -3.2348 4.6791 0.0, -3.2348 4.6791 0.3268, -3.2192 4.6587 0.0, -3.2192 4.6587 0.3268, -3.1988 4.6431 0.0, -3.1988 4.6431 0.3268, -3.1751 4.6333 0.0, -3.1751 4.6333 0.3268, -3.1496 4.6299 0.0, -3.1496 4.6299 0.3268, -3.1241 4.6333 0.0, -3.1241 4.6333 0.3268, -3.1004 4.6431 0.0, -3.1004 4.6431 0.3268, -3.08 4.6587 0.0, -3.08 4.6587 0.3268, -3.0643 4.6791 0.0, -3.0643 4.6791 0.3268, -3.0545 4.7029 0.0, -3.0545 4.7029 0.3268, -3.0512 4.7283 0.0, -3.0512 4.7283 0.3268, -3.0315 4.7283 0.3268, -3.0315 4.7283 0.0, -3.0315 4.7244 0.0079, -3.0315 4.7244 0.3228, -3.0315 4.5709 0.3228, -3.0315 4.5709 0.3268, -3.2677 4.5709 0.3228, -3.2677 4.5709 0.3268, -3.2677 4.7244 0.3228, -3.2677 4.7283 0.3268, -3.2677 4.7244 0.0079, -3.2677 4.7283 0.0, -2.874 4.5709 0.0, -2.6378 4.5709 0.0, -2.874 4.5709 0.0079, -2.6378 4.5709 0.0079, -2.8543 4.7283 0.0, -2.8543 4.7283 0.3268, -2.851 4.7029 0.0, -2.851 4.7029 0.3268, -2.8411 4.6791 0.0, -2.8411 4.6791 0.3268, -2.8255 4.6587 0.0, -2.8255 4.6587 0.3268, -2.8051 4.6431 0.0, -2.8051 4.6431 0.3268, -2.7814 4.6333 0.0, -2.7814 4.6333 0.3268, -2.7559 4.6299 0.0, -2.7559 4.6299 0.3268, -2.7304 4.6333 0.0, -2.7304 4.6333 0.3268, -2.7067 4.6431 0.0, -2.7067 4.6431 0.3268, -2.6863 4.6587 0.0, -2.6863 4.6587 0.3268, -2.6706 4.6791 0.0, -2.6706 4.6791 0.3268, -2.6608 4.7029 0.0, -2.6608 4.7029 0.3268, -2.6575 4.7283 0.0, -2.6575 4.7283 0.3268, -2.6378 4.7283 0.3268, -2.6378 4.7283 0.0, -2.6378 4.7244 0.0079, -2.6378 4.7244 0.3228, -2.6378 4.5709 0.3228, -2.6378 4.5709 0.3268, -2.874 4.5709 0.3228, -2.874 4.5709 0.3268, -2.874 4.7244 0.3228, -2.874 4.7283 0.3268, -2.874 4.7244 0.0079, -2.874 4.7283 0.0, -2.4803 4.5709 0.0, -2.2441 4.5709 0.0, -2.4803 4.5709 0.0079, -2.2441 4.5709 0.0079, -2.4606 4.7283 0.0, -2.4606 4.7283 0.3268, -2.4573 4.7029 0.0, -2.4573 4.7029 0.3268, -2.4474 4.6791 0.0, -2.4474 4.6791 0.3268, -2.4318 4.6587 0.0, -2.4318 4.6587 0.3268, -2.4114 4.6431 0.0, -2.4114 4.6431 0.3268, -2.3877 4.6333 0.0, -2.3877 4.6333 0.3268, -2.3622 4.6299 0.0, -2.3622 4.6299 0.3268, -2.3367 4.6333 0.0, -2.3367 4.6333 0.3268, -2.313 4.6431 0.0, -2.313 4.6431 0.3268, -2.2926 4.6587 0.0, -2.2926 4.6587 0.3268, -2.2769 4.6791 0.0, -2.2769 4.6791 0.3268, -2.2671 4.7029 0.0, -2.2671 4.7029 0.3268, -2.2638 4.7283 0.0, -2.2638 4.7283 0.3268, -2.2441 4.7283 0.3268, -2.2441 4.7283 0.0, -2.2441 4.7244 0.0079, -2.2441 4.7244 0.3228, -2.2441 4.5709 0.3228, -2.2441 4.5709 0.3268, -2.4803 4.5709 0.3228, -2.4803 4.5709 0.3268, -2.4803 4.7244 0.3228, -2.4803 4.7283 0.3268, -2.4803 4.7244 0.0079, -2.4803 4.7283 0.0, -2.0866 4.5709 0.0, -1.8504 4.5709 0.0, -2.0866 4.5709 0.0079, -1.8504 4.5709 0.0079, -2.0669 4.7283 0.0, -2.0669 4.7283 0.3268, -2.0636 4.7029 0.0, -2.0636 4.7029 0.3268, -2.0537 4.6791 0.0, -2.0537 4.6791 0.3268, -2.0381 4.6587 0.0, -2.0381 4.6587 0.3268, -2.0177 4.6431 0.0, -2.0177 4.6431 0.3268, -1.994 4.6333 0.0, -1.994 4.6333 0.3268, -1.9685 4.6299 0.0, -1.9685 4.6299 0.3268, -1.943 4.6333 0.0, -1.943 4.6333 0.3268, -1.9193 4.6431 0.0, -1.9193 4.6431 0.3268, -1.8989 4.6587 0.0, -1.8989 4.6587 0.3268, -1.8832 4.6791 0.0, -1.8832 4.6791 0.3268, -1.8734 4.7029 0.0, -1.8734 4.7029 0.3268, -1.8701 4.7283 0.0, -1.8701 4.7283 0.3268, -1.8504 4.7283 0.3268, -1.8504 4.7283 0.0, -1.8504 4.7244 0.0079, -1.8504 4.7244 0.3228, -1.8504 4.5709 0.3228, -1.8504 4.5709 0.3268, -2.0866 4.5709 0.3228, -2.0866 4.5709 0.3268, -2.0866 4.7244 0.3228, -2.0866 4.7283 0.3268, -2.0866 4.7244 0.0079, -2.0866 4.7283 0.0, -1.6929 4.5709 0.0, -1.4567 4.5709 0.0, -1.6929 4.5709 0.0079, -1.4567 4.5709 0.0079, -1.6732 4.7283 0.0, -1.6732 4.7283 0.3268, -1.6699 4.7029 0.0, -1.6699 4.7029 0.3268, -1.66 4.6791 0.0, -1.66 4.6791 0.3268, -1.6444 4.6587 0.0, -1.6444 4.6587 0.3268, -1.624 4.6431 0.0, -1.624 4.6431 0.3268, -1.6003 4.6333 0.0, -1.6003 4.6333 0.3268, -1.5748 4.6299 0.0, -1.5748 4.6299 0.3268, -1.5493 4.6333 0.0, -1.5493 4.6333 0.3268, -1.5256 4.6431 0.0, -1.5256 4.6431 0.3268, -1.5052 4.6587 0.0, -1.5052 4.6587 0.3268, -1.4895 4.6791 0.0, -1.4895 4.6791 0.3268, -1.4797 4.7029 0.0, -1.4797 4.7029 0.3268, -1.4764 4.7283 0.0, -1.4764 4.7283 0.3268, -1.4567 4.7283 0.3268, -1.4567 4.7283 0.0, -1.4567 4.7244 0.0079, -1.4567 4.7244 0.3228, -1.4567 4.5709 0.3228, -1.4567 4.5709 0.3268, -1.6929 4.5709 0.3228, -1.6929 4.5709 0.3268, -1.6929 4.7244 0.3228, -1.6929 4.7283 0.3268, -1.6929 4.7244 0.0079, -1.6929 4.7283 0.0, -1.2992 4.5709 0.0, -1.063 4.5709 0.0, -1.2992 4.5709 0.0079, -1.063 4.5709 0.0079, -1.2795 4.7283 0.0, -1.2795 4.7283 0.3268, -1.2762 4.7029 0.0, -1.2762 4.7029 0.3268, -1.2663 4.6791 0.0, -1.2663 4.6791 0.3268, -1.2507 4.6587 0.0, -1.2507 4.6587 0.3268, -1.2303 4.6431 0.0, -1.2303 4.6431 0.3268, -1.2066 4.6333 0.0, -1.2066 4.6333 0.3268, -1.1811 4.6299 0.0, -1.1811 4.6299 0.3268, -1.1556 4.6333 0.0, -1.1556 4.6333 0.3268, -1.1319 4.6431 0.0, -1.1319 4.6431 0.3268, -1.1115 4.6587 0.0, -1.1115 4.6587 0.3268, -1.0958 4.6791 0.0, -1.0958 4.6791 0.3268, -1.086 4.7029 0.0, -1.086 4.7029 0.3268, -1.0827 4.7283 0.0, -1.0827 4.7283 0.3268, -1.063 4.7283 0.3268, -1.063 4.7283 0.0, -1.063 4.7244 0.0079, -1.063 4.7244 0.3228, -1.063 4.5709 0.3228, -1.063 4.5709 0.3268, -1.2992 4.5709 0.3228, -1.2992 4.5709 0.3268, -1.2992 4.7244 0.3228, -1.2992 4.7283 0.3268, -1.2992 4.7244 0.0079, -1.2992 4.7283 0.0, -0.9055 4.5709 0.0, -0.6693 4.5709 0.0, -0.9055 4.5709 0.0079, -0.6693 4.5709 0.0079, -0.8858 4.7283 0.0, -0.8858 4.7283 0.3268, -0.8825 4.7029 0.0, -0.8825 4.7029 0.3268, -0.8726 4.6791 0.0, -0.8726 4.6791 0.3268, -0.857 4.6587 0.0, -0.857 4.6587 0.3268, -0.8366 4.6431 0.0, -0.8366 4.6431 0.3268, -0.8129 4.6333 0.0, -0.8129 4.6333 0.3268, -0.7874 4.6299 0.0, -0.7874 4.6299 0.3268, -0.7619 4.6333 0.0, -0.7619 4.6333 0.3268, -0.7382 4.6431 0.0, -0.7382 4.6431 0.3268, -0.7178 4.6587 0.0, -0.7178 4.6587 0.3268, -0.7021 4.6791 0.0, -0.7021 4.6791 0.3268, -0.6923 4.7029 0.0, -0.6923 4.7029 0.3268, -0.689 4.7283 0.0, -0.689 4.7283 0.3268, -0.6693 4.7283 0.3268, -0.6693 4.7283 0.0, -0.6693 4.7244 0.0079, -0.6693 4.7244 0.3228, -0.6693 4.5709 0.3228, -0.6693 4.5709 0.3268, -0.9055 4.5709 0.3228, -0.9055 4.5709 0.3268, -0.9055 4.7244 0.3228, -0.9055 4.7283 0.3268, -0.9055 4.7244 0.0079, -0.9055 4.7283 0.0, -0.5118 4.5709 0.0, -0.2756 4.5709 0.0, -0.5118 4.5709 0.0079, -0.2756 4.5709 0.0079, -0.4921 4.7283 0.0, -0.4921 4.7283 0.3268, -0.4888 4.7029 0.0, -0.4888 4.7029 0.3268, -0.4789 4.6791 0.0, -0.4789 4.6791 0.3268, -0.4633 4.6587 0.0, -0.4633 4.6587 0.3268, -0.4429 4.6431 0.0, -0.4429 4.6431 0.3268, -0.4192 4.6333 0.0, -0.4192 4.6333 0.3268, -0.3937 4.6299 0.0, -0.3937 4.6299 0.3268, -0.3682 4.6333 0.0, -0.3682 4.6333 0.3268, -0.3445 4.6431 0.0, -0.3445 4.6431 0.3268, -0.3241 4.6587 0.0, -0.3241 4.6587 0.3268, -0.3084 4.6791 0.0, -0.3084 4.6791 0.3268, -0.2986 4.7029 0.0, -0.2986 4.7029 0.3268, -0.2953 4.7283 0.0, -0.2953 4.7283 0.3268, -0.2756 4.7283 0.3268, -0.2756 4.7283 0.0, -0.2756 4.7244 0.0079, -0.2756 4.7244 0.3228, -0.2756 4.5709 0.3228, -0.2756 4.5709 0.3268, -0.5118 4.5709 0.3228, -0.5118 4.5709 0.3268, -0.5118 4.7244 0.3228, -0.5118 4.7283 0.3268, -0.5118 4.7244 0.0079, -0.5118 4.7283 0.0, -0.1181 4.5709 0.0, 0.1181 4.5709 0.0, -0.1181 4.5709 0.0079, 0.1181 4.5709 0.0079, -0.0984 4.7283 0.0, -0.0984 4.7283 0.3268, -0.0951 4.7029 0.0, -0.0951 4.7029 0.3268, -0.0852 4.6791 0.0, -0.0852 4.6791 0.3268, -0.0696 4.6587 0.0, -0.0696 4.6587 0.3268, -0.0492 4.6431 0.0, -0.0492 4.6431 0.3268, -0.0255 4.6333 0.0, -0.0255 4.6333 0.3268, 0.0 4.6299 0.0, 0.0 4.6299 0.3268, 0.0255 4.6333 0.0, 0.0255 4.6333 0.3268, 0.0492 4.6431 0.0, 0.0492 4.6431 0.3268, 0.0696 4.6587 0.0, 0.0696 4.6587 0.3268, 0.0853 4.6791 0.0, 0.0853 4.6791 0.3268, 0.0951 4.7029 0.0, 0.0951 4.7029 0.3268, 0.0984 4.7283 0.0, 0.0984 4.7283 0.3268, 0.1181 4.7283 0.3268, 0.1181 4.7283 0.0, 0.1181 4.7244 0.0079, 0.1181 4.7244 0.3228, 0.1181 4.5709 0.3228, 0.1181 4.5709 0.3268, -0.1181 4.5709 0.3228, -0.1181 4.5709 0.3268, -0.1181 4.7244 0.3228, -0.1181 4.7283 0.3268, -0.1181 4.7244 0.0079, -0.1181 4.7283 0.0, 0.2756 4.5709 0.0, 0.5118 4.5709 0.0, 0.2756 4.5709 0.0079, 0.5118 4.5709 0.0079, 0.2953 4.7283 0.0, 0.2953 4.7283 0.3268, 0.2986 4.7029 0.0, 0.2986 4.7029 0.3268, 0.3085 4.6791 0.0, 0.3085 4.6791 0.3268, 0.3241 4.6587 0.0, 0.3241 4.6587 0.3268, 0.3445 4.6431 0.0, 0.3445 4.6431 0.3268, 0.3682 4.6333 0.0, 0.3682 4.6333 0.3268, 0.3937 4.6299 0.0, 0.3937 4.6299 0.3268, 0.4192 4.6333 0.0, 0.4192 4.6333 0.3268, 0.4429 4.6431 0.0, 0.4429 4.6431 0.3268, 0.4633 4.6587 0.0, 0.4633 4.6587 0.3268, 0.479 4.6791 0.0, 0.479 4.6791 0.3268, 0.4888 4.7029 0.0, 0.4888 4.7029 0.3268, 0.4921 4.7283 0.0, 0.4921 4.7283 0.3268, 0.5118 4.7283 0.3268, 0.5118 4.7283 0.0, 0.5118 4.7244 0.0079, 0.5118 4.7244 0.3228, 0.5118 4.5709 0.3228, 0.5118 4.5709 0.3268, 0.2756 4.5709 0.3228, 0.2756 4.5709 0.3268, 0.2756 4.7244 0.3228, 0.2756 4.7283 0.3268, 0.2756 4.7244 0.0079, 0.2756 4.7283 0.0, 0.6693 4.5709 0.0, 0.9055 4.5709 0.0, 0.6693 4.5709 0.0079, 0.9055 4.5709 0.0079, 0.689 4.7283 0.0, 0.689 4.7283 0.3268, 0.6923 4.7029 0.0, 0.6923 4.7029 0.3268, 0.7022 4.6791 0.0, 0.7022 4.6791 0.3268, 0.7178 4.6587 0.0, 0.7178 4.6587 0.3268, 0.7382 4.6431 0.0, 0.7382 4.6431 0.3268, 0.7619 4.6333 0.0, 0.7619 4.6333 0.3268, 0.7874 4.6299 0.0, 0.7874 4.6299 0.3268, 0.8129 4.6333 0.0, 0.8129 4.6333 0.3268, 0.8366 4.6431 0.0, 0.8366 4.6431 0.3268, 0.857 4.6587 0.0, 0.857 4.6587 0.3268, 0.8727 4.6791 0.0, 0.8727 4.6791 0.3268, 0.8825 4.7029 0.0, 0.8825 4.7029 0.3268, 0.8858 4.7283 0.0, 0.8858 4.7283 0.3268, 0.9055 4.7283 0.3268, 0.9055 4.7283 0.0, 0.9055 4.7244 0.0079, 0.9055 4.7244 0.3228, 0.9055 4.5709 0.3228, 0.9055 4.5709 0.3268, 0.6693 4.5709 0.3228, 0.6693 4.5709 0.3268, 0.6693 4.7244 0.3228, 0.6693 4.7283 0.3268, 0.6693 4.7244 0.0079, 0.6693 4.7283 0.0, 1.063 4.5709 0.0, 1.2992 4.5709 0.0, 1.063 4.5709 0.0079, 1.2992 4.5709 0.0079, 1.0827 4.7283 0.0, 1.0827 4.7283 0.3268, 1.0861 4.7029 0.0, 1.0861 4.7029 0.3268, 1.0959 4.6791 0.0, 1.0959 4.6791 0.3268, 1.1115 4.6587 0.0, 1.1115 4.6587 0.3268, 1.1319 4.6431 0.0, 1.1319 4.6431 0.3268, 1.1556 4.6333 0.0, 1.1556 4.6333 0.3268, 1.1811 4.6299 0.0, 1.1811 4.6299 0.3268, 1.2066 4.6333 0.0, 1.2066 4.6333 0.3268, 1.2303 4.6431 0.0, 1.2303 4.6431 0.3268, 1.2507 4.6587 0.0, 1.2507 4.6587 0.3268, 1.2664 4.6791 0.0, 1.2664 4.6791 0.3268, 1.2762 4.7029 0.0, 1.2762 4.7029 0.3268, 1.2795 4.7283 0.0, 1.2795 4.7283 0.3268, 1.2992 4.7283 0.3268, 1.2992 4.7283 0.0, 1.2992 4.7244 0.0079, 1.2992 4.7244 0.3228, 1.2992 4.5709 0.3228, 1.2992 4.5709 0.3268, 1.063 4.5709 0.3228, 1.063 4.5709 0.3268, 1.063 4.7244 0.3228, 1.063 4.7283 0.3268, 1.063 4.7244 0.0079, 1.063 4.7283 0.0, 1.4567 4.5709 0.0, 1.6929 4.5709 0.0, 1.4567 4.5709 0.0079, 1.6929 4.5709 0.0079, 1.4764 4.7283 0.0, 1.4764 4.7283 0.3268, 1.4798 4.7029 0.0, 1.4798 4.7029 0.3268, 1.4896 4.6791 0.0, 1.4896 4.6791 0.3268, 1.5052 4.6587 0.0, 1.5052 4.6587 0.3268, 1.5256 4.6431 0.0, 1.5256 4.6431 0.3268, 1.5493 4.6333 0.0, 1.5493 4.6333 0.3268, 1.5748 4.6299 0.0, 1.5748 4.6299 0.3268, 1.6003 4.6333 0.0, 1.6003 4.6333 0.3268, 1.624 4.6431 0.0, 1.624 4.6431 0.3268, 1.6444 4.6587 0.0, 1.6444 4.6587 0.3268, 1.6601 4.6791 0.0, 1.6601 4.6791 0.3268, 1.6699 4.7029 0.0, 1.6699 4.7029 0.3268, 1.6732 4.7283 0.0, 1.6732 4.7283 0.3268, 1.6929 4.7283 0.3268, 1.6929 4.7283 0.0, 1.6929 4.7244 0.0079, 1.6929 4.7244 0.3228, 1.6929 4.5709 0.3228, 1.6929 4.5709 0.3268, 1.4567 4.5709 0.3228, 1.4567 4.5709 0.3268, 1.4567 4.7244 0.3228, 1.4567 4.7283 0.3268, 1.4567 4.7244 0.0079, 1.4567 4.7283 0.0, 1.8504 4.5709 0.0, 2.0866 4.5709 0.0, 1.8504 4.5709 0.0079, 2.0866 4.5709 0.0079, 1.8701 4.7283 0.0, 1.8701 4.7283 0.3268, 1.8735 4.7029 0.0, 1.8735 4.7029 0.3268, 1.8833 4.6791 0.0, 1.8833 4.6791 0.3268, 1.8989 4.6587 0.0, 1.8989 4.6587 0.3268, 1.9193 4.6431 0.0, 1.9193 4.6431 0.3268, 1.943 4.6333 0.0, 1.943 4.6333 0.3268, 1.9685 4.6299 0.0, 1.9685 4.6299 0.3268, 1.994 4.6333 0.0, 1.994 4.6333 0.3268, 2.0177 4.6431 0.0, 2.0177 4.6431 0.3268, 2.0381 4.6587 0.0, 2.0381 4.6587 0.3268, 2.0538 4.6791 0.0, 2.0538 4.6791 0.3268, 2.0636 4.7029 0.0, 2.0636 4.7029 0.3268, 2.0669 4.7283 0.0, 2.0669 4.7283 0.3268, 2.0866 4.7283 0.3268, 2.0866 4.7283 0.0, 2.0866 4.7244 0.0079, 2.0866 4.7244 0.3228, 2.0866 4.5709 0.3228, 2.0866 4.5709 0.3268, 1.8504 4.5709 0.3228, 1.8504 4.5709 0.3268, 1.8504 4.7244 0.3228, 1.8504 4.7283 0.3268, 1.8504 4.7244 0.0079, 1.8504 4.7283 0.0, 2.2441 4.5709 0.0, 2.4803 4.5709 0.0, 2.2441 4.5709 0.0079, 2.4803 4.5709 0.0079, 2.2638 4.7283 0.0, 2.2638 4.7283 0.3268, 2.2672 4.7029 0.0, 2.2672 4.7029 0.3268, 2.277 4.6791 0.0, 2.277 4.6791 0.3268, 2.2926 4.6587 0.0, 2.2926 4.6587 0.3268, 2.313 4.6431 0.0, 2.313 4.6431 0.3268, 2.3368 4.6333 0.0, 2.3368 4.6333 0.3268, 2.3622 4.6299 0.0, 2.3622 4.6299 0.3268, 2.3877 4.6333 0.0, 2.3877 4.6333 0.3268, 2.4114 4.6431 0.0, 2.4114 4.6431 0.3268, 2.4318 4.6587 0.0, 2.4318 4.6587 0.3268, 2.4475 4.6791 0.0, 2.4475 4.6791 0.3268, 2.4573 4.7029 0.0, 2.4573 4.7029 0.3268, 2.4606 4.7283 0.0, 2.4606 4.7283 0.3268, 2.4803 4.7283 0.3268, 2.4803 4.7283 0.0, 2.4803 4.7244 0.0079, 2.4803 4.7244 0.3228, 2.4803 4.5709 0.3228, 2.4803 4.5709 0.3268, 2.2441 4.5709 0.3228, 2.2441 4.5709 0.3268, 2.2441 4.7244 0.3228, 2.2441 4.7283 0.3268, 2.2441 4.7244 0.0079, 2.2441 4.7283 0.0, 2.6378 4.5709 0.0, 2.874 4.5709 0.0, 2.6378 4.5709 0.0079, 2.874 4.5709 0.0079, 2.6575 4.7283 0.0, 2.6575 4.7283 0.3268, 2.6609 4.7029 0.0, 2.6609 4.7029 0.3268, 2.6707 4.6791 0.0, 2.6707 4.6791 0.3268, 2.6863 4.6587 0.0, 2.6863 4.6587 0.3268, 2.7067 4.6431 0.0, 2.7067 4.6431 0.3268, 2.7305 4.6333 0.0, 2.7305 4.6333 0.3268, 2.7559 4.6299 0.0, 2.7559 4.6299 0.3268, 2.7814 4.6333 0.0, 2.7814 4.6333 0.3268, 2.8051 4.6431 0.0, 2.8051 4.6431 0.3268, 2.8255 4.6587 0.0, 2.8255 4.6587 0.3268, 2.8412 4.6791 0.0, 2.8412 4.6791 0.3268, 2.851 4.7029 0.0, 2.851 4.7029 0.3268, 2.8544 4.7283 0.0, 2.8544 4.7283 0.3268, 2.874 4.7283 0.3268, 2.874 4.7283 0.0, 2.874 4.7244 0.0079, 2.874 4.7244 0.3228, 2.874 4.5709 0.3228, 2.874 4.5709 0.3268, 2.6378 4.5709 0.3228, 2.6378 4.5709 0.3268, 2.6378 4.7244 0.3228, 2.6378 4.7283 0.3268, 2.6378 4.7244 0.0079, 2.6378 4.7283 0.0, 3.0315 4.5709 0.0, 3.2677 4.5709 0.0, 3.0315 4.5709 0.0079, 3.2677 4.5709 0.0079, 3.0512 4.7283 0.0, 3.0512 4.7283 0.3268, 3.0546 4.7029 0.0, 3.0546 4.7029 0.3268, 3.0644 4.6791 0.0, 3.0644 4.6791 0.3268, 3.08 4.6587 0.0, 3.08 4.6587 0.3268, 3.1004 4.6431 0.0, 3.1004 4.6431 0.3268, 3.1242 4.6333 0.0, 3.1242 4.6333 0.3268, 3.1496 4.6299 0.0, 3.1496 4.6299 0.3268, 3.1751 4.6333 0.0, 3.1751 4.6333 0.3268, 3.1988 4.6431 0.0, 3.1988 4.6431 0.3268, 3.2192 4.6587 0.0, 3.2192 4.6587 0.3268, 3.2349 4.6791 0.0, 3.2349 4.6791 0.3268, 3.2447 4.7029 0.0, 3.2447 4.7029 0.3268, 3.2481 4.7283 0.0, 3.2481 4.7283 0.3268, 3.2677 4.7283 0.3268, 3.2677 4.7283 0.0, 3.2677 4.7244 0.0079, 3.2677 4.7244 0.3228, 3.2677 4.5709 0.3228, 3.2677 4.5709 0.3268, 3.0315 4.5709 0.3228, 3.0315 4.5709 0.3268, 3.0315 4.7244 0.3228, 3.0315 4.7283 0.3268, 3.0315 4.7244 0.0079, 3.0315 4.7283 0.0, 3.4252 4.5709 0.0, 3.6614 4.5709 0.0, 3.4252 4.5709 0.0079, 3.6614 4.5709 0.0079, 3.4449 4.7283 0.0, 3.4449 4.7283 0.3268, 3.4483 4.7029 0.0, 3.4483 4.7029 0.3268, 3.4581 4.6791 0.0, 3.4581 4.6791 0.3268, 3.4737 4.6587 0.0, 3.4737 4.6587 0.3268, 3.4941 4.6431 0.0, 3.4941 4.6431 0.3268, 3.5179 4.6333 0.0, 3.5179 4.6333 0.3268, 3.5433 4.6299 0.0, 3.5433 4.6299 0.3268, 3.5688 4.6333 0.0, 3.5688 4.6333 0.3268, 3.5925 4.6431 0.0, 3.5925 4.6431 0.3268, 3.6129 4.6587 0.0, 3.6129 4.6587 0.3268, 3.6286 4.6791 0.0, 3.6286 4.6791 0.3268, 3.6384 4.7029 0.0, 3.6384 4.7029 0.3268, 3.6418 4.7283 0.0, 3.6418 4.7283 0.3268, 3.6614 4.7283 0.3268, 3.6614 4.7283 0.0, 3.6614 4.7244 0.0079, 3.6614 4.7244 0.3228, 3.6614 4.5709 0.3228, 3.6614 4.5709 0.3268, 3.4252 4.5709 0.3228, 3.4252 4.5709 0.3268, 3.4252 4.7244 0.3228, 3.4252 4.7283 0.3268, 3.4252 4.7244 0.0079, 3.4252 4.7283 0.0, 3.8189 4.5709 0.0, 4.0551 4.5709 0.0, 3.8189 4.5709 0.0079, 4.0551 4.5709 0.0079, 3.8386 4.7283 0.0, 3.8386 4.7283 0.3268, 3.842 4.7029 0.0, 3.842 4.7029 0.3268, 3.8518 4.6791 0.0, 3.8518 4.6791 0.3268, 3.8674 4.6587 0.0, 3.8674 4.6587 0.3268, 3.8878 4.6431 0.0, 3.8878 4.6431 0.3268, 3.9116 4.6333 0.0, 3.9116 4.6333 0.3268, 3.937 4.6299 0.0, 3.937 4.6299 0.3268, 3.9625 4.6333 0.0, 3.9625 4.6333 0.3268, 3.9862 4.6431 0.0, 3.9862 4.6431 0.3268, 4.0066 4.6587 0.0, 4.0066 4.6587 0.3268, 4.0223 4.6791 0.0, 4.0223 4.6791 0.3268, 4.0321 4.7029 0.0, 4.0321 4.7029 0.3268, 4.0355 4.7283 0.0, 4.0355 4.7283 0.3268, 4.0551 4.7283 0.3268, 4.0551 4.7283 0.0, 4.0551 4.7244 0.0079, 4.0551 4.7244 0.3228, 4.0551 4.5709 0.3228, 4.0551 4.5709 0.3268, 3.8189 4.5709 0.3228, 3.8189 4.5709 0.3268, 3.8189 4.7244 0.3228, 3.8189 4.7283 0.3268, 3.8189 4.7244 0.0079, 3.8189 4.7283 0.0, 4.2126 4.5709 0.0, 4.4488 4.5709 0.0, 4.2126 4.5709 0.0079, 4.4488 4.5709 0.0079, 4.2323 4.7283 0.0, 4.2323 4.7283 0.3268, 4.2357 4.7029 0.0, 4.2357 4.7029 0.3268, 4.2455 4.6791 0.0, 4.2455 4.6791 0.3268, 4.2611 4.6587 0.0, 4.2611 4.6587 0.3268, 4.2815 4.6431 0.0, 4.2815 4.6431 0.3268, 4.3053 4.6333 0.0, 4.3053 4.6333 0.3268, 4.3307 4.6299 0.0, 4.3307 4.6299 0.3268, 4.3562 4.6333 0.0, 4.3562 4.6333 0.3268, 4.3799 4.6431 0.0, 4.3799 4.6431 0.3268, 4.4003 4.6587 0.0, 4.4003 4.6587 0.3268, 4.416 4.6791 0.0, 4.416 4.6791 0.3268, 4.4258 4.7029 0.0, 4.4258 4.7029 0.3268, 4.4292 4.7283 0.0, 4.4292 4.7283 0.3268, 4.4488 4.7283 0.3268, 4.4488 4.7283 0.0, 4.4488 4.7244 0.0079, 4.4488 4.7244 0.3228, 4.4488 4.5709 0.3228, 4.4488 4.5709 0.3268, 4.2126 4.5709 0.3228, 4.2126 4.5709 0.3268, 4.2126 4.7244 0.3228, 4.2126 4.7283 0.3268, 4.2126 4.7244 0.0079, 4.2126 4.7283 0.0, 4.5709 -3.0315 0.0, 4.5709 -3.2677 0.0, 4.5709 -3.0315 0.0079, 4.5709 -3.2677 0.0079, 4.5709 -3.2677 0.3228, 4.5709 -3.2677 0.3268, 4.5709 -3.0315 0.3228, 4.5709 -3.0315 0.3268, 4.7244 -3.0315 0.3228, 4.7284 -3.0315 0.3268, 4.7244 -3.0315 0.0079, 4.7284 -3.0315 0.0, 4.7284 -3.0512 0.3268, 4.7284 -3.0512 0.0, 4.7029 -3.0545 0.0, 4.7029 -3.0545 0.3268, 4.6792 -3.0644 0.0, 4.6792 -3.0644 0.3268, 4.6588 -3.08 0.0, 4.6588 -3.08 0.3268, 4.6431 -3.1004 0.0, 4.6431 -3.1004 0.3268, 4.6333 -3.1241 0.0, 4.6333 -3.1241 0.3268, 4.6299 -3.1496 0.0, 4.6299 -3.1496 0.3268, 4.6333 -3.1751 0.0, 4.6333 -3.1751 0.3268, 4.6431 -3.1988 0.0, 4.6431 -3.1988 0.3268, 4.6588 -3.2192 0.0, 4.6588 -3.2192 0.3268, 4.6792 -3.2348 0.0, 4.6792 -3.2348 0.3268, 4.7029 -3.2447 0.0, 4.7029 -3.2447 0.3268, 4.7284 -3.248 0.0, 4.7284 -3.248 0.3268, 4.7284 -3.2677 0.3268, 4.7284 -3.2677 0.0, 4.7244 -3.2677 0.0079, 4.7244 -3.2677 0.3228, 4.5709 -2.6378 0.0, 4.5709 -2.874 0.0, 4.5709 -2.6378 0.0079, 4.5709 -2.874 0.0079, 4.5709 -2.874 0.3228, 4.5709 -2.874 0.3268, 4.5709 -2.6378 0.3228, 4.5709 -2.6378 0.3268, 4.7244 -2.6378 0.3228, 4.7284 -2.6378 0.3268, 4.7244 -2.6378 0.0079, 4.7284 -2.6378 0.0, 4.7284 -2.6575 0.3268, 4.7284 -2.6575 0.0, 4.7029 -2.6608 0.0, 4.7029 -2.6608 0.3268, 4.6792 -2.6707 0.0, 4.6792 -2.6707 0.3268, 4.6588 -2.6863 0.0, 4.6588 -2.6863 0.3268, 4.6431 -2.7067 0.0, 4.6431 -2.7067 0.3268, 4.6333 -2.7304 0.0, 4.6333 -2.7304 0.3268, 4.6299 -2.7559 0.0, 4.6299 -2.7559 0.3268, 4.6333 -2.7814 0.0, 4.6333 -2.7814 0.3268, 4.6431 -2.8051 0.0, 4.6431 -2.8051 0.3268, 4.6588 -2.8255 0.0, 4.6588 -2.8255 0.3268, 4.6792 -2.8411 0.0, 4.6792 -2.8411 0.3268, 4.7029 -2.851 0.0, 4.7029 -2.851 0.3268, 4.7284 -2.8543 0.0, 4.7284 -2.8543 0.3268, 4.7284 -2.874 0.3268, 4.7284 -2.874 0.0, 4.7244 -2.874 0.0079, 4.7244 -2.874 0.3228, 4.5709 -2.2441 0.0, 4.5709 -2.4803 0.0, 4.5709 -2.2441 0.0079, 4.5709 -2.4803 0.0079, 4.5709 -2.4803 0.3228, 4.5709 -2.4803 0.3268, 4.5709 -2.2441 0.3228, 4.5709 -2.2441 0.3268, 4.7244 -2.2441 0.3228, 4.7284 -2.2441 0.3268, 4.7244 -2.2441 0.0079, 4.7284 -2.2441 0.0, 4.7284 -2.2638 0.3268, 4.7284 -2.2638 0.0, 4.7029 -2.2671 0.0, 4.7029 -2.2671 0.3268, 4.6792 -2.277 0.0, 4.6792 -2.277 0.3268, 4.6588 -2.2926 0.0, 4.6588 -2.2926 0.3268, 4.6431 -2.313 0.0, 4.6431 -2.313 0.3268, 4.6333 -2.3367 0.0, 4.6333 -2.3367 0.3268, 4.6299 -2.3622 0.0, 4.6299 -2.3622 0.3268, 4.6333 -2.3877 0.0, 4.6333 -2.3877 0.3268, 4.6431 -2.4114 0.0, 4.6431 -2.4114 0.3268, 4.6588 -2.4318 0.0, 4.6588 -2.4318 0.3268, 4.6792 -2.4474 0.0, 4.6792 -2.4474 0.3268, 4.7029 -2.4573 0.0, 4.7029 -2.4573 0.3268, 4.7284 -2.4606 0.0, 4.7284 -2.4606 0.3268, 4.7284 -2.4803 0.3268, 4.7284 -2.4803 0.0, 4.7244 -2.4803 0.0079, 4.7244 -2.4803 0.3228, 4.5709 -1.8504 0.0, 4.5709 -2.0866 0.0, 4.5709 -1.8504 0.0079, 4.5709 -2.0866 0.0079, 4.5709 -2.0866 0.3228, 4.5709 -2.0866 0.3268, 4.5709 -1.8504 0.3228, 4.5709 -1.8504 0.3268, 4.7244 -1.8504 0.3228, 4.7284 -1.8504 0.3268, 4.7244 -1.8504 0.0079, 4.7284 -1.8504 0.0, 4.7284 -1.8701 0.3268, 4.7284 -1.8701 0.0, 4.7029 -1.8734 0.0, 4.7029 -1.8734 0.3268, 4.6792 -1.8833 0.0, 4.6792 -1.8833 0.3268, 4.6588 -1.8989 0.0, 4.6588 -1.8989 0.3268, 4.6431 -1.9193 0.0, 4.6431 -1.9193 0.3268, 4.6333 -1.943 0.0, 4.6333 -1.943 0.3268, 4.6299 -1.9685 0.0, 4.6299 -1.9685 0.3268, 4.6333 -1.994 0.0, 4.6333 -1.994 0.3268, 4.6431 -2.0177 0.0, 4.6431 -2.0177 0.3268, 4.6588 -2.0381 0.0, 4.6588 -2.0381 0.3268, 4.6792 -2.0537 0.0, 4.6792 -2.0537 0.3268, 4.7029 -2.0636 0.0, 4.7029 -2.0636 0.3268, 4.7284 -2.0669 0.0, 4.7284 -2.0669 0.3268, 4.7284 -2.0866 0.3268, 4.7284 -2.0866 0.0, 4.7244 -2.0866 0.0079, 4.7244 -2.0866 0.3228, 4.5709 -1.4567 0.0, 4.5709 -1.6929 0.0, 4.5709 -1.4567 0.0079, 4.5709 -1.6929 0.0079, 4.5709 -1.6929 0.3228, 4.5709 -1.6929 0.3268, 4.5709 -1.4567 0.3228, 4.5709 -1.4567 0.3268, 4.7244 -1.4567 0.3228, 4.7284 -1.4567 0.3268, 4.7244 -1.4567 0.0079, 4.7284 -1.4567 0.0, 4.7284 -1.4764 0.3268, 4.7284 -1.4764 0.0, 4.7029 -1.4797 0.0, 4.7029 -1.4797 0.3268, 4.6792 -1.4896 0.0, 4.6792 -1.4896 0.3268, 4.6588 -1.5052 0.0, 4.6588 -1.5052 0.3268, 4.6431 -1.5256 0.0, 4.6431 -1.5256 0.3268, 4.6333 -1.5493 0.0, 4.6333 -1.5493 0.3268, 4.6299 -1.5748 0.0, 4.6299 -1.5748 0.3268, 4.6333 -1.6003 0.0, 4.6333 -1.6003 0.3268, 4.6431 -1.624 0.0, 4.6431 -1.624 0.3268, 4.6588 -1.6444 0.0, 4.6588 -1.6444 0.3268, 4.6792 -1.66 0.0, 4.6792 -1.66 0.3268, 4.7029 -1.6699 0.0, 4.7029 -1.6699 0.3268, 4.7284 -1.6732 0.0, 4.7284 -1.6732 0.3268, 4.7284 -1.6929 0.3268, 4.7284 -1.6929 0.0, 4.7244 -1.6929 0.0079, 4.7244 -1.6929 0.3228, 4.5709 -1.063 0.0, 4.5709 -1.2992 0.0, 4.5709 -1.063 0.0079, 4.5709 -1.2992 0.0079, 4.5709 -1.2992 0.3228, 4.5709 -1.2992 0.3268, 4.5709 -1.063 0.3228, 4.5709 -1.063 0.3268, 4.7244 -1.063 0.3228, 4.7284 -1.063 0.3268, 4.7244 -1.063 0.0079, 4.7284 -1.063 0.0, 4.7284 -1.0827 0.3268, 4.7284 -1.0827 0.0, 4.7029 -1.086 0.0, 4.7029 -1.086 0.3268, 4.6792 -1.0959 0.0, 4.6792 -1.0959 0.3268, 4.6588 -1.1115 0.0, 4.6588 -1.1115 0.3268, 4.6431 -1.1319 0.0, 4.6431 -1.1319 0.3268, 4.6333 -1.1556 0.0, 4.6333 -1.1556 0.3268, 4.6299 -1.1811 0.0, 4.6299 -1.1811 0.3268, 4.6333 -1.2066 0.0, 4.6333 -1.2066 0.3268, 4.6431 -1.2303 0.0, 4.6431 -1.2303 0.3268, 4.6588 -1.2507 0.0, 4.6588 -1.2507 0.3268, 4.6792 -1.2663 0.0, 4.6792 -1.2663 0.3268, 4.7029 -1.2762 0.0, 4.7029 -1.2762 0.3268, 4.7284 -1.2795 0.0, 4.7284 -1.2795 0.3268, 4.7284 -1.2992 0.3268, 4.7284 -1.2992 0.0, 4.7244 -1.2992 0.0079, 4.7244 -1.2992 0.3228, 4.5709 -0.6693 0.0, 4.5709 -0.9055 0.0, 4.5709 -0.6693 0.0079, 4.5709 -0.9055 0.0079, 4.5709 -0.9055 0.3228, 4.5709 -0.9055 0.3268, 4.5709 -0.6693 0.3228, 4.5709 -0.6693 0.3268, 4.7244 -0.6693 0.3228, 4.7284 -0.6693 0.3268, 4.7244 -0.6693 0.0079, 4.7284 -0.6693 0.0, 4.7284 -0.689 0.3268, 4.7284 -0.689 0.0, 4.7029 -0.6923 0.0, 4.7029 -0.6923 0.3268, 4.6792 -0.7022 0.0, 4.6792 -0.7022 0.3268, 4.6588 -0.7178 0.0, 4.6588 -0.7178 0.3268, 4.6431 -0.7382 0.0, 4.6431 -0.7382 0.3268, 4.6333 -0.7619 0.0, 4.6333 -0.7619 0.3268, 4.6299 -0.7874 0.0, 4.6299 -0.7874 0.3268, 4.6333 -0.8129 0.0, 4.6333 -0.8129 0.3268, 4.6431 -0.8366 0.0, 4.6431 -0.8366 0.3268, 4.6588 -0.857 0.0, 4.6588 -0.857 0.3268, 4.6792 -0.8726 0.0, 4.6792 -0.8726 0.3268, 4.7029 -0.8825 0.0, 4.7029 -0.8825 0.3268, 4.7284 -0.8858 0.0, 4.7284 -0.8858 0.3268, 4.7284 -0.9055 0.3268, 4.7284 -0.9055 0.0, 4.7244 -0.9055 0.0079, 4.7244 -0.9055 0.3228, 4.5709 -0.2756 0.0, 4.5709 -0.5118 0.0, 4.5709 -0.2756 0.0079, 4.5709 -0.5118 0.0079, 4.5709 -0.5118 0.3228, 4.5709 -0.5118 0.3268, 4.5709 -0.2756 0.3228, 4.5709 -0.2756 0.3268, 4.7244 -0.2756 0.3228, 4.7284 -0.2756 0.3268, 4.7244 -0.2756 0.0079, 4.7284 -0.2756 0.0, 4.7284 -0.2953 0.3268, 4.7284 -0.2953 0.0, 4.7029 -0.2986 0.0, 4.7029 -0.2986 0.3268, 4.6792 -0.3085 0.0, 4.6792 -0.3085 0.3268, 4.6588 -0.3241 0.0, 4.6588 -0.3241 0.3268, 4.6431 -0.3445 0.0, 4.6431 -0.3445 0.3268, 4.6333 -0.3682 0.0, 4.6333 -0.3682 0.3268, 4.6299 -0.3937 0.0, 4.6299 -0.3937 0.3268, 4.6333 -0.4192 0.0, 4.6333 -0.4192 0.3268, 4.6431 -0.4429 0.0, 4.6431 -0.4429 0.3268, 4.6588 -0.4633 0.0, 4.6588 -0.4633 0.3268, 4.6792 -0.4789 0.0, 4.6792 -0.4789 0.3268, 4.7029 -0.4888 0.0, 4.7029 -0.4888 0.3268, 4.7284 -0.4921 0.0, 4.7284 -0.4921 0.3268, 4.7284 -0.5118 0.3268, 4.7284 -0.5118 0.0, 4.7244 -0.5118 0.0079, 4.7244 -0.5118 0.3228, 4.5709 0.1181 0.0, 4.5709 -0.1181 0.0, 4.5709 0.1181 0.0079, 4.5709 -0.1181 0.0079, 4.5709 -0.1181 0.3228, 4.5709 -0.1181 0.3268, 4.5709 0.1181 0.3228, 4.5709 0.1181 0.3268, 4.7244 0.1181 0.3228, 4.7284 0.1181 0.3268, 4.7244 0.1181 0.0079, 4.7284 0.1181 0.0, 4.7284 0.0984 0.3268, 4.7284 0.0984 0.0, 4.7029 0.0951 0.0, 4.7029 0.0951 0.3268, 4.6792 0.0852 0.0, 4.6792 0.0852 0.3268, 4.6588 0.0696 0.0, 4.6588 0.0696 0.3268, 4.6431 0.0492 0.0, 4.6431 0.0492 0.3268, 4.6333 0.0255 0.0, 4.6333 0.0255 0.3268, 4.6299 0.0 0.0, 4.6299 0.0 0.3268, 4.6333 -0.0255 0.0, 4.6333 -0.0255 0.3268, 4.6431 -0.0492 0.0, 4.6431 -0.0492 0.3268, 4.6588 -0.0696 0.0, 4.6588 -0.0696 0.3268, 4.6792 -0.0852 0.0, 4.6792 -0.0852 0.3268, 4.7029 -0.0951 0.0, 4.7029 -0.0951 0.3268, 4.7284 -0.0984 0.0, 4.7284 -0.0984 0.3268, 4.7284 -0.1181 0.3268, 4.7284 -0.1181 0.0, 4.7244 -0.1181 0.0079, 4.7244 -0.1181 0.3228, 4.5709 0.5118 0.0, 4.5709 0.2756 0.0, 4.5709 0.5118 0.0079, 4.5709 0.2756 0.0079, 4.5709 0.2756 0.3228, 4.5709 0.2756 0.3268, 4.5709 0.5118 0.3228, 4.5709 0.5118 0.3268, 4.7244 0.5118 0.3228, 4.7284 0.5118 0.3268, 4.7244 0.5118 0.0079, 4.7284 0.5118 0.0, 4.7284 0.4921 0.3268, 4.7284 0.4921 0.0, 4.7029 0.4888 0.0, 4.7029 0.4888 0.3268, 4.6792 0.4789 0.0, 4.6792 0.4789 0.3268, 4.6588 0.4633 0.0, 4.6588 0.4633 0.3268, 4.6431 0.4429 0.0, 4.6431 0.4429 0.3268, 4.6333 0.4192 0.0, 4.6333 0.4192 0.3268, 4.6299 0.3937 0.0, 4.6299 0.3937 0.3268, 4.6333 0.3682 0.0, 4.6333 0.3682 0.3268, 4.6431 0.3445 0.0, 4.6431 0.3445 0.3268, 4.6588 0.3241 0.0, 4.6588 0.3241 0.3268, 4.6792 0.3085 0.0, 4.6792 0.3085 0.3268, 4.7029 0.2986 0.0, 4.7029 0.2986 0.3268, 4.7284 0.2953 0.0, 4.7284 0.2953 0.3268, 4.7284 0.2756 0.3268, 4.7284 0.2756 0.0, 4.7244 0.2756 0.0079, 4.7244 0.2756 0.3228, 4.5709 0.9055 0.0, 4.5709 0.6693 0.0, 4.5709 0.9055 0.0079, 4.5709 0.6693 0.0079, 4.5709 0.6693 0.3228, 4.5709 0.6693 0.3268, 4.5709 0.9055 0.3228, 4.5709 0.9055 0.3268, 4.7244 0.9055 0.3228, 4.7284 0.9055 0.3268, 4.7244 0.9055 0.0079, 4.7284 0.9055 0.0, 4.7284 0.8858 0.3268, 4.7284 0.8858 0.0, 4.7029 0.8825 0.0, 4.7029 0.8825 0.3268, 4.6792 0.8726 0.0, 4.6792 0.8726 0.3268, 4.6588 0.857 0.0, 4.6588 0.857 0.3268, 4.6431 0.8366 0.0, 4.6431 0.8366 0.3268, 4.6333 0.8129 0.0, 4.6333 0.8129 0.3268, 4.6299 0.7874 0.0, 4.6299 0.7874 0.3268, 4.6333 0.7619 0.0, 4.6333 0.7619 0.3268, 4.6431 0.7382 0.0, 4.6431 0.7382 0.3268, 4.6588 0.7178 0.0, 4.6588 0.7178 0.3268, 4.6792 0.7022 0.0, 4.6792 0.7022 0.3268, 4.7029 0.6923 0.0, 4.7029 0.6923 0.3268, 4.7284 0.689 0.0, 4.7284 0.689 0.3268, 4.7284 0.6693 0.3268, 4.7284 0.6693 0.0, 4.7244 0.6693 0.0079, 4.7244 0.6693 0.3228, 4.5709 1.2992 0.0, 4.5709 1.063 0.0, 4.5709 1.2992 0.0079, 4.5709 1.063 0.0079, 4.5709 1.063 0.3228, 4.5709 1.063 0.3268, 4.5709 1.2992 0.3228, 4.5709 1.2992 0.3268, 4.7244 1.2992 0.3228, 4.7284 1.2992 0.3268, 4.7244 1.2992 0.0079, 4.7284 1.2992 0.0, 4.7284 1.2795 0.3268, 4.7284 1.2795 0.0, 4.7029 1.2762 0.0, 4.7029 1.2762 0.3268, 4.6792 1.2663 0.0, 4.6792 1.2663 0.3268, 4.6588 1.2507 0.0, 4.6588 1.2507 0.3268, 4.6431 1.2303 0.0, 4.6431 1.2303 0.3268, 4.6333 1.2066 0.0, 4.6333 1.2066 0.3268, 4.6299 1.1811 0.0, 4.6299 1.1811 0.3268, 4.6333 1.1556 0.0, 4.6333 1.1556 0.3268, 4.6431 1.1319 0.0, 4.6431 1.1319 0.3268, 4.6588 1.1115 0.0, 4.6588 1.1115 0.3268, 4.6792 1.0959 0.0, 4.6792 1.0959 0.3268, 4.7029 1.086 0.0, 4.7029 1.086 0.3268, 4.7284 1.0827 0.0, 4.7284 1.0827 0.3268, 4.7284 1.063 0.3268, 4.7284 1.063 0.0, 4.7244 1.063 0.0079, 4.7244 1.063 0.3228, 4.5709 1.6929 0.0, 4.5709 1.4567 0.0, 4.5709 1.6929 0.0079, 4.5709 1.4567 0.0079, 4.5709 1.4567 0.3228, 4.5709 1.4567 0.3268, 4.5709 1.6929 0.3228, 4.5709 1.6929 0.3268, 4.7244 1.6929 0.3228, 4.7284 1.6929 0.3268, 4.7244 1.6929 0.0079, 4.7284 1.6929 0.0, 4.7284 1.6732 0.3268, 4.7284 1.6732 0.0, 4.7029 1.6699 0.0, 4.7029 1.6699 0.3268, 4.6792 1.66 0.0, 4.6792 1.66 0.3268, 4.6588 1.6444 0.0, 4.6588 1.6444 0.3268, 4.6431 1.624 0.0, 4.6431 1.624 0.3268, 4.6333 1.6003 0.0, 4.6333 1.6003 0.3268, 4.6299 1.5748 0.0, 4.6299 1.5748 0.3268, 4.6333 1.5493 0.0, 4.6333 1.5493 0.3268, 4.6431 1.5256 0.0, 4.6431 1.5256 0.3268, 4.6588 1.5052 0.0, 4.6588 1.5052 0.3268, 4.6792 1.4896 0.0, 4.6792 1.4896 0.3268, 4.7029 1.4797 0.0, 4.7029 1.4797 0.3268, 4.7284 1.4764 0.0, 4.7284 1.4764 0.3268, 4.7284 1.4567 0.3268, 4.7284 1.4567 0.0, 4.7244 1.4567 0.0079, 4.7244 1.4567 0.3228, 4.5709 2.0866 0.0, 4.5709 1.8504 0.0, 4.5709 2.0866 0.0079, 4.5709 1.8504 0.0079, 4.5709 1.8504 0.3228, 4.5709 1.8504 0.3268, 4.5709 2.0866 0.3228, 4.5709 2.0866 0.3268, 4.7244 2.0866 0.3228, 4.7284 2.0866 0.3268, 4.7244 2.0866 0.0079, 4.7284 2.0866 0.0, 4.7284 2.0669 0.3268, 4.7284 2.0669 0.0, 4.7029 2.0636 0.0, 4.7029 2.0636 0.3268, 4.6792 2.0537 0.0, 4.6792 2.0537 0.3268, 4.6588 2.0381 0.0, 4.6588 2.0381 0.3268, 4.6431 2.0177 0.0, 4.6431 2.0177 0.3268, 4.6333 1.994 0.0, 4.6333 1.994 0.3268, 4.6299 1.9685 0.0, 4.6299 1.9685 0.3268, 4.6333 1.943 0.0, 4.6333 1.943 0.3268, 4.6431 1.9193 0.0, 4.6431 1.9193 0.3268, 4.6588 1.8989 0.0, 4.6588 1.8989 0.3268, 4.6792 1.8833 0.0, 4.6792 1.8833 0.3268, 4.7029 1.8734 0.0, 4.7029 1.8734 0.3268, 4.7284 1.8701 0.0, 4.7284 1.8701 0.3268, 4.7284 1.8504 0.3268, 4.7284 1.8504 0.0, 4.7244 1.8504 0.0079, 4.7244 1.8504 0.3228, 4.5709 2.4803 0.0, 4.5709 2.2441 0.0, 4.5709 2.4803 0.0079, 4.5709 2.2441 0.0079, 4.5709 2.2441 0.3228, 4.5709 2.2441 0.3268, 4.5709 2.4803 0.3228, 4.5709 2.4803 0.3268, 4.7244 2.4803 0.3228, 4.7284 2.4803 0.3268, 4.7244 2.4803 0.0079, 4.7284 2.4803 0.0, 4.7284 2.4606 0.3268, 4.7284 2.4606 0.0, 4.7029 2.4573 0.0, 4.7029 2.4573 0.3268, 4.6792 2.4474 0.0, 4.6792 2.4474 0.3268, 4.6588 2.4318 0.0, 4.6588 2.4318 0.3268, 4.6431 2.4114 0.0, 4.6431 2.4114 0.3268, 4.6333 2.3877 0.0, 4.6333 2.3877 0.3268, 4.6299 2.3622 0.0, 4.6299 2.3622 0.3268, 4.6333 2.3367 0.0, 4.6333 2.3367 0.3268, 4.6431 2.313 0.0, 4.6431 2.313 0.3268, 4.6588 2.2926 0.0, 4.6588 2.2926 0.3268, 4.6792 2.277 0.0, 4.6792 2.277 0.3268, 4.7029 2.2671 0.0, 4.7029 2.2671 0.3268, 4.7284 2.2638 0.0, 4.7284 2.2638 0.3268, 4.7284 2.2441 0.3268, 4.7284 2.2441 0.0, 4.7244 2.2441 0.0079, 4.7244 2.2441 0.3228, 4.5709 2.874 0.0, 4.5709 2.6378 0.0, 4.5709 2.874 0.0079, 4.5709 2.6378 0.0079, 4.5709 2.6378 0.3228, 4.5709 2.6378 0.3268, 4.5709 2.874 0.3228, 4.5709 2.874 0.3268, 4.7244 2.874 0.3228, 4.7284 2.874 0.3268, 4.7244 2.874 0.0079, 4.7284 2.874 0.0, 4.7284 2.8543 0.3268, 4.7284 2.8543 0.0, 4.7029 2.851 0.0, 4.7029 2.851 0.3268, 4.6792 2.8411 0.0, 4.6792 2.8411 0.3268, 4.6588 2.8255 0.0, 4.6588 2.8255 0.3268, 4.6431 2.8051 0.0, 4.6431 2.8051 0.3268, 4.6333 2.7814 0.0, 4.6333 2.7814 0.3268, 4.6299 2.7559 0.0, 4.6299 2.7559 0.3268, 4.6333 2.7304 0.0, 4.6333 2.7304 0.3268, 4.6431 2.7067 0.0, 4.6431 2.7067 0.3268, 4.6588 2.6863 0.0, 4.6588 2.6863 0.3268, 4.6792 2.6707 0.0, 4.6792 2.6707 0.3268, 4.7029 2.6608 0.0, 4.7029 2.6608 0.3268, 4.7284 2.6575 0.0, 4.7284 2.6575 0.3268, 4.7284 2.6378 0.3268, 4.7284 2.6378 0.0, 4.7244 2.6378 0.0079, 4.7244 2.6378 0.3228, 4.5709 3.2677 0.0, 4.5709 3.0315 0.0, 4.5709 3.2677 0.0079, 4.5709 3.0315 0.0079, 4.5709 3.0315 0.3228, 4.5709 3.0315 0.3268, 4.5709 3.2677 0.3228, 4.5709 3.2677 0.3268, 4.7244 3.2677 0.3228, 4.7284 3.2677 0.3268, 4.7244 3.2677 0.0079, 4.7284 3.2677 0.0, 4.7284 3.248 0.3268, 4.7284 3.248 0.0, 4.7029 3.2447 0.0, 4.7029 3.2447 0.3268, 4.6792 3.2348 0.0, 4.6792 3.2348 0.3268, 4.6588 3.2192 0.0, 4.6588 3.2192 0.3268, 4.6431 3.1988 0.0, 4.6431 3.1988 0.3268, 4.6333 3.1751 0.0, 4.6333 3.1751 0.3268, 4.6299 3.1496 0.0, 4.6299 3.1496 0.3268, 4.6333 3.1241 0.0, 4.6333 3.1241 0.3268, 4.6431 3.1004 0.0, 4.6431 3.1004 0.3268, 4.6588 3.08 0.0, 4.6588 3.08 0.3268, 4.6792 3.0644 0.0, 4.6792 3.0644 0.3268, 4.7029 3.0545 0.0, 4.7029 3.0545 0.3268, 4.7284 3.0512 0.0, 4.7284 3.0512 0.3268, 4.7284 3.0315 0.3268, 4.7284 3.0315 0.0, 4.7244 3.0315 0.0079, 4.7244 3.0315 0.3228, -4.5708 3.0315 0.0, -4.5708 3.2677 0.0, -4.5708 3.0315 0.0079, -4.5708 3.2677 0.0079, -4.7283 3.0512 0.0, -4.7283 3.0512 0.3268, -4.7029 3.0545 0.0, -4.7029 3.0545 0.3268, -4.6791 3.0644 0.0, -4.6791 3.0644 0.3268, -4.6587 3.08 0.0, -4.6587 3.08 0.3268, -4.6431 3.1004 0.0, -4.6431 3.1004 0.3268, -4.6333 3.1241 0.0, -4.6333 3.1241 0.3268, -4.6299 3.1496 0.0, -4.6299 3.1496 0.3268, -4.6333 3.1751 0.0, -4.6333 3.1751 0.3268, -4.6431 3.1988 0.0, -4.6431 3.1988 0.3268, -4.6587 3.2192 0.0, -4.6587 3.2192 0.3268, -4.6791 3.2348 0.0, -4.6791 3.2348 0.3268, -4.7029 3.2447 0.0, -4.7029 3.2447 0.3268, -4.7283 3.248 0.0, -4.7283 3.248 0.3268, -4.7283 3.2677 0.3268, -4.7283 3.2677 0.0, -4.7244 3.2677 0.0079, -4.7244 3.2677 0.3228, -4.5708 3.2677 0.3228, -4.5708 3.2677 0.3268, -4.5708 3.0315 0.3228, -4.5708 3.0315 0.3268, -4.7244 3.0315 0.3228, -4.7283 3.0315 0.3268, -4.7244 3.0315 0.0079, -4.7283 3.0315 0.0, -4.5708 2.6378 0.0, -4.5708 2.874 0.0, -4.5708 2.6378 0.0079, -4.5708 2.874 0.0079, -4.7283 2.6575 0.0, -4.7283 2.6575 0.3268, -4.7029 2.6608 0.0, -4.7029 2.6608 0.3268, -4.6791 2.6707 0.0, -4.6791 2.6707 0.3268, -4.6587 2.6863 0.0, -4.6587 2.6863 0.3268, -4.6431 2.7067 0.0, -4.6431 2.7067 0.3268, -4.6333 2.7304 0.0, -4.6333 2.7304 0.3268, -4.6299 2.7559 0.0, -4.6299 2.7559 0.3268, -4.6333 2.7814 0.0, -4.6333 2.7814 0.3268, -4.6431 2.8051 0.0, -4.6431 2.8051 0.3268, -4.6587 2.8255 0.0, -4.6587 2.8255 0.3268, -4.6791 2.8411 0.0, -4.6791 2.8411 0.3268, -4.7029 2.851 0.0, -4.7029 2.851 0.3268, -4.7283 2.8543 0.0, -4.7283 2.8543 0.3268, -4.7283 2.874 0.3268, -4.7283 2.874 0.0, -4.7244 2.874 0.0079, -4.7244 2.874 0.3228, -4.5708 2.874 0.3228, -4.5708 2.874 0.3268, -4.5708 2.6378 0.3228, -4.5708 2.6378 0.3268, -4.7244 2.6378 0.3228, -4.7283 2.6378 0.3268, -4.7244 2.6378 0.0079, -4.7283 2.6378 0.0, -4.5708 2.2441 0.0, -4.5708 2.4803 0.0, -4.5708 2.2441 0.0079, -4.5708 2.4803 0.0079, -4.7283 2.2638 0.0, -4.7283 2.2638 0.3268, -4.7029 2.2671 0.0, -4.7029 2.2671 0.3268, -4.6791 2.277 0.0, -4.6791 2.277 0.3268, -4.6587 2.2926 0.0, -4.6587 2.2926 0.3268, -4.6431 2.313 0.0, -4.6431 2.313 0.3268, -4.6333 2.3367 0.0, -4.6333 2.3367 0.3268, -4.6299 2.3622 0.0, -4.6299 2.3622 0.3268, -4.6333 2.3877 0.0, -4.6333 2.3877 0.3268, -4.6431 2.4114 0.0, -4.6431 2.4114 0.3268, -4.6587 2.4318 0.0, -4.6587 2.4318 0.3268, -4.6791 2.4474 0.0, -4.6791 2.4474 0.3268, -4.7029 2.4573 0.0, -4.7029 2.4573 0.3268, -4.7283 2.4606 0.0, -4.7283 2.4606 0.3268, -4.7283 2.4803 0.3268, -4.7283 2.4803 0.0, -4.7244 2.4803 0.0079, -4.7244 2.4803 0.3228, -4.5708 2.4803 0.3228, -4.5708 2.4803 0.3268, -4.5708 2.2441 0.3228, -4.5708 2.2441 0.3268, -4.7244 2.2441 0.3228, -4.7283 2.2441 0.3268, -4.7244 2.2441 0.0079, -4.7283 2.2441 0.0, -4.5708 1.8504 0.0, -4.5708 2.0866 0.0, -4.5708 1.8504 0.0079, -4.5708 2.0866 0.0079, -4.7283 1.8701 0.0, -4.7283 1.8701 0.3268, -4.7029 1.8734 0.0, -4.7029 1.8734 0.3268, -4.6791 1.8833 0.0, -4.6791 1.8833 0.3268, -4.6587 1.8989 0.0, -4.6587 1.8989 0.3268, -4.6431 1.9193 0.0, -4.6431 1.9193 0.3268, -4.6333 1.943 0.0, -4.6333 1.943 0.3268, -4.6299 1.9685 0.0, -4.6299 1.9685 0.3268, -4.6333 1.994 0.0, -4.6333 1.994 0.3268, -4.6431 2.0177 0.0, -4.6431 2.0177 0.3268, -4.6587 2.0381 0.0, -4.6587 2.0381 0.3268, -4.6791 2.0537 0.0, -4.6791 2.0537 0.3268, -4.7029 2.0636 0.0, -4.7029 2.0636 0.3268, -4.7283 2.0669 0.0, -4.7283 2.0669 0.3268, -4.7283 2.0866 0.3268, -4.7283 2.0866 0.0, -4.7244 2.0866 0.0079, -4.7244 2.0866 0.3228, -4.5708 2.0866 0.3228, -4.5708 2.0866 0.3268, -4.5708 1.8504 0.3228, -4.5708 1.8504 0.3268, -4.7244 1.8504 0.3228, -4.7283 1.8504 0.3268, -4.7244 1.8504 0.0079, -4.7283 1.8504 0.0, -4.5708 1.4567 0.0, -4.5708 1.6929 0.0, -4.5708 1.4567 0.0079, -4.5708 1.6929 0.0079, -4.7283 1.4764 0.0, -4.7283 1.4764 0.3268, -4.7029 1.4797 0.0, -4.7029 1.4797 0.3268, -4.6791 1.4896 0.0, -4.6791 1.4896 0.3268, -4.6587 1.5052 0.0, -4.6587 1.5052 0.3268, -4.6431 1.5256 0.0, -4.6431 1.5256 0.3268, -4.6333 1.5493 0.0, -4.6333 1.5493 0.3268, -4.6299 1.5748 0.0, -4.6299 1.5748 0.3268, -4.6333 1.6003 0.0, -4.6333 1.6003 0.3268, -4.6431 1.624 0.0, -4.6431 1.624 0.3268, -4.6587 1.6444 0.0, -4.6587 1.6444 0.3268, -4.6791 1.66 0.0, -4.6791 1.66 0.3268, -4.7029 1.6699 0.0, -4.7029 1.6699 0.3268, -4.7283 1.6732 0.0, -4.7283 1.6732 0.3268, -4.7283 1.6929 0.3268, -4.7283 1.6929 0.0, -4.7244 1.6929 0.0079, -4.7244 1.6929 0.3228, -4.5708 1.6929 0.3228, -4.5708 1.6929 0.3268, -4.5708 1.4567 0.3228, -4.5708 1.4567 0.3268, -4.7244 1.4567 0.3228, -4.7283 1.4567 0.3268, -4.7244 1.4567 0.0079, -4.7283 1.4567 0.0, -4.5708 1.063 0.0, -4.5708 1.2992 0.0, -4.5708 1.063 0.0079, -4.5708 1.2992 0.0079, -4.7283 1.0827 0.0, -4.7283 1.0827 0.3268, -4.7029 1.086 0.0, -4.7029 1.086 0.3268, -4.6791 1.0959 0.0, -4.6791 1.0959 0.3268, -4.6587 1.1115 0.0, -4.6587 1.1115 0.3268, -4.6431 1.1319 0.0, -4.6431 1.1319 0.3268, -4.6333 1.1556 0.0, -4.6333 1.1556 0.3268, -4.6299 1.1811 0.0, -4.6299 1.1811 0.3268, -4.6333 1.2066 0.0, -4.6333 1.2066 0.3268, -4.6431 1.2303 0.0, -4.6431 1.2303 0.3268, -4.6587 1.2507 0.0, -4.6587 1.2507 0.3268, -4.6791 1.2663 0.0, -4.6791 1.2663 0.3268, -4.7029 1.2762 0.0, -4.7029 1.2762 0.3268, -4.7283 1.2795 0.0, -4.7283 1.2795 0.3268, -4.7283 1.2992 0.3268, -4.7283 1.2992 0.0, -4.7244 1.2992 0.0079, -4.7244 1.2992 0.3228, -4.5708 1.2992 0.3228, -4.5708 1.2992 0.3268, -4.5708 1.063 0.3228, -4.5708 1.063 0.3268, -4.7244 1.063 0.3228, -4.7283 1.063 0.3268, -4.7244 1.063 0.0079, -4.7283 1.063 0.0, -4.5708 0.6693 0.0, -4.5708 0.9055 0.0, -4.5708 0.6693 0.0079, -4.5708 0.9055 0.0079, -4.7283 0.689 0.0, -4.7283 0.689 0.3268, -4.7029 0.6923 0.0, -4.7029 0.6923 0.3268, -4.6791 0.7022 0.0, -4.6791 0.7022 0.3268, -4.6587 0.7178 0.0, -4.6587 0.7178 0.3268, -4.6431 0.7382 0.0, -4.6431 0.7382 0.3268, -4.6333 0.7619 0.0, -4.6333 0.7619 0.3268, -4.6299 0.7874 0.0, -4.6299 0.7874 0.3268, -4.6333 0.8129 0.0, -4.6333 0.8129 0.3268, -4.6431 0.8366 0.0, -4.6431 0.8366 0.3268, -4.6587 0.857 0.0, -4.6587 0.857 0.3268, -4.6791 0.8726 0.0, -4.6791 0.8726 0.3268, -4.7029 0.8825 0.0, -4.7029 0.8825 0.3268, -4.7283 0.8858 0.0, -4.7283 0.8858 0.3268, -4.7283 0.9055 0.3268, -4.7283 0.9055 0.0, -4.7244 0.9055 0.0079, -4.7244 0.9055 0.3228, -4.5708 0.9055 0.3228, -4.5708 0.9055 0.3268, -4.5708 0.6693 0.3228, -4.5708 0.6693 0.3268, -4.7244 0.6693 0.3228, -4.7283 0.6693 0.3268, -4.7244 0.6693 0.0079, -4.7283 0.6693 0.0, -4.5708 0.2756 0.0, -4.5708 0.5118 0.0, -4.5708 0.2756 0.0079, -4.5708 0.5118 0.0079, -4.7283 0.2953 0.0, -4.7283 0.2953 0.3268, -4.7029 0.2986 0.0, -4.7029 0.2986 0.3268, -4.6791 0.3085 0.0, -4.6791 0.3085 0.3268, -4.6587 0.3241 0.0, -4.6587 0.3241 0.3268, -4.6431 0.3445 0.0, -4.6431 0.3445 0.3268, -4.6333 0.3682 0.0, -4.6333 0.3682 0.3268, -4.6299 0.3937 0.0, -4.6299 0.3937 0.3268, -4.6333 0.4192 0.0, -4.6333 0.4192 0.3268, -4.6431 0.4429 0.0, -4.6431 0.4429 0.3268, -4.6587 0.4633 0.0, -4.6587 0.4633 0.3268, -4.6791 0.4789 0.0, -4.6791 0.4789 0.3268, -4.7029 0.4888 0.0, -4.7029 0.4888 0.3268, -4.7283 0.4921 0.0, -4.7283 0.4921 0.3268, -4.7283 0.5118 0.3268, -4.7283 0.5118 0.0, -4.7244 0.5118 0.0079, -4.7244 0.5118 0.3228, -4.5708 0.5118 0.3228, -4.5708 0.5118 0.3268, -4.5708 0.2756 0.3228, -4.5708 0.2756 0.3268, -4.7244 0.2756 0.3228, -4.7283 0.2756 0.3268, -4.7244 0.2756 0.0079, -4.7283 0.2756 0.0, -4.5708 -0.1181 0.0, -4.5708 0.1181 0.0, -4.5708 -0.1181 0.0079, -4.5708 0.1181 0.0079, -4.7283 -0.0984 0.0, -4.7283 -0.0984 0.3268, -4.7029 -0.0951 0.0, -4.7029 -0.0951 0.3268, -4.6791 -0.0852 0.0, -4.6791 -0.0852 0.3268, -4.6587 -0.0696 0.0, -4.6587 -0.0696 0.3268, -4.6431 -0.0492 0.0, -4.6431 -0.0492 0.3268, -4.6333 -0.0255 0.0, -4.6333 -0.0255 0.3268, -4.6299 -0.0 0.0, -4.6299 -0.0 0.3268, -4.6333 0.0255 0.0, -4.6333 0.0255 0.3268, -4.6431 0.0492 0.0, -4.6431 0.0492 0.3268, -4.6587 0.0696 0.0, -4.6587 0.0696 0.3268, -4.6791 0.0852 0.0, -4.6791 0.0852 0.3268, -4.7029 0.0951 0.0, -4.7029 0.0951 0.3268, -4.7283 0.0984 0.0, -4.7283 0.0984 0.3268, -4.7283 0.1181 0.3268, -4.7283 0.1181 0.0, -4.7244 0.1181 0.0079, -4.7244 0.1181 0.3228, -4.5708 0.1181 0.3228, -4.5708 0.1181 0.3268, -4.5708 -0.1181 0.3228, -4.5708 -0.1181 0.3268, -4.7244 -0.1181 0.3228, -4.7283 -0.1181 0.3268, -4.7244 -0.1181 0.0079, -4.7283 -0.1181 0.0, -4.5708 -0.5118 0.0, -4.5708 -0.2756 0.0, -4.5708 -0.5118 0.0079, -4.5708 -0.2756 0.0079, -4.7283 -0.4921 0.0, -4.7283 -0.4921 0.3268, -4.7029 -0.4888 0.0, -4.7029 -0.4888 0.3268, -4.6791 -0.4789 0.0, -4.6791 -0.4789 0.3268, -4.6587 -0.4633 0.0, -4.6587 -0.4633 0.3268, -4.6431 -0.4429 0.0, -4.6431 -0.4429 0.3268, -4.6333 -0.4192 0.0, -4.6333 -0.4192 0.3268, -4.6299 -0.3937 0.0, -4.6299 -0.3937 0.3268, -4.6333 -0.3682 0.0, -4.6333 -0.3682 0.3268, -4.6431 -0.3445 0.0, -4.6431 -0.3445 0.3268, -4.6587 -0.3241 0.0, -4.6587 -0.3241 0.3268, -4.6791 -0.3085 0.0, -4.6791 -0.3085 0.3268, -4.7029 -0.2986 0.0, -4.7029 -0.2986 0.3268, -4.7283 -0.2953 0.0, -4.7283 -0.2953 0.3268, -4.7283 -0.2756 0.3268, -4.7283 -0.2756 0.0, -4.7244 -0.2756 0.0079, -4.7244 -0.2756 0.3228, -4.5708 -0.2756 0.3228, -4.5708 -0.2756 0.3268, -4.5708 -0.5118 0.3228, -4.5708 -0.5118 0.3268, -4.7244 -0.5118 0.3228, -4.7283 -0.5118 0.3268, -4.7244 -0.5118 0.0079, -4.7283 -0.5118 0.0, -4.5708 -0.9055 0.0, -4.5708 -0.6693 0.0, -4.5708 -0.9055 0.0079, -4.5708 -0.6693 0.0079, -4.7283 -0.8858 0.0, -4.7283 -0.8858 0.3268, -4.7029 -0.8825 0.0, -4.7029 -0.8825 0.3268, -4.6791 -0.8726 0.0, -4.6791 -0.8726 0.3268, -4.6587 -0.857 0.0, -4.6587 -0.857 0.3268, -4.6431 -0.8366 0.0, -4.6431 -0.8366 0.3268, -4.6333 -0.8129 0.0, -4.6333 -0.8129 0.3268, -4.6299 -0.7874 0.0, -4.6299 -0.7874 0.3268, -4.6333 -0.7619 0.0, -4.6333 -0.7619 0.3268, -4.6431 -0.7382 0.0, -4.6431 -0.7382 0.3268, -4.6587 -0.7178 0.0, -4.6587 -0.7178 0.3268, -4.6791 -0.7022 0.0, -4.6791 -0.7022 0.3268, -4.7029 -0.6923 0.0, -4.7029 -0.6923 0.3268, -4.7283 -0.689 0.0, -4.7283 -0.689 0.3268, -4.7283 -0.6693 0.3268, -4.7283 -0.6693 0.0, -4.7244 -0.6693 0.0079, -4.7244 -0.6693 0.3228, -4.5708 -0.6693 0.3228, -4.5708 -0.6693 0.3268, -4.5708 -0.9055 0.3228, -4.5708 -0.9055 0.3268, -4.7244 -0.9055 0.3228, -4.7283 -0.9055 0.3268, -4.7244 -0.9055 0.0079, -4.7283 -0.9055 0.0, -4.5708 -1.2992 0.0, -4.5708 -1.063 0.0, -4.5708 -1.2992 0.0079, -4.5708 -1.063 0.0079, -4.7283 -1.2795 0.0, -4.7283 -1.2795 0.3268, -4.7029 -1.2762 0.0, -4.7029 -1.2762 0.3268, -4.6791 -1.2663 0.0, -4.6791 -1.2663 0.3268, -4.6587 -1.2507 0.0, -4.6587 -1.2507 0.3268, -4.6431 -1.2303 0.0, -4.6431 -1.2303 0.3268, -4.6333 -1.2066 0.0, -4.6333 -1.2066 0.3268, -4.6299 -1.1811 0.0, -4.6299 -1.1811 0.3268, -4.6333 -1.1556 0.0, -4.6333 -1.1556 0.3268, -4.6431 -1.1319 0.0, -4.6431 -1.1319 0.3268, -4.6587 -1.1115 0.0, -4.6587 -1.1115 0.3268, -4.6791 -1.0959 0.0, -4.6791 -1.0959 0.3268, -4.7029 -1.086 0.0, -4.7029 -1.086 0.3268, -4.7283 -1.0827 0.0, -4.7283 -1.0827 0.3268, -4.7283 -1.063 0.3268, -4.7283 -1.063 0.0, -4.7244 -1.063 0.0079, -4.7244 -1.063 0.3228, -4.5708 -1.063 0.3228, -4.5708 -1.063 0.3268, -4.5708 -1.2992 0.3228, -4.5708 -1.2992 0.3268, -4.7244 -1.2992 0.3228, -4.7283 -1.2992 0.3268, -4.7244 -1.2992 0.0079, -4.7283 -1.2992 0.0, -4.5708 -1.6929 0.0, -4.5708 -1.4567 0.0, -4.5708 -1.6929 0.0079, -4.5708 -1.4567 0.0079, -4.7283 -1.6732 0.0, -4.7283 -1.6732 0.3268, -4.7029 -1.6699 0.0, -4.7029 -1.6699 0.3268, -4.6791 -1.66 0.0, -4.6791 -1.66 0.3268, -4.6587 -1.6444 0.0, -4.6587 -1.6444 0.3268, -4.6431 -1.624 0.0, -4.6431 -1.624 0.3268, -4.6333 -1.6003 0.0, -4.6333 -1.6003 0.3268, -4.6299 -1.5748 0.0, -4.6299 -1.5748 0.3268, -4.6333 -1.5493 0.0, -4.6333 -1.5493 0.3268, -4.6431 -1.5256 0.0, -4.6431 -1.5256 0.3268, -4.6587 -1.5052 0.0, -4.6587 -1.5052 0.3268, -4.6791 -1.4896 0.0, -4.6791 -1.4896 0.3268, -4.7029 -1.4797 0.0, -4.7029 -1.4797 0.3268, -4.7283 -1.4764 0.0, -4.7283 -1.4764 0.3268, -4.7283 -1.4567 0.3268, -4.7283 -1.4567 0.0, -4.7244 -1.4567 0.0079, -4.7244 -1.4567 0.3228, -4.5708 -1.4567 0.3228, -4.5708 -1.4567 0.3268, -4.5708 -1.6929 0.3228, -4.5708 -1.6929 0.3268, -4.7244 -1.6929 0.3228, -4.7283 -1.6929 0.3268, -4.7244 -1.6929 0.0079, -4.7283 -1.6929 0.0, -4.5708 -2.0866 0.0, -4.5708 -1.8504 0.0, -4.5708 -2.0866 0.0079, -4.5708 -1.8504 0.0079, -4.7283 -2.0669 0.0, -4.7283 -2.0669 0.3268, -4.7029 -2.0636 0.0, -4.7029 -2.0636 0.3268, -4.6791 -2.0537 0.0, -4.6791 -2.0537 0.3268, -4.6587 -2.0381 0.0, -4.6587 -2.0381 0.3268, -4.6431 -2.0177 0.0, -4.6431 -2.0177 0.3268, -4.6333 -1.994 0.0, -4.6333 -1.994 0.3268, -4.6299 -1.9685 0.0, -4.6299 -1.9685 0.3268, -4.6333 -1.943 0.0, -4.6333 -1.943 0.3268, -4.6431 -1.9193 0.0, -4.6431 -1.9193 0.3268, -4.6587 -1.8989 0.0, -4.6587 -1.8989 0.3268, -4.6791 -1.8833 0.0, -4.6791 -1.8833 0.3268, -4.7029 -1.8734 0.0, -4.7029 -1.8734 0.3268, -4.7283 -1.8701 0.0, -4.7283 -1.8701 0.3268, -4.7283 -1.8504 0.3268, -4.7283 -1.8504 0.0, -4.7244 -1.8504 0.0079, -4.7244 -1.8504 0.3228, -4.5708 -1.8504 0.3228, -4.5708 -1.8504 0.3268, -4.5708 -2.0866 0.3228, -4.5708 -2.0866 0.3268, -4.7244 -2.0866 0.3228, -4.7283 -2.0866 0.3268, -4.7244 -2.0866 0.0079, -4.7283 -2.0866 0.0, -4.5708 -2.4803 0.0, -4.5708 -2.2441 0.0, -4.5708 -2.4803 0.0079, -4.5708 -2.2441 0.0079, -4.7283 -2.4606 0.0, -4.7283 -2.4606 0.3268, -4.7029 -2.4573 0.0, -4.7029 -2.4573 0.3268, -4.6791 -2.4474 0.0, -4.6791 -2.4474 0.3268, -4.6587 -2.4318 0.0, -4.6587 -2.4318 0.3268, -4.6431 -2.4114 0.0, -4.6431 -2.4114 0.3268, -4.6333 -2.3877 0.0, -4.6333 -2.3877 0.3268, -4.6299 -2.3622 0.0, -4.6299 -2.3622 0.3268, -4.6333 -2.3367 0.0, -4.6333 -2.3367 0.3268, -4.6431 -2.313 0.0, -4.6431 -2.313 0.3268, -4.6587 -2.2926 0.0, -4.6587 -2.2926 0.3268, -4.6791 -2.277 0.0, -4.6791 -2.277 0.3268, -4.7029 -2.2671 0.0, -4.7029 -2.2671 0.3268, -4.7283 -2.2638 0.0, -4.7283 -2.2638 0.3268, -4.7283 -2.2441 0.3268, -4.7283 -2.2441 0.0, -4.7244 -2.2441 0.0079, -4.7244 -2.2441 0.3228, -4.5708 -2.2441 0.3228, -4.5708 -2.2441 0.3268, -4.5708 -2.4803 0.3228, -4.5708 -2.4803 0.3268, -4.7244 -2.4803 0.3228, -4.7283 -2.4803 0.3268, -4.7244 -2.4803 0.0079, -4.7283 -2.4803 0.0, -4.5708 -2.874 0.0, -4.5708 -2.6378 0.0, -4.5708 -2.874 0.0079, -4.5708 -2.6378 0.0079, -4.7283 -2.8543 0.0, -4.7283 -2.8543 0.3268, -4.7029 -2.851 0.0, -4.7029 -2.851 0.3268, -4.6791 -2.8411 0.0, -4.6791 -2.8411 0.3268, -4.6587 -2.8255 0.0, -4.6587 -2.8255 0.3268, -4.6431 -2.8051 0.0, -4.6431 -2.8051 0.3268, -4.6333 -2.7814 0.0, -4.6333 -2.7814 0.3268, -4.6299 -2.7559 0.0, -4.6299 -2.7559 0.3268, -4.6333 -2.7304 0.0, -4.6333 -2.7304 0.3268, -4.6431 -2.7067 0.0, -4.6431 -2.7067 0.3268, -4.6587 -2.6863 0.0, -4.6587 -2.6863 0.3268, -4.6791 -2.6707 0.0, -4.6791 -2.6707 0.3268, -4.7029 -2.6608 0.0, -4.7029 -2.6608 0.3268, -4.7283 -2.6575 0.0, -4.7283 -2.6575 0.3268, -4.7283 -2.6378 0.3268, -4.7283 -2.6378 0.0, -4.7244 -2.6378 0.0079, -4.7244 -2.6378 0.3228, -4.5708 -2.6378 0.3228, -4.5708 -2.6378 0.3268, -4.5708 -2.874 0.3228, -4.5708 -2.874 0.3268, -4.7244 -2.874 0.3228, -4.7283 -2.874 0.3268, -4.7244 -2.874 0.0079, -4.7283 -2.874 0.0, -4.5708 -3.2677 0.0, -4.5708 -3.0315 0.0, -4.5708 -3.2677 0.0079, -4.5708 -3.0315 0.0079, -4.7283 -3.248 0.0, -4.7283 -3.248 0.3268, -4.7029 -3.2447 0.0, -4.7029 -3.2447 0.3268, -4.6791 -3.2348 0.0, -4.6791 -3.2348 0.3268, -4.6587 -3.2192 0.0, -4.6587 -3.2192 0.3268, -4.6431 -3.1988 0.0, -4.6431 -3.1988 0.3268, -4.6333 -3.1751 0.0, -4.6333 -3.1751 0.3268, -4.6299 -3.1496 0.0, -4.6299 -3.1496 0.3268, -4.6333 -3.1241 0.0, -4.6333 -3.1241 0.3268, -4.6431 -3.1004 0.0, -4.6431 -3.1004 0.3268, -4.6587 -3.08 0.0, -4.6587 -3.08 0.3268, -4.6791 -3.0644 0.0, -4.6791 -3.0644 0.3268, -4.7029 -3.0545 0.0, -4.7029 -3.0545 0.3268, -4.7283 -3.0512 0.0, -4.7283 -3.0512 0.3268, -4.7283 -3.0315 0.3268, -4.7283 -3.0315 0.0, -4.7244 -3.0315 0.0079, -4.7244 -3.0315 0.3228, -4.5708 -3.0315 0.3228, -4.5708 -3.0315 0.3268, -4.5708 -3.2677 0.3228, -4.5708 -3.2677 0.3268, -4.7244 -3.2677 0.3228, -4.7283 -3.2677 0.3268, -4.7244 -3.2677 0.0079, -4.7283 -3.2677 0.0, 2.5984 3.3858 0.0039, 2.5984 2.5984 0.0039, 2.5984 3.3858 0.0079, 2.5984 2.5984 0.0079, 3.3858 3.3858 0.0039, 3.3858 3.3858 0.0079, 3.3858 2.5984 0.0039, 3.3858 2.5984 0.0079, 1.1024 2.5984 0.0039, 1.8898 2.5984 0.0039, 1.1024 2.5984 0.0079, 1.8898 2.5984 0.0079, 1.1024 3.3858 0.0039, 1.1024 3.3858 0.0079, 1.8898 3.3858 0.0039, 1.8898 3.3858 0.0079, -0.3937 2.5984 0.0039, 0.3937 2.5984 0.0039, -0.3937 2.5984 0.0079, 0.3937 2.5984 0.0079, -0.3937 3.3858 0.0039, -0.3937 3.3858 0.0079, 0.3937 3.3858 0.0039, 0.3937 3.3858 0.0079, -1.8897 2.5984 0.0039, -1.1023 2.5984 0.0039, -1.8897 2.5984 0.0079, -1.1023 2.5984 0.0079, -1.8897 3.3858 0.0039, -1.8897 3.3858 0.0079, -1.1023 3.3858 0.0039, -1.1023 3.3858 0.0079, -3.3858 2.5984 0.0039, -2.5984 2.5984 0.0039, -3.3858 2.5984 0.0079, -2.5984 2.5984 0.0079, -3.3858 3.3858 0.0039, -3.3858 3.3858 0.0079, -2.5984 3.3858 0.0039, -2.5984 3.3858 0.0079, -0.3937 1.1024 0.0039, 0.3937 1.1024 0.0039, -0.3937 1.1024 0.0079, 0.3937 1.1024 0.0079, -0.3937 1.8898 0.0039, -0.3937 1.8898 0.0079, 0.3937 1.8898 0.0039, 0.3937 1.8898 0.0079, -3.3858 1.1024 0.0039, -2.5984 1.1024 0.0039, -3.3858 1.1024 0.0079, -2.5984 1.1024 0.0079, -3.3858 1.8898 0.0039, -3.3858 1.8898 0.0079, -2.5984 1.8898 0.0039, -2.5984 1.8898 0.0079, 1.1024 -0.3937 0.0039, 1.8898 -0.3937 0.0039, 1.1024 -0.3937 0.0079, 1.8898 -0.3937 0.0079, 1.1024 0.3937 0.0039, 1.1024 0.3937 0.0079, 1.8898 0.3937 0.0039, 1.8898 0.3937 0.0079, -1.8897 -0.3937 0.0039, -1.1023 -0.3937 0.0039, -1.8897 -0.3937 0.0079, -1.1023 -0.3937 0.0079, -1.8897 0.3937 0.0039, -1.8897 0.3937 0.0079, -1.1023 0.3937 0.0039, -1.1023 0.3937 0.0079, -3.3858 -0.3937 0.0039, -2.5984 -0.3937 0.0039, -3.3858 -0.3937 0.0079, -2.5984 -0.3937 0.0079, -3.3858 0.3937 0.0039, -3.3858 0.3937 0.0079, -2.5984 0.3937 0.0039, -2.5984 0.3937 0.0079, -0.3937 -1.8898 0.0039, 0.3937 -1.8898 0.0039, -0.3937 -1.8898 0.0079, 0.3937 -1.8898 0.0079, -0.3937 -1.1024 0.0039, -0.3937 -1.1024 0.0079, 0.3937 -1.1024 0.0039, 0.3937 -1.1024 0.0079, -3.3858 -1.8898 0.0039, -2.5984 -1.8898 0.0039, -3.3858 -1.8898 0.0079, -2.5984 -1.8898 0.0079, -3.3858 -1.1024 0.0039, -3.3858 -1.1024 0.0079, -2.5984 -1.1024 0.0039, -2.5984 -1.1024 0.0079, 1.1024 -3.3858 0.0039, 1.8898 -3.3858 0.0039, 1.1024 -3.3858 0.0079, 1.8898 -3.3858 0.0079, 1.1024 -2.5984 0.0039, 1.1024 -2.5984 0.0079, 1.8898 -2.5984 0.0039, 1.8898 -2.5984 0.0079, -0.3937 -3.3858 0.0039, 0.3937 -3.3858 0.0039, -0.3937 -3.3858 0.0079, 0.3937 -3.3858 0.0079, -0.3937 -2.5984 0.0039, -0.3937 -2.5984 0.0079, 0.3937 -2.5984 0.0039, 0.3937 -2.5984 0.0079, -1.8897 -3.3858 0.0039, -1.1023 -3.3858 0.0039, -1.8897 -3.3858 0.0079, -1.1023 -3.3858 0.0079, -1.8897 -2.5984 0.0039, -1.8897 -2.5984 0.0079, -1.1023 -2.5984 0.0039, -1.1023 -2.5984 0.0079, -3.3858 -3.3858 0.0039, -2.5984 -3.3858 0.0039, -3.3858 -3.3858 0.0079, -2.5984 -3.3858 0.0079, -3.3858 -2.5984 0.0039, -3.3858 -2.5984 0.0079, -2.5984 -2.5984 0.0039, -2.5984 -2.5984 0.0079, 2.5984 1.1024 0.0039, 3.3858 1.1024 0.0039, 2.5984 1.1024 0.0079, 3.3858 1.1024 0.0079, 2.5984 1.8898 0.0039, 2.5984 1.8898 0.0079, 3.3858 1.8898 0.0039, 3.3858 1.8898 0.0079, 2.5984 -0.3937 0.0039, 3.3858 -0.3937 0.0039, 2.5984 -0.3937 0.0079, 3.3858 -0.3937 0.0079, 2.5984 0.3937 0.0039, 2.5984 0.3937 0.0079, 3.3858 0.3937 0.0039, 3.3858 0.3937 0.0079, 2.5984 -1.8898 0.0039, 3.3858 -1.8898 0.0039, 2.5984 -1.8898 0.0079, 3.3858 -1.8898 0.0079, 2.5984 -1.1024 0.0039, 2.5984 -1.1024 0.0079, 3.3858 -1.1024 0.0039, 3.3858 -1.1024 0.0079, 2.5984 -3.3858 0.0039, 3.3858 -3.3858 0.0039, 2.5984 -3.3858 0.0079, 3.3858 -3.3858 0.0079, 2.5984 -2.5984 0.0039, 2.5984 -2.5984 0.0079, 3.3858 -2.5984 0.0039, 3.3858 -2.5984 0.0079, 1.2205 4.0551 0.0039, 1.2205 3.6614 0.0039, 1.2205 4.0551 0.0079, 1.2205 3.6614 0.0079, 1.5355 4.0551 0.0039, 1.5355 4.0551 0.0079, 1.5355 3.6614 0.0039, 1.5355 3.6614 0.0079, 0.6693 3.6614 0.0039, 0.9843 3.6614 0.0039, 0.6693 3.6614 0.0079, 0.9843 3.6614 0.0079, 0.6693 4.0551 0.0039, 0.6693 4.0551 0.0079, 0.9843 4.0551 0.0039, 0.9843 4.0551 0.0079, 0.1181 3.6614 0.0039, 0.4331 3.6614 0.0039, 0.1181 3.6614 0.0079, 0.4331 3.6614 0.0079, 0.1181 4.0551 0.0039, 0.1181 4.0551 0.0079, 0.4331 4.0551 0.0039, 0.4331 4.0551 0.0079, -0.4331 3.6614 0.0039, -0.1181 3.6614 0.0039, -0.4331 3.6614 0.0079, -0.1181 3.6614 0.0079, -0.4331 4.0551 0.0039, -0.4331 4.0551 0.0079, -0.1181 4.0551 0.0039, -0.1181 4.0551 0.0079, -0.9842 3.6614 0.0039, -0.6693 3.6614 0.0039, -0.9842 3.6614 0.0079, -0.6693 3.6614 0.0079, -0.9842 4.0551 0.0039, -0.9842 4.0551 0.0079, -0.6693 4.0551 0.0039, -0.6693 4.0551 0.0079, -1.5354 3.6614 0.0039, -1.2205 3.6614 0.0039, -1.5354 3.6614 0.0079, -1.2205 3.6614 0.0079, -1.5354 4.0551 0.0039, -1.5354 4.0551 0.0079, -1.2205 4.0551 0.0039, -1.2205 4.0551 0.0079, 1.5355 -4.0551 0.0039, 1.5355 -3.6614 0.0039, 1.5355 -4.0551 0.0079, 1.5355 -3.6614 0.0079, 1.2205 -4.0551 0.0039, 1.2205 -4.0551 0.0079, 1.2205 -3.6614 0.0039, 1.2205 -3.6614 0.0079, -1.2205 -4.0551 0.0039, -1.2205 -3.6614 0.0039, -1.2205 -4.0551 0.0079, -1.2205 -3.6614 0.0079, -1.5354 -4.0551 0.0039, -1.5354 -4.0551 0.0079, -1.5354 -3.6614 0.0039, -1.5354 -3.6614 0.0079, -0.6693 -4.0551 0.0039, -0.6693 -3.6614 0.0039, -0.6693 -4.0551 0.0079, -0.6693 -3.6614 0.0079, -0.9842 -4.0551 0.0039, -0.9842 -4.0551 0.0079, -0.9842 -3.6614 0.0039, -0.9842 -3.6614 0.0079, -0.1181 -4.0551 0.0039, -0.1181 -3.6614 0.0039, -0.1181 -4.0551 0.0079, -0.1181 -3.6614 0.0079, -0.4331 -4.0551 0.0039, -0.4331 -4.0551 0.0079, -0.4331 -3.6614 0.0039, -0.4331 -3.6614 0.0079, 0.4331 -4.0551 0.0039, 0.4331 -3.6614 0.0039, 0.4331 -4.0551 0.0079, 0.4331 -3.6614 0.0079, 0.1181 -4.0551 0.0039, 0.1181 -4.0551 0.0079, 0.1181 -3.6614 0.0039, 0.1181 -3.6614 0.0079, 0.9843 -4.0551 0.0039, 0.9843 -3.6614 0.0039, 0.9843 -4.0551 0.0079, 0.9843 -3.6614 0.0079, 0.6693 -4.0551 0.0039, 0.6693 -4.0551 0.0079, 0.6693 -3.6614 0.0039, 0.6693 -3.6614 0.0079, 4.0551 1.2205 0.0039, 4.0551 1.5354 0.0039, 4.0551 1.2205 0.0079, 4.0551 1.5354 0.0079, 3.6614 1.2205 0.0039, 3.6614 1.2205 0.0079, 3.6614 1.5354 0.0039, 3.6614 1.5354 0.0079, -3.6614 1.2205 0.0039, -3.6614 1.5354 0.0039, -3.6614 1.2205 0.0079, -3.6614 1.5354 0.0079, -4.0551 1.2205 0.0039, -4.0551 1.2205 0.0079, -4.0551 1.5354 0.0039, -4.0551 1.5354 0.0079, 3.6614 0.6693 0.0039, 4.0551 0.6693 0.0039, 3.6614 0.6693 0.0079, 4.0551 0.6693 0.0079, 3.6614 0.9843 0.0039, 3.6614 0.9843 0.0079, 4.0551 0.9843 0.0039, 4.0551 0.9843 0.0079, 3.6614 0.1181 0.0039, 4.0551 0.1181 0.0039, 3.6614 0.1181 0.0079, 4.0551 0.1181 0.0079, 3.6614 0.4331 0.0039, 3.6614 0.4331 0.0079, 4.0551 0.4331 0.0039, 4.0551 0.4331 0.0079, 3.6614 -0.4331 0.0039, 4.0551 -0.4331 0.0039, 3.6614 -0.4331 0.0079, 4.0551 -0.4331 0.0079, 3.6614 -0.1181 0.0039, 3.6614 -0.1181 0.0079, 4.0551 -0.1181 0.0039, 4.0551 -0.1181 0.0079, 3.6614 -0.9843 0.0039, 4.0551 -0.9843 0.0039, 3.6614 -0.9843 0.0079, 4.0551 -0.9843 0.0079, 3.6614 -0.6693 0.0039, 3.6614 -0.6693 0.0079, 4.0551 -0.6693 0.0039, 4.0551 -0.6693 0.0079, 3.6614 -1.5354 0.0039, 4.0551 -1.5354 0.0039, 3.6614 -1.5354 0.0079, 4.0551 -1.5354 0.0079, 3.6614 -1.2205 0.0039, 3.6614 -1.2205 0.0079, 4.0551 -1.2205 0.0039, 4.0551 -1.2205 0.0079, -3.6614 -1.5354 0.0039, -3.6614 -1.2205 0.0039, -3.6614 -1.5354 0.0079, -3.6614 -1.2205 0.0079, -4.0551 -1.5354 0.0039, -4.0551 -1.5354 0.0079, -4.0551 -1.2205 0.0039, -4.0551 -1.2205 0.0079, -3.6614 -0.9843 0.0039, -3.6614 -0.6693 0.0039, -3.6614 -0.9843 0.0079, -3.6614 -0.6693 0.0079, -4.0551 -0.9843 0.0039, -4.0551 -0.9843 0.0079, -4.0551 -0.6693 0.0039, -4.0551 -0.6693 0.0079, -3.6614 -0.4331 0.0039, -3.6614 -0.1181 0.0039, -3.6614 -0.4331 0.0079, -3.6614 -0.1181 0.0079, -4.0551 -0.4331 0.0039, -4.0551 -0.4331 0.0079, -4.0551 -0.1181 0.0039, -4.0551 -0.1181 0.0079, -3.6614 0.1181 0.0039, -3.6614 0.4331 0.0039, -3.6614 0.1181 0.0079, -3.6614 0.4331 0.0079, -4.0551 0.1181 0.0039, -4.0551 0.1181 0.0079, -4.0551 0.4331 0.0039, -4.0551 0.4331 0.0079, -3.6614 0.6693 0.0039, -3.6614 0.9843 0.0039, -3.6614 0.6693 0.0079, -3.6614 0.9843 0.0079, -4.0551 0.6693 0.0039, -4.0551 0.6693 0.0079, -4.0551 0.9843 0.0039, -4.0551 0.9843 0.0079
            ]
        }
        coordIndex [
            0,1,2,-1,2,1,3,-1,3,1,4,-1,4,1,5,-1,4,5,6,-1,6,5,7,-1,6,7,8,-1,8,7,9,-1,8,9,10,-1,10,9,11,-1,10,11,12,-1,12,11,13,-1,12,13,14,-1,14,13,15,-1,14,15,2,-1,2,15,0,-1,16,17,13,-1,13,17,15,-1,17,16,18,-1,18,16,19,-1,18,19,20,-1,20,19,21,-1,20,21,22,-1,22,21,23,-1,22,23,24,-1,24,23,25,-1,24,25,26,-1,26,25,27,-1,26,27,28,-1,28,27,29,-1,28,29,30,-1,30,29,31,-1,30,31,32,-1,32,31,33,-1,32,33,34,-1,34,33,35,-1,34,35,36,-1,36,35,37,-1,36,37,38,-1,38,37,39,-1,38,39,40,-1,40,39,41,-1,7,5,41,-1,41,5,40,-1,15,17,18,-1,22,24,0,-1,15,18,0,-1,0,18,20,-1,0,20,22,-1,32,34,1,-1,1,34,36,-1,1,36,5,-1,5,36,38,-1,5,38,40,-1,24,26,0,-1,0,26,28,-1,0,28,1,-1,1,28,30,-1,1,30,32,-1,7,41,39,-1,35,33,9,-1,7,39,9,-1,9,39,37,-1,9,37,35,-1,25,23,11,-1,11,23,21,-1,11,21,13,-1,13,21,19,-1,13,19,16,-1,33,31,9,-1,9,31,29,-1,9,29,11,-1,11,29,27,-1,11,27,25,-1,42,43,44,-1,44,43,45,-1,46,47,48,-1,48,47,49,-1,48,49,50,-1,50,49,51,-1,50,51,52,-1,52,51,53,-1,52,53,44,-1,44,53,42,-1,54,55,51,-1,51,55,53,-1,55,54,56,-1,56,54,57,-1,56,57,58,-1,58,57,59,-1,58,59,60,-1,60,59,61,-1,60,61,62,-1,62,61,63,-1,62,63,64,-1,64,63,65,-1,64,65,66,-1,66,65,67,-1,66,67,68,-1,68,67,69,-1,68,69,70,-1,70,69,71,-1,70,71,72,-1,72,71,73,-1,72,73,74,-1,74,73,75,-1,74,75,76,-1,76,75,77,-1,76,77,78,-1,78,77,79,-1,80,81,79,-1,79,81,78,-1,45,43,82,-1,82,43,81,-1,82,81,83,-1,83,81,80,-1,83,80,46,-1,46,80,47,-1,53,55,56,-1,53,56,42,-1,42,56,58,-1,42,58,60,-1,68,70,43,-1,70,72,43,-1,43,72,74,-1,43,74,81,-1,81,74,76,-1,81,76,78,-1,60,62,42,-1,42,62,64,-1,42,64,43,-1,43,64,66,-1,43,66,68,-1,80,79,77,-1,73,71,47,-1,80,77,47,-1,47,77,75,-1,47,75,73,-1,63,61,49,-1,49,61,59,-1,49,59,51,-1,51,59,57,-1,51,57,54,-1,71,69,47,-1,47,69,67,-1,47,67,49,-1,49,67,65,-1,49,65,63,-1,84,85,86,-1,86,85,87,-1,88,89,90,-1,90,89,91,-1,90,91,92,-1,92,91,93,-1,92,93,94,-1,94,93,95,-1,94,95,86,-1,86,95,84,-1,96,97,93,-1,93,97,95,-1,97,96,98,-1,98,96,99,-1,98,99,100,-1,100,99,101,-1,100,101,102,-1,102,101,103,-1,102,103,104,-1,104,103,105,-1,104,105,106,-1,106,105,107,-1,106,107,108,-1,108,107,109,-1,108,109,110,-1,110,109,111,-1,110,111,112,-1,112,111,113,-1,112,113,114,-1,114,113,115,-1,114,115,116,-1,116,115,117,-1,116,117,118,-1,118,117,119,-1,118,119,120,-1,120,119,121,-1,122,123,121,-1,121,123,120,-1,87,85,124,-1,124,85,123,-1,124,123,125,-1,125,123,122,-1,125,122,88,-1,88,122,89,-1,95,97,98,-1,102,104,84,-1,95,98,84,-1,84,98,100,-1,84,100,102,-1,112,114,85,-1,85,114,116,-1,85,116,123,-1,123,116,118,-1,123,118,120,-1,104,106,84,-1,84,106,108,-1,84,108,85,-1,85,108,110,-1,85,110,112,-1,115,113,89,-1,122,121,119,-1,122,119,89,-1,89,119,117,-1,89,117,115,-1,105,103,91,-1,91,103,101,-1,91,101,93,-1,93,101,99,-1,93,99,96,-1,113,111,89,-1,89,111,109,-1,89,109,91,-1,91,109,107,-1,91,107,105,-1,126,127,128,-1,128,127,129,-1,130,131,132,-1,132,131,133,-1,132,133,134,-1,134,133,135,-1,134,135,136,-1,136,135,137,-1,136,137,128,-1,128,137,126,-1,138,139,135,-1,135,139,137,-1,139,138,140,-1,140,138,141,-1,140,141,142,-1,142,141,143,-1,142,143,144,-1,144,143,145,-1,144,145,146,-1,146,145,147,-1,146,147,148,-1,148,147,149,-1,148,149,150,-1,150,149,151,-1,150,151,152,-1,152,151,153,-1,152,153,154,-1,154,153,155,-1,154,155,156,-1,156,155,157,-1,156,157,158,-1,158,157,159,-1,158,159,160,-1,160,159,161,-1,160,161,162,-1,162,161,163,-1,164,165,163,-1,163,165,162,-1,129,127,166,-1,166,127,165,-1,166,165,167,-1,167,165,164,-1,167,164,130,-1,130,164,131,-1,137,139,140,-1,126,144,146,-1,154,156,127,-1,127,156,158,-1,127,158,165,-1,165,158,160,-1,165,160,162,-1,137,140,126,-1,126,140,142,-1,126,142,144,-1,146,148,126,-1,126,148,150,-1,126,150,127,-1,127,150,152,-1,127,152,154,-1,164,163,161,-1,164,161,131,-1,131,161,159,-1,131,159,157,-1,133,149,147,-1,147,145,133,-1,133,145,143,-1,133,143,135,-1,135,143,141,-1,135,141,138,-1,157,155,131,-1,131,155,153,-1,131,153,133,-1,133,153,151,-1,133,151,149,-1,168,169,170,-1,170,169,171,-1,172,173,174,-1,174,173,175,-1,174,175,176,-1,176,175,177,-1,176,177,178,-1,178,177,179,-1,178,179,170,-1,170,179,168,-1,180,181,177,-1,177,181,179,-1,181,180,182,-1,182,180,183,-1,182,183,184,-1,184,183,185,-1,184,185,186,-1,186,185,187,-1,186,187,188,-1,188,187,189,-1,188,189,190,-1,190,189,191,-1,190,191,192,-1,192,191,193,-1,192,193,194,-1,194,193,195,-1,194,195,196,-1,196,195,197,-1,196,197,198,-1,198,197,199,-1,198,199,200,-1,200,199,201,-1,200,201,202,-1,202,201,203,-1,202,203,204,-1,204,203,205,-1,206,207,205,-1,205,207,204,-1,171,169,208,-1,208,169,207,-1,208,207,209,-1,209,207,206,-1,209,206,172,-1,172,206,173,-1,194,196,169,-1,168,184,186,-1,196,198,169,-1,169,198,200,-1,169,200,207,-1,207,200,202,-1,207,202,204,-1,184,168,182,-1,182,168,179,-1,182,179,181,-1,186,188,168,-1,168,188,190,-1,168,190,169,-1,169,190,192,-1,169,192,194,-1,197,173,199,-1,199,173,201,-1,201,173,203,-1,203,173,206,-1,203,206,205,-1,189,187,175,-1,175,187,185,-1,175,185,177,-1,177,185,183,-1,177,183,180,-1,197,195,173,-1,173,195,193,-1,173,193,175,-1,175,193,191,-1,175,191,189,-1,210,211,212,-1,212,211,213,-1,214,215,216,-1,216,215,217,-1,216,217,218,-1,218,217,219,-1,218,219,220,-1,220,219,221,-1,220,221,212,-1,212,221,210,-1,222,223,219,-1,219,223,221,-1,223,222,224,-1,224,222,225,-1,224,225,226,-1,226,225,227,-1,226,227,228,-1,228,227,229,-1,228,229,230,-1,230,229,231,-1,230,231,232,-1,232,231,233,-1,232,233,234,-1,234,233,235,-1,234,235,236,-1,236,235,237,-1,236,237,238,-1,238,237,239,-1,238,239,240,-1,240,239,241,-1,240,241,242,-1,242,241,243,-1,242,243,244,-1,244,243,245,-1,244,245,246,-1,246,245,247,-1,248,249,247,-1,247,249,246,-1,213,211,250,-1,250,211,249,-1,250,249,251,-1,251,249,248,-1,251,248,214,-1,214,248,215,-1,236,238,211,-1,210,226,228,-1,238,240,211,-1,211,240,242,-1,211,242,249,-1,249,242,244,-1,249,244,246,-1,226,210,224,-1,224,210,221,-1,224,221,223,-1,228,230,210,-1,210,230,232,-1,210,232,211,-1,211,232,234,-1,211,234,236,-1,239,215,241,-1,241,215,243,-1,243,215,245,-1,245,215,248,-1,245,248,247,-1,231,229,217,-1,217,229,227,-1,217,227,219,-1,219,227,225,-1,219,225,222,-1,239,237,215,-1,215,237,235,-1,215,235,217,-1,217,235,233,-1,217,233,231,-1,252,253,254,-1,254,253,255,-1,256,257,258,-1,258,257,259,-1,258,259,260,-1,260,259,261,-1,260,261,262,-1,262,261,263,-1,262,263,254,-1,254,263,252,-1,264,265,261,-1,261,265,263,-1,265,264,266,-1,266,264,267,-1,266,267,268,-1,268,267,269,-1,268,269,270,-1,270,269,271,-1,270,271,272,-1,272,271,273,-1,272,273,274,-1,274,273,275,-1,274,275,276,-1,276,275,277,-1,276,277,278,-1,278,277,279,-1,278,279,280,-1,280,279,281,-1,280,281,282,-1,282,281,283,-1,282,283,284,-1,284,283,285,-1,284,285,286,-1,286,285,287,-1,286,287,288,-1,288,287,289,-1,290,291,289,-1,289,291,288,-1,255,253,292,-1,292,253,291,-1,292,291,293,-1,293,291,290,-1,293,290,256,-1,256,290,257,-1,278,280,253,-1,252,268,270,-1,280,282,253,-1,253,282,284,-1,253,284,291,-1,291,284,286,-1,291,286,288,-1,268,252,266,-1,266,252,263,-1,266,263,265,-1,270,272,252,-1,252,272,274,-1,252,274,253,-1,253,274,276,-1,253,276,278,-1,281,257,283,-1,283,257,285,-1,285,257,287,-1,287,257,290,-1,287,290,289,-1,273,271,259,-1,259,271,269,-1,259,269,261,-1,261,269,267,-1,261,267,264,-1,281,279,257,-1,257,279,277,-1,257,277,259,-1,259,277,275,-1,259,275,273,-1,294,295,296,-1,296,295,297,-1,298,299,300,-1,300,299,301,-1,300,301,302,-1,302,301,303,-1,302,303,304,-1,304,303,305,-1,304,305,296,-1,296,305,294,-1,306,307,303,-1,303,307,305,-1,307,306,308,-1,308,306,309,-1,308,309,310,-1,310,309,311,-1,310,311,312,-1,312,311,313,-1,312,313,314,-1,314,313,315,-1,314,315,316,-1,316,315,317,-1,316,317,318,-1,318,317,319,-1,318,319,320,-1,320,319,321,-1,320,321,322,-1,322,321,323,-1,322,323,324,-1,324,323,325,-1,324,325,326,-1,326,325,327,-1,326,327,328,-1,328,327,329,-1,328,329,330,-1,330,329,331,-1,332,333,331,-1,331,333,330,-1,297,295,334,-1,334,295,333,-1,334,333,335,-1,335,333,332,-1,335,332,298,-1,298,332,299,-1,320,322,295,-1,294,310,312,-1,310,294,308,-1,308,294,305,-1,308,305,307,-1,322,324,295,-1,295,324,326,-1,295,326,333,-1,333,326,328,-1,333,328,330,-1,312,314,294,-1,294,314,316,-1,294,316,295,-1,295,316,318,-1,295,318,320,-1,323,299,325,-1,325,299,327,-1,315,313,301,-1,301,313,311,-1,301,311,303,-1,303,311,309,-1,303,309,306,-1,327,299,329,-1,329,299,332,-1,329,332,331,-1,323,321,299,-1,299,321,319,-1,299,319,301,-1,301,319,317,-1,301,317,315,-1,336,337,338,-1,338,337,339,-1,340,341,342,-1,342,341,343,-1,342,343,344,-1,344,343,345,-1,344,345,346,-1,346,345,347,-1,346,347,338,-1,338,347,336,-1,348,349,345,-1,345,349,347,-1,349,348,350,-1,350,348,351,-1,350,351,352,-1,352,351,353,-1,352,353,354,-1,354,353,355,-1,354,355,356,-1,356,355,357,-1,356,357,358,-1,358,357,359,-1,358,359,360,-1,360,359,361,-1,360,361,362,-1,362,361,363,-1,362,363,364,-1,364,363,365,-1,364,365,366,-1,366,365,367,-1,366,367,368,-1,368,367,369,-1,368,369,370,-1,370,369,371,-1,370,371,372,-1,372,371,373,-1,374,375,373,-1,373,375,372,-1,339,337,376,-1,376,337,375,-1,376,375,377,-1,377,375,374,-1,377,374,340,-1,340,374,341,-1,356,336,354,-1,354,336,352,-1,352,336,350,-1,350,336,347,-1,350,347,349,-1,364,366,337,-1,337,366,368,-1,337,368,375,-1,375,368,370,-1,375,370,372,-1,356,358,336,-1,336,358,360,-1,336,360,337,-1,337,360,362,-1,337,362,364,-1,365,341,367,-1,367,341,369,-1,369,341,371,-1,371,341,374,-1,371,374,373,-1,357,355,343,-1,343,355,353,-1,343,353,345,-1,345,353,351,-1,345,351,348,-1,365,363,341,-1,341,363,361,-1,341,361,343,-1,343,361,359,-1,343,359,357,-1,378,379,380,-1,380,379,381,-1,382,383,384,-1,384,383,385,-1,384,385,386,-1,386,385,387,-1,386,387,388,-1,388,387,389,-1,388,389,380,-1,380,389,378,-1,390,391,387,-1,387,391,389,-1,391,390,392,-1,392,390,393,-1,392,393,394,-1,394,393,395,-1,394,395,396,-1,396,395,397,-1,396,397,398,-1,398,397,399,-1,398,399,400,-1,400,399,401,-1,400,401,402,-1,402,401,403,-1,402,403,404,-1,404,403,405,-1,404,405,406,-1,406,405,407,-1,406,407,408,-1,408,407,409,-1,408,409,410,-1,410,409,411,-1,410,411,412,-1,412,411,413,-1,412,413,414,-1,414,413,415,-1,416,417,415,-1,415,417,414,-1,381,379,418,-1,418,379,417,-1,418,417,419,-1,419,417,416,-1,419,416,382,-1,382,416,383,-1,398,378,396,-1,396,378,394,-1,406,408,379,-1,379,408,410,-1,379,410,417,-1,417,410,412,-1,417,412,414,-1,394,378,392,-1,392,378,389,-1,392,389,391,-1,398,400,378,-1,378,400,402,-1,378,402,379,-1,379,402,404,-1,379,404,406,-1,407,383,409,-1,409,383,411,-1,411,383,413,-1,413,383,416,-1,413,416,415,-1,399,397,385,-1,385,397,395,-1,385,395,387,-1,387,395,393,-1,387,393,390,-1,407,405,383,-1,383,405,403,-1,383,403,385,-1,385,403,401,-1,385,401,399,-1,420,421,422,-1,422,421,423,-1,424,425,426,-1,426,425,427,-1,426,427,428,-1,428,427,429,-1,428,429,430,-1,430,429,431,-1,430,431,422,-1,422,431,420,-1,432,433,429,-1,429,433,431,-1,433,432,434,-1,434,432,435,-1,434,435,436,-1,436,435,437,-1,436,437,438,-1,438,437,439,-1,438,439,440,-1,440,439,441,-1,440,441,442,-1,442,441,443,-1,442,443,444,-1,444,443,445,-1,444,445,446,-1,446,445,447,-1,446,447,448,-1,448,447,449,-1,448,449,450,-1,450,449,451,-1,450,451,452,-1,452,451,453,-1,452,453,454,-1,454,453,455,-1,454,455,456,-1,456,455,457,-1,458,459,457,-1,457,459,456,-1,423,421,460,-1,460,421,459,-1,460,459,461,-1,461,459,458,-1,461,458,424,-1,424,458,425,-1,440,420,438,-1,438,420,436,-1,448,450,421,-1,421,450,452,-1,421,452,459,-1,459,452,454,-1,459,454,456,-1,436,420,434,-1,434,420,431,-1,434,431,433,-1,440,442,420,-1,420,442,444,-1,420,444,421,-1,421,444,446,-1,421,446,448,-1,449,425,451,-1,451,425,453,-1,453,425,455,-1,455,425,458,-1,455,458,457,-1,441,439,427,-1,427,439,437,-1,427,437,429,-1,429,437,435,-1,429,435,432,-1,449,447,425,-1,425,447,445,-1,425,445,427,-1,427,445,443,-1,427,443,441,-1,462,463,464,-1,464,463,465,-1,466,467,468,-1,468,467,469,-1,468,469,470,-1,470,469,471,-1,470,471,472,-1,472,471,473,-1,472,473,464,-1,464,473,462,-1,474,475,471,-1,471,475,473,-1,475,474,476,-1,476,474,477,-1,476,477,478,-1,478,477,479,-1,478,479,480,-1,480,479,481,-1,480,481,482,-1,482,481,483,-1,482,483,484,-1,484,483,485,-1,484,485,486,-1,486,485,487,-1,486,487,488,-1,488,487,489,-1,488,489,490,-1,490,489,491,-1,490,491,492,-1,492,491,493,-1,492,493,494,-1,494,493,495,-1,494,495,496,-1,496,495,497,-1,496,497,498,-1,498,497,499,-1,500,501,499,-1,499,501,498,-1,465,463,502,-1,502,463,501,-1,502,501,503,-1,503,501,500,-1,503,500,466,-1,466,500,467,-1,482,462,480,-1,480,462,478,-1,478,462,476,-1,476,462,473,-1,476,473,475,-1,490,492,463,-1,463,492,494,-1,463,494,501,-1,501,494,496,-1,501,496,498,-1,482,484,462,-1,462,484,486,-1,462,486,463,-1,463,486,488,-1,463,488,490,-1,485,483,469,-1,467,495,493,-1,483,481,469,-1,469,481,479,-1,469,479,471,-1,471,479,477,-1,471,477,474,-1,495,467,497,-1,497,467,500,-1,497,500,499,-1,493,491,467,-1,467,491,489,-1,467,489,469,-1,469,489,487,-1,469,487,485,-1,504,505,506,-1,506,505,507,-1,508,509,510,-1,510,509,511,-1,510,511,512,-1,512,511,513,-1,512,513,514,-1,514,513,515,-1,514,515,506,-1,506,515,504,-1,516,517,513,-1,513,517,515,-1,517,516,518,-1,518,516,519,-1,518,519,520,-1,520,519,521,-1,520,521,522,-1,522,521,523,-1,522,523,524,-1,524,523,525,-1,524,525,526,-1,526,525,527,-1,526,527,528,-1,528,527,529,-1,528,529,530,-1,530,529,531,-1,530,531,532,-1,532,531,533,-1,532,533,534,-1,534,533,535,-1,534,535,536,-1,536,535,537,-1,536,537,538,-1,538,537,539,-1,538,539,540,-1,540,539,541,-1,542,543,541,-1,541,543,540,-1,507,505,544,-1,544,505,543,-1,544,543,545,-1,545,543,542,-1,545,542,508,-1,508,542,509,-1,524,504,522,-1,522,504,520,-1,520,504,518,-1,518,504,515,-1,518,515,517,-1,532,534,505,-1,505,534,536,-1,505,536,543,-1,543,536,538,-1,543,538,540,-1,524,526,504,-1,504,526,528,-1,504,528,505,-1,505,528,530,-1,505,530,532,-1,527,525,511,-1,509,537,535,-1,525,523,511,-1,511,523,521,-1,511,521,513,-1,513,521,519,-1,513,519,516,-1,537,509,539,-1,539,509,542,-1,539,542,541,-1,535,533,509,-1,509,533,531,-1,509,531,511,-1,511,531,529,-1,511,529,527,-1,546,547,548,-1,548,547,549,-1,550,551,552,-1,552,551,553,-1,552,553,554,-1,554,553,555,-1,554,555,556,-1,556,555,557,-1,556,557,548,-1,548,557,546,-1,558,559,555,-1,555,559,557,-1,559,558,560,-1,560,558,561,-1,560,561,562,-1,562,561,563,-1,562,563,564,-1,564,563,565,-1,564,565,566,-1,566,565,567,-1,566,567,568,-1,568,567,569,-1,568,569,570,-1,570,569,571,-1,570,571,572,-1,572,571,573,-1,572,573,574,-1,574,573,575,-1,574,575,576,-1,576,575,577,-1,576,577,578,-1,578,577,579,-1,578,579,580,-1,580,579,581,-1,580,581,582,-1,582,581,583,-1,584,585,583,-1,583,585,582,-1,549,547,586,-1,586,547,585,-1,586,585,587,-1,587,585,584,-1,587,584,550,-1,550,584,551,-1,566,546,564,-1,564,546,562,-1,562,546,560,-1,560,546,557,-1,560,557,559,-1,574,576,547,-1,547,576,578,-1,547,578,585,-1,585,578,580,-1,585,580,582,-1,566,568,546,-1,546,568,570,-1,546,570,547,-1,547,570,572,-1,547,572,574,-1,569,567,553,-1,551,579,577,-1,567,565,553,-1,553,565,563,-1,553,563,555,-1,555,563,561,-1,555,561,558,-1,579,551,581,-1,581,551,584,-1,581,584,583,-1,577,575,551,-1,551,575,573,-1,551,573,553,-1,553,573,571,-1,553,571,569,-1,588,589,590,-1,590,589,591,-1,592,593,594,-1,594,593,595,-1,594,595,596,-1,596,595,597,-1,596,597,598,-1,598,597,599,-1,598,599,590,-1,590,599,588,-1,600,601,597,-1,597,601,599,-1,601,600,602,-1,602,600,603,-1,602,603,604,-1,604,603,605,-1,604,605,606,-1,606,605,607,-1,606,607,608,-1,608,607,609,-1,608,609,610,-1,610,609,611,-1,610,611,612,-1,612,611,613,-1,612,613,614,-1,614,613,615,-1,614,615,616,-1,616,615,617,-1,616,617,618,-1,618,617,619,-1,618,619,620,-1,620,619,621,-1,620,621,622,-1,622,621,623,-1,622,623,624,-1,624,623,625,-1,626,627,625,-1,625,627,624,-1,591,589,628,-1,628,589,627,-1,628,627,629,-1,629,627,626,-1,629,626,592,-1,592,626,593,-1,608,588,606,-1,606,588,604,-1,604,588,602,-1,602,588,599,-1,602,599,601,-1,616,618,589,-1,589,618,620,-1,589,620,627,-1,627,620,622,-1,627,622,624,-1,608,610,588,-1,588,610,612,-1,588,612,589,-1,589,612,614,-1,589,614,616,-1,617,593,619,-1,619,593,621,-1,621,593,623,-1,623,593,626,-1,623,626,625,-1,609,607,595,-1,595,607,605,-1,595,605,597,-1,597,605,603,-1,597,603,600,-1,617,615,593,-1,593,615,613,-1,593,613,595,-1,595,613,611,-1,595,611,609,-1,630,631,632,-1,632,631,633,-1,634,635,636,-1,636,635,637,-1,636,637,638,-1,638,637,639,-1,638,639,640,-1,640,639,641,-1,640,641,632,-1,632,641,630,-1,642,643,639,-1,639,643,641,-1,643,642,644,-1,644,642,645,-1,644,645,646,-1,646,645,647,-1,646,647,648,-1,648,647,649,-1,648,649,650,-1,650,649,651,-1,650,651,652,-1,652,651,653,-1,652,653,654,-1,654,653,655,-1,654,655,656,-1,656,655,657,-1,656,657,658,-1,658,657,659,-1,658,659,660,-1,660,659,661,-1,660,661,662,-1,662,661,663,-1,662,663,664,-1,664,663,665,-1,664,665,666,-1,666,665,667,-1,668,669,667,-1,667,669,666,-1,633,631,670,-1,670,631,669,-1,670,669,671,-1,671,669,668,-1,671,668,634,-1,634,668,635,-1,656,658,631,-1,630,646,648,-1,658,660,631,-1,631,660,662,-1,631,662,669,-1,669,662,664,-1,669,664,666,-1,646,630,644,-1,644,630,641,-1,644,641,643,-1,648,650,630,-1,630,650,652,-1,630,652,631,-1,631,652,654,-1,631,654,656,-1,659,635,661,-1,661,635,663,-1,663,635,665,-1,665,635,668,-1,665,668,667,-1,659,657,635,-1,635,657,655,-1,635,655,637,-1,637,655,653,-1,637,653,651,-1,651,649,637,-1,637,649,647,-1,637,647,639,-1,639,647,645,-1,639,645,642,-1,672,673,674,-1,674,673,675,-1,676,677,678,-1,678,677,679,-1,678,679,680,-1,680,679,681,-1,680,681,682,-1,682,681,683,-1,682,683,674,-1,674,683,672,-1,684,685,681,-1,681,685,683,-1,685,684,686,-1,686,684,687,-1,686,687,688,-1,688,687,689,-1,688,689,690,-1,690,689,691,-1,690,691,692,-1,692,691,693,-1,692,693,694,-1,694,693,695,-1,694,695,696,-1,696,695,697,-1,696,697,698,-1,698,697,699,-1,698,699,700,-1,700,699,701,-1,700,701,702,-1,702,701,703,-1,702,703,704,-1,704,703,705,-1,704,705,706,-1,706,705,707,-1,706,707,708,-1,708,707,709,-1,710,711,709,-1,709,711,708,-1,675,673,712,-1,712,673,711,-1,712,711,713,-1,713,711,710,-1,713,710,676,-1,676,710,677,-1,698,700,673,-1,672,688,690,-1,700,702,673,-1,673,702,704,-1,673,704,711,-1,711,704,706,-1,711,706,708,-1,688,672,686,-1,686,672,683,-1,686,683,685,-1,690,692,672,-1,672,692,694,-1,672,694,673,-1,673,694,696,-1,673,696,698,-1,701,677,703,-1,703,677,705,-1,705,677,707,-1,707,677,710,-1,707,710,709,-1,693,691,679,-1,679,691,689,-1,679,689,681,-1,681,689,687,-1,681,687,684,-1,701,699,677,-1,677,699,697,-1,677,697,679,-1,679,697,695,-1,679,695,693,-1,714,715,716,-1,716,715,717,-1,718,719,720,-1,720,719,721,-1,720,721,722,-1,722,721,723,-1,722,723,724,-1,724,723,725,-1,724,725,716,-1,716,725,714,-1,726,727,723,-1,723,727,725,-1,727,726,728,-1,728,726,729,-1,728,729,730,-1,730,729,731,-1,730,731,732,-1,732,731,733,-1,732,733,734,-1,734,733,735,-1,734,735,736,-1,736,735,737,-1,736,737,738,-1,738,737,739,-1,738,739,740,-1,740,739,741,-1,740,741,742,-1,742,741,743,-1,742,743,744,-1,744,743,745,-1,744,745,746,-1,746,745,747,-1,746,747,748,-1,748,747,749,-1,748,749,750,-1,750,749,751,-1,752,753,751,-1,751,753,750,-1,717,715,754,-1,754,715,753,-1,754,753,755,-1,755,753,752,-1,755,752,718,-1,718,752,719,-1,740,742,715,-1,714,730,732,-1,742,744,715,-1,715,744,746,-1,715,746,753,-1,753,746,748,-1,753,748,750,-1,730,714,728,-1,728,714,725,-1,728,725,727,-1,732,734,714,-1,714,734,736,-1,714,736,715,-1,715,736,738,-1,715,738,740,-1,743,719,745,-1,745,719,747,-1,747,719,749,-1,749,719,752,-1,749,752,751,-1,735,733,721,-1,721,733,731,-1,721,731,723,-1,723,731,729,-1,723,729,726,-1,743,741,719,-1,719,741,739,-1,719,739,721,-1,721,739,737,-1,721,737,735,-1,756,757,758,-1,758,757,759,-1,760,761,762,-1,762,761,763,-1,762,763,764,-1,764,763,765,-1,764,765,766,-1,766,765,767,-1,766,767,758,-1,758,767,756,-1,768,769,765,-1,765,769,767,-1,769,768,770,-1,770,768,771,-1,770,771,772,-1,772,771,773,-1,772,773,774,-1,774,773,775,-1,774,775,776,-1,776,775,777,-1,776,777,778,-1,778,777,779,-1,778,779,780,-1,780,779,781,-1,780,781,782,-1,782,781,783,-1,782,783,784,-1,784,783,785,-1,784,785,786,-1,786,785,787,-1,786,787,788,-1,788,787,789,-1,788,789,790,-1,790,789,791,-1,790,791,792,-1,792,791,793,-1,794,795,793,-1,793,795,792,-1,759,757,796,-1,796,757,795,-1,796,795,797,-1,797,795,794,-1,797,794,760,-1,760,794,761,-1,782,784,757,-1,756,772,774,-1,784,786,757,-1,757,786,788,-1,757,788,795,-1,795,788,790,-1,795,790,792,-1,772,756,770,-1,770,756,767,-1,770,767,769,-1,774,776,756,-1,756,776,778,-1,756,778,757,-1,757,778,780,-1,757,780,782,-1,785,761,787,-1,787,761,789,-1,789,761,791,-1,791,761,794,-1,791,794,793,-1,777,775,763,-1,763,775,773,-1,763,773,765,-1,765,773,771,-1,765,771,768,-1,785,783,761,-1,761,783,781,-1,761,781,763,-1,763,781,779,-1,763,779,777,-1,798,799,800,-1,800,799,801,-1,802,803,804,-1,804,803,805,-1,804,805,806,-1,806,805,807,-1,806,807,808,-1,808,807,809,-1,808,809,800,-1,800,809,798,-1,810,811,807,-1,807,811,809,-1,811,810,812,-1,812,810,813,-1,812,813,814,-1,814,813,815,-1,814,815,816,-1,816,815,817,-1,816,817,818,-1,818,817,819,-1,818,819,820,-1,820,819,821,-1,820,821,822,-1,822,821,823,-1,822,823,824,-1,824,823,825,-1,824,825,826,-1,826,825,827,-1,826,827,828,-1,828,827,829,-1,828,829,830,-1,830,829,831,-1,830,831,832,-1,832,831,833,-1,832,833,834,-1,834,833,835,-1,836,837,835,-1,835,837,834,-1,801,799,838,-1,838,799,837,-1,838,837,839,-1,839,837,836,-1,839,836,802,-1,802,836,803,-1,818,798,816,-1,816,798,814,-1,814,798,812,-1,812,798,809,-1,812,809,811,-1,826,828,799,-1,799,828,830,-1,799,830,837,-1,837,830,832,-1,837,832,834,-1,818,820,798,-1,798,820,822,-1,798,822,799,-1,799,822,824,-1,799,824,826,-1,836,835,833,-1,829,827,803,-1,836,833,803,-1,803,833,831,-1,803,831,829,-1,819,817,805,-1,805,817,815,-1,805,815,807,-1,807,815,813,-1,807,813,810,-1,827,825,803,-1,803,825,823,-1,803,823,805,-1,805,823,821,-1,805,821,819,-1,840,841,842,-1,842,841,843,-1,844,845,846,-1,846,845,847,-1,846,847,848,-1,848,847,849,-1,848,849,850,-1,850,849,851,-1,850,851,842,-1,842,851,840,-1,852,853,849,-1,849,853,851,-1,853,852,854,-1,854,852,855,-1,854,855,856,-1,856,855,857,-1,856,857,858,-1,858,857,859,-1,858,859,860,-1,860,859,861,-1,860,861,862,-1,862,861,863,-1,862,863,864,-1,864,863,865,-1,864,865,866,-1,866,865,867,-1,866,867,868,-1,868,867,869,-1,868,869,870,-1,870,869,871,-1,870,871,872,-1,872,871,873,-1,872,873,874,-1,874,873,875,-1,874,875,876,-1,876,875,877,-1,878,879,877,-1,877,879,876,-1,843,841,880,-1,880,841,879,-1,880,879,881,-1,881,879,878,-1,881,878,844,-1,844,878,845,-1,851,853,854,-1,858,860,840,-1,851,854,840,-1,840,854,856,-1,840,856,858,-1,868,870,841,-1,841,870,872,-1,841,872,879,-1,879,872,874,-1,879,874,876,-1,860,862,840,-1,840,862,864,-1,840,864,841,-1,841,864,866,-1,841,866,868,-1,878,877,875,-1,871,869,845,-1,861,859,847,-1,847,859,857,-1,847,857,849,-1,849,857,855,-1,849,855,852,-1,878,875,845,-1,845,875,873,-1,845,873,871,-1,869,867,845,-1,845,867,865,-1,845,865,847,-1,847,865,863,-1,847,863,861,-1,882,883,884,-1,884,883,885,-1,886,887,888,-1,888,887,889,-1,888,889,890,-1,890,889,891,-1,890,891,892,-1,892,891,893,-1,892,893,884,-1,884,893,882,-1,894,895,891,-1,891,895,893,-1,895,894,896,-1,896,894,897,-1,896,897,898,-1,898,897,899,-1,898,899,900,-1,900,899,901,-1,900,901,902,-1,902,901,903,-1,902,903,904,-1,904,903,905,-1,904,905,906,-1,906,905,907,-1,906,907,908,-1,908,907,909,-1,908,909,910,-1,910,909,911,-1,910,911,912,-1,912,911,913,-1,912,913,914,-1,914,913,915,-1,914,915,916,-1,916,915,917,-1,916,917,918,-1,918,917,919,-1,920,921,919,-1,919,921,918,-1,885,883,922,-1,922,883,921,-1,922,921,923,-1,923,921,920,-1,923,920,886,-1,886,920,887,-1,893,895,896,-1,900,902,882,-1,893,896,882,-1,882,896,898,-1,882,898,900,-1,910,912,883,-1,883,912,914,-1,883,914,921,-1,921,914,916,-1,921,916,918,-1,902,904,882,-1,882,904,906,-1,882,906,883,-1,883,906,908,-1,883,908,910,-1,920,919,917,-1,913,911,887,-1,903,901,889,-1,889,901,899,-1,889,899,891,-1,891,899,897,-1,891,897,894,-1,920,917,887,-1,887,917,915,-1,887,915,913,-1,911,909,887,-1,887,909,907,-1,887,907,889,-1,889,907,905,-1,889,905,903,-1,924,925,926,-1,926,925,927,-1,928,929,930,-1,930,929,931,-1,930,931,932,-1,932,931,933,-1,932,933,934,-1,934,933,935,-1,934,935,926,-1,926,935,924,-1,936,937,933,-1,933,937,935,-1,937,936,938,-1,938,936,939,-1,938,939,940,-1,940,939,941,-1,940,941,942,-1,942,941,943,-1,942,943,944,-1,944,943,945,-1,944,945,946,-1,946,945,947,-1,946,947,948,-1,948,947,949,-1,948,949,950,-1,950,949,951,-1,950,951,952,-1,952,951,953,-1,952,953,954,-1,954,953,955,-1,954,955,956,-1,956,955,957,-1,956,957,958,-1,958,957,959,-1,958,959,960,-1,960,959,961,-1,962,963,961,-1,961,963,960,-1,927,925,964,-1,964,925,963,-1,964,963,965,-1,965,963,962,-1,965,962,928,-1,928,962,929,-1,935,937,938,-1,942,944,924,-1,935,938,924,-1,924,938,940,-1,924,940,942,-1,952,954,925,-1,925,954,956,-1,925,956,963,-1,963,956,958,-1,963,958,960,-1,944,946,924,-1,924,946,948,-1,924,948,925,-1,925,948,950,-1,925,950,952,-1,962,961,959,-1,955,953,929,-1,945,943,931,-1,931,943,941,-1,931,941,933,-1,933,941,939,-1,933,939,936,-1,962,959,929,-1,929,959,957,-1,929,957,955,-1,953,951,929,-1,929,951,949,-1,929,949,931,-1,931,949,947,-1,931,947,945,-1,966,967,968,-1,968,967,969,-1,970,971,972,-1,972,971,973,-1,972,973,974,-1,974,973,975,-1,974,975,976,-1,976,975,977,-1,976,977,978,-1,978,977,979,-1,978,979,980,-1,980,979,981,-1,980,981,982,-1,982,981,983,-1,982,983,984,-1,984,983,985,-1,984,985,986,-1,986,985,987,-1,986,987,988,-1,988,987,989,-1,988,989,990,-1,990,989,991,-1,990,991,992,-1,992,991,993,-1,992,993,994,-1,994,993,995,-1,996,997,995,-1,995,997,994,-1,969,967,998,-1,998,967,997,-1,998,997,999,-1,999,997,996,-1,999,996,1000,-1,1000,996,1001,-1,1000,1001,1002,-1,1002,1001,1003,-1,1002,1003,1004,-1,1004,1003,1005,-1,1004,1005,1006,-1,1006,1005,1007,-1,1006,1007,968,-1,968,1007,966,-1,971,970,1005,-1,1005,970,1007,-1,1007,970,972,-1,976,978,966,-1,1007,972,966,-1,966,972,974,-1,966,974,976,-1,978,980,966,-1,966,980,982,-1,966,982,967,-1,967,982,984,-1,967,984,986,-1,986,988,967,-1,967,988,990,-1,967,990,997,-1,997,990,992,-1,997,992,994,-1,996,995,993,-1,989,987,1001,-1,979,977,1003,-1,1003,977,975,-1,1003,975,1005,-1,1005,975,973,-1,1005,973,971,-1,996,993,1001,-1,1001,993,991,-1,1001,991,989,-1,987,985,1001,-1,1001,985,983,-1,1001,983,1003,-1,1003,983,981,-1,1003,981,979,-1,1008,1009,1010,-1,1010,1009,1011,-1,1012,1013,1014,-1,1014,1013,1015,-1,1014,1015,1016,-1,1016,1015,1017,-1,1016,1017,1018,-1,1018,1017,1019,-1,1018,1019,1020,-1,1020,1019,1021,-1,1020,1021,1022,-1,1022,1021,1023,-1,1022,1023,1024,-1,1024,1023,1025,-1,1024,1025,1026,-1,1026,1025,1027,-1,1026,1027,1028,-1,1028,1027,1029,-1,1028,1029,1030,-1,1030,1029,1031,-1,1030,1031,1032,-1,1032,1031,1033,-1,1032,1033,1034,-1,1034,1033,1035,-1,1034,1035,1036,-1,1036,1035,1037,-1,1038,1039,1037,-1,1037,1039,1036,-1,1011,1009,1040,-1,1040,1009,1039,-1,1040,1039,1041,-1,1041,1039,1038,-1,1041,1038,1042,-1,1042,1038,1043,-1,1042,1043,1044,-1,1044,1043,1045,-1,1044,1045,1046,-1,1046,1045,1047,-1,1046,1047,1048,-1,1048,1047,1049,-1,1048,1049,1010,-1,1010,1049,1008,-1,1013,1012,1047,-1,1047,1012,1049,-1,1049,1012,1014,-1,1018,1020,1008,-1,1049,1014,1008,-1,1008,1014,1016,-1,1008,1016,1018,-1,1020,1022,1008,-1,1008,1022,1024,-1,1008,1024,1009,-1,1009,1024,1026,-1,1009,1026,1028,-1,1028,1030,1009,-1,1009,1030,1032,-1,1009,1032,1039,-1,1039,1032,1034,-1,1039,1034,1036,-1,1038,1037,1035,-1,1031,1029,1043,-1,1021,1019,1045,-1,1045,1019,1017,-1,1045,1017,1047,-1,1047,1017,1015,-1,1047,1015,1013,-1,1038,1035,1043,-1,1043,1035,1033,-1,1043,1033,1031,-1,1029,1027,1043,-1,1043,1027,1025,-1,1043,1025,1045,-1,1045,1025,1023,-1,1045,1023,1021,-1,1050,1051,1052,-1,1052,1051,1053,-1,1054,1055,1056,-1,1056,1055,1057,-1,1056,1057,1058,-1,1058,1057,1059,-1,1058,1059,1060,-1,1060,1059,1061,-1,1060,1061,1062,-1,1062,1061,1063,-1,1062,1063,1064,-1,1064,1063,1065,-1,1064,1065,1066,-1,1066,1065,1067,-1,1066,1067,1068,-1,1068,1067,1069,-1,1068,1069,1070,-1,1070,1069,1071,-1,1070,1071,1072,-1,1072,1071,1073,-1,1072,1073,1074,-1,1074,1073,1075,-1,1074,1075,1076,-1,1076,1075,1077,-1,1076,1077,1078,-1,1078,1077,1079,-1,1080,1081,1079,-1,1079,1081,1078,-1,1053,1051,1082,-1,1082,1051,1081,-1,1082,1081,1083,-1,1083,1081,1080,-1,1083,1080,1084,-1,1084,1080,1085,-1,1084,1085,1086,-1,1086,1085,1087,-1,1086,1087,1088,-1,1088,1087,1089,-1,1088,1089,1090,-1,1090,1089,1091,-1,1090,1091,1052,-1,1052,1091,1050,-1,1055,1054,1089,-1,1089,1054,1091,-1,1091,1054,1056,-1,1060,1062,1050,-1,1091,1056,1050,-1,1050,1056,1058,-1,1050,1058,1060,-1,1062,1064,1050,-1,1050,1064,1066,-1,1050,1066,1051,-1,1051,1066,1068,-1,1051,1068,1070,-1,1070,1072,1051,-1,1051,1072,1074,-1,1051,1074,1081,-1,1081,1074,1076,-1,1081,1076,1078,-1,1080,1079,1077,-1,1073,1071,1085,-1,1063,1061,1087,-1,1087,1061,1059,-1,1087,1059,1089,-1,1089,1059,1057,-1,1089,1057,1055,-1,1080,1077,1085,-1,1085,1077,1075,-1,1085,1075,1073,-1,1071,1069,1085,-1,1085,1069,1067,-1,1085,1067,1087,-1,1087,1067,1065,-1,1087,1065,1063,-1,1092,1093,1094,-1,1094,1093,1095,-1,1096,1097,1098,-1,1098,1097,1099,-1,1098,1099,1100,-1,1100,1099,1101,-1,1100,1101,1102,-1,1102,1101,1103,-1,1102,1103,1104,-1,1104,1103,1105,-1,1104,1105,1106,-1,1106,1105,1107,-1,1106,1107,1108,-1,1108,1107,1109,-1,1108,1109,1110,-1,1110,1109,1111,-1,1110,1111,1112,-1,1112,1111,1113,-1,1112,1113,1114,-1,1114,1113,1115,-1,1114,1115,1116,-1,1116,1115,1117,-1,1116,1117,1118,-1,1118,1117,1119,-1,1118,1119,1120,-1,1120,1119,1121,-1,1122,1123,1121,-1,1121,1123,1120,-1,1095,1093,1124,-1,1124,1093,1123,-1,1124,1123,1125,-1,1125,1123,1122,-1,1125,1122,1126,-1,1126,1122,1127,-1,1126,1127,1128,-1,1128,1127,1129,-1,1128,1129,1130,-1,1130,1129,1131,-1,1130,1131,1132,-1,1132,1131,1133,-1,1132,1133,1094,-1,1094,1133,1092,-1,1097,1096,1131,-1,1131,1096,1133,-1,1133,1096,1098,-1,1102,1104,1092,-1,1133,1098,1092,-1,1092,1098,1100,-1,1092,1100,1102,-1,1112,1114,1093,-1,1093,1114,1116,-1,1093,1116,1123,-1,1123,1116,1118,-1,1123,1118,1120,-1,1104,1106,1092,-1,1092,1106,1108,-1,1092,1108,1093,-1,1093,1108,1110,-1,1093,1110,1112,-1,1113,1127,1115,-1,1115,1127,1117,-1,1117,1127,1119,-1,1119,1127,1122,-1,1119,1122,1121,-1,1105,1103,1129,-1,1129,1103,1101,-1,1129,1101,1131,-1,1131,1101,1099,-1,1131,1099,1097,-1,1113,1111,1127,-1,1127,1111,1109,-1,1127,1109,1129,-1,1129,1109,1107,-1,1129,1107,1105,-1,1134,1135,1136,-1,1136,1135,1137,-1,1138,1139,1140,-1,1140,1139,1141,-1,1140,1141,1142,-1,1142,1141,1143,-1,1142,1143,1144,-1,1144,1143,1145,-1,1144,1145,1146,-1,1146,1145,1147,-1,1146,1147,1148,-1,1148,1147,1149,-1,1148,1149,1150,-1,1150,1149,1151,-1,1150,1151,1152,-1,1152,1151,1153,-1,1152,1153,1154,-1,1154,1153,1155,-1,1154,1155,1156,-1,1156,1155,1157,-1,1156,1157,1158,-1,1158,1157,1159,-1,1158,1159,1160,-1,1160,1159,1161,-1,1160,1161,1162,-1,1162,1161,1163,-1,1164,1165,1163,-1,1163,1165,1162,-1,1137,1135,1166,-1,1166,1135,1165,-1,1166,1165,1167,-1,1167,1165,1164,-1,1167,1164,1168,-1,1168,1164,1169,-1,1168,1169,1170,-1,1170,1169,1171,-1,1170,1171,1172,-1,1172,1171,1173,-1,1172,1173,1174,-1,1174,1173,1175,-1,1174,1175,1136,-1,1136,1175,1134,-1,1139,1138,1173,-1,1173,1138,1175,-1,1152,1154,1135,-1,1134,1142,1144,-1,1154,1156,1135,-1,1135,1156,1158,-1,1135,1158,1165,-1,1165,1158,1160,-1,1165,1160,1162,-1,1142,1134,1140,-1,1140,1134,1175,-1,1140,1175,1138,-1,1144,1146,1134,-1,1134,1146,1148,-1,1134,1148,1135,-1,1135,1148,1150,-1,1135,1150,1152,-1,1155,1169,1157,-1,1157,1169,1159,-1,1159,1169,1161,-1,1161,1169,1164,-1,1161,1164,1163,-1,1147,1145,1171,-1,1171,1145,1143,-1,1171,1143,1173,-1,1173,1143,1141,-1,1173,1141,1139,-1,1155,1153,1169,-1,1169,1153,1151,-1,1169,1151,1171,-1,1171,1151,1149,-1,1171,1149,1147,-1,1176,1177,1178,-1,1178,1177,1179,-1,1180,1181,1182,-1,1182,1181,1183,-1,1182,1183,1184,-1,1184,1183,1185,-1,1184,1185,1186,-1,1186,1185,1187,-1,1186,1187,1188,-1,1188,1187,1189,-1,1188,1189,1190,-1,1190,1189,1191,-1,1190,1191,1192,-1,1192,1191,1193,-1,1192,1193,1194,-1,1194,1193,1195,-1,1194,1195,1196,-1,1196,1195,1197,-1,1196,1197,1198,-1,1198,1197,1199,-1,1198,1199,1200,-1,1200,1199,1201,-1,1200,1201,1202,-1,1202,1201,1203,-1,1202,1203,1204,-1,1204,1203,1205,-1,1206,1207,1205,-1,1205,1207,1204,-1,1179,1177,1208,-1,1208,1177,1207,-1,1208,1207,1209,-1,1209,1207,1206,-1,1209,1206,1210,-1,1210,1206,1211,-1,1210,1211,1212,-1,1212,1211,1213,-1,1212,1213,1214,-1,1214,1213,1215,-1,1214,1215,1216,-1,1216,1215,1217,-1,1216,1217,1178,-1,1178,1217,1176,-1,1181,1180,1215,-1,1215,1180,1217,-1,1194,1196,1177,-1,1176,1184,1186,-1,1196,1198,1177,-1,1177,1198,1200,-1,1177,1200,1207,-1,1207,1200,1202,-1,1207,1202,1204,-1,1184,1176,1182,-1,1182,1176,1217,-1,1182,1217,1180,-1,1186,1188,1176,-1,1176,1188,1190,-1,1176,1190,1177,-1,1177,1190,1192,-1,1177,1192,1194,-1,1197,1211,1199,-1,1199,1211,1201,-1,1201,1211,1203,-1,1203,1211,1206,-1,1203,1206,1205,-1,1189,1187,1213,-1,1213,1187,1185,-1,1213,1185,1215,-1,1215,1185,1183,-1,1215,1183,1181,-1,1197,1195,1211,-1,1211,1195,1193,-1,1211,1193,1213,-1,1213,1193,1191,-1,1213,1191,1189,-1,1218,1219,1220,-1,1220,1219,1221,-1,1222,1223,1224,-1,1224,1223,1225,-1,1224,1225,1226,-1,1226,1225,1227,-1,1226,1227,1228,-1,1228,1227,1229,-1,1228,1229,1230,-1,1230,1229,1231,-1,1230,1231,1232,-1,1232,1231,1233,-1,1232,1233,1234,-1,1234,1233,1235,-1,1234,1235,1236,-1,1236,1235,1237,-1,1236,1237,1238,-1,1238,1237,1239,-1,1238,1239,1240,-1,1240,1239,1241,-1,1240,1241,1242,-1,1242,1241,1243,-1,1242,1243,1244,-1,1244,1243,1245,-1,1244,1245,1246,-1,1246,1245,1247,-1,1248,1249,1247,-1,1247,1249,1246,-1,1221,1219,1250,-1,1250,1219,1249,-1,1250,1249,1251,-1,1251,1249,1248,-1,1251,1248,1252,-1,1252,1248,1253,-1,1252,1253,1254,-1,1254,1253,1255,-1,1254,1255,1256,-1,1256,1255,1257,-1,1256,1257,1258,-1,1258,1257,1259,-1,1258,1259,1220,-1,1220,1259,1218,-1,1223,1222,1257,-1,1257,1222,1259,-1,1236,1238,1219,-1,1218,1226,1228,-1,1238,1240,1219,-1,1219,1240,1242,-1,1219,1242,1249,-1,1249,1242,1244,-1,1249,1244,1246,-1,1226,1218,1224,-1,1224,1218,1259,-1,1224,1259,1222,-1,1228,1230,1218,-1,1218,1230,1232,-1,1218,1232,1219,-1,1219,1232,1234,-1,1219,1234,1236,-1,1239,1253,1241,-1,1241,1253,1243,-1,1243,1253,1245,-1,1245,1253,1248,-1,1245,1248,1247,-1,1231,1229,1255,-1,1255,1229,1227,-1,1255,1227,1257,-1,1257,1227,1225,-1,1257,1225,1223,-1,1239,1237,1253,-1,1253,1237,1235,-1,1253,1235,1255,-1,1255,1235,1233,-1,1255,1233,1231,-1,1260,1261,1262,-1,1262,1261,1263,-1,1264,1265,1266,-1,1266,1265,1267,-1,1266,1267,1268,-1,1268,1267,1269,-1,1268,1269,1270,-1,1270,1269,1271,-1,1270,1271,1272,-1,1272,1271,1273,-1,1272,1273,1274,-1,1274,1273,1275,-1,1274,1275,1276,-1,1276,1275,1277,-1,1276,1277,1278,-1,1278,1277,1279,-1,1278,1279,1280,-1,1280,1279,1281,-1,1280,1281,1282,-1,1282,1281,1283,-1,1282,1283,1284,-1,1284,1283,1285,-1,1284,1285,1286,-1,1286,1285,1287,-1,1286,1287,1288,-1,1288,1287,1289,-1,1290,1291,1289,-1,1289,1291,1288,-1,1263,1261,1292,-1,1292,1261,1291,-1,1292,1291,1293,-1,1293,1291,1290,-1,1293,1290,1294,-1,1294,1290,1295,-1,1294,1295,1296,-1,1296,1295,1297,-1,1296,1297,1298,-1,1298,1297,1299,-1,1298,1299,1300,-1,1300,1299,1301,-1,1300,1301,1262,-1,1262,1301,1260,-1,1265,1264,1299,-1,1299,1264,1301,-1,1278,1280,1261,-1,1260,1268,1270,-1,1268,1260,1266,-1,1266,1260,1301,-1,1266,1301,1264,-1,1280,1282,1261,-1,1261,1282,1284,-1,1261,1284,1291,-1,1291,1284,1286,-1,1291,1286,1288,-1,1270,1272,1260,-1,1260,1272,1274,-1,1260,1274,1261,-1,1261,1274,1276,-1,1261,1276,1278,-1,1281,1295,1283,-1,1283,1295,1285,-1,1273,1271,1297,-1,1297,1271,1269,-1,1297,1269,1299,-1,1299,1269,1267,-1,1299,1267,1265,-1,1285,1295,1287,-1,1287,1295,1290,-1,1287,1290,1289,-1,1281,1279,1295,-1,1295,1279,1277,-1,1295,1277,1297,-1,1297,1277,1275,-1,1297,1275,1273,-1,1302,1303,1304,-1,1304,1303,1305,-1,1306,1307,1308,-1,1308,1307,1309,-1,1308,1309,1310,-1,1310,1309,1311,-1,1310,1311,1312,-1,1312,1311,1313,-1,1312,1313,1314,-1,1314,1313,1315,-1,1314,1315,1316,-1,1316,1315,1317,-1,1316,1317,1318,-1,1318,1317,1319,-1,1318,1319,1320,-1,1320,1319,1321,-1,1320,1321,1322,-1,1322,1321,1323,-1,1322,1323,1324,-1,1324,1323,1325,-1,1324,1325,1326,-1,1326,1325,1327,-1,1326,1327,1328,-1,1328,1327,1329,-1,1328,1329,1330,-1,1330,1329,1331,-1,1332,1333,1331,-1,1331,1333,1330,-1,1305,1303,1334,-1,1334,1303,1333,-1,1334,1333,1335,-1,1335,1333,1332,-1,1335,1332,1336,-1,1336,1332,1337,-1,1336,1337,1338,-1,1338,1337,1339,-1,1338,1339,1340,-1,1340,1339,1341,-1,1340,1341,1342,-1,1342,1341,1343,-1,1342,1343,1304,-1,1304,1343,1302,-1,1307,1306,1341,-1,1341,1306,1343,-1,1314,1302,1312,-1,1312,1302,1310,-1,1310,1302,1308,-1,1308,1302,1343,-1,1308,1343,1306,-1,1322,1324,1303,-1,1303,1324,1326,-1,1303,1326,1333,-1,1333,1326,1328,-1,1333,1328,1330,-1,1314,1316,1302,-1,1302,1316,1318,-1,1302,1318,1303,-1,1303,1318,1320,-1,1303,1320,1322,-1,1323,1337,1325,-1,1325,1337,1327,-1,1327,1337,1329,-1,1329,1337,1332,-1,1329,1332,1331,-1,1315,1313,1339,-1,1339,1313,1311,-1,1339,1311,1341,-1,1341,1311,1309,-1,1341,1309,1307,-1,1323,1321,1337,-1,1337,1321,1319,-1,1337,1319,1339,-1,1339,1319,1317,-1,1339,1317,1315,-1,1344,1345,1346,-1,1346,1345,1347,-1,1348,1349,1350,-1,1350,1349,1351,-1,1350,1351,1352,-1,1352,1351,1353,-1,1352,1353,1354,-1,1354,1353,1355,-1,1354,1355,1356,-1,1356,1355,1357,-1,1356,1357,1358,-1,1358,1357,1359,-1,1358,1359,1360,-1,1360,1359,1361,-1,1360,1361,1362,-1,1362,1361,1363,-1,1362,1363,1364,-1,1364,1363,1365,-1,1364,1365,1366,-1,1366,1365,1367,-1,1366,1367,1368,-1,1368,1367,1369,-1,1368,1369,1370,-1,1370,1369,1371,-1,1370,1371,1372,-1,1372,1371,1373,-1,1374,1375,1373,-1,1373,1375,1372,-1,1347,1345,1376,-1,1376,1345,1375,-1,1376,1375,1377,-1,1377,1375,1374,-1,1377,1374,1378,-1,1378,1374,1379,-1,1378,1379,1380,-1,1380,1379,1381,-1,1380,1381,1382,-1,1382,1381,1383,-1,1382,1383,1384,-1,1384,1383,1385,-1,1384,1385,1346,-1,1346,1385,1344,-1,1349,1348,1383,-1,1383,1348,1385,-1,1362,1364,1345,-1,1344,1352,1354,-1,1364,1366,1345,-1,1345,1366,1368,-1,1345,1368,1375,-1,1375,1368,1370,-1,1375,1370,1372,-1,1352,1344,1350,-1,1350,1344,1385,-1,1350,1385,1348,-1,1354,1356,1344,-1,1344,1356,1358,-1,1344,1358,1345,-1,1345,1358,1360,-1,1345,1360,1362,-1,1365,1379,1367,-1,1367,1379,1369,-1,1369,1379,1371,-1,1371,1379,1374,-1,1371,1374,1373,-1,1357,1355,1381,-1,1381,1355,1353,-1,1381,1353,1383,-1,1383,1353,1351,-1,1383,1351,1349,-1,1365,1363,1379,-1,1379,1363,1361,-1,1379,1361,1381,-1,1381,1361,1359,-1,1381,1359,1357,-1,1386,1387,1388,-1,1388,1387,1389,-1,1390,1391,1392,-1,1392,1391,1393,-1,1392,1393,1394,-1,1394,1393,1395,-1,1394,1395,1396,-1,1396,1395,1397,-1,1396,1397,1398,-1,1398,1397,1399,-1,1398,1399,1400,-1,1400,1399,1401,-1,1400,1401,1402,-1,1402,1401,1403,-1,1402,1403,1404,-1,1404,1403,1405,-1,1404,1405,1406,-1,1406,1405,1407,-1,1406,1407,1408,-1,1408,1407,1409,-1,1408,1409,1410,-1,1410,1409,1411,-1,1410,1411,1412,-1,1412,1411,1413,-1,1412,1413,1414,-1,1414,1413,1415,-1,1416,1417,1415,-1,1415,1417,1414,-1,1389,1387,1418,-1,1418,1387,1417,-1,1418,1417,1419,-1,1419,1417,1416,-1,1419,1416,1420,-1,1420,1416,1421,-1,1420,1421,1422,-1,1422,1421,1423,-1,1422,1423,1424,-1,1424,1423,1425,-1,1424,1425,1426,-1,1426,1425,1427,-1,1426,1427,1388,-1,1388,1427,1386,-1,1391,1390,1425,-1,1425,1390,1427,-1,1404,1406,1387,-1,1386,1394,1396,-1,1394,1386,1392,-1,1392,1386,1427,-1,1392,1427,1390,-1,1406,1408,1387,-1,1387,1408,1410,-1,1387,1410,1417,-1,1417,1410,1412,-1,1417,1412,1414,-1,1396,1398,1386,-1,1386,1398,1400,-1,1386,1400,1387,-1,1387,1400,1402,-1,1387,1402,1404,-1,1407,1421,1409,-1,1409,1421,1411,-1,1399,1397,1423,-1,1423,1397,1395,-1,1423,1395,1425,-1,1425,1395,1393,-1,1425,1393,1391,-1,1411,1421,1413,-1,1413,1421,1416,-1,1413,1416,1415,-1,1407,1405,1421,-1,1421,1405,1403,-1,1421,1403,1423,-1,1423,1403,1401,-1,1423,1401,1399,-1,1428,1429,1430,-1,1430,1429,1431,-1,1432,1433,1434,-1,1434,1433,1435,-1,1434,1435,1436,-1,1436,1435,1437,-1,1436,1437,1438,-1,1438,1437,1439,-1,1438,1439,1440,-1,1440,1439,1441,-1,1440,1441,1442,-1,1442,1441,1443,-1,1442,1443,1444,-1,1444,1443,1445,-1,1444,1445,1446,-1,1446,1445,1447,-1,1446,1447,1448,-1,1448,1447,1449,-1,1448,1449,1450,-1,1450,1449,1451,-1,1450,1451,1452,-1,1452,1451,1453,-1,1452,1453,1454,-1,1454,1453,1455,-1,1454,1455,1456,-1,1456,1455,1457,-1,1458,1459,1457,-1,1457,1459,1456,-1,1431,1429,1460,-1,1460,1429,1459,-1,1460,1459,1461,-1,1461,1459,1458,-1,1461,1458,1462,-1,1462,1458,1463,-1,1462,1463,1464,-1,1464,1463,1465,-1,1464,1465,1466,-1,1466,1465,1467,-1,1466,1467,1468,-1,1468,1467,1469,-1,1468,1469,1430,-1,1430,1469,1428,-1,1433,1432,1467,-1,1467,1432,1469,-1,1446,1448,1429,-1,1428,1436,1438,-1,1436,1428,1434,-1,1434,1428,1469,-1,1434,1469,1432,-1,1448,1450,1429,-1,1429,1450,1452,-1,1429,1452,1459,-1,1459,1452,1454,-1,1459,1454,1456,-1,1438,1440,1428,-1,1428,1440,1442,-1,1428,1442,1429,-1,1429,1442,1444,-1,1429,1444,1446,-1,1449,1463,1451,-1,1451,1463,1453,-1,1441,1439,1465,-1,1465,1439,1437,-1,1465,1437,1467,-1,1467,1437,1435,-1,1467,1435,1433,-1,1453,1463,1455,-1,1455,1463,1458,-1,1455,1458,1457,-1,1449,1447,1463,-1,1463,1447,1445,-1,1463,1445,1465,-1,1465,1445,1443,-1,1465,1443,1441,-1,1470,1471,1472,-1,1472,1471,1473,-1,1474,1475,1476,-1,1476,1475,1477,-1,1476,1477,1478,-1,1478,1477,1479,-1,1478,1479,1480,-1,1480,1479,1481,-1,1480,1481,1482,-1,1482,1481,1483,-1,1482,1483,1484,-1,1484,1483,1485,-1,1484,1485,1486,-1,1486,1485,1487,-1,1486,1487,1488,-1,1488,1487,1489,-1,1488,1489,1490,-1,1490,1489,1491,-1,1490,1491,1492,-1,1492,1491,1493,-1,1492,1493,1494,-1,1494,1493,1495,-1,1494,1495,1496,-1,1496,1495,1497,-1,1496,1497,1498,-1,1498,1497,1499,-1,1500,1501,1499,-1,1499,1501,1498,-1,1473,1471,1502,-1,1502,1471,1501,-1,1502,1501,1503,-1,1503,1501,1500,-1,1503,1500,1504,-1,1504,1500,1505,-1,1504,1505,1506,-1,1506,1505,1507,-1,1506,1507,1508,-1,1508,1507,1509,-1,1508,1509,1510,-1,1510,1509,1511,-1,1510,1511,1472,-1,1472,1511,1470,-1,1475,1474,1509,-1,1509,1474,1511,-1,1488,1490,1471,-1,1470,1478,1480,-1,1490,1492,1471,-1,1471,1492,1494,-1,1471,1494,1501,-1,1501,1494,1496,-1,1501,1496,1498,-1,1478,1470,1476,-1,1476,1470,1511,-1,1476,1511,1474,-1,1480,1482,1470,-1,1470,1482,1484,-1,1470,1484,1471,-1,1471,1484,1486,-1,1471,1486,1488,-1,1491,1505,1493,-1,1493,1505,1495,-1,1495,1505,1497,-1,1497,1505,1500,-1,1497,1500,1499,-1,1483,1481,1507,-1,1507,1481,1479,-1,1507,1479,1509,-1,1509,1479,1477,-1,1509,1477,1475,-1,1491,1489,1505,-1,1505,1489,1487,-1,1505,1487,1507,-1,1507,1487,1485,-1,1507,1485,1483,-1,1512,1513,1514,-1,1514,1513,1515,-1,1516,1517,1518,-1,1518,1517,1519,-1,1518,1519,1520,-1,1520,1519,1521,-1,1520,1521,1522,-1,1522,1521,1523,-1,1522,1523,1524,-1,1524,1523,1525,-1,1524,1525,1526,-1,1526,1525,1527,-1,1526,1527,1528,-1,1528,1527,1529,-1,1528,1529,1530,-1,1530,1529,1531,-1,1530,1531,1532,-1,1532,1531,1533,-1,1532,1533,1534,-1,1534,1533,1535,-1,1534,1535,1536,-1,1536,1535,1537,-1,1536,1537,1538,-1,1538,1537,1539,-1,1538,1539,1540,-1,1540,1539,1541,-1,1542,1543,1541,-1,1541,1543,1540,-1,1515,1513,1544,-1,1544,1513,1543,-1,1544,1543,1545,-1,1545,1543,1542,-1,1545,1542,1546,-1,1546,1542,1547,-1,1546,1547,1548,-1,1548,1547,1549,-1,1548,1549,1550,-1,1550,1549,1551,-1,1550,1551,1552,-1,1552,1551,1553,-1,1552,1553,1514,-1,1514,1553,1512,-1,1517,1516,1551,-1,1551,1516,1553,-1,1524,1512,1522,-1,1522,1512,1520,-1,1520,1512,1518,-1,1518,1512,1553,-1,1518,1553,1516,-1,1532,1534,1513,-1,1513,1534,1536,-1,1513,1536,1543,-1,1543,1536,1538,-1,1543,1538,1540,-1,1524,1526,1512,-1,1512,1526,1528,-1,1512,1528,1513,-1,1513,1528,1530,-1,1513,1530,1532,-1,1533,1547,1535,-1,1535,1547,1537,-1,1525,1523,1549,-1,1549,1523,1521,-1,1549,1521,1551,-1,1551,1521,1519,-1,1551,1519,1517,-1,1537,1547,1539,-1,1539,1547,1542,-1,1539,1542,1541,-1,1533,1531,1547,-1,1547,1531,1529,-1,1547,1529,1549,-1,1549,1529,1527,-1,1549,1527,1525,-1,1554,1555,1556,-1,1556,1555,1557,-1,1558,1559,1560,-1,1560,1559,1561,-1,1560,1561,1562,-1,1562,1561,1563,-1,1562,1563,1564,-1,1564,1563,1565,-1,1564,1565,1566,-1,1566,1565,1567,-1,1566,1567,1568,-1,1568,1567,1569,-1,1568,1569,1570,-1,1570,1569,1571,-1,1570,1571,1572,-1,1572,1571,1573,-1,1572,1573,1574,-1,1574,1573,1575,-1,1574,1575,1576,-1,1576,1575,1577,-1,1576,1577,1578,-1,1578,1577,1579,-1,1578,1579,1580,-1,1580,1579,1581,-1,1580,1581,1582,-1,1582,1581,1583,-1,1584,1585,1583,-1,1583,1585,1582,-1,1557,1555,1586,-1,1586,1555,1585,-1,1586,1585,1587,-1,1587,1585,1584,-1,1587,1584,1588,-1,1588,1584,1589,-1,1588,1589,1590,-1,1590,1589,1591,-1,1590,1591,1592,-1,1592,1591,1593,-1,1592,1593,1594,-1,1594,1593,1595,-1,1594,1595,1556,-1,1556,1595,1554,-1,1559,1558,1593,-1,1593,1558,1595,-1,1566,1554,1564,-1,1564,1554,1562,-1,1562,1554,1560,-1,1560,1554,1595,-1,1560,1595,1558,-1,1574,1576,1555,-1,1555,1576,1578,-1,1555,1578,1585,-1,1585,1578,1580,-1,1585,1580,1582,-1,1566,1568,1554,-1,1554,1568,1570,-1,1554,1570,1555,-1,1555,1570,1572,-1,1555,1572,1574,-1,1575,1589,1577,-1,1577,1589,1579,-1,1579,1589,1581,-1,1581,1589,1584,-1,1581,1584,1583,-1,1567,1565,1591,-1,1591,1565,1563,-1,1591,1563,1593,-1,1593,1563,1561,-1,1593,1561,1559,-1,1575,1573,1589,-1,1589,1573,1571,-1,1589,1571,1591,-1,1591,1571,1569,-1,1591,1569,1567,-1,1596,1597,1598,-1,1598,1597,1599,-1,1600,1601,1602,-1,1602,1601,1603,-1,1602,1603,1604,-1,1604,1603,1605,-1,1604,1605,1606,-1,1606,1605,1607,-1,1606,1607,1608,-1,1608,1607,1609,-1,1608,1609,1610,-1,1610,1609,1611,-1,1610,1611,1612,-1,1612,1611,1613,-1,1612,1613,1614,-1,1614,1613,1615,-1,1614,1615,1616,-1,1616,1615,1617,-1,1616,1617,1618,-1,1618,1617,1619,-1,1618,1619,1620,-1,1620,1619,1621,-1,1620,1621,1622,-1,1622,1621,1623,-1,1622,1623,1624,-1,1624,1623,1625,-1,1626,1627,1625,-1,1625,1627,1624,-1,1599,1597,1628,-1,1628,1597,1627,-1,1628,1627,1629,-1,1629,1627,1626,-1,1629,1626,1630,-1,1630,1626,1631,-1,1630,1631,1632,-1,1632,1631,1633,-1,1632,1633,1634,-1,1634,1633,1635,-1,1634,1635,1636,-1,1636,1635,1637,-1,1636,1637,1598,-1,1598,1637,1596,-1,1601,1600,1635,-1,1635,1600,1637,-1,1614,1616,1597,-1,1596,1604,1606,-1,1616,1618,1597,-1,1597,1618,1620,-1,1597,1620,1627,-1,1627,1620,1622,-1,1627,1622,1624,-1,1604,1596,1602,-1,1602,1596,1637,-1,1602,1637,1600,-1,1606,1608,1596,-1,1596,1608,1610,-1,1596,1610,1597,-1,1597,1610,1612,-1,1597,1612,1614,-1,1617,1631,1619,-1,1619,1631,1621,-1,1621,1631,1623,-1,1623,1631,1626,-1,1623,1626,1625,-1,1617,1615,1631,-1,1631,1615,1613,-1,1631,1613,1633,-1,1633,1613,1611,-1,1633,1611,1609,-1,1609,1607,1633,-1,1633,1607,1605,-1,1633,1605,1635,-1,1635,1605,1603,-1,1635,1603,1601,-1,1638,1639,1640,-1,1640,1639,1641,-1,1642,1643,1644,-1,1644,1643,1645,-1,1644,1645,1646,-1,1646,1645,1647,-1,1646,1647,1648,-1,1648,1647,1649,-1,1648,1649,1650,-1,1650,1649,1651,-1,1650,1651,1652,-1,1652,1651,1653,-1,1652,1653,1654,-1,1654,1653,1655,-1,1654,1655,1656,-1,1656,1655,1657,-1,1656,1657,1658,-1,1658,1657,1659,-1,1658,1659,1660,-1,1660,1659,1661,-1,1660,1661,1662,-1,1662,1661,1663,-1,1662,1663,1664,-1,1664,1663,1665,-1,1664,1665,1666,-1,1666,1665,1667,-1,1668,1669,1667,-1,1667,1669,1666,-1,1641,1639,1670,-1,1670,1639,1669,-1,1670,1669,1671,-1,1671,1669,1668,-1,1671,1668,1672,-1,1672,1668,1673,-1,1672,1673,1674,-1,1674,1673,1675,-1,1674,1675,1676,-1,1676,1675,1677,-1,1676,1677,1678,-1,1678,1677,1679,-1,1678,1679,1640,-1,1640,1679,1638,-1,1643,1642,1677,-1,1677,1642,1679,-1,1656,1658,1639,-1,1638,1646,1648,-1,1658,1660,1639,-1,1639,1660,1662,-1,1639,1662,1669,-1,1669,1662,1664,-1,1669,1664,1666,-1,1646,1638,1644,-1,1644,1638,1679,-1,1644,1679,1642,-1,1648,1650,1638,-1,1638,1650,1652,-1,1638,1652,1639,-1,1639,1652,1654,-1,1639,1654,1656,-1,1659,1673,1661,-1,1661,1673,1663,-1,1663,1673,1665,-1,1665,1673,1668,-1,1665,1668,1667,-1,1651,1649,1675,-1,1675,1649,1647,-1,1675,1647,1677,-1,1677,1647,1645,-1,1677,1645,1643,-1,1659,1657,1673,-1,1673,1657,1655,-1,1673,1655,1675,-1,1675,1655,1653,-1,1675,1653,1651,-1,1680,1681,1682,-1,1682,1681,1683,-1,1684,1685,1686,-1,1686,1685,1687,-1,1686,1687,1688,-1,1688,1687,1689,-1,1688,1689,1690,-1,1690,1689,1691,-1,1690,1691,1692,-1,1692,1691,1693,-1,1692,1693,1694,-1,1694,1693,1695,-1,1694,1695,1696,-1,1696,1695,1697,-1,1696,1697,1698,-1,1698,1697,1699,-1,1698,1699,1700,-1,1700,1699,1701,-1,1700,1701,1702,-1,1702,1701,1703,-1,1702,1703,1704,-1,1704,1703,1705,-1,1704,1705,1706,-1,1706,1705,1707,-1,1706,1707,1708,-1,1708,1707,1709,-1,1710,1711,1709,-1,1709,1711,1708,-1,1683,1681,1712,-1,1712,1681,1711,-1,1712,1711,1713,-1,1713,1711,1710,-1,1713,1710,1714,-1,1714,1710,1715,-1,1714,1715,1716,-1,1716,1715,1717,-1,1716,1717,1718,-1,1718,1717,1719,-1,1718,1719,1720,-1,1720,1719,1721,-1,1720,1721,1682,-1,1682,1721,1680,-1,1685,1684,1719,-1,1719,1684,1721,-1,1698,1700,1681,-1,1680,1688,1690,-1,1700,1702,1681,-1,1681,1702,1704,-1,1681,1704,1711,-1,1711,1704,1706,-1,1711,1706,1708,-1,1688,1680,1686,-1,1686,1680,1721,-1,1686,1721,1684,-1,1690,1692,1680,-1,1680,1692,1694,-1,1680,1694,1681,-1,1681,1694,1696,-1,1681,1696,1698,-1,1701,1715,1703,-1,1703,1715,1705,-1,1705,1715,1707,-1,1707,1715,1710,-1,1707,1710,1709,-1,1693,1691,1717,-1,1717,1691,1689,-1,1717,1689,1719,-1,1719,1689,1687,-1,1719,1687,1685,-1,1701,1699,1715,-1,1715,1699,1697,-1,1715,1697,1717,-1,1717,1697,1695,-1,1717,1695,1693,-1,1722,1723,1724,-1,1724,1723,1725,-1,1726,1727,1728,-1,1728,1727,1729,-1,1728,1729,1730,-1,1730,1729,1731,-1,1730,1731,1732,-1,1732,1731,1733,-1,1732,1733,1734,-1,1734,1733,1735,-1,1734,1735,1736,-1,1736,1735,1737,-1,1736,1737,1738,-1,1738,1737,1739,-1,1738,1739,1740,-1,1740,1739,1741,-1,1740,1741,1742,-1,1742,1741,1743,-1,1742,1743,1744,-1,1744,1743,1745,-1,1744,1745,1746,-1,1746,1745,1747,-1,1746,1747,1748,-1,1748,1747,1749,-1,1748,1749,1750,-1,1750,1749,1751,-1,1752,1753,1751,-1,1751,1753,1750,-1,1725,1723,1754,-1,1754,1723,1753,-1,1754,1753,1755,-1,1755,1753,1752,-1,1755,1752,1756,-1,1756,1752,1757,-1,1756,1757,1758,-1,1758,1757,1759,-1,1758,1759,1760,-1,1760,1759,1761,-1,1760,1761,1762,-1,1762,1761,1763,-1,1762,1763,1724,-1,1724,1763,1722,-1,1727,1726,1761,-1,1761,1726,1763,-1,1740,1742,1723,-1,1722,1730,1732,-1,1742,1744,1723,-1,1723,1744,1746,-1,1723,1746,1753,-1,1753,1746,1748,-1,1753,1748,1750,-1,1730,1722,1728,-1,1728,1722,1763,-1,1728,1763,1726,-1,1732,1734,1722,-1,1722,1734,1736,-1,1722,1736,1723,-1,1723,1736,1738,-1,1723,1738,1740,-1,1743,1757,1745,-1,1745,1757,1747,-1,1747,1757,1749,-1,1749,1757,1752,-1,1749,1752,1751,-1,1735,1733,1759,-1,1759,1733,1731,-1,1759,1731,1761,-1,1761,1731,1729,-1,1761,1729,1727,-1,1743,1741,1757,-1,1757,1741,1739,-1,1757,1739,1759,-1,1759,1739,1737,-1,1759,1737,1735,-1,1764,1765,1766,-1,1766,1765,1767,-1,1768,1769,1770,-1,1770,1769,1771,-1,1770,1771,1772,-1,1772,1771,1773,-1,1772,1773,1774,-1,1774,1773,1775,-1,1774,1775,1776,-1,1776,1775,1777,-1,1776,1777,1778,-1,1778,1777,1779,-1,1778,1779,1780,-1,1780,1779,1781,-1,1780,1781,1782,-1,1782,1781,1783,-1,1782,1783,1784,-1,1784,1783,1785,-1,1784,1785,1786,-1,1786,1785,1787,-1,1786,1787,1788,-1,1788,1787,1789,-1,1788,1789,1790,-1,1790,1789,1791,-1,1790,1791,1792,-1,1792,1791,1793,-1,1794,1795,1793,-1,1793,1795,1792,-1,1767,1765,1796,-1,1796,1765,1795,-1,1796,1795,1797,-1,1797,1795,1794,-1,1797,1794,1798,-1,1798,1794,1799,-1,1798,1799,1800,-1,1800,1799,1801,-1,1800,1801,1802,-1,1802,1801,1803,-1,1802,1803,1804,-1,1804,1803,1805,-1,1804,1805,1766,-1,1766,1805,1764,-1,1769,1768,1803,-1,1803,1768,1805,-1,1772,1774,1764,-1,1772,1764,1770,-1,1770,1764,1805,-1,1770,1805,1768,-1,1765,1782,1784,-1,1784,1786,1765,-1,1765,1786,1788,-1,1765,1788,1795,-1,1795,1788,1790,-1,1795,1790,1792,-1,1774,1776,1764,-1,1764,1776,1778,-1,1764,1778,1765,-1,1765,1778,1780,-1,1765,1780,1782,-1,1794,1793,1791,-1,1794,1791,1799,-1,1791,1789,1799,-1,1799,1789,1787,-1,1799,1787,1785,-1,1777,1775,1801,-1,1801,1775,1773,-1,1801,1773,1803,-1,1803,1773,1771,-1,1803,1771,1769,-1,1785,1783,1799,-1,1799,1783,1781,-1,1799,1781,1801,-1,1801,1781,1779,-1,1801,1779,1777,-1,1806,1807,1808,-1,1808,1807,1809,-1,1810,1811,1812,-1,1812,1811,1813,-1,1812,1813,1814,-1,1814,1813,1815,-1,1814,1815,1816,-1,1816,1815,1817,-1,1816,1817,1818,-1,1818,1817,1819,-1,1818,1819,1820,-1,1820,1819,1821,-1,1820,1821,1822,-1,1822,1821,1823,-1,1822,1823,1824,-1,1824,1823,1825,-1,1824,1825,1826,-1,1826,1825,1827,-1,1826,1827,1828,-1,1828,1827,1829,-1,1828,1829,1830,-1,1830,1829,1831,-1,1830,1831,1832,-1,1832,1831,1833,-1,1832,1833,1834,-1,1834,1833,1835,-1,1836,1837,1835,-1,1835,1837,1834,-1,1809,1807,1838,-1,1838,1807,1837,-1,1838,1837,1839,-1,1839,1837,1836,-1,1839,1836,1840,-1,1840,1836,1841,-1,1840,1841,1842,-1,1842,1841,1843,-1,1842,1843,1844,-1,1844,1843,1845,-1,1844,1845,1846,-1,1846,1845,1847,-1,1846,1847,1808,-1,1808,1847,1806,-1,1811,1810,1845,-1,1845,1810,1847,-1,1847,1810,1812,-1,1816,1818,1806,-1,1847,1812,1806,-1,1806,1812,1814,-1,1806,1814,1816,-1,1826,1828,1807,-1,1807,1828,1830,-1,1807,1830,1837,-1,1837,1830,1832,-1,1837,1832,1834,-1,1818,1820,1806,-1,1806,1820,1822,-1,1806,1822,1807,-1,1807,1822,1824,-1,1807,1824,1826,-1,1829,1827,1841,-1,1836,1835,1833,-1,1836,1833,1841,-1,1841,1833,1831,-1,1841,1831,1829,-1,1819,1817,1843,-1,1843,1817,1815,-1,1843,1815,1845,-1,1845,1815,1813,-1,1845,1813,1811,-1,1827,1825,1841,-1,1841,1825,1823,-1,1841,1823,1843,-1,1843,1823,1821,-1,1843,1821,1819,-1,1848,1849,1850,-1,1850,1849,1851,-1,1852,1853,1854,-1,1854,1853,1855,-1,1854,1855,1856,-1,1856,1855,1857,-1,1856,1857,1858,-1,1858,1857,1859,-1,1858,1859,1860,-1,1860,1859,1861,-1,1860,1861,1862,-1,1862,1861,1863,-1,1862,1863,1864,-1,1864,1863,1865,-1,1864,1865,1866,-1,1866,1865,1867,-1,1866,1867,1868,-1,1868,1867,1869,-1,1868,1869,1870,-1,1870,1869,1871,-1,1870,1871,1872,-1,1872,1871,1873,-1,1872,1873,1874,-1,1874,1873,1875,-1,1874,1875,1876,-1,1876,1875,1877,-1,1878,1879,1877,-1,1877,1879,1876,-1,1851,1849,1880,-1,1880,1849,1879,-1,1880,1879,1881,-1,1881,1879,1878,-1,1881,1878,1882,-1,1882,1878,1883,-1,1882,1883,1884,-1,1884,1883,1885,-1,1884,1885,1886,-1,1886,1885,1887,-1,1886,1887,1888,-1,1888,1887,1889,-1,1888,1889,1850,-1,1850,1889,1848,-1,1853,1852,1887,-1,1887,1852,1889,-1,1889,1852,1854,-1,1858,1860,1848,-1,1889,1854,1848,-1,1848,1854,1856,-1,1848,1856,1858,-1,1868,1870,1849,-1,1849,1870,1872,-1,1849,1872,1879,-1,1879,1872,1874,-1,1879,1874,1876,-1,1860,1862,1848,-1,1848,1862,1864,-1,1848,1864,1849,-1,1849,1864,1866,-1,1849,1866,1868,-1,1878,1877,1875,-1,1863,1861,1885,-1,1878,1875,1883,-1,1883,1875,1873,-1,1883,1873,1871,-1,1861,1859,1885,-1,1885,1859,1857,-1,1885,1857,1887,-1,1887,1857,1855,-1,1887,1855,1853,-1,1871,1869,1883,-1,1883,1869,1867,-1,1883,1867,1885,-1,1885,1867,1865,-1,1885,1865,1863,-1,1890,1891,1892,-1,1892,1891,1893,-1,1894,1895,1896,-1,1896,1895,1897,-1,1896,1897,1898,-1,1898,1897,1899,-1,1898,1899,1900,-1,1900,1899,1901,-1,1900,1901,1902,-1,1902,1901,1903,-1,1902,1903,1904,-1,1904,1903,1905,-1,1904,1905,1906,-1,1906,1905,1907,-1,1906,1907,1908,-1,1908,1907,1909,-1,1908,1909,1910,-1,1910,1909,1911,-1,1910,1911,1912,-1,1912,1911,1913,-1,1912,1913,1914,-1,1914,1913,1915,-1,1914,1915,1916,-1,1916,1915,1917,-1,1916,1917,1918,-1,1918,1917,1919,-1,1920,1921,1919,-1,1919,1921,1918,-1,1893,1891,1922,-1,1922,1891,1921,-1,1922,1921,1923,-1,1923,1921,1920,-1,1923,1920,1924,-1,1924,1920,1925,-1,1924,1925,1926,-1,1926,1925,1927,-1,1926,1927,1928,-1,1928,1927,1929,-1,1928,1929,1930,-1,1930,1929,1931,-1,1930,1931,1892,-1,1892,1931,1890,-1,1895,1894,1929,-1,1929,1894,1931,-1,1931,1894,1896,-1,1900,1902,1890,-1,1931,1896,1890,-1,1890,1896,1898,-1,1890,1898,1900,-1,1910,1912,1891,-1,1891,1912,1914,-1,1891,1914,1921,-1,1921,1914,1916,-1,1921,1916,1918,-1,1902,1904,1890,-1,1890,1904,1906,-1,1890,1906,1891,-1,1891,1906,1908,-1,1891,1908,1910,-1,1913,1911,1925,-1,1920,1919,1917,-1,1920,1917,1925,-1,1925,1917,1915,-1,1925,1915,1913,-1,1903,1901,1927,-1,1927,1901,1899,-1,1927,1899,1929,-1,1929,1899,1897,-1,1929,1897,1895,-1,1911,1909,1925,-1,1925,1909,1907,-1,1925,1907,1927,-1,1927,1907,1905,-1,1927,1905,1903,-1,1932,1933,1934,-1,1934,1933,1935,-1,1936,1937,1938,-1,1938,1937,1939,-1,1938,1939,1940,-1,1940,1939,1941,-1,1940,1941,1942,-1,1942,1941,1943,-1,1942,1943,1934,-1,1934,1943,1932,-1,1944,1945,1941,-1,1941,1945,1943,-1,1945,1944,1946,-1,1946,1944,1947,-1,1946,1947,1948,-1,1948,1947,1949,-1,1948,1949,1950,-1,1950,1949,1951,-1,1950,1951,1952,-1,1952,1951,1953,-1,1952,1953,1954,-1,1954,1953,1955,-1,1954,1955,1956,-1,1956,1955,1957,-1,1956,1957,1958,-1,1958,1957,1959,-1,1958,1959,1960,-1,1960,1959,1961,-1,1960,1961,1962,-1,1962,1961,1963,-1,1962,1963,1964,-1,1964,1963,1965,-1,1964,1965,1966,-1,1966,1965,1967,-1,1966,1967,1968,-1,1968,1967,1969,-1,1970,1971,1969,-1,1969,1971,1968,-1,1935,1933,1972,-1,1972,1933,1971,-1,1972,1971,1973,-1,1973,1971,1970,-1,1973,1970,1936,-1,1936,1970,1937,-1,1943,1945,1946,-1,1950,1952,1932,-1,1943,1946,1932,-1,1932,1946,1948,-1,1932,1948,1950,-1,1952,1954,1932,-1,1932,1954,1956,-1,1932,1956,1933,-1,1933,1956,1958,-1,1933,1958,1960,-1,1960,1962,1933,-1,1933,1962,1964,-1,1933,1964,1971,-1,1971,1964,1966,-1,1971,1966,1968,-1,1970,1969,1967,-1,1963,1961,1937,-1,1970,1967,1937,-1,1937,1967,1965,-1,1937,1965,1963,-1,1953,1951,1939,-1,1939,1951,1949,-1,1939,1949,1941,-1,1941,1949,1947,-1,1941,1947,1944,-1,1961,1959,1937,-1,1937,1959,1957,-1,1937,1957,1939,-1,1939,1957,1955,-1,1939,1955,1953,-1,1974,1975,1976,-1,1976,1975,1977,-1,1978,1979,1980,-1,1980,1979,1981,-1,1980,1981,1982,-1,1982,1981,1983,-1,1982,1983,1984,-1,1984,1983,1985,-1,1984,1985,1976,-1,1976,1985,1974,-1,1986,1987,1983,-1,1983,1987,1985,-1,1987,1986,1988,-1,1988,1986,1989,-1,1988,1989,1990,-1,1990,1989,1991,-1,1990,1991,1992,-1,1992,1991,1993,-1,1992,1993,1994,-1,1994,1993,1995,-1,1994,1995,1996,-1,1996,1995,1997,-1,1996,1997,1998,-1,1998,1997,1999,-1,1998,1999,2000,-1,2000,1999,2001,-1,2000,2001,2002,-1,2002,2001,2003,-1,2002,2003,2004,-1,2004,2003,2005,-1,2004,2005,2006,-1,2006,2005,2007,-1,2006,2007,2008,-1,2008,2007,2009,-1,2008,2009,2010,-1,2010,2009,2011,-1,2012,2013,2011,-1,2011,2013,2010,-1,1977,1975,2014,-1,2014,1975,2013,-1,2014,2013,2015,-1,2015,2013,2012,-1,2015,2012,1978,-1,1978,2012,1979,-1,1985,1987,1988,-1,1992,1994,1974,-1,1985,1988,1974,-1,1974,1988,1990,-1,1974,1990,1992,-1,2002,2004,1975,-1,1975,2004,2006,-1,1975,2006,2013,-1,2013,2006,2008,-1,2013,2008,2010,-1,1994,1996,1974,-1,1974,1996,1998,-1,1974,1998,1975,-1,1975,1998,2000,-1,1975,2000,2002,-1,2012,2011,2009,-1,2005,2003,1979,-1,2012,2009,1979,-1,1979,2009,2007,-1,1979,2007,2005,-1,1995,1993,1981,-1,1981,1993,1991,-1,1981,1991,1983,-1,1983,1991,1989,-1,1983,1989,1986,-1,2003,2001,1979,-1,1979,2001,1999,-1,1979,1999,1981,-1,1981,1999,1997,-1,1981,1997,1995,-1,2016,2017,2018,-1,2018,2017,2019,-1,2020,2021,2022,-1,2022,2021,2023,-1,2022,2023,2024,-1,2024,2023,2025,-1,2024,2025,2026,-1,2026,2025,2027,-1,2026,2027,2018,-1,2018,2027,2016,-1,2028,2029,2025,-1,2025,2029,2027,-1,2029,2028,2030,-1,2030,2028,2031,-1,2030,2031,2032,-1,2032,2031,2033,-1,2032,2033,2034,-1,2034,2033,2035,-1,2034,2035,2036,-1,2036,2035,2037,-1,2036,2037,2038,-1,2038,2037,2039,-1,2038,2039,2040,-1,2040,2039,2041,-1,2040,2041,2042,-1,2042,2041,2043,-1,2042,2043,2044,-1,2044,2043,2045,-1,2044,2045,2046,-1,2046,2045,2047,-1,2046,2047,2048,-1,2048,2047,2049,-1,2048,2049,2050,-1,2050,2049,2051,-1,2050,2051,2052,-1,2052,2051,2053,-1,2054,2055,2053,-1,2053,2055,2052,-1,2019,2017,2056,-1,2056,2017,2055,-1,2056,2055,2057,-1,2057,2055,2054,-1,2057,2054,2020,-1,2020,2054,2021,-1,2027,2029,2030,-1,2034,2036,2016,-1,2027,2030,2016,-1,2016,2030,2032,-1,2016,2032,2034,-1,2044,2046,2017,-1,2017,2046,2048,-1,2017,2048,2055,-1,2055,2048,2050,-1,2055,2050,2052,-1,2036,2038,2016,-1,2016,2038,2040,-1,2016,2040,2017,-1,2017,2040,2042,-1,2017,2042,2044,-1,2054,2053,2051,-1,2047,2045,2021,-1,2054,2051,2021,-1,2021,2051,2049,-1,2021,2049,2047,-1,2037,2035,2023,-1,2023,2035,2033,-1,2023,2033,2025,-1,2025,2033,2031,-1,2025,2031,2028,-1,2045,2043,2021,-1,2021,2043,2041,-1,2021,2041,2023,-1,2023,2041,2039,-1,2023,2039,2037,-1,2058,2059,2060,-1,2060,2059,2061,-1,2062,2063,2064,-1,2064,2063,2065,-1,2064,2065,2066,-1,2066,2065,2067,-1,2066,2067,2068,-1,2068,2067,2069,-1,2068,2069,2060,-1,2060,2069,2058,-1,2070,2071,2067,-1,2067,2071,2069,-1,2071,2070,2072,-1,2072,2070,2073,-1,2072,2073,2074,-1,2074,2073,2075,-1,2074,2075,2076,-1,2076,2075,2077,-1,2076,2077,2078,-1,2078,2077,2079,-1,2078,2079,2080,-1,2080,2079,2081,-1,2080,2081,2082,-1,2082,2081,2083,-1,2082,2083,2084,-1,2084,2083,2085,-1,2084,2085,2086,-1,2086,2085,2087,-1,2086,2087,2088,-1,2088,2087,2089,-1,2088,2089,2090,-1,2090,2089,2091,-1,2090,2091,2092,-1,2092,2091,2093,-1,2092,2093,2094,-1,2094,2093,2095,-1,2096,2097,2095,-1,2095,2097,2094,-1,2061,2059,2098,-1,2098,2059,2097,-1,2098,2097,2099,-1,2099,2097,2096,-1,2099,2096,2062,-1,2062,2096,2063,-1,2069,2071,2072,-1,2076,2078,2058,-1,2069,2072,2058,-1,2058,2072,2074,-1,2058,2074,2076,-1,2086,2088,2059,-1,2059,2088,2090,-1,2059,2090,2097,-1,2097,2090,2092,-1,2097,2092,2094,-1,2078,2080,2058,-1,2058,2080,2082,-1,2058,2082,2059,-1,2059,2082,2084,-1,2059,2084,2086,-1,2096,2095,2093,-1,2089,2087,2063,-1,2096,2093,2063,-1,2063,2093,2091,-1,2063,2091,2089,-1,2079,2077,2065,-1,2065,2077,2075,-1,2065,2075,2067,-1,2067,2075,2073,-1,2067,2073,2070,-1,2087,2085,2063,-1,2063,2085,2083,-1,2063,2083,2065,-1,2065,2083,2081,-1,2065,2081,2079,-1,2100,2101,2102,-1,2102,2101,2103,-1,2104,2105,2106,-1,2106,2105,2107,-1,2106,2107,2108,-1,2108,2107,2109,-1,2108,2109,2110,-1,2110,2109,2111,-1,2110,2111,2102,-1,2102,2111,2100,-1,2112,2113,2109,-1,2109,2113,2111,-1,2113,2112,2114,-1,2114,2112,2115,-1,2114,2115,2116,-1,2116,2115,2117,-1,2116,2117,2118,-1,2118,2117,2119,-1,2118,2119,2120,-1,2120,2119,2121,-1,2120,2121,2122,-1,2122,2121,2123,-1,2122,2123,2124,-1,2124,2123,2125,-1,2124,2125,2126,-1,2126,2125,2127,-1,2126,2127,2128,-1,2128,2127,2129,-1,2128,2129,2130,-1,2130,2129,2131,-1,2130,2131,2132,-1,2132,2131,2133,-1,2132,2133,2134,-1,2134,2133,2135,-1,2134,2135,2136,-1,2136,2135,2137,-1,2138,2139,2137,-1,2137,2139,2136,-1,2103,2101,2140,-1,2140,2101,2139,-1,2140,2139,2141,-1,2141,2139,2138,-1,2141,2138,2104,-1,2104,2138,2105,-1,2120,2100,2118,-1,2118,2100,2116,-1,2128,2130,2101,-1,2101,2130,2132,-1,2101,2132,2139,-1,2139,2132,2134,-1,2139,2134,2136,-1,2116,2100,2114,-1,2114,2100,2111,-1,2114,2111,2113,-1,2120,2122,2100,-1,2100,2122,2124,-1,2100,2124,2101,-1,2101,2124,2126,-1,2101,2126,2128,-1,2138,2137,2135,-1,2131,2129,2105,-1,2138,2135,2105,-1,2105,2135,2133,-1,2105,2133,2131,-1,2129,2127,2105,-1,2105,2127,2125,-1,2105,2125,2107,-1,2107,2125,2123,-1,2107,2123,2121,-1,2121,2119,2107,-1,2107,2119,2117,-1,2107,2117,2109,-1,2109,2117,2115,-1,2109,2115,2112,-1,2142,2143,2144,-1,2144,2143,2145,-1,2146,2147,2148,-1,2148,2147,2149,-1,2148,2149,2150,-1,2150,2149,2151,-1,2150,2151,2152,-1,2152,2151,2153,-1,2152,2153,2144,-1,2144,2153,2142,-1,2154,2155,2151,-1,2151,2155,2153,-1,2155,2154,2156,-1,2156,2154,2157,-1,2156,2157,2158,-1,2158,2157,2159,-1,2158,2159,2160,-1,2160,2159,2161,-1,2160,2161,2162,-1,2162,2161,2163,-1,2162,2163,2164,-1,2164,2163,2165,-1,2164,2165,2166,-1,2166,2165,2167,-1,2166,2167,2168,-1,2168,2167,2169,-1,2168,2169,2170,-1,2170,2169,2171,-1,2170,2171,2172,-1,2172,2171,2173,-1,2172,2173,2174,-1,2174,2173,2175,-1,2174,2175,2176,-1,2176,2175,2177,-1,2176,2177,2178,-1,2178,2177,2179,-1,2180,2181,2179,-1,2179,2181,2178,-1,2145,2143,2182,-1,2182,2143,2181,-1,2182,2181,2183,-1,2183,2181,2180,-1,2183,2180,2146,-1,2146,2180,2147,-1,2168,2170,2143,-1,2142,2158,2160,-1,2160,2162,2142,-1,2142,2162,2164,-1,2142,2164,2143,-1,2143,2164,2166,-1,2143,2166,2168,-1,2158,2142,2156,-1,2156,2142,2153,-1,2156,2153,2155,-1,2170,2172,2143,-1,2143,2172,2174,-1,2143,2174,2181,-1,2181,2174,2176,-1,2181,2176,2178,-1,2171,2147,2173,-1,2173,2147,2175,-1,2175,2147,2177,-1,2177,2147,2180,-1,2177,2180,2179,-1,2171,2169,2147,-1,2147,2169,2167,-1,2147,2167,2149,-1,2149,2167,2165,-1,2149,2165,2163,-1,2163,2161,2149,-1,2149,2161,2159,-1,2149,2159,2151,-1,2151,2159,2157,-1,2151,2157,2154,-1,2184,2185,2186,-1,2186,2185,2187,-1,2188,2189,2190,-1,2190,2189,2191,-1,2190,2191,2192,-1,2192,2191,2193,-1,2192,2193,2194,-1,2194,2193,2195,-1,2194,2195,2186,-1,2186,2195,2184,-1,2196,2197,2193,-1,2193,2197,2195,-1,2197,2196,2198,-1,2198,2196,2199,-1,2198,2199,2200,-1,2200,2199,2201,-1,2200,2201,2202,-1,2202,2201,2203,-1,2202,2203,2204,-1,2204,2203,2205,-1,2204,2205,2206,-1,2206,2205,2207,-1,2206,2207,2208,-1,2208,2207,2209,-1,2208,2209,2210,-1,2210,2209,2211,-1,2210,2211,2212,-1,2212,2211,2213,-1,2212,2213,2214,-1,2214,2213,2215,-1,2214,2215,2216,-1,2216,2215,2217,-1,2216,2217,2218,-1,2218,2217,2219,-1,2218,2219,2220,-1,2220,2219,2221,-1,2222,2223,2221,-1,2221,2223,2220,-1,2187,2185,2224,-1,2224,2185,2223,-1,2224,2223,2225,-1,2225,2223,2222,-1,2225,2222,2188,-1,2188,2222,2189,-1,2210,2212,2185,-1,2195,2197,2198,-1,2195,2198,2184,-1,2184,2198,2200,-1,2184,2200,2202,-1,2202,2204,2184,-1,2184,2204,2206,-1,2184,2206,2185,-1,2185,2206,2208,-1,2185,2208,2210,-1,2212,2214,2185,-1,2185,2214,2216,-1,2185,2216,2223,-1,2223,2216,2218,-1,2223,2218,2220,-1,2213,2189,2215,-1,2215,2189,2217,-1,2217,2189,2219,-1,2219,2189,2222,-1,2219,2222,2221,-1,2205,2203,2191,-1,2191,2203,2201,-1,2191,2201,2193,-1,2193,2201,2199,-1,2193,2199,2196,-1,2213,2211,2189,-1,2189,2211,2209,-1,2189,2209,2191,-1,2191,2209,2207,-1,2191,2207,2205,-1,2226,2227,2228,-1,2228,2227,2229,-1,2230,2231,2232,-1,2232,2231,2233,-1,2232,2233,2234,-1,2234,2233,2235,-1,2234,2235,2236,-1,2236,2235,2237,-1,2236,2237,2228,-1,2228,2237,2226,-1,2238,2239,2235,-1,2235,2239,2237,-1,2239,2238,2240,-1,2240,2238,2241,-1,2240,2241,2242,-1,2242,2241,2243,-1,2242,2243,2244,-1,2244,2243,2245,-1,2244,2245,2246,-1,2246,2245,2247,-1,2246,2247,2248,-1,2248,2247,2249,-1,2248,2249,2250,-1,2250,2249,2251,-1,2250,2251,2252,-1,2252,2251,2253,-1,2252,2253,2254,-1,2254,2253,2255,-1,2254,2255,2256,-1,2256,2255,2257,-1,2256,2257,2258,-1,2258,2257,2259,-1,2258,2259,2260,-1,2260,2259,2261,-1,2260,2261,2262,-1,2262,2261,2263,-1,2264,2265,2263,-1,2263,2265,2262,-1,2229,2227,2266,-1,2266,2227,2265,-1,2266,2265,2267,-1,2267,2265,2264,-1,2267,2264,2230,-1,2230,2264,2231,-1,2246,2226,2244,-1,2244,2226,2242,-1,2246,2248,2226,-1,2226,2248,2250,-1,2226,2250,2227,-1,2227,2250,2252,-1,2227,2252,2254,-1,2242,2226,2240,-1,2240,2226,2237,-1,2240,2237,2239,-1,2254,2256,2227,-1,2227,2256,2258,-1,2227,2258,2265,-1,2265,2258,2260,-1,2265,2260,2262,-1,2255,2231,2257,-1,2257,2231,2259,-1,2259,2231,2261,-1,2261,2231,2264,-1,2261,2264,2263,-1,2255,2253,2231,-1,2231,2253,2251,-1,2231,2251,2233,-1,2233,2251,2249,-1,2233,2249,2247,-1,2247,2245,2233,-1,2233,2245,2243,-1,2233,2243,2235,-1,2235,2243,2241,-1,2235,2241,2238,-1,2268,2269,2270,-1,2270,2269,2271,-1,2272,2273,2274,-1,2274,2273,2275,-1,2274,2275,2276,-1,2276,2275,2277,-1,2276,2277,2278,-1,2278,2277,2279,-1,2278,2279,2270,-1,2270,2279,2268,-1,2280,2281,2277,-1,2277,2281,2279,-1,2281,2280,2282,-1,2282,2280,2283,-1,2282,2283,2284,-1,2284,2283,2285,-1,2284,2285,2286,-1,2286,2285,2287,-1,2286,2287,2288,-1,2288,2287,2289,-1,2288,2289,2290,-1,2290,2289,2291,-1,2290,2291,2292,-1,2292,2291,2293,-1,2292,2293,2294,-1,2294,2293,2295,-1,2294,2295,2296,-1,2296,2295,2297,-1,2296,2297,2298,-1,2298,2297,2299,-1,2298,2299,2300,-1,2300,2299,2301,-1,2300,2301,2302,-1,2302,2301,2303,-1,2302,2303,2304,-1,2304,2303,2305,-1,2306,2307,2305,-1,2305,2307,2304,-1,2271,2269,2308,-1,2308,2269,2307,-1,2308,2307,2309,-1,2309,2307,2306,-1,2309,2306,2272,-1,2272,2306,2273,-1,2294,2296,2269,-1,2268,2284,2286,-1,2286,2288,2268,-1,2268,2288,2290,-1,2268,2290,2269,-1,2269,2290,2292,-1,2269,2292,2294,-1,2284,2268,2282,-1,2282,2268,2279,-1,2282,2279,2281,-1,2296,2298,2269,-1,2269,2298,2300,-1,2269,2300,2307,-1,2307,2300,2302,-1,2307,2302,2304,-1,2297,2273,2299,-1,2299,2273,2301,-1,2301,2273,2303,-1,2303,2273,2306,-1,2303,2306,2305,-1,2297,2295,2273,-1,2273,2295,2293,-1,2273,2293,2275,-1,2275,2293,2291,-1,2275,2291,2289,-1,2289,2287,2275,-1,2275,2287,2285,-1,2275,2285,2277,-1,2277,2285,2283,-1,2277,2283,2280,-1,2310,2311,2312,-1,2312,2311,2313,-1,2314,2315,2316,-1,2316,2315,2317,-1,2316,2317,2318,-1,2318,2317,2319,-1,2318,2319,2320,-1,2320,2319,2321,-1,2320,2321,2312,-1,2312,2321,2310,-1,2322,2323,2319,-1,2319,2323,2321,-1,2323,2322,2324,-1,2324,2322,2325,-1,2324,2325,2326,-1,2326,2325,2327,-1,2326,2327,2328,-1,2328,2327,2329,-1,2328,2329,2330,-1,2330,2329,2331,-1,2330,2331,2332,-1,2332,2331,2333,-1,2332,2333,2334,-1,2334,2333,2335,-1,2334,2335,2336,-1,2336,2335,2337,-1,2336,2337,2338,-1,2338,2337,2339,-1,2338,2339,2340,-1,2340,2339,2341,-1,2340,2341,2342,-1,2342,2341,2343,-1,2342,2343,2344,-1,2344,2343,2345,-1,2344,2345,2346,-1,2346,2345,2347,-1,2348,2349,2347,-1,2347,2349,2346,-1,2313,2311,2350,-1,2350,2311,2349,-1,2350,2349,2351,-1,2351,2349,2348,-1,2351,2348,2314,-1,2314,2348,2315,-1,2321,2323,2324,-1,2328,2330,2310,-1,2321,2324,2310,-1,2310,2324,2326,-1,2310,2326,2328,-1,2330,2332,2310,-1,2310,2332,2334,-1,2310,2334,2311,-1,2311,2334,2336,-1,2311,2336,2338,-1,2338,2340,2311,-1,2311,2340,2342,-1,2311,2342,2349,-1,2349,2342,2344,-1,2349,2344,2346,-1,2341,2339,2315,-1,2348,2347,2345,-1,2348,2345,2315,-1,2315,2345,2343,-1,2315,2343,2341,-1,2331,2329,2317,-1,2317,2329,2327,-1,2317,2327,2319,-1,2319,2327,2325,-1,2319,2325,2322,-1,2339,2337,2315,-1,2315,2337,2335,-1,2315,2335,2317,-1,2317,2335,2333,-1,2317,2333,2331,-1,2352,2353,2354,-1,2354,2353,2355,-1,2356,2357,2358,-1,2358,2357,2359,-1,2358,2359,2360,-1,2360,2359,2361,-1,2360,2361,2362,-1,2362,2361,2363,-1,2362,2363,2354,-1,2354,2363,2352,-1,2364,2365,2361,-1,2361,2365,2363,-1,2365,2364,2366,-1,2366,2364,2367,-1,2366,2367,2368,-1,2368,2367,2369,-1,2368,2369,2370,-1,2370,2369,2371,-1,2370,2371,2372,-1,2372,2371,2373,-1,2372,2373,2374,-1,2374,2373,2375,-1,2374,2375,2376,-1,2376,2375,2377,-1,2376,2377,2378,-1,2378,2377,2379,-1,2378,2379,2380,-1,2380,2379,2381,-1,2380,2381,2382,-1,2382,2381,2383,-1,2382,2383,2384,-1,2384,2383,2385,-1,2384,2385,2386,-1,2386,2385,2387,-1,2386,2387,2388,-1,2388,2387,2389,-1,2390,2391,2389,-1,2389,2391,2388,-1,2355,2353,2392,-1,2392,2353,2391,-1,2392,2391,2393,-1,2393,2391,2390,-1,2393,2390,2356,-1,2356,2390,2357,-1,2372,2352,2370,-1,2370,2352,2368,-1,2372,2374,2352,-1,2352,2374,2376,-1,2352,2376,2353,-1,2353,2376,2378,-1,2353,2378,2380,-1,2368,2352,2366,-1,2366,2352,2363,-1,2366,2363,2365,-1,2380,2382,2353,-1,2353,2382,2384,-1,2353,2384,2391,-1,2391,2384,2386,-1,2391,2386,2388,-1,2381,2357,2383,-1,2383,2357,2385,-1,2385,2357,2387,-1,2387,2357,2390,-1,2387,2390,2389,-1,2381,2379,2357,-1,2357,2379,2377,-1,2357,2377,2359,-1,2359,2377,2375,-1,2359,2375,2373,-1,2373,2371,2359,-1,2359,2371,2369,-1,2359,2369,2361,-1,2361,2369,2367,-1,2361,2367,2364,-1,2394,2395,2396,-1,2396,2395,2397,-1,2398,2399,2400,-1,2400,2399,2401,-1,2400,2401,2402,-1,2402,2401,2403,-1,2402,2403,2404,-1,2404,2403,2405,-1,2404,2405,2396,-1,2396,2405,2394,-1,2406,2407,2403,-1,2403,2407,2405,-1,2407,2406,2408,-1,2408,2406,2409,-1,2408,2409,2410,-1,2410,2409,2411,-1,2410,2411,2412,-1,2412,2411,2413,-1,2412,2413,2414,-1,2414,2413,2415,-1,2414,2415,2416,-1,2416,2415,2417,-1,2416,2417,2418,-1,2418,2417,2419,-1,2418,2419,2420,-1,2420,2419,2421,-1,2420,2421,2422,-1,2422,2421,2423,-1,2422,2423,2424,-1,2424,2423,2425,-1,2424,2425,2426,-1,2426,2425,2427,-1,2426,2427,2428,-1,2428,2427,2429,-1,2428,2429,2430,-1,2430,2429,2431,-1,2432,2433,2431,-1,2431,2433,2430,-1,2397,2395,2434,-1,2434,2395,2433,-1,2434,2433,2435,-1,2435,2433,2432,-1,2435,2432,2398,-1,2398,2432,2399,-1,2420,2422,2395,-1,2394,2410,2412,-1,2412,2414,2394,-1,2394,2414,2416,-1,2394,2416,2395,-1,2395,2416,2418,-1,2395,2418,2420,-1,2410,2394,2408,-1,2408,2394,2405,-1,2408,2405,2407,-1,2422,2424,2395,-1,2395,2424,2426,-1,2395,2426,2433,-1,2433,2426,2428,-1,2433,2428,2430,-1,2423,2399,2425,-1,2425,2399,2427,-1,2427,2399,2429,-1,2429,2399,2432,-1,2429,2432,2431,-1,2423,2421,2399,-1,2399,2421,2419,-1,2399,2419,2401,-1,2401,2419,2417,-1,2401,2417,2415,-1,2415,2413,2401,-1,2401,2413,2411,-1,2401,2411,2403,-1,2403,2411,2409,-1,2403,2409,2406,-1,2436,2437,2438,-1,2438,2437,2439,-1,2440,2441,2442,-1,2442,2441,2443,-1,2442,2443,2444,-1,2444,2443,2445,-1,2444,2445,2446,-1,2446,2445,2447,-1,2446,2447,2438,-1,2438,2447,2436,-1,2448,2449,2445,-1,2445,2449,2447,-1,2449,2448,2450,-1,2450,2448,2451,-1,2450,2451,2452,-1,2452,2451,2453,-1,2452,2453,2454,-1,2454,2453,2455,-1,2454,2455,2456,-1,2456,2455,2457,-1,2456,2457,2458,-1,2458,2457,2459,-1,2458,2459,2460,-1,2460,2459,2461,-1,2460,2461,2462,-1,2462,2461,2463,-1,2462,2463,2464,-1,2464,2463,2465,-1,2464,2465,2466,-1,2466,2465,2467,-1,2466,2467,2468,-1,2468,2467,2469,-1,2468,2469,2470,-1,2470,2469,2471,-1,2470,2471,2472,-1,2472,2471,2473,-1,2474,2475,2473,-1,2473,2475,2472,-1,2439,2437,2476,-1,2476,2437,2475,-1,2476,2475,2477,-1,2477,2475,2474,-1,2477,2474,2440,-1,2440,2474,2441,-1,2447,2449,2450,-1,2454,2456,2436,-1,2447,2450,2436,-1,2436,2450,2452,-1,2436,2452,2454,-1,2456,2458,2436,-1,2436,2458,2460,-1,2436,2460,2437,-1,2437,2460,2462,-1,2437,2462,2464,-1,2464,2466,2437,-1,2437,2466,2468,-1,2437,2468,2475,-1,2475,2468,2470,-1,2475,2470,2472,-1,2465,2441,2467,-1,2467,2441,2469,-1,2457,2455,2443,-1,2443,2455,2453,-1,2443,2453,2445,-1,2445,2453,2451,-1,2445,2451,2448,-1,2469,2441,2471,-1,2471,2441,2474,-1,2471,2474,2473,-1,2465,2463,2441,-1,2441,2463,2461,-1,2441,2461,2443,-1,2443,2461,2459,-1,2443,2459,2457,-1,2478,2479,2480,-1,2480,2479,2481,-1,2482,2483,2484,-1,2484,2483,2485,-1,2484,2485,2486,-1,2486,2485,2487,-1,2486,2487,2488,-1,2488,2487,2489,-1,2488,2489,2480,-1,2480,2489,2478,-1,2490,2491,2487,-1,2487,2491,2489,-1,2491,2490,2492,-1,2492,2490,2493,-1,2492,2493,2494,-1,2494,2493,2495,-1,2494,2495,2496,-1,2496,2495,2497,-1,2496,2497,2498,-1,2498,2497,2499,-1,2498,2499,2500,-1,2500,2499,2501,-1,2500,2501,2502,-1,2502,2501,2503,-1,2502,2503,2504,-1,2504,2503,2505,-1,2504,2505,2506,-1,2506,2505,2507,-1,2506,2507,2508,-1,2508,2507,2509,-1,2508,2509,2510,-1,2510,2509,2511,-1,2510,2511,2512,-1,2512,2511,2513,-1,2512,2513,2514,-1,2514,2513,2515,-1,2516,2517,2515,-1,2515,2517,2514,-1,2481,2479,2518,-1,2518,2479,2517,-1,2518,2517,2519,-1,2519,2517,2516,-1,2519,2516,2482,-1,2482,2516,2483,-1,2489,2491,2492,-1,2496,2498,2478,-1,2489,2492,2478,-1,2478,2492,2494,-1,2478,2494,2496,-1,2506,2508,2479,-1,2479,2508,2510,-1,2479,2510,2517,-1,2517,2510,2512,-1,2517,2512,2514,-1,2498,2500,2478,-1,2478,2500,2502,-1,2478,2502,2479,-1,2479,2502,2504,-1,2479,2504,2506,-1,2516,2515,2513,-1,2509,2507,2483,-1,2516,2513,2483,-1,2483,2513,2511,-1,2483,2511,2509,-1,2499,2497,2485,-1,2485,2497,2495,-1,2485,2495,2487,-1,2487,2495,2493,-1,2487,2493,2490,-1,2507,2505,2483,-1,2483,2505,2503,-1,2483,2503,2485,-1,2485,2503,2501,-1,2485,2501,2499,-1,2520,2521,2522,-1,2522,2521,2523,-1,2524,2525,2526,-1,2526,2525,2527,-1,2526,2527,2528,-1,2528,2527,2529,-1,2528,2529,2530,-1,2530,2529,2531,-1,2530,2531,2522,-1,2522,2531,2520,-1,2532,2533,2529,-1,2529,2533,2531,-1,2533,2532,2534,-1,2534,2532,2535,-1,2534,2535,2536,-1,2536,2535,2537,-1,2536,2537,2538,-1,2538,2537,2539,-1,2538,2539,2540,-1,2540,2539,2541,-1,2540,2541,2542,-1,2542,2541,2543,-1,2542,2543,2544,-1,2544,2543,2545,-1,2544,2545,2546,-1,2546,2545,2547,-1,2546,2547,2548,-1,2548,2547,2549,-1,2548,2549,2550,-1,2550,2549,2551,-1,2550,2551,2552,-1,2552,2551,2553,-1,2552,2553,2554,-1,2554,2553,2555,-1,2554,2555,2556,-1,2556,2555,2557,-1,2558,2559,2557,-1,2557,2559,2556,-1,2523,2521,2560,-1,2560,2521,2559,-1,2560,2559,2561,-1,2561,2559,2558,-1,2561,2558,2524,-1,2524,2558,2525,-1,2531,2533,2534,-1,2538,2540,2520,-1,2531,2534,2520,-1,2520,2534,2536,-1,2520,2536,2538,-1,2548,2550,2521,-1,2521,2550,2552,-1,2521,2552,2559,-1,2559,2552,2554,-1,2559,2554,2556,-1,2540,2542,2520,-1,2520,2542,2544,-1,2520,2544,2521,-1,2521,2544,2546,-1,2521,2546,2548,-1,2558,2557,2555,-1,2551,2549,2525,-1,2558,2555,2525,-1,2525,2555,2553,-1,2525,2553,2551,-1,2541,2539,2527,-1,2527,2539,2537,-1,2527,2537,2529,-1,2529,2537,2535,-1,2529,2535,2532,-1,2549,2547,2525,-1,2525,2547,2545,-1,2525,2545,2527,-1,2527,2545,2543,-1,2527,2543,2541,-1,2562,2563,2564,-1,2564,2563,2565,-1,2566,2567,2568,-1,2568,2567,2569,-1,2568,2569,2570,-1,2570,2569,2571,-1,2570,2571,2572,-1,2572,2571,2573,-1,2572,2573,2564,-1,2564,2573,2562,-1,2574,2575,2571,-1,2571,2575,2573,-1,2575,2574,2576,-1,2576,2574,2577,-1,2576,2577,2578,-1,2578,2577,2579,-1,2578,2579,2580,-1,2580,2579,2581,-1,2580,2581,2582,-1,2582,2581,2583,-1,2582,2583,2584,-1,2584,2583,2585,-1,2584,2585,2586,-1,2586,2585,2587,-1,2586,2587,2588,-1,2588,2587,2589,-1,2588,2589,2590,-1,2590,2589,2591,-1,2590,2591,2592,-1,2592,2591,2593,-1,2592,2593,2594,-1,2594,2593,2595,-1,2594,2595,2596,-1,2596,2595,2597,-1,2596,2597,2598,-1,2598,2597,2599,-1,2600,2601,2599,-1,2599,2601,2598,-1,2565,2563,2602,-1,2602,2563,2601,-1,2602,2601,2603,-1,2603,2601,2600,-1,2603,2600,2566,-1,2566,2600,2567,-1,2573,2575,2576,-1,2580,2582,2562,-1,2573,2576,2562,-1,2562,2576,2578,-1,2562,2578,2580,-1,2590,2592,2563,-1,2563,2592,2594,-1,2563,2594,2601,-1,2601,2594,2596,-1,2601,2596,2598,-1,2582,2584,2562,-1,2562,2584,2586,-1,2562,2586,2563,-1,2563,2586,2588,-1,2563,2588,2590,-1,2600,2599,2597,-1,2593,2591,2567,-1,2600,2597,2567,-1,2567,2597,2595,-1,2567,2595,2593,-1,2583,2581,2569,-1,2569,2581,2579,-1,2569,2579,2571,-1,2571,2579,2577,-1,2571,2577,2574,-1,2591,2589,2567,-1,2567,2589,2587,-1,2567,2587,2569,-1,2569,2587,2585,-1,2569,2585,2583,-1,2604,2605,2606,-1,2606,2605,2607,-1,2608,2609,2610,-1,2610,2609,2611,-1,2610,2611,2612,-1,2612,2611,2613,-1,2612,2613,2614,-1,2614,2613,2615,-1,2614,2615,2606,-1,2606,2615,2604,-1,2616,2617,2613,-1,2613,2617,2615,-1,2617,2616,2618,-1,2618,2616,2619,-1,2618,2619,2620,-1,2620,2619,2621,-1,2620,2621,2622,-1,2622,2621,2623,-1,2622,2623,2624,-1,2624,2623,2625,-1,2624,2625,2626,-1,2626,2625,2627,-1,2626,2627,2628,-1,2628,2627,2629,-1,2628,2629,2630,-1,2630,2629,2631,-1,2630,2631,2632,-1,2632,2631,2633,-1,2632,2633,2634,-1,2634,2633,2635,-1,2634,2635,2636,-1,2636,2635,2637,-1,2636,2637,2638,-1,2638,2637,2639,-1,2638,2639,2640,-1,2640,2639,2641,-1,2642,2643,2641,-1,2641,2643,2640,-1,2607,2605,2644,-1,2644,2605,2643,-1,2644,2643,2645,-1,2645,2643,2642,-1,2645,2642,2608,-1,2608,2642,2609,-1,2615,2617,2618,-1,2622,2624,2604,-1,2615,2618,2604,-1,2604,2618,2620,-1,2604,2620,2622,-1,2632,2634,2605,-1,2605,2634,2636,-1,2605,2636,2643,-1,2643,2636,2638,-1,2643,2638,2640,-1,2624,2626,2604,-1,2604,2626,2628,-1,2604,2628,2605,-1,2605,2628,2630,-1,2605,2630,2632,-1,2633,2609,2635,-1,2635,2609,2637,-1,2637,2609,2639,-1,2639,2609,2642,-1,2639,2642,2641,-1,2625,2623,2611,-1,2611,2623,2621,-1,2611,2621,2613,-1,2613,2621,2619,-1,2613,2619,2616,-1,2633,2631,2609,-1,2609,2631,2629,-1,2609,2629,2611,-1,2611,2629,2627,-1,2611,2627,2625,-1,2646,2647,2648,-1,2648,2647,2649,-1,2650,2651,2652,-1,2652,2651,2653,-1,2652,2653,2654,-1,2654,2653,2655,-1,2654,2655,2656,-1,2656,2655,2657,-1,2656,2657,2658,-1,2658,2657,2659,-1,2658,2659,2660,-1,2660,2659,2661,-1,2660,2661,2662,-1,2662,2661,2663,-1,2662,2663,2664,-1,2664,2663,2665,-1,2664,2665,2666,-1,2666,2665,2667,-1,2666,2667,2668,-1,2668,2667,2669,-1,2668,2669,2670,-1,2670,2669,2671,-1,2670,2671,2672,-1,2672,2671,2673,-1,2672,2673,2674,-1,2674,2673,2675,-1,2676,2677,2675,-1,2675,2677,2674,-1,2649,2647,2678,-1,2678,2647,2677,-1,2678,2677,2679,-1,2679,2677,2676,-1,2679,2676,2680,-1,2680,2676,2681,-1,2680,2681,2682,-1,2682,2681,2683,-1,2682,2683,2684,-1,2684,2683,2685,-1,2684,2685,2686,-1,2686,2685,2687,-1,2686,2687,2648,-1,2648,2687,2646,-1,2651,2650,2685,-1,2685,2650,2687,-1,2658,2646,2656,-1,2656,2646,2654,-1,2654,2646,2652,-1,2652,2646,2687,-1,2652,2687,2650,-1,2666,2668,2647,-1,2647,2668,2670,-1,2647,2670,2677,-1,2677,2670,2672,-1,2677,2672,2674,-1,2658,2660,2646,-1,2646,2660,2662,-1,2646,2662,2647,-1,2647,2662,2664,-1,2647,2664,2666,-1,2669,2667,2681,-1,2676,2675,2673,-1,2676,2673,2681,-1,2681,2673,2671,-1,2681,2671,2669,-1,2659,2657,2683,-1,2683,2657,2655,-1,2683,2655,2685,-1,2685,2655,2653,-1,2685,2653,2651,-1,2667,2665,2681,-1,2681,2665,2663,-1,2681,2663,2683,-1,2683,2663,2661,-1,2683,2661,2659,-1,2688,2689,2690,-1,2690,2689,2691,-1,2692,2693,2694,-1,2694,2693,2695,-1,2694,2695,2696,-1,2696,2695,2697,-1,2696,2697,2698,-1,2698,2697,2699,-1,2698,2699,2700,-1,2700,2699,2701,-1,2700,2701,2702,-1,2702,2701,2703,-1,2702,2703,2704,-1,2704,2703,2705,-1,2704,2705,2706,-1,2706,2705,2707,-1,2706,2707,2708,-1,2708,2707,2709,-1,2708,2709,2710,-1,2710,2709,2711,-1,2710,2711,2712,-1,2712,2711,2713,-1,2712,2713,2714,-1,2714,2713,2715,-1,2714,2715,2716,-1,2716,2715,2717,-1,2718,2719,2717,-1,2717,2719,2716,-1,2691,2689,2720,-1,2720,2689,2719,-1,2720,2719,2721,-1,2721,2719,2718,-1,2721,2718,2722,-1,2722,2718,2723,-1,2722,2723,2724,-1,2724,2723,2725,-1,2724,2725,2726,-1,2726,2725,2727,-1,2726,2727,2728,-1,2728,2727,2729,-1,2728,2729,2690,-1,2690,2729,2688,-1,2693,2692,2727,-1,2727,2692,2729,-1,2729,2692,2694,-1,2698,2700,2688,-1,2729,2694,2688,-1,2688,2694,2696,-1,2688,2696,2698,-1,2700,2702,2688,-1,2688,2702,2704,-1,2688,2704,2689,-1,2689,2704,2706,-1,2689,2706,2708,-1,2708,2710,2689,-1,2689,2710,2712,-1,2689,2712,2719,-1,2719,2712,2714,-1,2719,2714,2716,-1,2718,2717,2715,-1,2711,2709,2723,-1,2701,2699,2725,-1,2725,2699,2697,-1,2725,2697,2727,-1,2727,2697,2695,-1,2727,2695,2693,-1,2718,2715,2723,-1,2723,2715,2713,-1,2723,2713,2711,-1,2709,2707,2723,-1,2723,2707,2705,-1,2723,2705,2725,-1,2725,2705,2703,-1,2725,2703,2701,-1,2730,2731,2732,-1,2732,2731,2733,-1,2734,2735,2736,-1,2736,2735,2737,-1,2736,2737,2738,-1,2738,2737,2739,-1,2738,2739,2740,-1,2740,2739,2741,-1,2740,2741,2742,-1,2742,2741,2743,-1,2742,2743,2744,-1,2744,2743,2745,-1,2744,2745,2746,-1,2746,2745,2747,-1,2746,2747,2748,-1,2748,2747,2749,-1,2748,2749,2750,-1,2750,2749,2751,-1,2750,2751,2752,-1,2752,2751,2753,-1,2752,2753,2754,-1,2754,2753,2755,-1,2754,2755,2756,-1,2756,2755,2757,-1,2756,2757,2758,-1,2758,2757,2759,-1,2760,2761,2759,-1,2759,2761,2758,-1,2733,2731,2762,-1,2762,2731,2761,-1,2762,2761,2763,-1,2763,2761,2760,-1,2763,2760,2764,-1,2764,2760,2765,-1,2764,2765,2766,-1,2766,2765,2767,-1,2766,2767,2768,-1,2768,2767,2769,-1,2768,2769,2770,-1,2770,2769,2771,-1,2770,2771,2732,-1,2732,2771,2730,-1,2735,2734,2769,-1,2769,2734,2771,-1,2771,2734,2736,-1,2740,2742,2730,-1,2771,2736,2730,-1,2730,2736,2738,-1,2730,2738,2740,-1,2742,2744,2730,-1,2730,2744,2746,-1,2730,2746,2731,-1,2731,2746,2748,-1,2731,2748,2750,-1,2750,2752,2731,-1,2731,2752,2754,-1,2731,2754,2761,-1,2761,2754,2756,-1,2761,2756,2758,-1,2760,2759,2757,-1,2753,2751,2765,-1,2743,2741,2767,-1,2767,2741,2739,-1,2767,2739,2769,-1,2769,2739,2737,-1,2769,2737,2735,-1,2760,2757,2765,-1,2765,2757,2755,-1,2765,2755,2753,-1,2751,2749,2765,-1,2765,2749,2747,-1,2765,2747,2767,-1,2767,2747,2745,-1,2767,2745,2743,-1,2772,2773,2774,-1,2774,2773,2775,-1,2776,2777,2778,-1,2778,2777,2779,-1,2778,2779,2780,-1,2780,2779,2781,-1,2780,2781,2782,-1,2782,2781,2783,-1,2782,2783,2784,-1,2784,2783,2785,-1,2784,2785,2786,-1,2786,2785,2787,-1,2786,2787,2788,-1,2788,2787,2789,-1,2788,2789,2790,-1,2790,2789,2791,-1,2790,2791,2792,-1,2792,2791,2793,-1,2792,2793,2794,-1,2794,2793,2795,-1,2794,2795,2796,-1,2796,2795,2797,-1,2796,2797,2798,-1,2798,2797,2799,-1,2798,2799,2800,-1,2800,2799,2801,-1,2802,2803,2801,-1,2801,2803,2800,-1,2775,2773,2804,-1,2804,2773,2803,-1,2804,2803,2805,-1,2805,2803,2802,-1,2805,2802,2806,-1,2806,2802,2807,-1,2806,2807,2808,-1,2808,2807,2809,-1,2808,2809,2810,-1,2810,2809,2811,-1,2810,2811,2812,-1,2812,2811,2813,-1,2812,2813,2774,-1,2774,2813,2772,-1,2777,2776,2811,-1,2811,2776,2813,-1,2813,2776,2778,-1,2782,2784,2772,-1,2813,2778,2772,-1,2772,2778,2780,-1,2772,2780,2782,-1,2784,2786,2772,-1,2772,2786,2788,-1,2772,2788,2773,-1,2773,2788,2790,-1,2773,2790,2792,-1,2792,2794,2773,-1,2773,2794,2796,-1,2773,2796,2803,-1,2803,2796,2798,-1,2803,2798,2800,-1,2802,2801,2799,-1,2795,2793,2807,-1,2785,2783,2809,-1,2809,2783,2781,-1,2809,2781,2811,-1,2811,2781,2779,-1,2811,2779,2777,-1,2802,2799,2807,-1,2807,2799,2797,-1,2807,2797,2795,-1,2793,2791,2807,-1,2807,2791,2789,-1,2807,2789,2809,-1,2809,2789,2787,-1,2809,2787,2785,-1,2814,2815,2816,-1,2816,2815,2817,-1,2818,2819,2820,-1,2820,2819,2821,-1,2820,2821,2822,-1,2822,2821,2823,-1,2822,2823,2824,-1,2824,2823,2825,-1,2824,2825,2826,-1,2826,2825,2827,-1,2826,2827,2828,-1,2828,2827,2829,-1,2828,2829,2830,-1,2830,2829,2831,-1,2830,2831,2832,-1,2832,2831,2833,-1,2832,2833,2834,-1,2834,2833,2835,-1,2834,2835,2836,-1,2836,2835,2837,-1,2836,2837,2838,-1,2838,2837,2839,-1,2838,2839,2840,-1,2840,2839,2841,-1,2840,2841,2842,-1,2842,2841,2843,-1,2844,2845,2843,-1,2843,2845,2842,-1,2817,2815,2846,-1,2846,2815,2845,-1,2846,2845,2847,-1,2847,2845,2844,-1,2847,2844,2848,-1,2848,2844,2849,-1,2848,2849,2850,-1,2850,2849,2851,-1,2850,2851,2852,-1,2852,2851,2853,-1,2852,2853,2854,-1,2854,2853,2855,-1,2854,2855,2816,-1,2816,2855,2814,-1,2819,2818,2853,-1,2853,2818,2855,-1,2826,2814,2824,-1,2824,2814,2822,-1,2826,2828,2814,-1,2814,2828,2830,-1,2814,2830,2815,-1,2815,2830,2832,-1,2815,2832,2834,-1,2822,2814,2820,-1,2820,2814,2855,-1,2820,2855,2818,-1,2834,2836,2815,-1,2815,2836,2838,-1,2815,2838,2845,-1,2845,2838,2840,-1,2845,2840,2842,-1,2844,2843,2841,-1,2837,2835,2849,-1,2835,2833,2849,-1,2849,2833,2831,-1,2849,2831,2851,-1,2851,2831,2829,-1,2851,2829,2827,-1,2844,2841,2849,-1,2849,2841,2839,-1,2849,2839,2837,-1,2827,2825,2851,-1,2851,2825,2823,-1,2851,2823,2853,-1,2853,2823,2821,-1,2853,2821,2819,-1,2856,2857,2858,-1,2858,2857,2859,-1,2860,2861,2862,-1,2862,2861,2863,-1,2862,2863,2864,-1,2864,2863,2865,-1,2864,2865,2866,-1,2866,2865,2867,-1,2866,2867,2868,-1,2868,2867,2869,-1,2868,2869,2870,-1,2870,2869,2871,-1,2870,2871,2872,-1,2872,2871,2873,-1,2872,2873,2874,-1,2874,2873,2875,-1,2874,2875,2876,-1,2876,2875,2877,-1,2876,2877,2878,-1,2878,2877,2879,-1,2878,2879,2880,-1,2880,2879,2881,-1,2880,2881,2882,-1,2882,2881,2883,-1,2882,2883,2884,-1,2884,2883,2885,-1,2886,2887,2885,-1,2885,2887,2884,-1,2859,2857,2888,-1,2888,2857,2887,-1,2888,2887,2889,-1,2889,2887,2886,-1,2889,2886,2890,-1,2890,2886,2891,-1,2890,2891,2892,-1,2892,2891,2893,-1,2892,2893,2894,-1,2894,2893,2895,-1,2894,2895,2896,-1,2896,2895,2897,-1,2896,2897,2858,-1,2858,2897,2856,-1,2861,2860,2895,-1,2895,2860,2897,-1,2874,2876,2857,-1,2856,2864,2866,-1,2866,2868,2856,-1,2856,2868,2870,-1,2856,2870,2857,-1,2857,2870,2872,-1,2857,2872,2874,-1,2864,2856,2862,-1,2862,2856,2897,-1,2862,2897,2860,-1,2876,2878,2857,-1,2857,2878,2880,-1,2857,2880,2887,-1,2887,2880,2882,-1,2887,2882,2884,-1,2879,2877,2891,-1,2886,2885,2883,-1,2877,2875,2891,-1,2891,2875,2873,-1,2891,2873,2893,-1,2893,2873,2871,-1,2893,2871,2869,-1,2886,2883,2891,-1,2891,2883,2881,-1,2891,2881,2879,-1,2869,2867,2893,-1,2893,2867,2865,-1,2893,2865,2895,-1,2895,2865,2863,-1,2895,2863,2861,-1,2898,2899,2900,-1,2900,2899,2901,-1,2902,2903,2904,-1,2904,2903,2905,-1,2904,2905,2906,-1,2906,2905,2907,-1,2906,2907,2908,-1,2908,2907,2909,-1,2908,2909,2910,-1,2910,2909,2911,-1,2910,2911,2912,-1,2912,2911,2913,-1,2912,2913,2914,-1,2914,2913,2915,-1,2914,2915,2916,-1,2916,2915,2917,-1,2916,2917,2918,-1,2918,2917,2919,-1,2918,2919,2920,-1,2920,2919,2921,-1,2920,2921,2922,-1,2922,2921,2923,-1,2922,2923,2924,-1,2924,2923,2925,-1,2924,2925,2926,-1,2926,2925,2927,-1,2928,2929,2927,-1,2927,2929,2926,-1,2901,2899,2930,-1,2930,2899,2929,-1,2930,2929,2931,-1,2931,2929,2928,-1,2931,2928,2932,-1,2932,2928,2933,-1,2932,2933,2934,-1,2934,2933,2935,-1,2934,2935,2936,-1,2936,2935,2937,-1,2936,2937,2938,-1,2938,2937,2939,-1,2938,2939,2900,-1,2900,2939,2898,-1,2903,2902,2937,-1,2937,2902,2939,-1,2916,2918,2899,-1,2939,2902,2904,-1,2939,2904,2898,-1,2898,2904,2906,-1,2898,2906,2908,-1,2908,2910,2898,-1,2898,2910,2912,-1,2898,2912,2899,-1,2899,2912,2914,-1,2899,2914,2916,-1,2918,2920,2899,-1,2899,2920,2922,-1,2899,2922,2929,-1,2929,2922,2924,-1,2929,2924,2926,-1,2921,2919,2933,-1,2928,2927,2925,-1,2911,2909,2935,-1,2935,2909,2907,-1,2935,2907,2937,-1,2937,2907,2905,-1,2937,2905,2903,-1,2928,2925,2933,-1,2933,2925,2923,-1,2933,2923,2921,-1,2919,2917,2933,-1,2933,2917,2915,-1,2933,2915,2935,-1,2935,2915,2913,-1,2935,2913,2911,-1,2940,2941,2942,-1,2942,2941,2943,-1,2944,2945,2946,-1,2946,2945,2947,-1,2946,2947,2948,-1,2948,2947,2949,-1,2948,2949,2950,-1,2950,2949,2951,-1,2950,2951,2952,-1,2952,2951,2953,-1,2952,2953,2954,-1,2954,2953,2955,-1,2954,2955,2956,-1,2956,2955,2957,-1,2956,2957,2958,-1,2958,2957,2959,-1,2958,2959,2960,-1,2960,2959,2961,-1,2960,2961,2962,-1,2962,2961,2963,-1,2962,2963,2964,-1,2964,2963,2965,-1,2964,2965,2966,-1,2966,2965,2967,-1,2966,2967,2968,-1,2968,2967,2969,-1,2970,2971,2969,-1,2969,2971,2968,-1,2943,2941,2972,-1,2972,2941,2971,-1,2972,2971,2973,-1,2973,2971,2970,-1,2973,2970,2974,-1,2974,2970,2975,-1,2974,2975,2976,-1,2976,2975,2977,-1,2976,2977,2978,-1,2978,2977,2979,-1,2978,2979,2980,-1,2980,2979,2981,-1,2980,2981,2942,-1,2942,2981,2940,-1,2945,2944,2979,-1,2979,2944,2981,-1,2952,2940,2950,-1,2950,2940,2948,-1,2948,2940,2946,-1,2946,2940,2981,-1,2946,2981,2944,-1,2952,2954,2940,-1,2940,2954,2956,-1,2940,2956,2941,-1,2941,2956,2958,-1,2941,2958,2960,-1,2960,2962,2941,-1,2941,2962,2964,-1,2941,2964,2971,-1,2971,2964,2966,-1,2971,2966,2968,-1,2970,2969,2967,-1,2963,2961,2975,-1,2961,2959,2975,-1,2975,2959,2957,-1,2975,2957,2977,-1,2977,2957,2955,-1,2977,2955,2953,-1,2970,2967,2975,-1,2975,2967,2965,-1,2975,2965,2963,-1,2953,2951,2977,-1,2977,2951,2949,-1,2977,2949,2979,-1,2979,2949,2947,-1,2979,2947,2945,-1,2982,2983,2984,-1,2984,2983,2985,-1,2986,2987,2988,-1,2988,2987,2989,-1,2988,2989,2990,-1,2990,2989,2991,-1,2990,2991,2992,-1,2992,2991,2993,-1,2992,2993,2994,-1,2994,2993,2995,-1,2994,2995,2996,-1,2996,2995,2997,-1,2996,2997,2998,-1,2998,2997,2999,-1,2998,2999,3000,-1,3000,2999,3001,-1,3000,3001,3002,-1,3002,3001,3003,-1,3002,3003,3004,-1,3004,3003,3005,-1,3004,3005,3006,-1,3006,3005,3007,-1,3006,3007,3008,-1,3008,3007,3009,-1,3008,3009,3010,-1,3010,3009,3011,-1,3012,3013,3011,-1,3011,3013,3010,-1,2985,2983,3014,-1,3014,2983,3013,-1,3014,3013,3015,-1,3015,3013,3012,-1,3015,3012,3016,-1,3016,3012,3017,-1,3016,3017,3018,-1,3018,3017,3019,-1,3018,3019,3020,-1,3020,3019,3021,-1,3020,3021,3022,-1,3022,3021,3023,-1,3022,3023,2984,-1,2984,3023,2982,-1,2987,2986,3021,-1,3021,2986,3023,-1,3000,3002,2983,-1,2982,2990,2992,-1,2992,2994,2982,-1,2982,2994,2996,-1,2982,2996,2983,-1,2983,2996,2998,-1,2983,2998,3000,-1,2990,2982,2988,-1,2988,2982,3023,-1,2988,3023,2986,-1,3002,3004,2983,-1,2983,3004,3006,-1,2983,3006,3013,-1,3013,3006,3008,-1,3013,3008,3010,-1,3012,3011,3009,-1,3005,3003,3017,-1,3003,3001,3017,-1,3017,3001,2999,-1,3017,2999,3019,-1,3019,2999,2997,-1,3019,2997,2995,-1,3012,3009,3017,-1,3017,3009,3007,-1,3017,3007,3005,-1,2995,2993,3019,-1,3019,2993,2991,-1,3019,2991,3021,-1,3021,2991,2989,-1,3021,2989,2987,-1,3024,3025,3026,-1,3026,3025,3027,-1,3028,3029,3030,-1,3030,3029,3031,-1,3030,3031,3032,-1,3032,3031,3033,-1,3032,3033,3034,-1,3034,3033,3035,-1,3034,3035,3036,-1,3036,3035,3037,-1,3036,3037,3038,-1,3038,3037,3039,-1,3038,3039,3040,-1,3040,3039,3041,-1,3040,3041,3042,-1,3042,3041,3043,-1,3042,3043,3044,-1,3044,3043,3045,-1,3044,3045,3046,-1,3046,3045,3047,-1,3046,3047,3048,-1,3048,3047,3049,-1,3048,3049,3050,-1,3050,3049,3051,-1,3050,3051,3052,-1,3052,3051,3053,-1,3054,3055,3053,-1,3053,3055,3052,-1,3027,3025,3056,-1,3056,3025,3055,-1,3056,3055,3057,-1,3057,3055,3054,-1,3057,3054,3058,-1,3058,3054,3059,-1,3058,3059,3060,-1,3060,3059,3061,-1,3060,3061,3062,-1,3062,3061,3063,-1,3062,3063,3064,-1,3064,3063,3065,-1,3064,3065,3026,-1,3026,3065,3024,-1,3029,3028,3063,-1,3063,3028,3065,-1,3065,3028,3030,-1,3065,3030,3024,-1,3024,3030,3032,-1,3024,3032,3034,-1,3042,3044,3025,-1,3034,3036,3024,-1,3024,3036,3038,-1,3024,3038,3025,-1,3025,3038,3040,-1,3025,3040,3042,-1,3044,3046,3025,-1,3025,3046,3048,-1,3025,3048,3055,-1,3055,3048,3050,-1,3055,3050,3052,-1,3054,3053,3051,-1,3047,3045,3059,-1,3037,3035,3061,-1,3061,3035,3033,-1,3061,3033,3063,-1,3063,3033,3031,-1,3063,3031,3029,-1,3054,3051,3059,-1,3059,3051,3049,-1,3059,3049,3047,-1,3045,3043,3059,-1,3059,3043,3041,-1,3059,3041,3061,-1,3061,3041,3039,-1,3061,3039,3037,-1,3066,3067,3068,-1,3068,3067,3069,-1,3070,3071,3072,-1,3072,3071,3073,-1,3072,3073,3074,-1,3074,3073,3075,-1,3074,3075,3076,-1,3076,3075,3077,-1,3076,3077,3078,-1,3078,3077,3079,-1,3078,3079,3080,-1,3080,3079,3081,-1,3080,3081,3082,-1,3082,3081,3083,-1,3082,3083,3084,-1,3084,3083,3085,-1,3084,3085,3086,-1,3086,3085,3087,-1,3086,3087,3088,-1,3088,3087,3089,-1,3088,3089,3090,-1,3090,3089,3091,-1,3090,3091,3092,-1,3092,3091,3093,-1,3092,3093,3094,-1,3094,3093,3095,-1,3096,3097,3095,-1,3095,3097,3094,-1,3069,3067,3098,-1,3098,3067,3097,-1,3098,3097,3099,-1,3099,3097,3096,-1,3099,3096,3100,-1,3100,3096,3101,-1,3100,3101,3102,-1,3102,3101,3103,-1,3102,3103,3104,-1,3104,3103,3105,-1,3104,3105,3106,-1,3106,3105,3107,-1,3106,3107,3068,-1,3068,3107,3066,-1,3071,3070,3105,-1,3105,3070,3107,-1,3084,3086,3067,-1,3066,3074,3076,-1,3076,3078,3066,-1,3066,3078,3080,-1,3066,3080,3067,-1,3067,3080,3082,-1,3067,3082,3084,-1,3074,3066,3072,-1,3072,3066,3107,-1,3072,3107,3070,-1,3086,3088,3067,-1,3067,3088,3090,-1,3067,3090,3097,-1,3097,3090,3092,-1,3097,3092,3094,-1,3096,3095,3093,-1,3089,3087,3101,-1,3087,3085,3101,-1,3101,3085,3083,-1,3101,3083,3103,-1,3103,3083,3081,-1,3103,3081,3079,-1,3096,3093,3101,-1,3101,3093,3091,-1,3101,3091,3089,-1,3079,3077,3103,-1,3103,3077,3075,-1,3103,3075,3105,-1,3105,3075,3073,-1,3105,3073,3071,-1,3108,3109,3110,-1,3110,3109,3111,-1,3112,3113,3114,-1,3114,3113,3115,-1,3114,3115,3116,-1,3116,3115,3117,-1,3116,3117,3118,-1,3118,3117,3119,-1,3118,3119,3120,-1,3120,3119,3121,-1,3120,3121,3122,-1,3122,3121,3123,-1,3122,3123,3124,-1,3124,3123,3125,-1,3124,3125,3126,-1,3126,3125,3127,-1,3126,3127,3128,-1,3128,3127,3129,-1,3128,3129,3130,-1,3130,3129,3131,-1,3130,3131,3132,-1,3132,3131,3133,-1,3132,3133,3134,-1,3134,3133,3135,-1,3134,3135,3136,-1,3136,3135,3137,-1,3138,3139,3137,-1,3137,3139,3136,-1,3111,3109,3140,-1,3140,3109,3139,-1,3140,3139,3141,-1,3141,3139,3138,-1,3141,3138,3142,-1,3142,3138,3143,-1,3142,3143,3144,-1,3144,3143,3145,-1,3144,3145,3146,-1,3146,3145,3147,-1,3146,3147,3148,-1,3148,3147,3149,-1,3148,3149,3110,-1,3110,3149,3108,-1,3113,3112,3147,-1,3147,3112,3149,-1,3126,3128,3109,-1,3108,3116,3118,-1,3118,3120,3108,-1,3108,3120,3122,-1,3108,3122,3109,-1,3109,3122,3124,-1,3109,3124,3126,-1,3116,3108,3114,-1,3114,3108,3149,-1,3114,3149,3112,-1,3128,3130,3109,-1,3109,3130,3132,-1,3109,3132,3139,-1,3139,3132,3134,-1,3139,3134,3136,-1,3131,3129,3143,-1,3138,3137,3135,-1,3129,3127,3143,-1,3143,3127,3125,-1,3143,3125,3145,-1,3145,3125,3123,-1,3145,3123,3121,-1,3138,3135,3143,-1,3143,3135,3133,-1,3143,3133,3131,-1,3121,3119,3145,-1,3145,3119,3117,-1,3145,3117,3147,-1,3147,3117,3115,-1,3147,3115,3113,-1,3150,3151,3152,-1,3152,3151,3153,-1,3154,3155,3156,-1,3156,3155,3157,-1,3156,3157,3158,-1,3158,3157,3159,-1,3158,3159,3160,-1,3160,3159,3161,-1,3160,3161,3162,-1,3162,3161,3163,-1,3162,3163,3164,-1,3164,3163,3165,-1,3164,3165,3166,-1,3166,3165,3167,-1,3166,3167,3168,-1,3168,3167,3169,-1,3168,3169,3170,-1,3170,3169,3171,-1,3170,3171,3172,-1,3172,3171,3173,-1,3172,3173,3174,-1,3174,3173,3175,-1,3174,3175,3176,-1,3176,3175,3177,-1,3176,3177,3178,-1,3178,3177,3179,-1,3180,3181,3179,-1,3179,3181,3178,-1,3153,3151,3182,-1,3182,3151,3181,-1,3182,3181,3183,-1,3183,3181,3180,-1,3183,3180,3184,-1,3184,3180,3185,-1,3184,3185,3186,-1,3186,3185,3187,-1,3186,3187,3188,-1,3188,3187,3189,-1,3188,3189,3190,-1,3190,3189,3191,-1,3190,3191,3152,-1,3152,3191,3150,-1,3155,3154,3189,-1,3189,3154,3191,-1,3191,3154,3156,-1,3160,3162,3150,-1,3191,3156,3150,-1,3150,3156,3158,-1,3150,3158,3160,-1,3162,3164,3150,-1,3150,3164,3166,-1,3150,3166,3151,-1,3151,3166,3168,-1,3151,3168,3170,-1,3170,3172,3151,-1,3151,3172,3174,-1,3151,3174,3181,-1,3181,3174,3176,-1,3181,3176,3178,-1,3173,3171,3185,-1,3180,3179,3177,-1,3163,3161,3187,-1,3187,3161,3159,-1,3187,3159,3189,-1,3189,3159,3157,-1,3189,3157,3155,-1,3180,3177,3185,-1,3185,3177,3175,-1,3185,3175,3173,-1,3171,3169,3185,-1,3185,3169,3167,-1,3185,3167,3187,-1,3187,3167,3165,-1,3187,3165,3163,-1,3192,3193,3194,-1,3194,3193,3195,-1,3196,3197,3198,-1,3198,3197,3199,-1,3198,3199,3200,-1,3200,3199,3201,-1,3200,3201,3202,-1,3202,3201,3203,-1,3202,3203,3204,-1,3204,3203,3205,-1,3204,3205,3206,-1,3206,3205,3207,-1,3206,3207,3208,-1,3208,3207,3209,-1,3208,3209,3210,-1,3210,3209,3211,-1,3210,3211,3212,-1,3212,3211,3213,-1,3212,3213,3214,-1,3214,3213,3215,-1,3214,3215,3216,-1,3216,3215,3217,-1,3216,3217,3218,-1,3218,3217,3219,-1,3218,3219,3220,-1,3220,3219,3221,-1,3222,3223,3221,-1,3221,3223,3220,-1,3195,3193,3224,-1,3224,3193,3223,-1,3224,3223,3225,-1,3225,3223,3222,-1,3225,3222,3226,-1,3226,3222,3227,-1,3226,3227,3228,-1,3228,3227,3229,-1,3228,3229,3230,-1,3230,3229,3231,-1,3230,3231,3232,-1,3232,3231,3233,-1,3232,3233,3194,-1,3194,3233,3192,-1,3197,3196,3231,-1,3231,3196,3233,-1,3233,3196,3198,-1,3202,3204,3192,-1,3233,3198,3192,-1,3192,3198,3200,-1,3192,3200,3202,-1,3212,3214,3193,-1,3193,3214,3216,-1,3193,3216,3223,-1,3223,3216,3218,-1,3223,3218,3220,-1,3204,3206,3192,-1,3192,3206,3208,-1,3192,3208,3193,-1,3193,3208,3210,-1,3193,3210,3212,-1,3222,3221,3219,-1,3215,3213,3227,-1,3222,3219,3227,-1,3227,3219,3217,-1,3227,3217,3215,-1,3205,3203,3229,-1,3229,3203,3201,-1,3229,3201,3231,-1,3231,3201,3199,-1,3231,3199,3197,-1,3213,3211,3227,-1,3227,3211,3209,-1,3227,3209,3229,-1,3229,3209,3207,-1,3229,3207,3205,-1,3234,3235,3236,-1,3236,3235,3237,-1,3238,3239,3240,-1,3240,3239,3241,-1,3240,3241,3242,-1,3242,3241,3243,-1,3242,3243,3244,-1,3244,3243,3245,-1,3244,3245,3246,-1,3246,3245,3247,-1,3246,3247,3248,-1,3248,3247,3249,-1,3248,3249,3250,-1,3250,3249,3251,-1,3250,3251,3252,-1,3252,3251,3253,-1,3252,3253,3254,-1,3254,3253,3255,-1,3254,3255,3256,-1,3256,3255,3257,-1,3256,3257,3258,-1,3258,3257,3259,-1,3258,3259,3260,-1,3260,3259,3261,-1,3260,3261,3262,-1,3262,3261,3263,-1,3264,3265,3263,-1,3263,3265,3262,-1,3237,3235,3266,-1,3266,3235,3265,-1,3266,3265,3267,-1,3267,3265,3264,-1,3267,3264,3268,-1,3268,3264,3269,-1,3268,3269,3270,-1,3270,3269,3271,-1,3270,3271,3272,-1,3272,3271,3273,-1,3272,3273,3274,-1,3274,3273,3275,-1,3274,3275,3236,-1,3236,3275,3234,-1,3239,3238,3273,-1,3273,3238,3275,-1,3275,3238,3240,-1,3244,3246,3234,-1,3275,3240,3234,-1,3234,3240,3242,-1,3234,3242,3244,-1,3246,3248,3234,-1,3234,3248,3250,-1,3234,3250,3235,-1,3235,3250,3252,-1,3235,3252,3254,-1,3254,3256,3235,-1,3235,3256,3258,-1,3235,3258,3265,-1,3265,3258,3260,-1,3265,3260,3262,-1,3264,3263,3261,-1,3257,3255,3269,-1,3247,3245,3271,-1,3271,3245,3243,-1,3271,3243,3273,-1,3273,3243,3241,-1,3273,3241,3239,-1,3264,3261,3269,-1,3269,3261,3259,-1,3269,3259,3257,-1,3255,3253,3269,-1,3269,3253,3251,-1,3269,3251,3271,-1,3271,3251,3249,-1,3271,3249,3247,-1,3276,3277,3278,-1,3278,3277,3279,-1,3280,3281,3282,-1,3282,3281,3283,-1,3282,3283,3284,-1,3284,3283,3285,-1,3284,3285,3286,-1,3286,3285,3287,-1,3286,3287,3288,-1,3288,3287,3289,-1,3288,3289,3290,-1,3290,3289,3291,-1,3290,3291,3292,-1,3292,3291,3293,-1,3292,3293,3294,-1,3294,3293,3295,-1,3294,3295,3296,-1,3296,3295,3297,-1,3296,3297,3298,-1,3298,3297,3299,-1,3298,3299,3300,-1,3300,3299,3301,-1,3300,3301,3302,-1,3302,3301,3303,-1,3302,3303,3304,-1,3304,3303,3305,-1,3306,3307,3305,-1,3305,3307,3304,-1,3279,3277,3308,-1,3308,3277,3307,-1,3308,3307,3309,-1,3309,3307,3306,-1,3309,3306,3310,-1,3310,3306,3311,-1,3310,3311,3312,-1,3312,3311,3313,-1,3312,3313,3314,-1,3314,3313,3315,-1,3314,3315,3316,-1,3316,3315,3317,-1,3316,3317,3278,-1,3278,3317,3276,-1,3281,3280,3315,-1,3315,3280,3317,-1,3317,3280,3282,-1,3286,3288,3276,-1,3317,3282,3276,-1,3276,3282,3284,-1,3276,3284,3286,-1,3296,3298,3277,-1,3277,3298,3300,-1,3277,3300,3307,-1,3307,3300,3302,-1,3307,3302,3304,-1,3288,3290,3276,-1,3276,3290,3292,-1,3276,3292,3277,-1,3277,3292,3294,-1,3277,3294,3296,-1,3306,3305,3303,-1,3299,3297,3311,-1,3306,3303,3311,-1,3311,3303,3301,-1,3311,3301,3299,-1,3289,3287,3313,-1,3313,3287,3285,-1,3313,3285,3315,-1,3315,3285,3283,-1,3315,3283,3281,-1,3297,3295,3311,-1,3311,3295,3293,-1,3311,3293,3313,-1,3313,3293,3291,-1,3313,3291,3289,-1,3318,3319,3320,-1,3320,3319,3321,-1,3322,3323,3324,-1,3324,3323,3325,-1,3324,3325,3326,-1,3326,3325,3327,-1,3326,3327,3328,-1,3328,3327,3329,-1,3328,3329,3330,-1,3330,3329,3331,-1,3330,3331,3332,-1,3332,3331,3333,-1,3332,3333,3334,-1,3334,3333,3335,-1,3334,3335,3336,-1,3336,3335,3337,-1,3336,3337,3338,-1,3338,3337,3339,-1,3338,3339,3340,-1,3340,3339,3341,-1,3340,3341,3342,-1,3342,3341,3343,-1,3342,3343,3344,-1,3344,3343,3345,-1,3344,3345,3346,-1,3346,3345,3347,-1,3348,3349,3347,-1,3347,3349,3346,-1,3321,3319,3350,-1,3350,3319,3349,-1,3350,3349,3351,-1,3351,3349,3348,-1,3351,3348,3352,-1,3352,3348,3353,-1,3352,3353,3354,-1,3354,3353,3355,-1,3354,3355,3356,-1,3356,3355,3357,-1,3356,3357,3358,-1,3358,3357,3359,-1,3358,3359,3320,-1,3320,3359,3318,-1,3323,3322,3357,-1,3357,3322,3359,-1,3359,3322,3324,-1,3328,3330,3318,-1,3359,3324,3318,-1,3318,3324,3326,-1,3318,3326,3328,-1,3330,3332,3318,-1,3318,3332,3334,-1,3318,3334,3319,-1,3319,3334,3336,-1,3319,3336,3338,-1,3338,3340,3319,-1,3319,3340,3342,-1,3319,3342,3349,-1,3349,3342,3344,-1,3349,3344,3346,-1,3348,3347,3345,-1,3341,3339,3353,-1,3339,3337,3353,-1,3353,3337,3335,-1,3353,3335,3355,-1,3355,3335,3333,-1,3355,3333,3331,-1,3348,3345,3353,-1,3353,3345,3343,-1,3353,3343,3341,-1,3331,3329,3355,-1,3355,3329,3327,-1,3355,3327,3357,-1,3357,3327,3325,-1,3357,3325,3323,-1,3360,3361,3362,-1,3362,3361,3363,-1,3364,3360,3365,-1,3365,3360,3362,-1,3366,3364,3367,-1,3367,3364,3365,-1,3361,3366,3363,-1,3363,3366,3367,-1,3364,3366,3360,-1,3360,3366,3361,-1,3368,3369,3370,-1,3370,3369,3371,-1,3372,3368,3373,-1,3373,3368,3370,-1,3374,3372,3375,-1,3375,3372,3373,-1,3369,3374,3371,-1,3371,3374,3375,-1,3372,3374,3368,-1,3368,3374,3369,-1,3376,3377,3378,-1,3378,3377,3379,-1,3380,3376,3381,-1,3381,3376,3378,-1,3382,3380,3383,-1,3383,3380,3381,-1,3377,3382,3379,-1,3379,3382,3383,-1,3380,3382,3376,-1,3376,3382,3377,-1,3384,3385,3386,-1,3386,3385,3387,-1,3388,3384,3389,-1,3389,3384,3386,-1,3390,3388,3391,-1,3391,3388,3389,-1,3385,3390,3387,-1,3387,3390,3391,-1,3388,3390,3384,-1,3384,3390,3385,-1,3392,3393,3394,-1,3394,3393,3395,-1,3396,3392,3397,-1,3397,3392,3394,-1,3398,3396,3399,-1,3399,3396,3397,-1,3393,3398,3395,-1,3395,3398,3399,-1,3396,3398,3392,-1,3392,3398,3393,-1,3400,3401,3402,-1,3402,3401,3403,-1,3404,3400,3405,-1,3405,3400,3402,-1,3406,3404,3407,-1,3407,3404,3405,-1,3401,3406,3403,-1,3403,3406,3407,-1,3404,3406,3400,-1,3400,3406,3401,-1,3408,3409,3410,-1,3410,3409,3411,-1,3412,3408,3413,-1,3413,3408,3410,-1,3414,3412,3415,-1,3415,3412,3413,-1,3409,3414,3411,-1,3411,3414,3415,-1,3412,3414,3408,-1,3408,3414,3409,-1,3416,3417,3418,-1,3418,3417,3419,-1,3420,3416,3421,-1,3421,3416,3418,-1,3422,3420,3423,-1,3423,3420,3421,-1,3417,3422,3419,-1,3419,3422,3423,-1,3420,3422,3416,-1,3416,3422,3417,-1,3424,3425,3426,-1,3426,3425,3427,-1,3428,3424,3429,-1,3429,3424,3426,-1,3430,3428,3431,-1,3431,3428,3429,-1,3425,3430,3427,-1,3427,3430,3431,-1,3428,3430,3424,-1,3424,3430,3425,-1,3432,3433,3434,-1,3434,3433,3435,-1,3436,3432,3437,-1,3437,3432,3434,-1,3438,3436,3439,-1,3439,3436,3437,-1,3433,3438,3435,-1,3435,3438,3439,-1,3436,3438,3432,-1,3432,3438,3433,-1,3440,3441,3442,-1,3442,3441,3443,-1,3444,3440,3445,-1,3445,3440,3442,-1,3446,3444,3447,-1,3447,3444,3445,-1,3441,3446,3443,-1,3443,3446,3447,-1,3444,3446,3440,-1,3440,3446,3441,-1,3448,3449,3450,-1,3450,3449,3451,-1,3452,3448,3453,-1,3453,3448,3450,-1,3454,3452,3455,-1,3455,3452,3453,-1,3449,3454,3451,-1,3451,3454,3455,-1,3452,3454,3448,-1,3448,3454,3449,-1,3456,3457,3458,-1,3458,3457,3459,-1,3460,3456,3461,-1,3461,3456,3458,-1,3462,3460,3463,-1,3463,3460,3461,-1,3457,3462,3459,-1,3459,3462,3463,-1,3460,3462,3456,-1,3456,3462,3457,-1,3464,3465,3466,-1,3466,3465,3467,-1,3468,3464,3469,-1,3469,3464,3466,-1,3470,3468,3471,-1,3471,3468,3469,-1,3465,3470,3467,-1,3467,3470,3471,-1,3468,3470,3464,-1,3464,3470,3465,-1,3472,3473,3474,-1,3474,3473,3475,-1,3476,3472,3477,-1,3477,3472,3474,-1,3478,3476,3479,-1,3479,3476,3477,-1,3473,3478,3475,-1,3475,3478,3479,-1,3476,3478,3472,-1,3472,3478,3473,-1,3480,3481,3482,-1,3482,3481,3483,-1,3484,3480,3485,-1,3485,3480,3482,-1,3486,3484,3487,-1,3487,3484,3485,-1,3481,3486,3483,-1,3483,3486,3487,-1,3484,3486,3480,-1,3480,3486,3481,-1,3488,3489,3490,-1,3490,3489,3491,-1,3492,3488,3493,-1,3493,3488,3490,-1,3494,3492,3495,-1,3495,3492,3493,-1,3489,3494,3491,-1,3491,3494,3495,-1,3492,3494,3488,-1,3488,3494,3489,-1,3496,3497,3498,-1,3498,3497,3499,-1,3500,3496,3501,-1,3501,3496,3498,-1,3502,3500,3503,-1,3503,3500,3501,-1,3497,3502,3499,-1,3499,3502,3503,-1,3500,3502,3496,-1,3496,3502,3497,-1,3504,3505,3506,-1,3506,3505,3507,-1,3508,3504,3509,-1,3509,3504,3506,-1,3510,3508,3511,-1,3511,3508,3509,-1,3505,3510,3507,-1,3507,3510,3511,-1,3508,3510,3504,-1,3504,3510,3505,-1,3512,3513,3514,-1,3514,3513,3515,-1,3516,3512,3517,-1,3517,3512,3514,-1,3518,3516,3519,-1,3519,3516,3517,-1,3513,3518,3515,-1,3515,3518,3519,-1,3516,3518,3512,-1,3512,3518,3513,-1,3520,3521,3522,-1,3522,3521,3523,-1,3524,3520,3525,-1,3525,3520,3522,-1,3526,3524,3527,-1,3527,3524,3525,-1,3521,3526,3523,-1,3523,3526,3527,-1,3524,3526,3520,-1,3520,3526,3521,-1,3528,3529,3530,-1,3530,3529,3531,-1,3532,3528,3533,-1,3533,3528,3530,-1,3534,3532,3535,-1,3535,3532,3533,-1,3529,3534,3531,-1,3531,3534,3535,-1,3532,3534,3528,-1,3528,3534,3529,-1,3536,3537,3538,-1,3538,3537,3539,-1,3540,3536,3541,-1,3541,3536,3538,-1,3542,3540,3543,-1,3543,3540,3541,-1,3537,3542,3539,-1,3539,3542,3543,-1,3540,3542,3536,-1,3536,3542,3537,-1,3544,3545,3546,-1,3546,3545,3547,-1,3548,3544,3549,-1,3549,3544,3546,-1,3550,3548,3551,-1,3551,3548,3549,-1,3545,3550,3547,-1,3547,3550,3551,-1,3548,3550,3544,-1,3544,3550,3545,-1,3552,3553,3554,-1,3554,3553,3555,-1,3556,3552,3557,-1,3557,3552,3554,-1,3558,3556,3559,-1,3559,3556,3557,-1,3553,3558,3555,-1,3555,3558,3559,-1,3556,3558,3552,-1,3552,3558,3553,-1,3560,3561,3562,-1,3562,3561,3563,-1,3564,3560,3565,-1,3565,3560,3562,-1,3566,3564,3567,-1,3567,3564,3565,-1,3561,3566,3563,-1,3563,3566,3567,-1,3564,3566,3560,-1,3560,3566,3561,-1,3568,3569,3570,-1,3570,3569,3571,-1,3572,3568,3573,-1,3573,3568,3570,-1,3574,3572,3575,-1,3575,3572,3573,-1,3569,3574,3571,-1,3571,3574,3575,-1,3572,3574,3568,-1,3568,3574,3569,-1,3576,3577,3578,-1,3578,3577,3579,-1,3580,3576,3581,-1,3581,3576,3578,-1,3582,3580,3583,-1,3583,3580,3581,-1,3577,3582,3579,-1,3579,3582,3583,-1,3580,3582,3576,-1,3576,3582,3577,-1,3584,3585,3586,-1,3586,3585,3587,-1,3588,3584,3589,-1,3589,3584,3586,-1,3590,3588,3591,-1,3591,3588,3589,-1,3585,3590,3587,-1,3587,3590,3591,-1,3588,3590,3584,-1,3584,3590,3585,-1,3592,3593,3594,-1,3594,3593,3595,-1,3596,3592,3597,-1,3597,3592,3594,-1,3598,3596,3599,-1,3599,3596,3597,-1,3593,3598,3595,-1,3595,3598,3599,-1,3596,3598,3592,-1,3592,3598,3593,-1,3600,3601,3602,-1,3602,3601,3603,-1,3604,3600,3605,-1,3605,3600,3602,-1,3606,3604,3607,-1,3607,3604,3605,-1,3601,3606,3603,-1,3603,3606,3607,-1,3604,3606,3600,-1,3600,3606,3601,-1,3608,3609,3610,-1,3610,3609,3611,-1,3612,3608,3613,-1,3613,3608,3610,-1,3614,3612,3615,-1,3615,3612,3613,-1,3609,3614,3611,-1,3611,3614,3615,-1,3612,3614,3608,-1,3608,3614,3609,-1,3616,3617,3618,-1,3618,3617,3619,-1,3620,3616,3621,-1,3621,3616,3618,-1,3622,3620,3623,-1,3623,3620,3621,-1,3617,3622,3619,-1,3619,3622,3623,-1,3620,3622,3616,-1,3616,3622,3617,-1,3624,3625,3626,-1,3626,3625,3627,-1,3628,3624,3629,-1,3629,3624,3626,-1,3630,3628,3631,-1,3631,3628,3629,-1,3625,3630,3627,-1,3627,3630,3631,-1,3628,3630,3624,-1,3624,3630,3625,-1,3632,3633,3634,-1,3634,3633,3635,-1,3636,3632,3637,-1,3637,3632,3634,-1,3638,3636,3639,-1,3639,3636,3637,-1,3633,3638,3635,-1,3635,3638,3639,-1,3636,3638,3632,-1,3632,3638,3633,-1,3640,3641,3642,-1,3642,3641,3643,-1,3644,3640,3645,-1,3645,3640,3642,-1,3646,3644,3647,-1,3647,3644,3645,-1,3641,3646,3643,-1,3643,3646,3647,-1,3644,3646,3640,-1,3640,3646,3641,-1,3648,3649,3650,-1,3650,3649,3651,-1,3652,3648,3653,-1,3653,3648,3650,-1,3654,3652,3655,-1,3655,3652,3653,-1,3649,3654,3651,-1,3651,3654,3655,-1,3652,3654,3648,-1,3648,3654,3649,-1,3656,3657,3658,-1,3658,3657,3659,-1,3660,3656,3661,-1,3661,3656,3658,-1,3662,3660,3663,-1,3663,3660,3661,-1,3657,3662,3659,-1,3659,3662,3663,-1,3660,3662,3656,-1,3656,3662,3657,-1,3664,3665,3666,-1,3666,3665,3667,-1,3668,3664,3669,-1,3669,3664,3666,-1,3670,3668,3671,-1,3671,3668,3669,-1,3665,3670,3667,-1,3667,3670,3671,-1,3668,3670,3664,-1,3664,3670,3665,-1,3672,3673,3674,-1,3674,3673,3675,-1,3676,3672,3677,-1,3677,3672,3674,-1,3678,3676,3679,-1,3679,3676,3677,-1,3673,3678,3675,-1,3675,3678,3679,-1,3676,3678,3672,-1,3672,3678,3673,-1,3680,3681,3682,-1,3682,3681,3683,-1,3684,3680,3685,-1,3685,3680,3682,-1,3686,3684,3687,-1,3687,3684,3685,-1,3681,3686,3683,-1,3683,3686,3687,-1,3684,3686,3680,-1,3680,3686,3681,-1,3688,3689,3690,-1,3690,3689,3691,-1,3692,3688,3693,-1,3693,3688,3690,-1,3694,3692,3695,-1,3695,3692,3693,-1,3689,3694,3691,-1,3691,3694,3695,-1,3692,3694,3688,-1,3688,3694,3689,-1,3696,3697,3698,-1,3698,3697,3699,-1,3700,3696,3701,-1,3701,3696,3698,-1,3702,3700,3703,-1,3703,3700,3701,-1,3697,3702,3699,-1,3699,3702,3703,-1,3700,3702,3696,-1,3696,3702,3697,-1,3704,3705,3706,-1,3706,3705,3707,-1,3708,3704,3709,-1,3709,3704,3706,-1,3710,3708,3711,-1,3711,3708,3709,-1,3705,3710,3707,-1,3707,3710,3711,-1,3708,3710,3704,-1,3704,3710,3705,-1,
        ]
    }
}
Shape{
    appearance Appearance {
        material  Material 	{
            diffuseColor 0.7529411764705882 0.7529411764705882 0.7529411764705882
            specularColor 0.3764705882352941 0.3764705882352941 0.3764705882352941
            ambientIntensity 0.7529
            transparency 0.0
            shininess 0.5
        }
    }
    geometry IndexedFaceSet {
        ccw TRUE
        solid FALSE
        coord DEF co Coordinate {
            point [
                -3.4965 3.2901 0.9488, -3.4965 3.2901 0.9528, -3.5056 3.3588 0.9488, -3.5056 3.3588 0.9528, -3.5321 3.4228 0.9488, -3.5321 3.4228 0.9528, -3.5743 3.4778 0.9488, -3.5743 3.4778 0.9528, -3.6293 3.52 0.9488, -3.6293 3.52 0.9528, -3.6933 3.5465 0.9488, -3.6933 3.5465 0.9528, -3.762 3.5555 0.9488, -3.762 3.5555 0.9528, -3.8307 3.5465 0.9488, -3.8307 3.5465 0.9528, -3.8947 3.52 0.9488, -3.8947 3.52 0.9528, -3.9496 3.4778 0.9488, -3.9496 3.4778 0.9528, -3.9918 3.4228 0.9488, -3.9918 3.4228 0.9528, -4.0183 3.3588 0.9488, -4.0183 3.3588 0.9528, -4.0274 3.2901 0.9488, -4.0274 3.2901 0.9528, -4.0183 3.2214 0.9488, -4.0183 3.2214 0.9528, -3.9918 3.1574 0.9488, -3.9918 3.1574 0.9528, -3.9496 3.1024 0.9488, -3.9496 3.1024 0.9528, -3.8947 3.0602 0.9488, -3.8947 3.0602 0.9528, -3.8307 3.0337 0.9488, -3.8307 3.0337 0.9528, -3.762 3.0247 0.9488, -3.762 3.0247 0.9528, -3.6933 3.0337 0.9488, -3.6933 3.0337 0.9528, -3.6293 3.0602 0.9488, -3.6293 3.0602 0.9528, -3.5743 3.1024 0.9488, -3.5743 3.1024 0.9528, -3.5321 3.1574 0.9488, -3.5321 3.1574 0.9528, -3.5056 3.2214 0.9488, -3.5056 3.2214 0.9528, -3.762 3.2901 0.9488
            ]
        }
        coordIndex [
            0,1,2,-1,2,1,3,-1,2,3,4,-1,4,3,5,-1,4,5,6,-1,6,5,7,-1,6,7,8,-1,8,7,9,-1,8,9,10,-1,10,9,11,-1,10,11,12,-1,12,11,13,-1,12,13,14,-1,14,13,15,-1,14,15,16,-1,16,15,17,-1,16,17,18,-1,18,17,19,-1,18,19,20,-1,20,19,21,-1,20,21,22,-1,22,21,23,-1,22,23,24,-1,24,23,25,-1,24,25,26,-1,26,25,27,-1,26,27,28,-1,28,27,29,-1,28,29,30,-1,30,29,31,-1,30,31,32,-1,32,31,33,-1,32,33,34,-1,34,33,35,-1,34,35,36,-1,36,35,37,-1,36,37,38,-1,38,37,39,-1,38,39,40,-1,40,39,41,-1,40,41,42,-1,42,41,43,-1,42,43,44,-1,44,43,45,-1,44,45,46,-1,46,45,47,-1,46,47,0,-1,0,47,1,-1,44,46,48,-1,48,46,0,-1,48,0,2,-1,38,40,48,-1,48,40,42,-1,48,42,44,-1,32,34,48,-1,48,34,36,-1,48,36,38,-1,26,28,48,-1,48,28,30,-1,48,30,32,-1,20,22,48,-1,48,22,24,-1,48,24,26,-1,14,16,48,-1,48,16,18,-1,48,18,20,-1,8,10,48,-1,48,10,12,-1,48,12,14,-1,2,4,48,-1,48,4,6,-1,48,6,8,-1,
        ]
    }
}
Shape{
    appearance Appearance {
        material  Material 	{
            diffuseColor 0.6470588235294118 0.5176470588235295 0.0
            specularColor 0.45098039215686275 0.3607843137254902 0.0
            ambientIntensity 0.4973
            transparency 0.0
            shininess 0.5
        }
    }
    geometry IndexedFaceSet {
        ccw TRUE
        solid FALSE
        coord DEF co Coordinate {
            point [
                1.2402 -1.2205 0.0079, 1.2315 -1.1542 0.0039, 1.2315 -1.1542 0.0079, 1.2059 -1.0925 0.0039, 1.2059 -1.0925 0.0079, 1.1652 -1.0395 0.0039, 1.1652 -1.0395 0.0079, 1.1122 -0.9989 0.0039, 1.1122 -0.9989 0.0079, 1.0505 -0.9733 0.0039, 1.0505 -0.9733 0.0079, 0.9843 -0.9646 0.0039, 0.9843 -0.9646 0.0079, 0.918 -0.9733 0.0039, 0.918 -0.9733 0.0079, 0.8563 -0.9989 0.0039, 0.8563 -0.9989 0.0079, 0.8033 -1.0395 0.0039, 0.8033 -1.0395 0.0079, 0.7627 -1.0925 0.0039, 0.7627 -1.0925 0.0079, 0.7371 -1.1542 0.0039, 0.7371 -1.1542 0.0079, 0.7284 -1.2205 0.0039, 0.7284 -1.2205 0.0079, 0.7371 -1.2867 0.0039, 0.7371 -1.2867 0.0079, 0.7627 -1.3484 0.0039, 0.7627 -1.3484 0.0079, 0.8033 -1.4014 0.0039, 0.8033 -1.4014 0.0079, 0.8563 -1.4421 0.0039, 0.8563 -1.4421 0.0079, 0.918 -1.4677 0.0039, 0.918 -1.4677 0.0079, 0.9843 -1.4764 0.0039, 0.9843 -1.4764 0.0079, 1.0505 -1.4677 0.0039, 1.0505 -1.4677 0.0079, 1.1122 -1.4421 0.0039, 1.1122 -1.4421 0.0079, 1.1652 -1.4014 0.0039, 1.1652 -1.4014 0.0079, 1.2059 -1.3484 0.0039, 1.2059 -1.3484 0.0079, 1.2315 -1.2867 0.0039, 1.2315 -1.2867 0.0079, 1.2402 -1.2205 0.0039, 0.9843 -1.2205 0.0039
            ]
        }
        coordIndex [
            0,1,2,-1,2,1,3,-1,2,3,4,-1,4,3,5,-1,4,5,6,-1,6,5,7,-1,6,7,8,-1,8,7,9,-1,8,9,10,-1,10,9,11,-1,10,11,12,-1,12,11,13,-1,12,13,14,-1,14,13,15,-1,14,15,16,-1,16,15,17,-1,16,17,18,-1,18,17,19,-1,18,19,20,-1,20,19,21,-1,20,21,22,-1,22,21,23,-1,22,23,24,-1,24,23,25,-1,24,25,26,-1,26,25,27,-1,26,27,28,-1,28,27,29,-1,28,29,30,-1,30,29,31,-1,30,31,32,-1,32,31,33,-1,32,33,34,-1,34,33,35,-1,34,35,36,-1,36,35,37,-1,36,37,38,-1,38,37,39,-1,38,39,40,-1,40,39,41,-1,40,41,42,-1,42,41,43,-1,42,43,44,-1,44,43,45,-1,44,45,46,-1,46,45,47,-1,46,47,0,-1,0,47,1,-1,27,25,48,-1,48,25,23,-1,48,23,21,-1,33,31,48,-1,48,31,29,-1,48,29,27,-1,39,37,48,-1,48,37,35,-1,48,35,33,-1,45,43,48,-1,48,43,41,-1,48,41,39,-1,3,1,48,-1,48,1,47,-1,48,47,45,-1,9,7,48,-1,48,7,5,-1,48,5,3,-1,15,13,48,-1,48,13,11,-1,48,11,9,-1,21,19,48,-1,48,19,17,-1,48,17,15,-1,
        ]
    }
}
Shape{
    appearance Appearance {
        material  Material 	{
            diffuseColor 0.7529411764705882 0.7529411764705882 0.7529411764705882
            specularColor 0.3764705882352941 0.3764705882352941 0.3764705882352941
            ambientIntensity 0.7529
            transparency 0.0
            shininess 0.5
        }
    }
    geometry IndexedFaceSet {
        ccw TRUE
        solid FALSE
        coord DEF co Coordinate {
            point [
                -0.5984 0.4198 0.0118, -0.6024 0.4198 0.0118, -0.5984 0.4198 0.0079, -0.6024 0.4198 0.0079, -0.7478 0.1049 0.0118, -0.7478 0.1049 0.0079, -0.7171 0.1049 0.0118, -0.7171 0.1049 0.0079, -0.6705 0.2058 0.0118, -0.6705 0.2058 0.0079, -0.5277 0.2058 0.0118, -0.5277 0.2058 0.0079, -0.4798 0.1049 0.0118, -0.4798 0.1049 0.0079, -0.449 0.1049 0.0118, -0.449 0.1049 0.0079, -0.6556 0.2381 0.0118, -0.5431 0.2381 0.0118, -0.6001 0.3584 0.0118, -0.6556 0.2381 0.0079, -0.6001 0.3584 0.0079, -0.5431 0.2381 0.0079, -0.2478 0.1049 0.0118, -0.1502 0.1049 0.0118, -0.2478 0.1049 0.0079, -0.1502 0.1049 0.0079, -0.1502 0.4198 0.0118, -0.1502 0.4198 0.0079, -0.2138 0.4198 0.0118, -0.2138 0.4198 0.0079, -0.3137 0.4085 0.0118, -0.3137 0.4085 0.0079, -0.2642 0.4179 0.0079, -0.2642 0.4179 0.0118, -0.4086 0.2584 0.0118, -0.4086 0.2584 0.0079, -0.4082 0.273 0.0079, -0.4082 0.273 0.0118, -0.4018 0.3111 0.0079, -0.4018 0.3111 0.0118, -0.3887 0.344 0.0079, -0.3887 0.344 0.0118, -0.3686 0.3724 0.0079, -0.3686 0.3724 0.0118, -0.3456 0.3924 0.0079, -0.3456 0.3924 0.0118, -0.2847 0.1069 0.0079, -0.2847 0.1069 0.0118, -0.3231 0.1157 0.0079, -0.3231 0.1157 0.0118, -0.3468 0.128 0.0079, -0.3468 0.128 0.0118, -0.3704 0.1488 0.0079, -0.3704 0.1488 0.0118, -0.3919 0.1812 0.0079, -0.3919 0.1812 0.0118, -0.4042 0.2163 0.0079, -0.4042 0.2163 0.0118, -0.2493 0.386 0.0118, -0.2974 0.3787 0.0118, -0.3115 0.3735 0.0118, -0.335 0.3598 0.0118, -0.3532 0.342 0.0118, -0.3677 0.319 0.0118, -0.3769 0.2918 0.0118, -0.3803 0.2584 0.0118, -0.3801 0.2497 0.0118, -0.3745 0.2164 0.0118, -0.3641 0.1925 0.0118, -0.3485 0.1719 0.0118, -0.3297 0.1568 0.0118, -0.3046 0.1452 0.0118, -0.2599 0.1384 0.0118, -0.2146 0.1372 0.0118, -0.1785 0.1372 0.0118, -0.1785 0.3875 0.0118, -0.2006 0.3875 0.0118, -0.1785 0.3875 0.0079, -0.1785 0.1372 0.0079, -0.2006 0.3875 0.0079, -0.2493 0.386 0.0079, -0.2974 0.3787 0.0079, -0.3115 0.3735 0.0079, -0.335 0.3598 0.0079, -0.3532 0.342 0.0079, -0.3677 0.319 0.0079, -0.3769 0.2918 0.0079, -0.3803 0.2584 0.0079, -0.3801 0.2497 0.0079, -0.3745 0.2164 0.0079, -0.3641 0.1925 0.0079, -0.3485 0.1719 0.0079, -0.3297 0.1568 0.0079, -0.3046 0.1452 0.0079, -0.2599 0.1384 0.0079, -0.2146 0.1372 0.0079, 0.084 0.1049 0.0118, 0.084 0.4198 0.0118, 0.084 0.1049 0.0079, 0.084 0.4198 0.0079, -0.0937 0.4198 0.0118, -0.0937 0.4198 0.0079, -0.0937 0.3875 0.0118, -0.0937 0.3875 0.0079, 0.0557 0.3875 0.0118, 0.0557 0.3875 0.0079, 0.0557 0.2906 0.0118, 0.0557 0.2906 0.0079, -0.0937 0.2906 0.0118, -0.0937 0.2906 0.0079, -0.0937 0.2583 0.0118, -0.0937 0.2583 0.0079, 0.0557 0.2583 0.0118, 0.0557 0.2583 0.0079, 0.0557 0.1372 0.0118, 0.0557 0.1372 0.0079, -0.0937 0.1372 0.0118, -0.0937 0.1372 0.0079, -0.0937 0.1049 0.0118, -0.0937 0.1049 0.0079, 0.286 0.4279 0.0079, 0.286 0.4279 0.0118, 0.2509 0.4239 0.0079, 0.2402 0.4226 0.0118, 0.2402 0.4226 0.0079, 0.2115 0.4128 0.0118, 0.2115 0.4128 0.0079, 0.1772 0.392 0.0118, 0.1772 0.392 0.0079, 0.1579 0.3736 0.0118, 0.1579 0.3736 0.0079, 0.1486 0.362 0.0118, 0.1486 0.362 0.0079, 0.1734 0.3431 0.0118, 0.1734 0.3431 0.0079, 0.2878 0.3956 0.0118, 0.2878 0.3956 0.0079, 0.2768 0.3952 0.0079, 0.2768 0.3952 0.0118, 0.242 0.3892 0.0079, 0.242 0.3892 0.0118, 0.2282 0.3843 0.0079, 0.2282 0.3843 0.0118, 0.1986 0.3675 0.0079, 0.1986 0.3675 0.0118, 0.4272 0.262 0.0118, 0.4272 0.262 0.0079, 0.4265 0.2768 0.0079, 0.4265 0.2768 0.0118, 0.4198 0.3074 0.0079, 0.4198 0.3074 0.0118, 0.4057 0.3353 0.0079, 0.4057 0.3353 0.0118, 0.3862 0.3582 0.0079, 0.3862 0.3582 0.0118, 0.3572 0.3786 0.0079, 0.3572 0.3786 0.0118, 0.325 0.391 0.0079, 0.325 0.391 0.0118, 0.2859 0.1291 0.0118, 0.2859 0.1291 0.0079, 0.3109 0.1308 0.0079, 0.3109 0.1308 0.0118, 0.3429 0.1391 0.0079, 0.3429 0.1391 0.0118, 0.3734 0.1557 0.0079, 0.3734 0.1557 0.0118, 0.3962 0.1765 0.0079, 0.3962 0.1765 0.0118, 0.4131 0.2012 0.0079, 0.4131 0.2012 0.0118, 0.4231 0.2273 0.0079, 0.4231 0.2273 0.0118, 0.1734 0.1816 0.0118, 0.1734 0.1816 0.0079, 0.1908 0.164 0.0079, 0.1908 0.164 0.0118, 0.2186 0.1449 0.0079, 0.2186 0.1449 0.0118, 0.249 0.1334 0.0079, 0.249 0.1334 0.0118, 0.1486 0.1628 0.0118, 0.1486 0.1628 0.0079, 0.2857 0.0968 0.0118, 0.2857 0.0968 0.0079, 0.2699 0.0974 0.0079, 0.2699 0.0974 0.0118, 0.2448 0.101 0.0079, 0.2448 0.101 0.0118, 0.209 0.1131 0.0079, 0.209 0.1131 0.0118, 0.1764 0.1337 0.0079, 0.1764 0.1337 0.0118, 0.4156 0.1519 0.0118, 0.4156 0.1519 0.0079, 0.4029 0.1388 0.0079, 0.4029 0.1388 0.0118, 0.3725 0.1169 0.0079, 0.3725 0.1169 0.0118, 0.3348 0.1024 0.0079, 0.3348 0.1024 0.0118, 0.4555 0.2642 0.0118, 0.4555 0.2642 0.0079, 0.4511 0.2226 0.0079, 0.4511 0.2226 0.0118, 0.4384 0.1864 0.0079, 0.4384 0.1864 0.0118, 0.3112 0.4264 0.0079, 0.3112 0.4264 0.0118, 0.3219 0.4239 0.0079, 0.3497 0.4173 0.0118, 0.3497 0.4173 0.0079, 0.383 0.4003 0.0079, 0.383 0.4003 0.0118, 0.4158 0.3716 0.0079, 0.4158 0.3716 0.0118, 0.4375 0.3406 0.0079, 0.4375 0.3406 0.0118, 0.4503 0.3072 0.0079, 0.4503 0.3072 0.0118, 0.6413 0.1049 0.0118, 0.6413 0.4198 0.0118, 0.6413 0.1049 0.0079, 0.6413 0.4198 0.0079, 0.613 0.4198 0.0118, 0.613 0.4198 0.0079, 0.613 0.1372 0.0118, 0.613 0.1372 0.0079, 0.4918 0.1372 0.0118, 0.4918 0.1372 0.0079, 0.4918 0.1049 0.0118, 0.4918 0.1049 0.0079
            ]
        }
        coordIndex [
            0,1,2,-1,2,1,3,-1,1,4,3,-1,3,4,5,-1,4,6,5,-1,5,6,7,-1,6,8,7,-1,7,8,9,-1,8,10,9,-1,9,10,11,-1,10,12,11,-1,11,12,13,-1,12,14,13,-1,13,14,15,-1,14,0,15,-1,15,0,2,-1,16,4,1,-1,0,17,1,-1,1,17,18,-1,1,18,16,-1,14,12,10,-1,6,4,8,-1,8,4,16,-1,8,16,10,-1,10,16,17,-1,10,17,14,-1,14,17,0,-1,16,18,19,-1,19,18,20,-1,17,16,21,-1,21,16,19,-1,18,17,20,-1,20,17,21,-1,22,23,24,-1,24,23,25,-1,23,26,25,-1,25,26,27,-1,26,28,27,-1,27,28,29,-1,30,31,32,-1,30,32,33,-1,33,32,29,-1,33,29,28,-1,34,35,36,-1,34,36,37,-1,37,36,38,-1,37,38,39,-1,39,38,40,-1,39,40,41,-1,41,40,42,-1,41,42,43,-1,43,42,44,-1,43,44,45,-1,45,44,31,-1,45,31,30,-1,22,24,46,-1,22,46,47,-1,47,46,48,-1,47,48,49,-1,49,48,50,-1,49,50,51,-1,51,50,52,-1,51,52,53,-1,53,52,54,-1,53,54,55,-1,55,54,56,-1,55,56,57,-1,57,56,35,-1,57,35,34,-1,58,59,30,-1,30,59,60,-1,30,60,45,-1,45,60,61,-1,45,61,43,-1,43,61,62,-1,43,62,41,-1,41,62,63,-1,41,63,39,-1,39,63,64,-1,39,64,37,-1,37,64,65,-1,37,65,34,-1,34,65,66,-1,34,66,57,-1,57,66,67,-1,57,67,55,-1,55,67,68,-1,55,68,53,-1,53,68,69,-1,53,69,51,-1,51,69,70,-1,51,70,49,-1,49,70,71,-1,49,71,47,-1,47,71,72,-1,47,72,22,-1,22,72,73,-1,22,73,23,-1,23,73,74,-1,23,74,26,-1,26,74,75,-1,26,75,28,-1,28,75,76,-1,28,76,33,-1,33,76,58,-1,33,58,30,-1,75,74,77,-1,77,74,78,-1,76,75,79,-1,79,75,77,-1,76,79,80,-1,76,80,58,-1,58,80,81,-1,58,81,59,-1,59,81,82,-1,59,82,60,-1,60,82,83,-1,60,83,61,-1,61,83,84,-1,61,84,62,-1,62,84,85,-1,62,85,63,-1,63,85,86,-1,63,86,64,-1,64,86,87,-1,64,87,65,-1,65,87,88,-1,65,88,66,-1,66,88,89,-1,66,89,67,-1,67,89,90,-1,67,90,68,-1,68,90,91,-1,68,91,69,-1,69,91,92,-1,69,92,70,-1,70,92,93,-1,70,93,71,-1,71,93,94,-1,71,94,72,-1,72,94,95,-1,72,95,73,-1,74,73,78,-1,78,73,95,-1,96,97,98,-1,98,97,99,-1,97,100,99,-1,99,100,101,-1,100,102,101,-1,101,102,103,-1,102,104,103,-1,103,104,105,-1,104,106,105,-1,105,106,107,-1,106,108,107,-1,107,108,109,-1,108,110,109,-1,109,110,111,-1,110,112,111,-1,111,112,113,-1,112,114,113,-1,113,114,115,-1,114,116,115,-1,115,116,117,-1,116,118,117,-1,117,118,119,-1,118,96,119,-1,119,96,98,-1,96,118,116,-1,116,114,96,-1,96,114,112,-1,96,112,97,-1,102,100,104,-1,104,100,97,-1,104,97,106,-1,106,97,112,-1,106,112,108,-1,108,112,110,-1,120,121,122,-1,122,121,123,-1,122,123,124,-1,124,123,125,-1,124,125,126,-1,126,125,127,-1,126,127,128,-1,128,127,129,-1,128,129,130,-1,130,129,131,-1,130,131,132,-1,131,133,132,-1,132,133,134,-1,135,136,137,-1,135,137,138,-1,138,137,139,-1,138,139,140,-1,140,139,141,-1,140,141,142,-1,142,141,143,-1,142,143,144,-1,144,143,134,-1,144,134,133,-1,145,146,147,-1,145,147,148,-1,148,147,149,-1,148,149,150,-1,150,149,151,-1,150,151,152,-1,152,151,153,-1,152,153,154,-1,154,153,155,-1,154,155,156,-1,156,155,157,-1,156,157,158,-1,158,157,136,-1,158,136,135,-1,159,160,161,-1,159,161,162,-1,162,161,163,-1,162,163,164,-1,164,163,165,-1,164,165,166,-1,166,165,167,-1,166,167,168,-1,168,167,169,-1,168,169,170,-1,170,169,171,-1,170,171,172,-1,172,171,146,-1,172,146,145,-1,173,174,175,-1,173,175,176,-1,176,175,177,-1,176,177,178,-1,178,177,179,-1,178,179,180,-1,180,179,160,-1,180,160,159,-1,173,181,174,-1,174,181,182,-1,183,184,185,-1,183,185,186,-1,186,185,187,-1,186,187,188,-1,188,187,189,-1,188,189,190,-1,190,189,191,-1,190,191,192,-1,192,191,182,-1,192,182,181,-1,193,194,195,-1,193,195,196,-1,196,195,197,-1,196,197,198,-1,198,197,199,-1,198,199,200,-1,200,199,184,-1,200,184,183,-1,201,202,203,-1,201,203,204,-1,204,203,205,-1,204,205,206,-1,206,205,194,-1,206,194,193,-1,121,120,207,-1,121,207,208,-1,208,207,209,-1,208,209,210,-1,209,211,210,-1,210,211,212,-1,210,212,213,-1,213,212,214,-1,213,214,215,-1,215,214,216,-1,215,216,217,-1,217,216,218,-1,217,218,219,-1,219,218,202,-1,219,202,201,-1,133,131,129,-1,181,173,192,-1,192,173,176,-1,192,176,190,-1,190,176,178,-1,190,178,188,-1,188,178,180,-1,188,180,186,-1,186,180,159,-1,133,129,144,-1,144,129,127,-1,144,127,142,-1,142,127,125,-1,142,125,140,-1,140,125,123,-1,140,123,138,-1,138,123,121,-1,138,121,135,-1,135,121,208,-1,135,208,158,-1,158,208,210,-1,158,210,156,-1,156,210,213,-1,156,213,154,-1,154,213,215,-1,154,215,152,-1,152,215,217,-1,152,217,150,-1,150,217,219,-1,150,219,148,-1,148,219,201,-1,148,201,145,-1,145,201,172,-1,172,201,204,-1,172,204,170,-1,170,204,206,-1,170,206,168,-1,168,206,193,-1,168,193,166,-1,166,193,196,-1,166,196,164,-1,164,196,198,-1,164,198,162,-1,162,198,200,-1,162,200,159,-1,159,200,183,-1,159,183,186,-1,220,221,222,-1,222,221,223,-1,221,224,223,-1,223,224,225,-1,224,226,225,-1,225,226,227,-1,226,228,227,-1,227,228,229,-1,228,230,229,-1,229,230,231,-1,230,220,231,-1,231,220,222,-1,224,221,226,-1,226,221,220,-1,226,220,228,-1,228,220,230,-1,
        ]
    }
}
Shape{
    appearance Appearance {
        material  Material 	{
            diffuseColor 0.0 0.5019607843137255 0.25098039215686274
            specularColor 0.0 0.25098039215686274 0.12549019607843137
            ambientIntensity 0.3233
            transparency 0.0
            shininess 0.5
        }
    }
    geometry IndexedFaceSet {
        ccw TRUE
        solid FALSE
        coord DEF co Coordinate {
            point [
                -0.6001 0.3584 0.0079, -0.5431 0.2381 0.0079, -0.6556 0.2381 0.0079, -0.1785 0.3875 0.0079, -0.1785 0.1372 0.0079, -0.2006 0.3875 0.0079, -0.2146 0.1372 0.0079, -0.2493 0.386 0.0079, -0.2599 0.1384 0.0079, -0.2974 0.3787 0.0079, -0.3641 0.1925 0.0079, -0.3745 0.2164 0.0079, -0.3801 0.2497 0.0079, -0.3803 0.2584 0.0079, -0.3046 0.1452 0.0079, -0.3297 0.1568 0.0079, -0.3485 0.1719 0.0079, -0.3769 0.2918 0.0079, -0.3677 0.319 0.0079, -0.3532 0.342 0.0079, -0.335 0.3598 0.0079, -0.3115 0.3735 0.0079
            ]
        }
        coordIndex [
            0,1,2,-1,3,4,5,-1,5,4,6,-1,5,6,7,-1,7,6,8,-1,7,8,9,-1,10,11,8,-1,8,11,12,-1,8,12,13,-1,14,15,8,-1,8,15,16,-1,8,16,10,-1,13,17,8,-1,8,17,18,-1,8,18,19,-1,19,20,8,-1,8,20,21,-1,8,21,9,-1,
        ]
    }
}