#VRML V2.0 utf8
# 3D model generated by easyeda2kicad.py (https://github.com/uPesy/easyeda2kicad.py)

Shape{
    appearance Appearance {
        material  Material 	{
            diffuseColor 0.0 0.5019607843137255 0.0
            specularColor 0.0 0.25098039215686274 0.0
            ambientIntensity 0.2947
            transparency 0.0
            shininess 0.5
        }
    }
    geometry IndexedFaceSet {
        ccw TRUE
        solid FALSE
        coord DEF co Coordinate {
            point [
                -2.6955 -3.0906 0.0039, -3.0235 -3.0906 0.0039, -3.0235 -2.6969 0.0039, 0.5807 -0.7972 0.0039, 0.4921 -0.7972 0.0039, 0.4921 -0.2756 0.0039, 3.0709 0.2953 0.0039, 3.4646 0.2953 0.0039, 3.4646 0.2756 0.0039, 3.0709 -0.1378 0.0039, 3.4646 -0.1378 0.0039, 3.4646 -0.2756 0.0039, 1.8307 -3.0906 0.0039, 1.7224 -3.0906 0.0039, 1.7224 -2.6969 0.0039, 1.3976 -3.0906 0.0039, 1.2008 -3.0906 0.0039, 1.2008 -2.6969 0.0039, 0.8268 -3.0906 0.0039, 0.7677 -3.0906 0.0039, 0.7677 -2.6969 0.0039, 0.5315 -3.0906 0.0039, 0.3346 -3.0906 0.0039, 0.3346 -2.6969 0.0039, -1.6339 -3.0906 0.0039, -1.7224 -3.0906 0.0039, -1.7224 -2.6969 0.0039, -2.0669 -3.0906 0.0039, -2.2638 -3.0906 0.0039, -2.2638 -2.6969 0.0039, -3.0709 1.8701 0.0039, -3.4646 1.8701 0.0039, -3.4646 2.0265 0.0039, 3.4238 2.9384 0.0039, 3.4646 2.9331 0.0039, 3.4646 2.0265 0.0039, -1.8307 2.6969 0.0039, -1.8307 3.0906 0.0039, -1.7224 3.0906 0.0039, 1.7717 1.9094 0.0039, 1.9488 1.9094 0.0039, 1.9488 1.7224 0.0039, -0.1575 1.2402 0.0039, 0.0 1.2402 0.0039, 0.0 1.0925 0.0039, 0.1575 1.6339 0.0039, 0.0 1.6339 0.0039, 0.0 1.7224 0.0039, 1.811 1.6339 0.0039, 1.7224 1.6339 0.0039, 1.7224 1.7224 0.0039, 1.4961 1.2402 0.0039, 1.7224 1.2402 0.0039, 1.7224 1.0925 0.0039, 3.0709 1.1614 0.0039, 3.4646 1.1614 0.0039, 3.4646 1.0925 0.0039, 0.689 -0.0984 0.0039, 0.689 -0.2756 0.0039, 0.5807 -0.2756 0.0039, 0.689 -0.7972 0.0039, 0.5807 0.2756 0.0039, 0.689 0.2756 0.0039, 0.689 0.0984 0.0039, 0.8268 0.0984 0.0039, 0.8268 -0.0984 0.0039, 1.6732 -0.0984 0.0039, 1.7224 0.2756 0.0039, 1.7224 -0.2756 0.0039, 1.6732 0.0984 0.0039, 1.6732 -0.2756 0.0039, 1.7224 -0.7972 0.0039, 1.6732 -0.7972 0.0039, -1.7224 0.7972 0.0039, -1.6732 0.2756 0.0039, -1.7224 0.2756 0.0039, -1.6732 0.0984 0.0039, -1.7224 -0.2756 0.0039, -0.4626 1.0925 0.0039, -0.689 0.8858 0.0039, -1.378 1.0925 0.0039, -1.378 0.8858 0.0039, -1.7224 1.0925 0.0039, -1.6732 0.8858 0.0039, -1.6732 0.7972 0.0039, 0.0 0.8858 0.0039, -0.4626 0.8858 0.0039, -0.4921 0.8858 0.0039, -0.689 0.7972 0.0039, -0.4921 0.7972 0.0039, -0.4921 0.2756 0.0039, -0.689 0.2756 0.0039, -0.689 0.0984 0.0039, 0.5807 0.7972 0.0039, 0.4921 0.7972 0.0039, 0.5807 1.0925 0.0039, 0.4921 0.8858 0.0039, 0.4921 -0.0984 0.0039, -0.689 -0.2756 0.0039, -0.689 -0.0984 0.0039, -0.4921 -0.0984 0.0039, -0.4921 0.0984 0.0039, -0.4626 -0.0984 0.0039, -0.4626 0.0984 0.0039, 0.0 -0.0984 0.0039, 0.0 0.0984 0.0039, 0.4921 0.0984 0.0039, 0.4921 0.2756 0.0039, 0.8268 -1.8602 0.0039, 1.7224 -1.8602 0.0039, 1.2205 -1.9094 0.0039, 1.5354 -1.9094 0.0039, 1.2205 -2.3031 0.0039, 1.5354 -2.3031 0.0039, 1.6339 -2.6969 0.0039, 1.3976 -2.6969 0.0039, 0.9843 -2.3031 0.0039, 0.9843 -1.9094 0.0039, 0.8268 -1.9094 0.0039, 0.5807 -1.8602 0.0039, 0.6693 -1.9094 0.0039, 0.6693 -2.3031 0.0039, 0.8268 -2.3031 0.0039, 0.5807 -2.6969 0.0039, 2.0866 -2.3031 0.0039, 2.0866 -1.9094 0.0039, 2.185 -1.8602 0.0039, 1.9488 -1.8602 0.0039, 1.9488 -1.9094 0.0039, 1.8307 -2.6969 0.0039, 1.7717 -2.3031 0.0039, 1.9488 -2.3031 0.0039, -0.3937 -1.6339 0.0039, 0.0 -1.8602 0.0039, -0.4626 -1.6339 0.0039, -0.4626 -1.8602 0.0039, -0.7087 -1.6339 0.0039, 0.1575 -1.2402 0.0039, 0.0 -1.2402 0.0039, 0.0 -0.9154 0.0039, -0.1575 -1.2402 0.0039, 0.1575 -1.6339 0.0039, 0.0 -1.6339 0.0039, -0.1575 -1.6339 0.0039, -0.1575 -1.378 0.0039, -0.3937 -1.378 0.0039, -0.3937 -1.2402 0.0039, -0.4626 -0.9154 0.0039, 1.7224 -0.9154 0.0039, 1.7224 -1.2402 0.0039, 0.8268 -0.9154 0.0039, 1.4961 -1.2402 0.0039, -1.378 -2.3031 0.0039, -1.2205 -2.3031 0.0039, -1.2008 -2.6969 0.0039, -0.6693 -2.3031 0.0039, -0.6693 -1.9094 0.0039, -0.9843 -1.9094 0.0039, -1.378 -1.8602 0.0039, -0.9843 -2.3031 0.0039, -1.2205 -1.9094 0.0039, -1.378 -1.9094 0.0039, -1.5354 -1.9094 0.0039, -1.5354 -2.3031 0.0039, -1.7224 -1.8602 0.0039, -0.4626 -1.2402 0.0039, -0.7087 -1.2402 0.0039, -1.378 -0.9154 0.0039, -0.7087 -1.378 0.0039, -0.9449 -1.6339 0.0039, -1.2598 -1.6339 0.0039, -1.2598 -1.378 0.0039, -1.378 -1.378 0.0039, -1.2598 -1.2402 0.0039, -0.9449 -1.2402 0.0039, -0.9449 -1.378 0.0039, -2.6955 1.0925 0.0039, -2.6772 1.0925 0.0039, -2.6772 0.9449 0.0039, -2.6772 1.2598 0.0039, -2.6955 1.378 0.0039, -2.6763 1.2598 0.0039, -2.6763 1.378 0.0039, -2.2835 1.2598 0.0039, -1.9488 1.378 0.0039, -2.2835 1.0925 0.0039, -1.9488 1.0925 0.0039, -2.2835 0.9449 0.0039, -1.9488 0.7972 0.0039, -2.6763 0.9449 0.0039, -2.6763 0.7972 0.0039, -2.6955 0.7972 0.0039, -2.6763 -1.8602 0.0039, -2.6763 -1.811 0.0039, -2.2835 -1.811 0.0039, -2.6772 -0.7087 0.0039, -2.6763 -0.7087 0.0039, -2.6763 -0.7972 0.0039, -2.2835 -0.7087 0.0039, -2.6772 -0.1575 0.0039, -2.6955 -0.2756 0.0039, -2.6772 0.1575 0.0039, -2.6955 0.2756 0.0039, -2.6763 0.1575 0.0039, -2.6763 0.2756 0.0039, -2.2835 0.1575 0.0039, -1.9488 0.2756 0.0039, -2.2835 -0.1575 0.0039, -1.9488 -0.2756 0.0039, -2.6763 -0.1575 0.0039, -2.6763 -0.2756 0.0039, 3.4646 1.0039 0.0039, 3.0709 1.0039 0.0039, 2.6772 1.0925 0.0039, 3.0709 1.378 0.0039, 2.6772 1.2598 0.0039, 2.6772 0.9449 0.0039, 3.0709 0.7972 0.0039, 2.2835 0.9449 0.0039, 2.185 0.7972 0.0039, 2.2835 1.0925 0.0039, 2.185 1.0925 0.0039, 2.2835 1.2598 0.0039, 2.185 1.378 0.0039, 0.8268 1.0925 0.0039, 1.2598 1.2402 0.0039, 1.4961 1.378 0.0039, 1.2598 1.378 0.0039, 1.4961 1.6339 0.0039, 1.2598 1.6339 0.0039, 0.8268 1.7224 0.0039, 0.9449 1.6339 0.0039, 0.8268 1.378 0.0039, 0.9449 1.378 0.0039, 0.9449 1.2402 0.0039, 1.9488 1.378 0.0039, 1.811 1.378 0.0039, 1.811 1.2402 0.0039, 1.9488 1.0925 0.0039, 0.3937 1.2402 0.0039, 0.1575 1.2402 0.0039, 0.3937 1.378 0.0039, 0.1575 1.378 0.0039, 0.3937 1.6339 0.0039, 0.5807 1.7224 0.0039, 0.5807 1.2402 0.0039, 0.7087 1.2402 0.0039, 0.7087 1.378 0.0039, 0.7087 1.6339 0.0039, 0.5807 1.6339 0.0039, -0.7087 1.2402 0.0039, -0.9449 1.2402 0.0039, -0.7087 1.378 0.0039, -0.9449 1.378 0.0039, -0.7087 1.6339 0.0039, -0.9449 1.6339 0.0039, -1.2598 1.2402 0.0039, -1.2598 1.378 0.0039, -1.378 1.378 0.0039, -1.2598 1.6339 0.0039, -1.378 1.7224 0.0039, -0.4626 1.7224 0.0039, -0.4626 1.2402 0.0039, -0.3937 1.2402 0.0039, -0.1575 1.378 0.0039, -0.3937 1.378 0.0039, -0.1575 1.6339 0.0039, -0.3937 1.6339 0.0039, -0.4626 1.6339 0.0039, 1.7717 2.3031 0.0039, 1.7717 2.0265 0.0039, 1.7224 2.0265 0.0039, 1.7224 3.0906 0.0039, 1.8307 3.0906 0.0039, 1.8307 2.6969 0.0039, 2.0866 2.0265 0.0039, 2.185 2.0265 0.0039, 2.0866 1.9094 0.0039, 2.185 1.7224 0.0039, 0.8268 1.9094 0.0039, 0.6693 1.9094 0.0039, 0.6693 2.0265 0.0039, 0.5807 2.0265 0.0039, 0.6693 2.3031 0.0039, 0.5807 2.6969 0.0039, 0.8268 2.3031 0.0039, 0.7677 2.6969 0.0039, 0.9646 3.0906 0.0039, 0.8268 3.0906 0.0039, 0.7677 3.0906 0.0039, 1.6339 2.6969 0.0039, 1.6339 3.0906 0.0039, 0.9646 2.6969 0.0039, 1.2008 2.6969 0.0039, 0.9843 2.3031 0.0039, 2.0669 3.0906 0.0039, 2.185 3.0906 0.0039, 2.0669 2.6969 0.0039, 2.0866 2.3031 0.0039, 1.9488 2.6969 0.0039, 1.9488 2.3031 0.0039, 1.5354 2.3031 0.0039, 1.2205 2.3031 0.0039, 1.3976 2.6969 0.0039, 1.2008 3.0906 0.0039, 1.3976 3.0906 0.0039, 0.9843 2.0265 0.0039, 1.2205 2.0265 0.0039, 0.9843 1.9094 0.0039, 1.2205 1.9094 0.0039, 1.5354 1.9094 0.0039, 1.5354 2.0265 0.0039, -0.1181 2.0265 0.0039, 0.0 2.0265 0.0039, -0.1181 1.9094 0.0039, -0.4331 1.9094 0.0039, -0.4626 2.0265 0.0039, -0.4331 2.0265 0.0039, -0.4331 2.3031 0.0039, -0.4626 3.0906 0.0039, -0.3346 3.0906 0.0039, -0.3346 2.6969 0.0039, -1.378 1.9094 0.0039, -1.5354 1.9094 0.0039, -1.7224 1.7224 0.0039, -1.5354 2.0265 0.0039, -1.7224 2.0265 0.0039, -1.5354 2.3031 0.0039, -1.6339 3.0906 0.0039, -1.6339 2.6969 0.0039, -1.3976 3.0906 0.0039, -1.378 3.0906 0.0039, -1.3976 2.6969 0.0039, -1.378 2.3031 0.0039, -0.5315 2.6969 0.0039, -0.5315 3.0906 0.0039, -1.2008 3.0906 0.0039, -1.2008 2.6969 0.0039, -1.2205 2.3031 0.0039, -0.9646 2.6969 0.0039, -0.0984 3.0906 0.0039, 0.0 3.0906 0.0039, -0.0984 2.6969 0.0039, -0.1181 2.3031 0.0039, -0.6693 2.3031 0.0039, -0.9843 2.3031 0.0039, -0.7677 2.6969 0.0039, -0.9646 3.0906 0.0039, -0.7677 3.0906 0.0039, -1.2205 2.0265 0.0039, -0.9843 2.0265 0.0039, -1.2205 1.9094 0.0039, -0.9843 1.9094 0.0039, -0.6693 1.9094 0.0039, -0.6693 2.0265 0.0039, -2.6755 2.311 0.0039, -2.6532 2.3205 0.0039, -2.6294 2.3236 0.0039, -2.6511 2.168 0.0039, -2.6755 2.1777 0.0039, -2.6196 2.3208 0.0039, -2.6249 2.1651 0.0039, -2.5754 2.3001 0.0039, -2.5685 2.2921 0.0039, -2.6029 2.1703 0.0039, -2.5632 2.2816 0.0039, -2.5589 2.2664 0.0039, -2.5554 2.2423 0.0039, -2.5601 2.2184 0.0039, -2.589 2.1754 0.0039, -2.6763 3.0906 0.0039, -2.5 3.0906 0.0039, -2.5 2.6969 0.0039, -2.5873 2.3084 0.0039, -2.567 2.1977 0.0039, -2.5736 2.1871 0.0039, -2.5797 2.1811 0.0039, -2.5337 2.2115 0.0039, -2.529 2.2406 0.0039, -2.4378 2.3428 0.0039, -2.2638 3.0906 0.0039, -2.0669 3.0906 0.0039, -2.2638 2.6969 0.0039, -2.0669 2.6969 0.0039, -2.4114 2.3428 0.0039, -2.0866 2.3031 0.0039, -2.4114 2.1459 0.0039, -2.0866 2.0265 0.0039, -2.5122 2.1459 0.0039, -2.6755 2.1561 0.0039, -2.6763 2.0265 0.0039, -2.6491 2.1463 0.0039, -2.6213 2.1435 0.0039, -2.5979 2.3384 0.0039, -2.6291 2.3452 0.0039, -2.5685 2.1612 0.0039, -2.5543 2.1709 0.0039, -2.5122 2.1675 0.0039, -2.5457 2.1805 0.0039, -2.4378 2.1675 0.0039, -2.5391 2.193 0.0039, -2.6755 2.3374 0.0039, -2.6527 2.3436 0.0039, -2.5314 2.2519 0.0039, -2.5451 2.297 0.0039, -2.5551 2.3136 0.0039, -2.5651 2.3235 0.0039, -2.5783 2.3315 0.0039, -1.7717 2.0265 0.0039, -1.7717 2.3031 0.0039, -1.9488 2.3031 0.0039, -1.9488 2.6969 0.0039, -1.7717 1.9094 0.0039, -1.9488 1.9094 0.0039, -1.9488 1.7224 0.0039, -2.0866 1.9094 0.0039, -2.2835 1.7224 0.0039, -2.2835 1.811 0.0039, -2.6057 2.1476 0.0039, 2.2638 2.6969 0.0039, 2.2638 3.0906 0.0039, 3.3071 3.0906 0.0039, 3.3125 3.0498 0.0039, 2.5 3.0906 0.0039, 2.9113 2.925 0.0039, 2.8543 2.9014 0.0039, 2.8054 2.8639 0.0039, 2.7679 2.815 0.0039, 2.5 2.6969 0.0039, 2.7443 2.758 0.0039, 3.0336 2.4687 0.0039, 3.0906 2.4923 0.0039, 3.1395 2.5298 0.0039, 3.0906 2.9014 0.0039, 3.0336 2.925 0.0039, 2.9724 2.9331 0.0039, 2.7362 2.6969 0.0039, 2.7443 2.6357 0.0039, 2.7679 2.5787 0.0039, 2.8054 2.5298 0.0039, 3.2087 2.6969 0.0039, 3.2006 2.758 0.0039, 3.3282 3.0118 0.0039, 3.177 2.815 0.0039, 3.1395 2.8639 0.0039, 3.2006 2.6357 0.0039, 3.3532 2.9792 0.0039, 3.3858 2.9542 0.0039, 3.177 2.5787 0.0039, 2.8543 2.4923 0.0039, 2.9113 2.4687 0.0039, 2.9724 2.4606 0.0039, 0.0984 2.6969 0.0039, 0.0984 3.0906 0.0039, 0.3346 3.0906 0.0039, 0.5315 3.0906 0.0039, 0.3346 2.6969 0.0039, 0.5315 2.6969 0.0039, -3.1052 2.3428 0.0039, -3.0235 3.0906 0.0039, -3.0307 2.1459 0.0039, -3.0235 2.0265 0.0039, -3.0596 2.1459 0.0039, -3.311 3.0555 0.0039, -3.3071 3.0906 0.0039, -3.1316 2.3428 0.0039, -3.2084 2.1459 0.0039, -3.1796 2.1459 0.0039, -3.3962 2.9487 0.0039, -3.4295 2.937 0.0039, -3.4646 2.9331 0.0039, -3.3664 2.9674 0.0039, -3.3414 2.9924 0.0039, -3.3227 3.0222 0.0039, -3.0235 1.7224 0.0039, -3.0783 2.2011 0.0039, -3.1597 2.2011 0.0039, -3.0709 1.437 0.0039, -3.0235 1.378 0.0039, -3.4646 1.437 0.0039, -3.4646 1.5945 0.0039, -3.0709 1.5945 0.0039, -3.0709 1.7224 0.0039, -3.4646 1.0925 0.0039, -3.4646 1.1614 0.0039, -3.0235 1.0925 0.0039, -3.0709 1.1614 0.0039, -3.0709 1.378 0.0039, -3.0235 0.2756 0.0039, -3.4646 0.2756 0.0039, -3.4646 0.2953 0.0039, -3.0709 0.2953 0.0039, -3.0709 0.5709 0.0039, -3.0235 0.7972 0.0039, -3.4646 1.0039 0.0039, -3.0709 1.0039 0.0039, -3.0709 0.7972 0.0039, -3.0709 0.7283 0.0039, -3.4646 0.7283 0.0039, -3.4646 0.5709 0.0039, -3.4646 0.1378 0.0039, -3.0709 0.1378 0.0039, -3.0709 -0.1378 0.0039, -3.0235 -0.2756 0.0039, -3.4646 -0.1378 0.0039, -3.4646 -0.2756 0.0039, -3.0709 -0.2953 0.0039, -3.4646 -0.2953 0.0039, -3.4646 -0.7283 0.0039, -3.4646 -0.5709 0.0039, -3.0709 -0.7283 0.0039, -3.0709 -0.5709 0.0039, -3.0235 -0.9154 0.0039, -3.0709 -0.7972 0.0039, -3.0235 -0.7972 0.0039, -3.0709 -1.1614 0.0039, -3.0235 -1.378 0.0039, -3.4646 -1.1614 0.0039, -3.4646 -1.0039 0.0039, -3.0709 -1.0039 0.0039, -3.0709 -0.9154 0.0039, -3.0709 -1.5945 0.0039, -3.0235 -1.8602 0.0039, -3.4646 -1.5945 0.0039, -3.4646 -1.437 0.0039, -3.0709 -1.437 0.0039, -3.0709 -1.378 0.0039, -3.4646 -2.6969 0.0039, -3.4646 -1.8701 0.0039, -3.0709 -1.8701 0.0039, -3.0709 -1.8602 0.0039, -3.3071 -3.0906 0.0039, -3.311 -3.0555 0.0039, -3.3227 -3.0222 0.0039, -3.3414 -2.9924 0.0039, -3.3664 -2.9674 0.0039, -3.3962 -2.9487 0.0039, -3.4295 -2.937 0.0039, -3.4646 -2.9331 0.0039, -1.3976 -3.0906 0.0039, -1.3976 -2.6969 0.0039, -1.378 -3.0906 0.0039, -1.378 -2.6969 0.0039, -1.2008 -3.0906 0.0039, -1.6339 -2.6969 0.0039, -0.9646 -3.0906 0.0039, -0.9646 -2.6969 0.0039, -0.7677 -3.0906 0.0039, -0.7677 -2.6969 0.0039, -0.5315 -3.0906 0.0039, -0.5315 -2.6969 0.0039, -0.4626 -3.0906 0.0039, -0.4626 -2.6969 0.0039, -0.0984 -3.0906 0.0039, -0.0984 -2.6969 0.0039, 0.0 -3.0906 0.0039, 0.0 -2.6969 0.0039, 0.0984 -3.0906 0.0039, 0.0984 -2.6969 0.0039, 0.8268 -2.6969 0.0039, 0.9646 -3.0906 0.0039, 0.9646 -2.6969 0.0039, 1.6339 -3.0906 0.0039, 1.7717 -1.9094 0.0039, 2.0669 -3.0906 0.0039, 2.0669 -2.6969 0.0039, 2.185 -3.0906 0.0039, 2.185 -2.6969 0.0039, 3.3858 -2.9542 0.0039, 3.3532 -2.9792 0.0039, 2.5 -2.6969 0.0039, 3.4238 -2.9384 0.0039, 3.3071 -3.0906 0.0039, 2.5 -3.0906 0.0039, 3.3125 -3.0498 0.0039, 3.3282 -3.0118 0.0039, 3.0709 -1.8701 0.0039, 3.4646 -1.8701 0.0039, 3.4646 -2.6969 0.0039, 3.0709 -1.8602 0.0039, 1.9488 -2.6969 0.0039, 3.4646 -2.9331 0.0039, 2.2638 -2.6969 0.0039, 2.2638 -3.0906 0.0039, 2.6772 -1.4961 0.0039, 2.2835 -1.4961 0.0039, 2.185 -1.378 0.0039, 3.0709 -1.378 0.0039, 3.0709 -1.437 0.0039, 2.6772 -1.811 0.0039, 3.4646 -1.437 0.0039, 3.4646 -1.5945 0.0039, 3.0709 -1.5945 0.0039, 2.2835 -1.811 0.0039, 3.0709 -1.0039 0.0039, 2.6772 -1.2598 0.0039, 3.0709 -0.9154 0.0039, 2.6772 -0.9449 0.0039, 3.4646 -1.0039 0.0039, 3.4646 -1.1614 0.0039, 3.0709 -1.1614 0.0039, 2.2835 -1.2598 0.0039, 2.2835 -0.9449 0.0039, 2.185 -0.9154 0.0039, 2.185 -0.7972 0.0039, 3.0709 -0.7972 0.0039, 3.0709 -0.7283 0.0039, 2.2835 -0.7087 0.0039, 2.6772 -0.7087 0.0039, 2.2835 -0.3937 0.0039, 2.185 -0.2756 0.0039, 2.6772 -0.3937 0.0039, 3.0709 -0.2953 0.0039, 3.0709 -0.5709 0.0039, 3.4646 -0.5709 0.0039, 3.4646 -0.7283 0.0039, 2.6772 0.1575 0.0039, 2.2835 0.1575 0.0039, 2.185 0.2756 0.0039, 3.4646 0.1378 0.0039, 3.0709 0.1378 0.0039, 2.2835 -0.1575 0.0039, 2.6772 -0.1575 0.0039, 3.0709 0.7283 0.0039, 2.6772 0.3937 0.0039, 2.6772 0.7087 0.0039, 2.2835 0.7087 0.0039, 2.2835 0.3937 0.0039, 3.4646 -0.2953 0.0039, 3.0709 0.5709 0.0039, 3.4646 0.5709 0.0039, 3.4646 0.7283 0.0039, 2.6772 1.4961 0.0039, 3.0709 1.437 0.0039, 2.6772 1.811 0.0039, 3.0709 1.8701 0.0039, 2.6772 1.7224 0.0039, 3.0709 1.7224 0.0039, 3.0709 1.5945 0.0039, 3.4646 1.5945 0.0039, 3.4646 1.437 0.0039, 3.4646 1.8701 0.0039, 2.2835 1.811 0.0039, 2.2835 1.7224 0.0039, 2.2835 1.4961 0.0039, -1.811 1.2402 0.0039, -1.811 1.378 0.0039, -1.811 1.6339 0.0039, -1.7224 1.6339 0.0039, -1.4961 1.6339 0.0039, -1.4961 1.378 0.0039, -1.4961 1.2402 0.0039, -1.7224 1.2402 0.0039, 0.1181 2.3031 0.0039, 0.4331 2.3031 0.0039, 0.4331 2.0265 0.0039, 0.4331 1.9094 0.0039, 0.1181 1.9094 0.0039, 0.1181 2.0265 0.0039, -2.6772 0.7087 0.0039, -2.6772 0.3937 0.0039, -2.6763 0.7087 0.0039, -2.2835 0.7087 0.0039, -2.2835 0.3937 0.0039, -2.6763 0.3937 0.0039, -2.6955 -0.9154 0.0039, -2.6772 -0.9449 0.0039, -2.6772 -1.2598 0.0039, -2.2835 -0.9449 0.0039, -1.9488 -0.9154 0.0039, -2.2835 -1.2598 0.0039, -1.9488 -1.378 0.0039, -2.6763 -1.2598 0.0039, -2.6763 -1.378 0.0039, -2.6955 -1.378 0.0039, -2.6763 1.811 0.0039, -2.6772 1.811 0.0039, -2.6955 2.0265 0.0039, -2.6955 1.7224 0.0039, -2.6772 1.7224 0.0039, -2.6772 1.4961 0.0039, -2.2835 1.4961 0.0039, -2.6763 1.4961 0.0039, -1.7224 -1.2402 0.0039, -1.7224 -0.9154 0.0039, -1.4961 -1.2402 0.0039, -1.4961 -1.378 0.0039, -1.4961 -1.6339 0.0039, -1.7224 -1.6339 0.0039, -1.811 -1.6339 0.0039, -1.9488 -1.8602 0.0039, -1.811 -1.378 0.0039, -1.811 -1.2402 0.0039, -1.9488 -1.9094 0.0039, -2.0866 -1.9094 0.0039, -2.6772 -1.811 0.0039, -2.6955 -1.8602 0.0039, -2.6772 -1.4961 0.0039, -2.6763 -1.4961 0.0039, -2.2835 -1.4961 0.0039, -2.0866 -2.3031 0.0039, -2.0669 -2.6969 0.0039, -1.9488 -2.3031 0.0039, -1.7717 -2.3031 0.0039, -1.8307 -2.6969 0.0039, -1.9488 -2.6969 0.0039, -1.7717 -1.9094 0.0039, -1.8307 -3.0906 0.0039, 1.2598 -1.6339 0.0039, 0.9449 -1.6339 0.0039, 0.9449 -1.378 0.0039, 0.8268 -1.378 0.0039, 0.9449 -1.2402 0.0039, 1.2598 -1.2402 0.0039, 1.2598 -1.378 0.0039, 1.4961 -1.378 0.0039, 1.4961 -1.6339 0.0039, 1.7224 -1.6339 0.0039, 1.811 -1.6339 0.0039, 1.9488 -1.378 0.0039, 1.811 -1.378 0.0039, 1.9488 -0.9154 0.0039, 1.811 -1.2402 0.0039, 0.1575 -1.378 0.0039, 0.3937 -1.2402 0.0039, 0.5807 -1.2402 0.0039, 0.5807 -0.9154 0.0039, 0.7087 -1.2402 0.0039, 0.7087 -1.378 0.0039, 0.7087 -1.6339 0.0039, 0.5807 -1.6339 0.0039, 0.3937 -1.6339 0.0039, 0.3937 -1.378 0.0039, 1.6732 0.2756 0.0039, 1.6732 0.5709 0.0039, 1.7224 0.7972 0.0039, 1.4469 0.7972 0.0039, 1.3583 0.8858 0.0039, 0.8268 0.8858 0.0039, 0.689 0.8858 0.0039, 0.689 0.7972 0.0039, -0.689 -0.8858 0.0039, -1.378 -0.8858 0.0039, 0.4921 -0.8858 0.0039, 0.0 -0.8858 0.0039, -0.4626 -0.8858 0.0039, -0.4921 -0.8858 0.0039, -0.4921 -0.7972 0.0039, -0.4921 -0.2756 0.0039, -0.689 -0.7972 0.0039, 1.6732 -0.8858 0.0039, 0.8268 -0.8858 0.0039, 0.689 -0.8858 0.0039, -1.6732 -0.8858 0.0039, -1.6732 -0.7972 0.0039, -1.7224 -0.7972 0.0039, -1.378 0.0984 0.0039, -1.378 -0.0984 0.0039, -1.6732 -0.0984 0.0039, -1.6732 -0.2756 0.0039, -2.6955 -2.6969 0.0039, -2.6763 -3.0906 0.0039, -2.6763 -2.6969 0.0039, -2.5 -3.0906 0.0039, -2.5 -2.6969 0.0039, 0.1181 -1.9094 0.0039, 0.4331 -1.9094 0.0039, 0.4331 -2.3031 0.0039, 0.5315 -2.6969 0.0039, 0.1181 -2.3031 0.0039, -0.4331 -1.9094 0.0039, -0.4331 -2.3031 0.0039, -0.1181 -1.9094 0.0039, -0.1181 -2.3031 0.0039, -0.3346 -2.6969 0.0039, -0.3346 -3.0906 0.0039, -2.6955 -0.7972 0.0039, -2.6772 -0.3937 0.0039, -2.6763 -0.3937 0.0039, -2.2835 -0.3937 0.0039, -1.9488 -0.7972 0.0039, -2.6763 -0.9154 0.0039, -2.6763 -0.9449 0.0039, 1.9488 0.7972 0.0039, 1.9488 0.2756 0.0039, 1.9488 -0.2756 0.0039, 1.9488 -0.7972 0.0039, -2.6955 3.0906 0.0039, -2.8195 2.1675 0.0039, -2.8195 2.1459 0.0039, -2.8579 2.1459 0.0039, -2.7403 2.3212 0.0039, -2.7403 2.2564 0.0039, -2.8147 2.3212 0.0039, -2.8099 2.2564 0.0039, -2.927 2.3401 0.0039, -2.9692 2.3276 0.0039, -2.7139 2.1459 0.0039, -2.7139 2.3428 0.0039, -2.8147 2.3428 0.0039, -2.8099 2.2348 0.0039, -2.7403 2.2348 0.0039, -2.7403 2.1675 0.0039, -2.8579 2.3428 0.0039, -2.9135 2.3428 0.0039, -2.9979 2.1908 0.0039, -2.9872 2.1747 0.0039, -2.9768 2.1651 0.0039, -2.9632 2.1577 0.0039, -2.9852 2.3182 0.0039, -2.9949 2.3086 0.0039, -3.0027 2.2959 0.0039, -2.9432 2.1515 0.0039, -2.9114 2.1459 0.0039, -3.0096 2.277 0.0039, -3.0163 2.2468 0.0039, -3.0133 2.2351 0.0039
            ]
        }
        coordIndex [
            0,1,2,-1,3,4,5,-1,6,7,8,-1,9,10,11,-1,12,13,14,-1,15,16,17,-1,18,19,20,-1,21,22,23,-1,24,25,26,-1,27,28,29,-1,30,31,32,-1,33,34,35,-1,36,37,38,-1,39,40,41,-1,42,43,44,-1,45,46,47,-1,48,49,50,-1,51,52,53,-1,54,55,56,-1,57,58,59,-1,59,58,60,-1,61,62,63,-1,63,64,65,-1,65,64,66,-1,67,68,69,-1,64,69,66,-1,66,69,68,-1,66,68,70,-1,70,68,71,-1,70,71,72,-1,73,74,75,-1,75,74,76,-1,75,76,77,-1,78,79,80,-1,80,79,81,-1,80,81,82,-1,82,81,83,-1,82,83,73,-1,73,83,84,-1,73,84,74,-1,85,86,78,-1,78,86,87,-1,78,87,79,-1,79,87,88,-1,87,89,88,-1,88,89,90,-1,88,90,91,-1,91,90,92,-1,62,61,93,-1,93,61,94,-1,93,94,95,-1,95,94,96,-1,95,96,44,-1,65,57,63,-1,63,57,59,-1,63,59,61,-1,61,59,97,-1,98,99,100,-1,100,99,101,-1,100,101,102,-1,102,101,103,-1,102,103,104,-1,104,103,105,-1,104,105,97,-1,97,105,106,-1,97,106,61,-1,61,106,107,-1,61,107,94,-1,108,109,110,-1,110,109,111,-1,112,113,114,-1,114,115,112,-1,112,115,116,-1,112,116,110,-1,110,116,117,-1,110,117,108,-1,108,117,118,-1,108,118,119,-1,119,118,120,-1,119,120,121,-1,122,20,121,-1,121,20,123,-1,121,123,119,-1,124,125,126,-1,109,127,128,-1,129,130,131,-1,132,133,134,-1,134,133,135,-1,134,135,136,-1,137,138,139,-1,139,138,140,-1,141,119,142,-1,142,119,133,-1,142,133,143,-1,143,133,132,-1,143,132,144,-1,144,132,145,-1,144,145,140,-1,140,145,146,-1,140,146,139,-1,139,146,147,-1,148,149,150,-1,150,149,151,-1,152,153,154,-1,155,156,135,-1,135,156,157,-1,135,157,158,-1,159,153,157,-1,157,153,160,-1,157,160,158,-1,158,160,161,-1,158,161,162,-1,163,26,162,-1,162,26,164,-1,162,164,158,-1,165,166,167,-1,168,136,169,-1,169,136,135,-1,169,135,170,-1,170,135,158,-1,170,158,171,-1,171,158,172,-1,171,172,173,-1,173,172,167,-1,173,167,174,-1,174,167,166,-1,174,166,175,-1,175,166,168,-1,175,168,169,-1,176,177,178,-1,177,176,179,-1,179,176,180,-1,179,180,181,-1,181,180,182,-1,181,182,183,-1,183,182,184,-1,183,184,185,-1,185,184,186,-1,185,186,187,-1,187,186,188,-1,187,188,189,-1,189,188,190,-1,189,190,178,-1,178,190,191,-1,178,191,176,-1,192,193,194,-1,195,196,197,-1,197,196,198,-1,199,200,201,-1,201,200,202,-1,201,202,203,-1,203,202,204,-1,203,204,205,-1,205,204,206,-1,205,206,207,-1,207,206,208,-1,207,208,209,-1,209,208,210,-1,209,210,199,-1,199,210,200,-1,56,211,212,-1,54,213,214,-1,214,213,215,-1,54,56,213,-1,213,56,212,-1,213,212,216,-1,216,212,217,-1,216,217,218,-1,218,217,219,-1,218,219,220,-1,220,219,221,-1,220,221,222,-1,222,221,223,-1,222,223,215,-1,53,224,51,-1,51,224,225,-1,51,225,226,-1,226,225,227,-1,226,227,228,-1,228,227,229,-1,49,228,50,-1,50,228,229,-1,50,229,230,-1,230,229,231,-1,230,231,232,-1,232,231,233,-1,232,233,224,-1,224,233,234,-1,224,234,225,-1,41,235,236,-1,236,235,237,-1,237,235,238,-1,237,238,52,-1,239,240,241,-1,241,240,242,-1,241,242,243,-1,243,242,45,-1,243,45,244,-1,244,45,47,-1,43,240,44,-1,44,240,239,-1,44,239,95,-1,95,239,245,-1,95,245,224,-1,224,245,246,-1,224,246,232,-1,232,246,247,-1,232,247,230,-1,230,247,248,-1,230,248,244,-1,244,248,249,-1,244,249,243,-1,250,251,252,-1,252,251,253,-1,252,253,254,-1,254,253,255,-1,256,80,257,-1,257,80,258,-1,257,258,259,-1,259,258,260,-1,259,260,255,-1,255,260,261,-1,255,261,254,-1,256,251,80,-1,80,251,250,-1,80,250,78,-1,78,250,262,-1,78,262,263,-1,96,85,44,-1,44,85,78,-1,44,78,42,-1,42,78,263,-1,42,263,264,-1,264,263,265,-1,264,265,266,-1,266,265,267,-1,266,267,261,-1,261,267,268,-1,261,268,254,-1,269,270,271,-1,271,270,39,-1,271,39,50,-1,50,39,41,-1,50,41,48,-1,48,41,236,-1,272,273,274,-1,275,276,277,-1,277,276,278,-1,277,278,40,-1,279,230,280,-1,280,230,244,-1,280,244,281,-1,281,244,282,-1,281,282,283,-1,283,282,284,-1,283,284,285,-1,285,284,286,-1,287,285,288,-1,288,285,286,-1,288,286,289,-1,290,291,272,-1,287,292,285,-1,285,292,293,-1,285,293,294,-1,295,296,297,-1,297,296,298,-1,297,298,299,-1,299,298,300,-1,299,300,274,-1,274,300,269,-1,274,269,272,-1,272,269,271,-1,272,271,290,-1,271,301,290,-1,290,301,302,-1,290,302,303,-1,304,305,293,-1,293,305,303,-1,293,303,294,-1,294,303,302,-1,294,302,306,-1,306,302,307,-1,306,307,308,-1,308,307,309,-1,279,308,230,-1,230,308,309,-1,230,309,50,-1,50,309,310,-1,50,310,271,-1,271,310,311,-1,271,311,301,-1,312,313,314,-1,314,313,47,-1,314,47,315,-1,46,266,47,-1,47,266,261,-1,47,261,315,-1,315,261,316,-1,315,316,317,-1,317,316,318,-1,319,320,321,-1,322,260,323,-1,323,260,324,-1,323,324,325,-1,325,324,326,-1,325,326,327,-1,38,328,329,-1,330,331,332,-1,332,331,333,-1,332,333,329,-1,334,335,319,-1,331,336,333,-1,333,336,337,-1,333,337,338,-1,338,337,339,-1,340,341,342,-1,342,341,343,-1,342,343,321,-1,321,343,318,-1,321,318,319,-1,319,318,316,-1,319,316,334,-1,316,344,334,-1,334,344,345,-1,334,345,346,-1,347,348,339,-1,339,348,346,-1,339,346,338,-1,338,346,345,-1,338,345,349,-1,349,345,350,-1,349,350,351,-1,351,350,352,-1,322,351,260,-1,260,351,352,-1,260,352,261,-1,261,352,353,-1,261,353,316,-1,316,353,354,-1,316,354,344,-1,355,356,357,-1,358,359,360,-1,358,360,361,-1,362,363,364,-1,364,363,365,-1,364,365,366,-1,366,367,364,-1,364,367,368,-1,364,368,369,-1,370,371,372,-1,361,360,364,-1,364,360,373,-1,364,373,362,-1,374,375,368,-1,368,375,376,-1,368,376,369,-1,377,378,379,-1,380,381,382,-1,382,381,383,-1,384,385,386,-1,386,385,387,-1,386,387,388,-1,359,389,390,-1,390,389,391,-1,390,391,392,-1,393,394,372,-1,395,396,397,-1,397,396,398,-1,397,398,399,-1,399,398,379,-1,379,398,400,-1,379,400,377,-1,355,370,401,-1,401,370,372,-1,401,372,402,-1,402,372,394,-1,378,403,379,-1,379,403,404,-1,379,404,383,-1,383,404,405,-1,383,405,382,-1,382,405,406,-1,382,406,372,-1,372,406,407,-1,372,407,393,-1,326,408,409,-1,409,410,411,-1,411,410,385,-1,411,385,383,-1,383,385,384,-1,383,384,379,-1,411,36,409,-1,409,36,38,-1,409,38,326,-1,326,38,329,-1,326,329,327,-1,327,329,333,-1,408,326,412,-1,412,326,324,-1,412,324,413,-1,413,324,414,-1,413,414,415,-1,416,417,387,-1,387,417,390,-1,387,390,388,-1,388,390,392,-1,388,392,397,-1,397,392,418,-1,397,418,395,-1,275,298,276,-1,276,298,296,-1,276,296,419,-1,419,296,420,-1,421,422,423,-1,423,422,424,-1,423,424,425,-1,425,426,423,-1,423,426,427,-1,423,427,428,-1,428,427,429,-1,430,431,35,-1,35,431,432,-1,433,434,422,-1,422,434,435,-1,422,435,424,-1,429,436,428,-1,428,436,437,-1,428,437,419,-1,419,437,276,-1,276,437,438,-1,276,438,439,-1,440,441,442,-1,442,441,443,-1,442,443,422,-1,422,443,444,-1,422,444,433,-1,440,442,445,-1,445,442,446,-1,445,446,447,-1,447,33,445,-1,445,33,35,-1,445,35,448,-1,448,35,432,-1,439,449,276,-1,276,449,450,-1,276,450,35,-1,35,450,451,-1,35,451,430,-1,312,343,313,-1,313,343,341,-1,313,341,452,-1,452,341,453,-1,454,455,456,-1,456,455,457,-1,458,459,460,-1,460,459,461,-1,460,461,462,-1,463,464,459,-1,465,466,32,-1,32,466,467,-1,468,458,469,-1,469,458,465,-1,469,465,470,-1,470,465,32,-1,468,471,458,-1,458,471,472,-1,458,472,459,-1,459,472,473,-1,459,473,463,-1,474,30,461,-1,461,30,32,-1,461,32,462,-1,462,32,467,-1,462,467,475,-1,475,467,476,-1,477,474,478,-1,479,480,477,-1,477,480,481,-1,477,481,474,-1,474,481,482,-1,474,482,30,-1,483,484,485,-1,485,484,486,-1,485,486,478,-1,478,486,487,-1,478,487,477,-1,488,489,490,-1,490,491,488,-1,488,491,492,-1,488,492,493,-1,494,483,495,-1,495,483,485,-1,495,485,496,-1,496,485,493,-1,496,493,497,-1,497,493,492,-1,497,492,498,-1,498,492,499,-1,500,489,501,-1,501,489,488,-1,501,488,502,-1,502,488,503,-1,502,503,504,-1,504,503,505,-1,505,503,506,-1,505,506,507,-1,508,509,510,-1,510,509,511,-1,512,513,514,-1,514,513,510,-1,514,510,503,-1,503,510,511,-1,503,511,506,-1,515,512,516,-1,517,518,515,-1,515,518,519,-1,515,519,512,-1,512,519,520,-1,512,520,513,-1,521,516,522,-1,523,524,521,-1,521,524,525,-1,521,525,516,-1,516,525,526,-1,516,526,515,-1,527,528,2,-1,2,528,529,-1,2,529,522,-1,522,529,530,-1,522,530,521,-1,1,531,532,-1,1,532,2,-1,2,532,533,-1,2,533,534,-1,534,535,2,-1,2,535,536,-1,2,536,527,-1,527,536,537,-1,527,537,538,-1,539,540,541,-1,541,540,542,-1,541,542,543,-1,24,26,544,-1,544,26,163,-1,544,163,540,-1,540,163,152,-1,540,152,542,-1,542,152,154,-1,542,154,543,-1,545,546,547,-1,547,546,548,-1,549,550,551,-1,551,550,552,-1,553,554,555,-1,555,554,556,-1,555,556,557,-1,557,556,558,-1,18,559,560,-1,560,559,561,-1,18,20,559,-1,559,20,122,-1,559,122,561,-1,561,122,116,-1,561,116,17,-1,17,116,115,-1,17,115,15,-1,111,109,113,-1,113,109,14,-1,113,14,114,-1,114,14,13,-1,114,13,562,-1,128,563,109,-1,109,563,130,-1,109,130,14,-1,14,130,129,-1,14,129,12,-1,564,565,566,-1,566,565,567,-1,568,569,570,-1,568,570,571,-1,572,573,574,-1,574,573,570,-1,574,570,575,-1,575,570,569,-1,576,577,578,-1,579,576,126,-1,126,576,567,-1,126,567,124,-1,124,567,565,-1,124,565,131,-1,131,565,580,-1,131,580,129,-1,581,571,578,-1,578,571,570,-1,578,570,576,-1,576,570,582,-1,576,582,567,-1,567,582,583,-1,567,583,566,-1,584,585,586,-1,587,588,589,-1,586,585,126,-1,590,591,588,-1,588,591,592,-1,588,592,589,-1,585,593,126,-1,126,593,589,-1,126,589,579,-1,579,589,592,-1,594,595,596,-1,596,595,597,-1,598,599,594,-1,594,599,600,-1,594,600,595,-1,595,600,587,-1,601,586,602,-1,602,586,603,-1,602,603,597,-1,589,584,587,-1,587,584,586,-1,587,586,595,-1,595,586,601,-1,597,603,596,-1,596,603,604,-1,596,604,605,-1,606,607,608,-1,606,605,607,-1,607,605,604,-1,607,604,609,-1,609,604,610,-1,609,610,611,-1,611,610,612,-1,611,612,608,-1,608,612,613,-1,608,613,606,-1,606,613,614,-1,606,614,615,-1,616,617,618,-1,8,619,620,-1,618,617,610,-1,610,617,621,-1,610,621,622,-1,623,624,217,-1,217,624,625,-1,217,625,219,-1,219,625,626,-1,219,626,618,-1,618,626,627,-1,618,627,624,-1,628,612,11,-1,11,612,610,-1,11,610,9,-1,9,610,622,-1,9,622,620,-1,620,622,616,-1,620,616,8,-1,8,616,618,-1,8,618,6,-1,6,618,624,-1,6,624,629,-1,629,624,623,-1,629,623,630,-1,630,623,631,-1,215,223,214,-1,214,223,632,-1,214,632,633,-1,634,635,636,-1,636,635,637,-1,636,637,632,-1,632,637,638,-1,632,638,633,-1,633,638,639,-1,633,639,640,-1,641,635,35,-1,35,635,634,-1,35,634,276,-1,276,634,642,-1,276,642,278,-1,278,642,643,-1,278,643,223,-1,223,643,644,-1,223,644,632,-1,645,186,646,-1,646,186,184,-1,646,184,647,-1,647,184,414,-1,647,414,648,-1,648,414,324,-1,648,324,649,-1,649,324,260,-1,649,260,650,-1,650,260,258,-1,650,258,651,-1,651,258,80,-1,651,80,652,-1,652,80,82,-1,652,82,645,-1,452,456,653,-1,653,456,457,-1,653,457,654,-1,654,457,284,-1,654,284,655,-1,655,284,282,-1,655,282,656,-1,656,282,244,-1,656,244,657,-1,657,244,47,-1,657,47,658,-1,658,47,313,-1,658,313,653,-1,653,313,452,-1,191,659,660,-1,659,191,661,-1,661,191,190,-1,661,190,662,-1,662,190,188,-1,662,188,663,-1,663,188,206,-1,663,206,664,-1,664,206,204,-1,664,204,660,-1,660,204,202,-1,660,202,191,-1,665,666,667,-1,668,669,670,-1,670,669,671,-1,670,671,672,-1,672,671,673,-1,672,673,667,-1,667,673,674,-1,667,674,665,-1,675,676,677,-1,677,676,678,-1,678,676,679,-1,678,679,680,-1,387,415,416,-1,416,415,414,-1,416,414,681,-1,681,414,184,-1,681,184,682,-1,682,184,182,-1,682,182,680,-1,680,182,180,-1,680,180,678,-1,683,684,685,-1,685,684,167,-1,685,167,686,-1,686,167,172,-1,686,172,687,-1,687,172,158,-1,687,158,688,-1,688,158,164,-1,688,164,689,-1,689,164,690,-1,689,690,691,-1,691,690,671,-1,691,671,692,-1,692,671,669,-1,690,693,694,-1,193,192,695,-1,695,192,696,-1,695,696,697,-1,697,696,674,-1,697,674,698,-1,698,674,673,-1,698,673,699,-1,699,673,671,-1,699,671,194,-1,194,671,690,-1,194,690,192,-1,192,690,694,-1,192,694,700,-1,701,700,702,-1,703,704,702,-1,702,704,705,-1,702,705,701,-1,693,690,706,-1,706,690,164,-1,706,164,703,-1,703,164,26,-1,703,26,704,-1,704,26,25,-1,704,25,707,-1,708,109,709,-1,709,109,108,-1,709,108,710,-1,710,108,711,-1,710,711,712,-1,712,711,150,-1,712,150,713,-1,713,150,151,-1,713,151,714,-1,714,151,715,-1,714,715,708,-1,708,715,716,-1,708,716,109,-1,109,716,717,-1,109,717,127,-1,127,717,718,-1,127,718,719,-1,719,718,720,-1,719,720,721,-1,721,720,722,-1,723,137,724,-1,724,137,139,-1,724,139,725,-1,725,139,726,-1,725,726,727,-1,727,726,150,-1,727,150,728,-1,728,150,711,-1,728,711,729,-1,729,711,108,-1,729,108,730,-1,730,108,119,-1,730,119,731,-1,731,119,141,-1,731,141,732,-1,732,141,723,-1,732,723,724,-1,69,733,67,-1,67,733,734,-1,67,734,735,-1,735,734,736,-1,735,736,53,-1,53,736,737,-1,53,737,224,-1,224,737,738,-1,224,738,95,-1,95,738,739,-1,95,739,93,-1,93,739,740,-1,93,740,62,-1,146,165,147,-1,147,165,167,-1,147,167,741,-1,741,167,742,-1,4,3,743,-1,743,3,726,-1,743,726,744,-1,744,726,139,-1,744,139,745,-1,745,139,147,-1,745,147,746,-1,746,147,741,-1,746,741,747,-1,100,748,98,-1,98,748,747,-1,98,747,749,-1,749,747,741,-1,72,71,750,-1,750,71,148,-1,750,148,751,-1,751,148,150,-1,751,150,752,-1,752,150,726,-1,752,726,60,-1,60,726,3,-1,60,3,59,-1,59,3,5,-1,59,5,97,-1,742,167,753,-1,753,167,684,-1,753,684,754,-1,754,684,755,-1,754,755,77,-1,90,101,92,-1,92,101,99,-1,92,99,756,-1,756,99,757,-1,756,757,76,-1,76,757,758,-1,76,758,77,-1,77,758,759,-1,77,759,754,-1,0,760,761,-1,761,760,762,-1,761,762,763,-1,763,762,764,-1,765,133,766,-1,766,133,119,-1,766,119,767,-1,767,119,123,-1,767,123,768,-1,556,769,558,-1,558,769,767,-1,558,767,23,-1,23,767,768,-1,23,768,21,-1,770,771,135,-1,135,771,552,-1,135,552,155,-1,155,552,550,-1,155,550,159,-1,159,550,548,-1,159,548,153,-1,153,548,546,-1,153,546,154,-1,770,135,772,-1,772,135,133,-1,772,133,773,-1,765,769,133,-1,133,769,556,-1,133,556,773,-1,773,556,554,-1,773,554,771,-1,771,554,774,-1,771,774,552,-1,552,774,775,-1,552,775,551,-1,760,696,762,-1,762,696,192,-1,762,192,764,-1,764,192,700,-1,764,700,29,-1,29,700,701,-1,29,701,27,-1,195,776,777,-1,777,776,200,-1,777,200,778,-1,778,200,210,-1,778,210,779,-1,779,210,208,-1,779,208,198,-1,198,208,780,-1,198,780,197,-1,197,780,669,-1,197,669,781,-1,781,669,668,-1,781,668,782,-1,195,197,776,-1,776,197,781,-1,776,781,665,-1,665,781,782,-1,665,782,666,-1,52,238,53,-1,53,238,783,-1,53,783,735,-1,735,783,784,-1,735,784,67,-1,67,784,785,-1,67,785,68,-1,68,785,786,-1,68,786,71,-1,71,786,721,-1,71,721,148,-1,148,721,722,-1,148,722,149,-1,645,82,186,-1,186,82,73,-1,186,73,188,-1,188,73,75,-1,188,75,206,-1,206,75,77,-1,206,77,208,-1,208,77,755,-1,208,755,780,-1,780,755,684,-1,780,684,669,-1,669,684,683,-1,669,683,692,-1,40,278,41,-1,41,278,223,-1,41,223,235,-1,235,223,221,-1,235,221,238,-1,238,221,219,-1,238,219,783,-1,783,219,618,-1,783,618,784,-1,784,618,610,-1,784,610,785,-1,785,610,604,-1,785,604,786,-1,786,604,603,-1,786,603,721,-1,721,603,586,-1,721,586,719,-1,719,586,126,-1,719,126,127,-1,127,126,125,-1,127,125,128,-1,0,2,760,-1,760,2,522,-1,760,522,696,-1,696,522,516,-1,696,516,674,-1,674,516,512,-1,674,512,665,-1,665,512,514,-1,665,514,776,-1,776,514,503,-1,776,503,200,-1,200,503,488,-1,200,488,202,-1,202,488,493,-1,202,493,191,-1,191,493,485,-1,191,485,176,-1,176,485,478,-1,176,478,180,-1,180,478,474,-1,180,474,678,-1,678,474,461,-1,678,461,677,-1,787,370,390,-1,390,370,355,-1,390,355,359,-1,359,355,357,-1,359,357,360,-1,788,789,790,-1,790,789,461,-1,791,792,793,-1,793,792,794,-1,793,794,459,-1,795,796,459,-1,461,789,677,-1,677,789,797,-1,677,797,798,-1,417,675,390,-1,390,675,677,-1,390,677,787,-1,787,677,798,-1,787,798,459,-1,459,798,799,-1,459,799,793,-1,800,801,802,-1,802,788,800,-1,800,788,790,-1,800,790,794,-1,794,790,803,-1,794,803,459,-1,459,803,804,-1,459,804,795,-1,805,806,461,-1,461,806,807,-1,461,807,808,-1,796,809,459,-1,459,809,810,-1,459,810,811,-1,808,812,461,-1,461,812,813,-1,461,813,790,-1,811,814,459,-1,459,814,815,-1,459,815,461,-1,461,815,816,-1,461,816,805,-1,
        ]
    }
}
Shape{
    appearance Appearance {
        material  Material 	{
            diffuseColor 1.0 1.0 0.0
            specularColor 0.5019607843137255 0.5019607843137255 0.0
            ambientIntensity 0.886
            transparency 0.0
            shininess 0.5
        }
    }
    geometry IndexedFaceSet {
        ccw TRUE
        solid FALSE
        coord DEF co Coordinate {
            point [
                3.3623 -1.6732 0.2441, 3.3811 -1.6488 0.2441, 3.3268 -1.5945 0.2441, 3.4646 -1.8701 0.2441, 3.4646 -1.8504 0.2441, 3.3268 -1.8701 0.2441, 3.434 -1.8464 0.2441, 3.4055 -1.8346 0.2441, 3.3811 -1.8158 0.2441, 3.3623 -1.7913 0.2441, 3.4646 -1.6142 0.2441, 3.4646 -1.5945 0.2441, 3.434 -1.6182 0.2441, 3.4055 -1.63 0.2441, 3.3505 -1.7629 0.2441, 3.3465 -1.7323 0.2441, 3.3505 -1.7017 0.2441, 3.4646 -1.8701 0.2402, 3.3268 -1.8701 0.2402, 3.4646 -1.5945 0.2402, 3.3268 -1.5945 0.2402, 3.4646 -1.437 0.2441, 3.4646 -1.4173 0.2441, 3.3268 -1.437 0.2441, 3.434 -1.4133 0.2441, 3.4055 -1.4015 0.2441, 3.3811 -1.3827 0.2441, 3.3623 -1.3583 0.2441, 3.3268 -1.1614 0.2441, 3.3623 -1.2402 0.2441, 3.3811 -1.2157 0.2441, 3.3505 -1.3298 0.2441, 3.3465 -1.2992 0.2441, 3.3505 -1.2686 0.2441, 3.4646 -1.1811 0.2441, 3.4646 -1.1614 0.2441, 3.434 -1.1851 0.2441, 3.4055 -1.1969 0.2441, 3.4646 -1.437 0.2402, 3.3268 -1.437 0.2402, 3.4646 -1.1614 0.2402, 3.3268 -1.1614 0.2402, 3.3623 -0.8071 0.2441, 3.3811 -0.7826 0.2441, 3.3268 -0.7283 0.2441, 3.4646 -1.0039 0.2441, 3.4646 -0.9843 0.2441, 3.3268 -1.0039 0.2441, 3.434 -0.9802 0.2441, 3.4055 -0.9684 0.2441, 3.3811 -0.9497 0.2441, 3.3623 -0.9252 0.2441, 3.4646 -0.748 0.2441, 3.4646 -0.7283 0.2441, 3.434 -0.7521 0.2441, 3.4055 -0.7639 0.2441, 3.3505 -0.8967 0.2441, 3.3465 -0.8661 0.2441, 3.3505 -0.8356 0.2441, 3.4646 -1.0039 0.2402, 3.3268 -1.0039 0.2402, 3.4646 -0.7283 0.2402, 3.3268 -0.7283 0.2402, 3.3623 -0.374 0.2441, 3.3811 -0.3496 0.2441, 3.3268 -0.2953 0.2441, 3.4646 -0.5709 0.2441, 3.4646 -0.5512 0.2441, 3.3268 -0.5709 0.2441, 3.434 -0.5472 0.2441, 3.4055 -0.5354 0.2441, 3.3811 -0.5166 0.2441, 3.3623 -0.4921 0.2441, 3.4646 -0.315 0.2441, 3.4646 -0.2953 0.2441, 3.434 -0.319 0.2441, 3.4055 -0.3308 0.2441, 3.3505 -0.4636 0.2441, 3.3465 -0.4331 0.2441, 3.3505 -0.4025 0.2441, 3.4646 -0.5709 0.2402, 3.3268 -0.5709 0.2402, 3.4646 -0.2953 0.2402, 3.3268 -0.2953 0.2402, 3.3623 0.0591 0.2441, 3.3811 0.0835 0.2441, 3.3268 0.1378 0.2441, 3.4646 -0.1378 0.2441, 3.4646 -0.1181 0.2441, 3.3268 -0.1378 0.2441, 3.434 -0.1141 0.2441, 3.4055 -0.1023 0.2441, 3.3811 -0.0835 0.2441, 3.3623 -0.0591 0.2441, 3.4646 0.1181 0.2441, 3.4646 0.1378 0.2441, 3.434 0.1141 0.2441, 3.4055 0.1023 0.2441, 3.3505 -0.0306 0.2441, 3.3465 -0.0 0.2441, 3.3505 0.0306 0.2441, 3.4646 -0.1378 0.2402, 3.3268 -0.1378 0.2402, 3.4646 0.1378 0.2402, 3.3268 0.1378 0.2402, 3.4646 0.2953 0.2441, 3.4646 0.315 0.2441, 3.3268 0.2953 0.2441, 3.434 0.319 0.2441, 3.4646 0.5512 0.2441, 3.4646 0.5709 0.2441, 3.434 0.5472 0.2441, 3.3268 0.5709 0.2441, 3.4055 0.3308 0.2441, 3.3811 0.3496 0.2441, 3.3623 0.374 0.2441, 3.3623 0.4921 0.2441, 3.3811 0.5166 0.2441, 3.4055 0.5354 0.2441, 3.3505 0.4025 0.2441, 3.3465 0.4331 0.2441, 3.3505 0.4636 0.2441, 3.4646 0.2953 0.2402, 3.3268 0.2953 0.2402, 3.4646 0.5709 0.2402, 3.3268 0.5709 0.2402, 3.4646 0.7283 0.2441, 3.4646 0.748 0.2441, 3.3268 0.7283 0.2441, 3.434 0.7521 0.2441, 3.4646 0.9843 0.2441, 3.4646 1.0039 0.2441, 3.434 0.9802 0.2441, 3.3268 1.0039 0.2441, 3.3623 0.9252 0.2441, 3.3811 0.9497 0.2441, 3.4055 0.9684 0.2441, 3.4055 0.7639 0.2441, 3.3811 0.7826 0.2441, 3.3623 0.8071 0.2441, 3.3505 0.8356 0.2441, 3.3465 0.8661 0.2441, 3.3505 0.8967 0.2441, 3.4646 0.7283 0.2402, 3.3268 0.7283 0.2402, 3.4646 1.0039 0.2402, 3.3268 1.0039 0.2402, 3.4646 1.1614 0.2441, 3.4646 1.1811 0.2441, 3.3268 1.1614 0.2441, 3.434 1.1851 0.2441, 3.4646 1.4173 0.2441, 3.4646 1.437 0.2441, 3.434 1.4133 0.2441, 3.3268 1.437 0.2441, 3.3623 1.3583 0.2441, 3.3811 1.3827 0.2441, 3.4055 1.4015 0.2441, 3.4055 1.1969 0.2441, 3.3811 1.2157 0.2441, 3.3623 1.2402 0.2441, 3.3505 1.2686 0.2441, 3.3465 1.2992 0.2441, 3.3505 1.3298 0.2441, 3.4646 1.1614 0.2402, 3.3268 1.1614 0.2402, 3.4646 1.437 0.2402, 3.3268 1.437 0.2402, 3.4646 1.5945 0.2441, 3.4646 1.6142 0.2441, 3.3268 1.5945 0.2441, 3.434 1.6182 0.2441, 3.4646 1.8504 0.2441, 3.4646 1.8701 0.2441, 3.434 1.8464 0.2441, 3.3268 1.8701 0.2441, 3.4055 1.63 0.2441, 3.3811 1.6488 0.2441, 3.3623 1.6732 0.2441, 3.3623 1.7913 0.2441, 3.3811 1.8158 0.2441, 3.4055 1.8346 0.2441, 3.3505 1.7017 0.2441, 3.3465 1.7323 0.2441, 3.3505 1.7629 0.2441, 3.4646 1.5945 0.2402, 3.3268 1.5945 0.2402, 3.4646 1.8701 0.2402, 3.3268 1.8701 0.2402
            ]
        }
        coordIndex [
            0,1,2,-1,3,4,5,-1,5,4,6,-1,6,7,5,-1,5,7,8,-1,5,8,9,-1,10,11,12,-1,12,11,2,-1,12,2,13,-1,13,2,1,-1,9,14,5,-1,5,14,15,-1,5,15,2,-1,2,15,16,-1,2,16,0,-1,17,3,18,-1,18,3,5,-1,11,19,2,-1,2,19,20,-1,21,22,23,-1,23,22,24,-1,24,25,23,-1,23,25,26,-1,23,26,27,-1,28,29,30,-1,27,31,23,-1,23,31,32,-1,23,32,28,-1,28,32,33,-1,28,33,29,-1,34,35,36,-1,36,35,28,-1,36,28,37,-1,37,28,30,-1,38,21,39,-1,39,21,23,-1,35,40,28,-1,28,40,41,-1,42,43,44,-1,45,46,47,-1,47,46,48,-1,48,49,47,-1,47,49,50,-1,47,50,51,-1,52,53,54,-1,54,53,44,-1,54,44,55,-1,55,44,43,-1,51,56,47,-1,47,56,57,-1,47,57,44,-1,44,57,58,-1,44,58,42,-1,59,45,60,-1,60,45,47,-1,53,61,44,-1,44,61,62,-1,63,64,65,-1,66,67,68,-1,68,67,69,-1,69,70,68,-1,68,70,71,-1,68,71,72,-1,73,74,75,-1,75,74,65,-1,75,65,76,-1,76,65,64,-1,72,77,68,-1,68,77,78,-1,68,78,65,-1,65,78,79,-1,65,79,63,-1,80,66,81,-1,81,66,68,-1,74,82,65,-1,65,82,83,-1,84,85,86,-1,87,88,89,-1,89,88,90,-1,90,91,89,-1,89,91,92,-1,89,92,93,-1,94,95,96,-1,96,95,86,-1,96,86,97,-1,97,86,85,-1,93,98,89,-1,89,98,99,-1,89,99,86,-1,86,99,100,-1,86,100,84,-1,101,87,102,-1,102,87,89,-1,95,103,86,-1,86,103,104,-1,105,106,107,-1,107,106,108,-1,109,110,111,-1,111,110,112,-1,108,113,107,-1,107,113,114,-1,107,114,115,-1,116,117,112,-1,112,117,118,-1,112,118,111,-1,115,119,107,-1,107,119,120,-1,107,120,112,-1,112,120,121,-1,112,121,116,-1,122,105,123,-1,123,105,107,-1,110,124,112,-1,112,124,125,-1,126,127,128,-1,128,127,129,-1,130,131,132,-1,132,131,133,-1,134,135,133,-1,133,135,136,-1,133,136,132,-1,129,137,128,-1,128,137,138,-1,128,138,139,-1,139,140,128,-1,128,140,141,-1,128,141,133,-1,133,141,142,-1,133,142,134,-1,143,126,144,-1,144,126,128,-1,131,145,133,-1,133,145,146,-1,147,148,149,-1,149,148,150,-1,151,152,153,-1,153,152,154,-1,155,156,154,-1,154,156,157,-1,154,157,153,-1,150,158,149,-1,149,158,159,-1,149,159,160,-1,160,161,149,-1,149,161,162,-1,149,162,154,-1,154,162,163,-1,154,163,155,-1,164,147,165,-1,165,147,149,-1,152,166,154,-1,154,166,167,-1,168,169,170,-1,170,169,171,-1,172,173,174,-1,174,173,175,-1,171,176,170,-1,170,176,177,-1,170,177,178,-1,179,180,175,-1,175,180,181,-1,175,181,174,-1,178,182,170,-1,170,182,183,-1,170,183,175,-1,175,183,184,-1,175,184,179,-1,185,168,186,-1,186,168,170,-1,173,187,175,-1,175,187,188,-1,
        ]
    }
}
Shape{
    appearance Appearance {
        material  Material 	{
            diffuseColor 0.0 0.5019607843137255 0.0
            specularColor 0.0 0.25098039215686274 0.0
            ambientIntensity 0.2947
            transparency 0.0
            shininess 0.5
        }
    }
    geometry IndexedFaceSet {
        ccw TRUE
        solid FALSE
        coord DEF co Coordinate {
            point [
                3.4646 -1.8701 0.0039, 3.4646 -1.8701 0.0, 3.4646 -1.8504 0.0, 3.4646 -1.8504 0.2441, 3.4646 -1.8701 0.2441, 3.4646 -1.8701 0.2402, 3.4646 -2.6969 0.0039, 3.4646 -2.9331 0.2402, 3.4646 -2.9331 0.0039, 3.4646 -1.437 0.0039, 3.4646 -1.437 0.0, 3.4646 -1.4173 0.0, 3.4646 -1.6142 0.2441, 3.4646 -1.6142 0.0, 3.4646 -1.5945 0.0039, 3.4646 -1.5945 0.0, 3.4646 -1.4173 0.2441, 3.4646 -1.437 0.2441, 3.4646 -1.437 0.2402, 3.4646 -1.5945 0.2441, 3.4646 -1.5945 0.2402, 3.4646 -1.0039 0.0039, 3.4646 -1.0039 0.0, 3.4646 -0.9843 0.0, 3.4646 -1.1811 0.2441, 3.4646 -1.1811 0.0, 3.4646 -1.1614 0.0039, 3.4646 -1.1614 0.0, 3.4646 -0.9843 0.2441, 3.4646 -1.0039 0.2441, 3.4646 -1.0039 0.2402, 3.4646 -1.1614 0.2441, 3.4646 -1.1614 0.2402, 3.4646 -0.5709 0.0039, 3.4646 -0.5709 0.0, 3.4646 -0.5512 0.0, 3.4646 -0.748 0.2441, 3.4646 -0.748 0.0, 3.4646 -0.7283 0.0039, 3.4646 -0.7283 0.0, 3.4646 -0.5512 0.2441, 3.4646 -0.5709 0.2441, 3.4646 -0.5709 0.2402, 3.4646 -0.7283 0.2441, 3.4646 -0.7283 0.2402, 3.4646 -0.1378 0.0039, 3.4646 -0.1378 0.0, 3.4646 -0.1181 0.0, 3.4646 -0.315 0.2441, 3.4646 -0.315 0.0, 3.4646 -0.2953 0.0039, 3.4646 -0.2953 0.0, 3.4646 -0.1181 0.2441, 3.4646 -0.1378 0.2441, 3.4646 -0.1378 0.2402, 3.4646 -0.2953 0.2441, 3.4646 -0.2953 0.2402, 3.4646 0.2953 0.0039, 3.4646 0.2953 0.0, 3.4646 0.315 0.0, 3.4646 0.1181 0.2441, 3.4646 0.1181 0.0, 3.4646 0.1378 0.0039, 3.4646 0.1378 0.0, 3.4646 0.315 0.2441, 3.4646 0.2953 0.2441, 3.4646 0.2953 0.2402, 3.4646 0.1378 0.2441, 3.4646 0.1378 0.2402, 3.4646 0.7283 0.0039, 3.4646 0.7283 0.0, 3.4646 0.748 0.0, 3.4646 0.5512 0.2441, 3.4646 0.5512 0.0, 3.4646 0.5709 0.0039, 3.4646 0.5709 0.0, 3.4646 0.748 0.2441, 3.4646 0.7283 0.2441, 3.4646 0.7283 0.2402, 3.4646 0.5709 0.2441, 3.4646 0.5709 0.2402, 3.4646 1.1614 0.0039, 3.4646 1.1614 0.0, 3.4646 1.1811 0.0, 3.4646 0.9843 0.2441, 3.4646 0.9843 0.0, 3.4646 1.0039 0.0039, 3.4646 1.0039 0.0, 3.4646 1.1811 0.2441, 3.4646 1.1614 0.2441, 3.4646 1.1614 0.2402, 3.4646 1.0039 0.2441, 3.4646 1.0039 0.2402, 3.4646 1.5945 0.0039, 3.4646 1.5945 0.0, 3.4646 1.6142 0.0, 3.4646 1.4173 0.2441, 3.4646 1.4173 0.0, 3.4646 1.437 0.0039, 3.4646 1.437 0.0, 3.4646 1.6142 0.2441, 3.4646 1.5945 0.2441, 3.4646 1.5945 0.2402, 3.4646 1.437 0.2441, 3.4646 1.437 0.2402, 3.4646 1.8701 0.2402, 3.4646 1.8701 0.2441, 3.4646 1.8504 0.2441, 3.4646 1.8504 0.0, 3.4646 1.8701 0.0, 3.4646 1.8701 0.0039, 3.4646 2.9331 0.0039, 3.4646 2.9331 0.2402
            ]
        }
        coordIndex [
            0,1,2,-1,3,4,5,-1,2,3,0,-1,0,3,5,-1,0,5,6,-1,6,5,7,-1,6,7,8,-1,9,10,11,-1,12,13,14,-1,14,13,15,-1,16,17,18,-1,19,12,20,-1,20,12,14,-1,20,14,18,-1,18,14,9,-1,18,9,16,-1,16,9,11,-1,21,22,23,-1,24,25,26,-1,26,25,27,-1,28,29,30,-1,31,24,32,-1,32,24,26,-1,32,26,30,-1,30,26,21,-1,30,21,28,-1,28,21,23,-1,33,34,35,-1,36,37,38,-1,38,37,39,-1,40,41,42,-1,43,36,44,-1,44,36,38,-1,44,38,42,-1,42,38,33,-1,42,33,40,-1,40,33,35,-1,45,46,47,-1,48,49,50,-1,50,49,51,-1,52,53,54,-1,55,48,56,-1,56,48,50,-1,56,50,54,-1,54,50,45,-1,54,45,52,-1,52,45,47,-1,57,58,59,-1,60,61,62,-1,62,61,63,-1,64,65,66,-1,67,60,68,-1,68,60,62,-1,68,62,66,-1,66,62,57,-1,66,57,64,-1,64,57,59,-1,69,70,71,-1,72,73,74,-1,74,73,75,-1,76,77,78,-1,79,72,80,-1,80,72,74,-1,80,74,78,-1,78,74,69,-1,78,69,76,-1,76,69,71,-1,81,82,83,-1,84,85,86,-1,86,85,87,-1,88,89,90,-1,91,84,92,-1,92,84,86,-1,92,86,90,-1,90,86,81,-1,90,81,88,-1,88,81,83,-1,93,94,95,-1,96,97,98,-1,98,97,99,-1,100,101,102,-1,103,96,104,-1,104,96,98,-1,104,98,102,-1,102,98,93,-1,102,93,100,-1,100,93,95,-1,105,106,107,-1,108,109,110,-1,111,112,110,-1,110,112,105,-1,110,105,108,-1,108,105,107,-1,
        ]
    }
}
Shape{
    appearance Appearance {
        material  Material 	{
            diffuseColor 1.0 1.0 1.0
            specularColor 0.5019607843137255 0.5019607843137255 0.5019607843137255
            ambientIntensity 1.0
            transparency 0.0
            shininess 0.5
        }
    }
    geometry IndexedFaceSet {
        ccw TRUE
        solid FALSE
        coord DEF co Coordinate {
            point [
                3.2677 2.815 0.752, 3.2677 -2.815 0.752, 3.2677 2.815 0.2402, 3.2677 -2.815 0.2402
            ]
        }
        coordIndex [
            0,1,2,-1,2,1,3,-1,
        ]
    }
}
Shape{
    appearance Appearance {
        material  Material 	{
            diffuseColor 0.0 0.5019607843137255 0.0
            specularColor 0.0 0.25098039215686274 0.0
            ambientIntensity 0.2947
            transparency 0.0
            shininess 0.5
        }
    }
    geometry IndexedFaceSet {
        ccw TRUE
        solid FALSE
        coord DEF co Coordinate {
            point [
                0.7677 -2.9528 0.2402, 0.7677 -3.0906 0.2402, 0.9646 -3.0906 0.2402, 2.5 2.9528 0.2402, 3.3858 2.9542 0.2402, 3.3532 2.9792 0.2402, 3.3071 3.0906 0.2402, 2.5 3.0906 0.2402, 3.3125 3.0498 0.2402, 3.3282 3.0118 0.2402, 2.2638 2.9528 0.2402, 3.4646 2.9331 0.2402, 3.4238 2.9384 0.2402, -3.3268 -1.437 0.2402, -3.4646 -1.437 0.2402, -3.4646 -1.5945 0.2402, 2.2638 3.0906 0.2402, 2.0669 3.0906 0.2402, 2.0669 2.9528 0.2402, 1.8307 2.9528 0.2402, 0.9646 3.0906 0.2402, 0.7677 3.0906 0.2402, 0.9646 2.9528 0.2402, 0.7677 2.9528 0.2402, -3.3268 -0.5709 0.2402, -3.4646 -0.5709 0.2402, -3.4646 -0.7283 0.2402, -3.189 -2.8937 0.2402, 0.0984 -2.9528 0.2402, 0.3346 -2.9528 0.2402, 1.2008 -3.0906 0.2402, 1.3976 -3.0906 0.2402, 1.2008 -2.9528 0.2402, 1.3976 -2.9528 0.2402, 2.0669 -2.9528 0.2402, 2.0669 -3.0906 0.2402, 2.2638 -3.0906 0.2402, -0.0984 2.9528 0.2402, -0.3346 2.9528 0.2402, -3.189 2.8937 0.2402, 1.8307 3.0906 0.2402, 1.6339 3.0906 0.2402, 1.6339 2.9528 0.2402, 1.3976 2.9528 0.2402, -3.3268 -0.7283 0.2402, -3.3268 -1.0039 0.2402, -3.2677 -2.815 0.2402, -2.5 -2.9528 0.2402, -2.2638 -2.9528 0.2402, 0.0984 2.9528 0.2402, 0.0984 3.0906 0.2402, -0.0984 3.0906 0.2402, -3.3268 -1.5945 0.2402, -3.3268 -1.8701 0.2402, -2.2638 -3.0906 0.2402, -2.0669 -3.0906 0.2402, -2.0669 -2.9528 0.2402, -1.8307 -2.9528 0.2402, 0.9646 -2.9528 0.2402, 0.5315 -2.9528 0.2402, 0.5315 -3.0906 0.2402, 0.3346 -3.0906 0.2402, -2.5 2.9528 0.2402, -2.5 3.0906 0.2402, -3.3071 3.0906 0.2402, -3.3268 -1.1614 0.2402, -3.4646 -1.1614 0.2402, -3.4646 -1.0039 0.2402, -3.3071 -3.0906 0.2402, -2.5 -3.0906 0.2402, -3.311 -3.0555 0.2402, -1.8307 -3.0906 0.2402, -1.6339 -3.0906 0.2402, -1.6339 -2.9528 0.2402, -1.3976 -2.9528 0.2402, -0.0984 -2.9528 0.2402, -0.0984 -3.0906 0.2402, 0.0984 -3.0906 0.2402, 2.2638 -2.9528 0.2402, 2.5 -2.9528 0.2402, 3.189 -2.8937 0.2402, 3.3268 -1.1614 0.2402, 3.4646 -1.1614 0.2402, 3.4646 -1.0039 0.2402, 3.2677 -2.815 0.2402, 3.3268 -1.0039 0.2402, 3.3268 -0.7283 0.2402, 3.4646 -0.7283 0.2402, 3.4646 -0.5709 0.2402, 3.3268 -0.5709 0.2402, 3.3268 -0.2953 0.2402, 3.2677 2.815 0.2402, 3.3268 0.1378 0.2402, 3.4646 0.1378 0.2402, 3.4646 0.2953 0.2402, -3.3227 -3.0222 0.2402, -3.2231 -2.8859 0.2402, -3.4646 -1.8701 0.2402, -3.4646 -2.9331 0.2402, -3.2657 -2.8325 0.2402, -3.2599 -2.8491 0.2402, -1.3976 -3.0906 0.2402, -1.2008 -3.0906 0.2402, -1.2008 -2.9528 0.2402, -0.9646 -2.9528 0.2402, 1.3976 3.0906 0.2402, 1.2008 3.0906 0.2402, 1.2008 2.9528 0.2402, 3.189 2.8937 0.2402, 3.2065 2.8917 0.2402, 3.2231 2.8859 0.2402, 3.2381 2.8765 0.2402, 3.2505 2.8641 0.2402, 3.2599 2.8491 0.2402, 3.2657 2.8325 0.2402, -1.2008 2.9528 0.2402, -1.2008 3.0906 0.2402, -1.3976 3.0906 0.2402, -3.2065 -2.8917 0.2402, 1.6339 -2.9528 0.2402, 3.3268 -1.8701 0.2402, 3.3268 -1.5945 0.2402, 3.3268 1.0039 0.2402, 3.4646 1.0039 0.2402, 3.4646 1.1614 0.2402, 0.5315 2.9528 0.2402, -3.4295 -2.937 0.2402, -3.3962 -2.9487 0.2402, -3.3664 -2.9674 0.2402, -0.9646 -3.0906 0.2402, -0.7677 -3.0906 0.2402, -0.7677 -2.9528 0.2402, -0.5315 -2.9528 0.2402, 0.3346 2.9528 0.2402, 0.3346 3.0906 0.2402, 0.5315 3.0906 0.2402, -0.3346 3.0906 0.2402, -0.5315 3.0906 0.2402, -0.5315 2.9528 0.2402, -0.7677 2.9528 0.2402, -2.0669 2.9528 0.2402, -2.0669 3.0906 0.2402, -2.2638 3.0906 0.2402, -3.3268 1.1614 0.2402, -3.4646 1.1614 0.2402, -3.4646 1.0039 0.2402, -0.3346 -2.9528 0.2402, -0.3346 -3.0906 0.2402, -0.5315 -3.0906 0.2402, 1.8307 -2.9528 0.2402, 1.8307 -3.0906 0.2402, 1.6339 -3.0906 0.2402, 2.5 -3.0906 0.2402, 3.3071 -3.0906 0.2402, 3.3125 -3.0498 0.2402, 3.3282 -3.0118 0.2402, 3.2065 -2.8917 0.2402, 3.4646 -1.5945 0.2402, 3.4646 -1.437 0.2402, 3.3268 -1.437 0.2402, -1.3976 2.9528 0.2402, -1.6339 2.9528 0.2402, -3.3414 -2.9924 0.2402, -3.2381 -2.8765 0.2402, -3.2505 -2.8641 0.2402, 3.2657 -2.8325 0.2402, 3.2599 -2.8491 0.2402, 3.3858 -2.9542 0.2402, 3.2505 -2.8641 0.2402, 3.3532 -2.9792 0.2402, 3.2381 -2.8765 0.2402, 3.2231 -2.8859 0.2402, -0.9646 2.9528 0.2402, -0.9646 3.0906 0.2402, -0.7677 3.0906 0.2402, -3.3268 0.2953 0.2402, -3.4646 0.2953 0.2402, -3.4646 0.1378 0.2402, 3.4646 -2.9331 0.2402, 3.4646 -1.8701 0.2402, 3.4238 -2.9384 0.2402, -3.4646 2.9331 0.2402, -3.4646 1.8701 0.2402, -3.3268 1.8701 0.2402, -3.265 2.8353 0.2402, -3.2572 2.8543 0.2402, -3.3962 2.9487 0.2402, 3.3268 0.2953 0.2402, 3.3268 0.5709 0.2402, 3.3268 1.1614 0.2402, 3.3268 1.437 0.2402, -2.2638 2.9528 0.2402, -1.8307 2.9528 0.2402, -1.8307 3.0906 0.2402, -1.6339 3.0906 0.2402, 3.3268 -0.1378 0.2402, 3.4646 -0.1378 0.2402, 3.4646 -0.2953 0.2402, 3.3268 0.7283 0.2402, 3.4646 0.7283 0.2402, 3.4646 0.5709 0.2402, 3.4646 1.8701 0.2402, 3.3268 1.8701 0.2402, 3.3268 1.5945 0.2402, 3.4646 1.5945 0.2402, 3.4646 1.437 0.2402, -3.4295 2.937 0.2402, -3.2677 2.815 0.2402, -3.3268 1.5945 0.2402, -3.4646 -0.1378 0.2402, -3.4646 -0.2953 0.2402, -3.3268 -0.1378 0.2402, -3.3268 -0.2953 0.2402, -3.2094 2.891 0.2402, -3.311 3.0555 0.2402, -3.2283 2.8832 0.2402, -3.3227 3.0222 0.2402, -3.2447 2.8706 0.2402, -3.3414 2.9924 0.2402, -3.3664 2.9674 0.2402, -3.3268 1.0039 0.2402, -3.3268 0.7283 0.2402, -3.3268 1.437 0.2402, -3.4646 1.437 0.2402, -3.4646 1.5945 0.2402, -3.3268 0.1378 0.2402, -3.4646 0.7283 0.2402, -3.4646 0.5709 0.2402, -3.3268 0.5709 0.2402, -3.4646 -1.0039 0.2441, -3.4646 -0.9843 0.2441, -3.4646 -1.1811 0.0, -3.4646 -1.1811 0.2441, -3.4646 -1.1614 0.2441, -3.4646 -0.9843 0.0, -3.4646 -1.0039 0.0, -3.4646 -1.0039 0.0039, -3.4646 -1.1614 0.0, -3.4646 -1.1614 0.0039, -3.4646 -0.5709 0.2441, -3.4646 -0.5512 0.2441, -3.4646 -0.748 0.0, -3.4646 -0.748 0.2441, -3.4646 -0.7283 0.2441, -3.4646 -0.5512 0.0, -3.4646 -0.5709 0.0, -3.4646 -0.5709 0.0039, -3.4646 -0.7283 0.0, -3.4646 -0.7283 0.0039, -3.4646 -0.1378 0.2441, -3.4646 -0.1181 0.2441, -3.4646 -0.315 0.0, -3.4646 -0.315 0.2441, -3.4646 -0.2953 0.2441, -3.4646 -0.1181 0.0, -3.4646 -0.1378 0.0, -3.4646 -0.1378 0.0039, -3.4646 -0.2953 0.0, -3.4646 -0.2953 0.0039, -3.4646 0.2953 0.2441, -3.4646 0.315 0.2441, -3.4646 0.1181 0.0, -3.4646 0.1181 0.2441, -3.4646 0.1378 0.2441, -3.4646 0.315 0.0, -3.4646 0.2953 0.0, -3.4646 0.2953 0.0039, -3.4646 0.1378 0.0, -3.4646 0.1378 0.0039, -3.4646 0.7283 0.2441, -3.4646 0.748 0.2441, -3.4646 0.5512 0.0, -3.4646 0.5512 0.2441, -3.4646 0.5709 0.2441, -3.4646 0.748 0.0, -3.4646 0.7283 0.0, -3.4646 0.7283 0.0039, -3.4646 0.5709 0.0, -3.4646 0.5709 0.0039, -3.4646 1.1614 0.2441, -3.4646 1.1811 0.2441, -3.4646 0.9843 0.0, -3.4646 0.9843 0.2441, -3.4646 1.0039 0.2441, -3.4646 1.1811 0.0, -3.4646 1.1614 0.0, -3.4646 1.1614 0.0039, -3.4646 1.0039 0.0, -3.4646 1.0039 0.0039, -3.4646 1.5945 0.2441, -3.4646 1.6142 0.2441, -3.4646 1.4173 0.0, -3.4646 1.4173 0.2441, -3.4646 1.437 0.2441, -3.4646 1.6142 0.0, -3.4646 1.5945 0.0, -3.4646 1.5945 0.0039, -3.4646 1.437 0.0, -3.4646 1.437 0.0039, -3.4646 1.8701 0.0039, -3.4646 1.8701 0.0, -3.4646 1.8504 0.0, -3.4646 1.8504 0.2441, -3.4646 1.8701 0.2441, -3.4646 2.9331 0.0039, -3.4646 -1.5945 0.0039, -3.4646 -1.5945 0.0, -3.4646 -1.6142 0.0, -3.4646 -1.4173 0.2441, -3.4646 -1.4173 0.0, -3.4646 -1.437 0.0039, -3.4646 -1.437 0.0, -3.4646 -1.6142 0.2441, -3.4646 -1.5945 0.2441, -3.4646 -1.437 0.2441
            ]
        }
        coordIndex [
            0,1,2,-1,3,4,5,-1,6,7,8,-1,8,7,3,-1,8,3,9,-1,9,3,5,-1,10,11,3,-1,3,11,12,-1,3,12,4,-1,13,14,15,-1,16,17,10,-1,10,17,18,-1,10,18,11,-1,11,18,19,-1,20,21,22,-1,22,21,23,-1,24,25,26,-1,27,28,29,-1,30,31,32,-1,32,31,33,-1,34,35,36,-1,37,38,39,-1,40,41,19,-1,19,41,42,-1,19,42,11,-1,11,42,43,-1,44,45,46,-1,27,47,48,-1,49,50,51,-1,52,53,46,-1,54,55,48,-1,48,55,56,-1,48,56,27,-1,27,56,57,-1,2,58,0,-1,0,58,27,-1,0,27,59,-1,59,27,29,-1,59,29,60,-1,60,29,61,-1,62,63,64,-1,15,52,13,-1,13,52,46,-1,13,46,65,-1,65,46,45,-1,65,45,66,-1,66,45,67,-1,68,69,70,-1,70,69,47,-1,71,72,57,-1,57,72,73,-1,57,73,27,-1,27,73,74,-1,75,76,77,-1,78,79,80,-1,81,82,83,-1,84,85,86,-1,87,88,86,-1,86,88,89,-1,86,89,84,-1,84,89,90,-1,84,90,91,-1,92,93,94,-1,95,70,96,-1,53,97,46,-1,46,97,98,-1,46,98,99,-1,99,98,100,-1,101,102,74,-1,74,102,103,-1,74,103,27,-1,27,103,104,-1,105,106,43,-1,43,106,107,-1,43,107,11,-1,11,107,108,-1,11,108,109,-1,109,110,11,-1,11,110,111,-1,11,111,112,-1,112,113,11,-1,11,113,114,-1,11,114,91,-1,115,116,117,-1,47,27,70,-1,70,27,118,-1,70,118,96,-1,119,80,33,-1,33,80,27,-1,33,27,32,-1,32,27,58,-1,84,120,121,-1,122,123,124,-1,107,22,108,-1,108,22,23,-1,108,23,39,-1,39,23,125,-1,98,126,100,-1,100,126,127,-1,100,127,128,-1,129,130,104,-1,104,130,131,-1,104,131,27,-1,27,131,132,-1,51,37,49,-1,49,37,39,-1,49,39,133,-1,133,39,125,-1,133,125,134,-1,134,125,135,-1,136,137,38,-1,38,137,138,-1,38,138,39,-1,39,138,139,-1,140,141,142,-1,143,144,145,-1,77,28,75,-1,75,28,27,-1,75,27,146,-1,146,27,132,-1,146,132,147,-1,147,132,148,-1,36,78,34,-1,34,78,80,-1,34,80,149,-1,149,80,119,-1,149,119,150,-1,150,119,151,-1,152,153,79,-1,79,153,154,-1,79,154,80,-1,80,154,155,-1,80,155,156,-1,157,158,121,-1,121,158,159,-1,121,159,84,-1,84,159,81,-1,84,81,85,-1,85,81,83,-1,160,161,39,-1,95,96,162,-1,162,96,163,-1,162,163,128,-1,128,163,164,-1,128,164,100,-1,165,166,167,-1,167,166,168,-1,167,168,169,-1,169,168,170,-1,169,170,155,-1,155,170,171,-1,155,171,156,-1,117,160,115,-1,115,160,39,-1,115,39,172,-1,172,39,139,-1,172,139,173,-1,173,139,174,-1,175,176,177,-1,178,179,180,-1,180,179,120,-1,180,120,167,-1,167,120,84,-1,167,84,165,-1,181,182,183,-1,184,185,186,-1,187,188,91,-1,189,190,91,-1,142,191,140,-1,140,191,39,-1,140,39,192,-1,192,39,161,-1,192,161,193,-1,193,161,194,-1,94,187,92,-1,92,187,91,-1,92,91,195,-1,195,91,90,-1,195,90,196,-1,196,90,197,-1,124,189,122,-1,122,189,91,-1,122,91,198,-1,198,91,188,-1,198,188,199,-1,199,188,200,-1,201,11,202,-1,202,11,91,-1,202,91,203,-1,203,91,190,-1,203,190,204,-1,204,190,205,-1,186,206,184,-1,184,206,181,-1,184,181,207,-1,207,181,183,-1,207,183,208,-1,209,210,211,-1,211,210,212,-1,191,62,39,-1,39,62,64,-1,39,64,213,-1,213,64,214,-1,213,214,215,-1,215,214,216,-1,215,216,217,-1,217,216,218,-1,217,218,185,-1,185,218,219,-1,185,219,186,-1,220,221,207,-1,145,220,143,-1,143,220,207,-1,143,207,222,-1,222,207,208,-1,222,208,223,-1,223,208,224,-1,26,44,24,-1,24,44,46,-1,24,46,212,-1,212,46,207,-1,212,207,211,-1,211,207,225,-1,226,227,221,-1,221,227,228,-1,221,228,207,-1,207,228,175,-1,207,175,225,-1,225,175,177,-1,67,229,230,-1,231,232,66,-1,66,232,233,-1,234,235,236,-1,237,231,238,-1,238,231,66,-1,238,66,236,-1,236,66,67,-1,236,67,234,-1,234,67,230,-1,25,239,240,-1,241,242,26,-1,26,242,243,-1,244,245,246,-1,247,241,248,-1,248,241,26,-1,248,26,246,-1,246,26,25,-1,246,25,244,-1,244,25,240,-1,209,249,250,-1,251,252,210,-1,210,252,253,-1,254,255,256,-1,257,251,258,-1,258,251,210,-1,258,210,256,-1,256,210,209,-1,256,209,254,-1,254,209,250,-1,176,259,260,-1,261,262,177,-1,177,262,263,-1,264,265,266,-1,267,261,268,-1,268,261,177,-1,268,177,266,-1,266,177,176,-1,266,176,264,-1,264,176,260,-1,226,269,270,-1,271,272,227,-1,227,272,273,-1,274,275,276,-1,277,271,278,-1,278,271,227,-1,278,227,276,-1,276,227,226,-1,276,226,274,-1,274,226,270,-1,144,279,280,-1,281,282,145,-1,145,282,283,-1,284,285,286,-1,287,281,288,-1,288,281,145,-1,288,145,286,-1,286,145,144,-1,286,144,284,-1,284,144,280,-1,224,289,290,-1,291,292,223,-1,223,292,293,-1,294,295,296,-1,297,291,298,-1,298,291,223,-1,298,223,296,-1,296,223,224,-1,296,224,294,-1,294,224,290,-1,299,300,301,-1,302,303,182,-1,181,304,182,-1,182,304,299,-1,182,299,302,-1,302,299,301,-1,305,306,307,-1,308,309,310,-1,310,309,311,-1,312,313,15,-1,314,308,14,-1,14,308,310,-1,14,310,15,-1,15,310,305,-1,15,305,312,-1,312,305,307,-1,
        ]
    }
}
Shape{
    appearance Appearance {
        material  Material 	{
            diffuseColor 1.0 1.0 0.0
            specularColor 0.5019607843137255 0.5019607843137255 0.0
            ambientIntensity 0.886
            transparency 0.0
            shininess 0.5
        }
    }
    geometry IndexedFaceSet {
        ccw TRUE
        solid FALSE
        coord DEF co Coordinate {
            point [
                -2.2638 3.0906 0.2441, -2.2835 3.0906 0.2441, -2.2868 3.0651 0.2441, -2.3123 3.021 0.2441, -2.3327 3.0053 0.2441, -2.2638 2.9528 0.2441, -2.2967 3.0413 0.2441, -2.3564 2.9955 0.2441, -2.3819 2.9921 0.2441, -2.5 2.9528 0.2441, -2.4074 2.9955 0.2441, -2.4311 3.0053 0.2441, -2.4515 3.021 0.2441, -2.4671 3.0413 0.2441, -2.5 3.0906 0.2441, -2.477 3.0651 0.2441, -2.4803 3.0906 0.2441, -2.2638 2.9528 0.2402, -2.2638 3.0906 0.2402, -2.5 2.9528 0.2402, -2.5 3.0906 0.2402, -1.8307 3.0906 0.2441, -1.8504 3.0906 0.2441, -1.8537 3.0651 0.2441, -1.8792 3.021 0.2441, -1.8996 3.0053 0.2441, -1.8307 2.9528 0.2441, -1.8636 3.0413 0.2441, -1.9233 2.9955 0.2441, -1.9488 2.9921 0.2441, -2.0669 2.9528 0.2441, -1.9743 2.9955 0.2441, -1.998 3.0053 0.2441, -2.0184 3.021 0.2441, -2.0341 3.0413 0.2441, -2.0669 3.0906 0.2441, -2.0439 3.0651 0.2441, -2.0472 3.0906 0.2441, -1.8307 2.9528 0.2402, -1.8307 3.0906 0.2402, -2.0669 2.9528 0.2402, -2.0669 3.0906 0.2402, -1.3976 3.0906 0.2441, -1.4173 3.0906 0.2441, -1.4207 3.0651 0.2441, -1.4462 3.021 0.2441, -1.4665 3.0053 0.2441, -1.3976 2.9528 0.2441, -1.565 3.0053 0.2441, -1.5853 3.021 0.2441, -1.6339 2.9528 0.2441, -1.601 3.0413 0.2441, -1.6339 3.0906 0.2441, -1.6108 3.0651 0.2441, -1.6142 3.0906 0.2441, -1.4305 3.0413 0.2441, -1.4903 2.9955 0.2441, -1.5157 2.9921 0.2441, -1.5412 2.9955 0.2441, -1.3976 2.9528 0.2402, -1.3976 3.0906 0.2402, -1.6339 2.9528 0.2402, -1.6339 3.0906 0.2402, -0.9646 3.0906 0.2441, -0.9843 3.0906 0.2441, -0.9876 3.0651 0.2441, -1.0131 3.021 0.2441, -1.0335 3.0053 0.2441, -0.9646 2.9528 0.2441, -0.9974 3.0413 0.2441, -1.0572 2.9955 0.2441, -1.0827 2.9921 0.2441, -1.2008 2.9528 0.2441, -1.1082 2.9955 0.2441, -1.1319 3.0053 0.2441, -1.1523 3.021 0.2441, -1.1679 3.0413 0.2441, -1.2008 3.0906 0.2441, -1.1777 3.0651 0.2441, -1.1811 3.0906 0.2441, -0.9646 2.9528 0.2402, -0.9646 3.0906 0.2402, -1.2008 2.9528 0.2402, -1.2008 3.0906 0.2402, -0.5315 3.0906 0.2441, -0.5512 3.0906 0.2441, -0.5545 3.0651 0.2441, -0.5315 2.9528 0.2441, -0.58 3.021 0.2441, -0.6004 3.0053 0.2441, -0.5644 3.0413 0.2441, -0.6241 2.9955 0.2441, -0.6496 2.9921 0.2441, -0.7677 2.9528 0.2441, -0.6751 2.9955 0.2441, -0.6988 3.0053 0.2441, -0.7192 3.021 0.2441, -0.7348 3.0413 0.2441, -0.7677 3.0906 0.2441, -0.7447 3.0651 0.2441, -0.748 3.0906 0.2441, -0.5315 2.9528 0.2402, -0.5315 3.0906 0.2402, -0.7677 2.9528 0.2402, -0.7677 3.0906 0.2402, -0.0984 3.0906 0.2441, -0.1181 3.0906 0.2441, -0.1215 3.0651 0.2441, -0.0984 2.9528 0.2441, -0.1469 3.021 0.2441, -0.1673 3.0053 0.2441, -0.1313 3.0413 0.2441, -0.1911 2.9955 0.2441, -0.2165 2.9921 0.2441, -0.3346 2.9528 0.2441, -0.242 2.9955 0.2441, -0.2657 3.0053 0.2441, -0.2861 3.021 0.2441, -0.3018 3.0413 0.2441, -0.3346 3.0906 0.2441, -0.3116 3.0651 0.2441, -0.315 3.0906 0.2441, -0.0984 2.9528 0.2402, -0.0984 3.0906 0.2402, -0.3346 2.9528 0.2402, -0.3346 3.0906 0.2402, 0.3346 3.0906 0.2441, 0.315 3.0906 0.2441, 0.3116 3.0651 0.2441, 0.3346 2.9528 0.2441, 0.2861 3.021 0.2441, 0.2657 3.0053 0.2441, 0.3018 3.0413 0.2441, 0.242 2.9955 0.2441, 0.2165 2.9921 0.2441, 0.0984 2.9528 0.2441, 0.1911 2.9955 0.2441, 0.1673 3.0053 0.2441, 0.1469 3.021 0.2441, 0.1313 3.0413 0.2441, 0.0984 3.0906 0.2441, 0.1215 3.0651 0.2441, 0.1181 3.0906 0.2441, 0.3346 2.9528 0.2402, 0.3346 3.0906 0.2402, 0.0984 2.9528 0.2402, 0.0984 3.0906 0.2402, 0.7677 3.0906 0.2441, 0.748 3.0906 0.2441, 0.7447 3.0651 0.2441, 0.7677 2.9528 0.2441, 0.7192 3.021 0.2441, 0.6988 3.0053 0.2441, 0.7348 3.0413 0.2441, 0.6751 2.9955 0.2441, 0.6496 2.9921 0.2441, 0.5315 2.9528 0.2441, 0.6241 2.9955 0.2441, 0.6004 3.0053 0.2441, 0.58 3.021 0.2441, 0.5644 3.0413 0.2441, 0.5315 3.0906 0.2441, 0.5545 3.0651 0.2441, 0.5512 3.0906 0.2441, 0.7677 2.9528 0.2402, 0.7677 3.0906 0.2402, 0.5315 2.9528 0.2402, 0.5315 3.0906 0.2402, 1.2008 3.0906 0.2441, 1.1811 3.0906 0.2441, 1.1777 3.0651 0.2441, 1.1523 3.021 0.2441, 1.1319 3.0053 0.2441, 1.2008 2.9528 0.2441, 1.1679 3.0413 0.2441, 1.1082 2.9955 0.2441, 1.0827 2.9921 0.2441, 0.9646 2.9528 0.2441, 1.0572 2.9955 0.2441, 1.0335 3.0053 0.2441, 1.0131 3.021 0.2441, 0.9974 3.0413 0.2441, 0.9646 3.0906 0.2441, 0.9876 3.0651 0.2441, 0.9843 3.0906 0.2441, 1.2008 2.9528 0.2402, 1.2008 3.0906 0.2402, 0.9646 2.9528 0.2402, 0.9646 3.0906 0.2402, 1.6339 3.0906 0.2441, 1.6142 3.0906 0.2441, 1.6108 3.0651 0.2441, 1.5853 3.021 0.2441, 1.565 3.0053 0.2441, 1.6339 2.9528 0.2441, 1.601 3.0413 0.2441, 1.5412 2.9955 0.2441, 1.5157 2.9921 0.2441, 1.3976 2.9528 0.2441, 1.4903 2.9955 0.2441, 1.4665 3.0053 0.2441, 1.4462 3.021 0.2441, 1.4305 3.0413 0.2441, 1.3976 3.0906 0.2441, 1.4207 3.0651 0.2441, 1.4173 3.0906 0.2441, 1.6339 2.9528 0.2402, 1.6339 3.0906 0.2402, 1.3976 2.9528 0.2402, 1.3976 3.0906 0.2402, 2.0669 3.0906 0.2441, 2.0472 3.0906 0.2441, 2.0439 3.0651 0.2441, 2.0184 3.021 0.2441, 1.998 3.0053 0.2441, 2.0669 2.9528 0.2441, 2.0341 3.0413 0.2441, 1.9743 2.9955 0.2441, 1.9488 2.9921 0.2441, 1.8307 2.9528 0.2441, 1.9233 2.9955 0.2441, 1.8996 3.0053 0.2441, 1.8792 3.021 0.2441, 1.8636 3.0413 0.2441, 1.8307 3.0906 0.2441, 1.8537 3.0651 0.2441, 1.8504 3.0906 0.2441, 2.0669 2.9528 0.2402, 2.0669 3.0906 0.2402, 1.8307 2.9528 0.2402, 1.8307 3.0906 0.2402, 2.5 3.0906 0.2441, 2.4803 3.0906 0.2441, 2.477 3.0651 0.2441, 2.4515 3.021 0.2441, 2.4311 3.0053 0.2441, 2.5 2.9528 0.2441, 2.4671 3.0413 0.2441, 2.4074 2.9955 0.2441, 2.3819 2.9921 0.2441, 2.2638 2.9528 0.2441, 2.3564 2.9955 0.2441, 2.3327 3.0053 0.2441, 2.3123 3.021 0.2441, 2.2967 3.0413 0.2441, 2.2638 3.0906 0.2441, 2.2868 3.0651 0.2441, 2.2835 3.0906 0.2441, 2.5 2.9528 0.2402, 2.5 3.0906 0.2402, 2.2638 2.9528 0.2402, 2.2638 3.0906 0.2402
            ]
        }
        coordIndex [
            0,1,2,-1,3,4,5,-1,0,2,5,-1,5,2,6,-1,5,6,3,-1,4,7,5,-1,5,7,8,-1,5,8,9,-1,9,8,10,-1,9,10,11,-1,11,12,9,-1,9,12,13,-1,9,13,14,-1,14,13,15,-1,14,15,16,-1,17,18,5,-1,5,18,0,-1,9,14,19,-1,19,14,20,-1,21,22,23,-1,24,25,26,-1,21,23,26,-1,26,23,27,-1,26,27,24,-1,25,28,26,-1,26,28,29,-1,26,29,30,-1,30,29,31,-1,30,31,32,-1,32,33,30,-1,30,33,34,-1,30,34,35,-1,35,34,36,-1,35,36,37,-1,38,39,26,-1,26,39,21,-1,30,35,40,-1,40,35,41,-1,42,43,44,-1,45,46,47,-1,48,49,50,-1,50,49,51,-1,50,51,52,-1,52,51,53,-1,52,53,54,-1,42,44,47,-1,47,44,55,-1,47,55,45,-1,46,56,47,-1,47,56,57,-1,47,57,50,-1,50,57,58,-1,50,58,48,-1,59,60,47,-1,47,60,42,-1,50,52,61,-1,61,52,62,-1,63,64,65,-1,66,67,68,-1,63,65,68,-1,68,65,69,-1,68,69,66,-1,67,70,68,-1,68,70,71,-1,68,71,72,-1,72,71,73,-1,72,73,74,-1,74,75,72,-1,72,75,76,-1,72,76,77,-1,77,76,78,-1,77,78,79,-1,80,81,68,-1,68,81,63,-1,72,77,82,-1,82,77,83,-1,84,85,86,-1,87,88,89,-1,84,86,87,-1,87,86,90,-1,87,90,88,-1,89,91,87,-1,87,91,92,-1,87,92,93,-1,93,92,94,-1,93,94,95,-1,95,96,93,-1,93,96,97,-1,93,97,98,-1,98,97,99,-1,98,99,100,-1,101,102,87,-1,87,102,84,-1,93,98,103,-1,103,98,104,-1,105,106,107,-1,108,109,110,-1,105,107,108,-1,108,107,111,-1,108,111,109,-1,110,112,108,-1,108,112,113,-1,108,113,114,-1,114,113,115,-1,114,115,116,-1,116,117,114,-1,114,117,118,-1,114,118,119,-1,119,118,120,-1,119,120,121,-1,122,123,108,-1,108,123,105,-1,114,119,124,-1,124,119,125,-1,126,127,128,-1,129,130,131,-1,126,128,129,-1,129,128,132,-1,129,132,130,-1,131,133,129,-1,129,133,134,-1,129,134,135,-1,135,134,136,-1,135,136,137,-1,137,138,135,-1,135,138,139,-1,135,139,140,-1,140,139,141,-1,140,141,142,-1,143,144,129,-1,129,144,126,-1,135,140,145,-1,145,140,146,-1,147,148,149,-1,150,151,152,-1,147,149,150,-1,150,149,153,-1,150,153,151,-1,152,154,150,-1,150,154,155,-1,150,155,156,-1,156,155,157,-1,156,157,158,-1,158,159,156,-1,156,159,160,-1,156,160,161,-1,161,160,162,-1,161,162,163,-1,164,165,150,-1,150,165,147,-1,156,161,166,-1,166,161,167,-1,168,169,170,-1,171,172,173,-1,168,170,173,-1,173,170,174,-1,173,174,171,-1,172,175,173,-1,173,175,176,-1,173,176,177,-1,177,176,178,-1,177,178,179,-1,179,180,177,-1,177,180,181,-1,177,181,182,-1,182,181,183,-1,182,183,184,-1,185,186,173,-1,173,186,168,-1,177,182,187,-1,187,182,188,-1,189,190,191,-1,192,193,194,-1,189,191,194,-1,194,191,195,-1,194,195,192,-1,193,196,194,-1,194,196,197,-1,194,197,198,-1,198,197,199,-1,198,199,200,-1,200,201,198,-1,198,201,202,-1,198,202,203,-1,203,202,204,-1,203,204,205,-1,206,207,194,-1,194,207,189,-1,198,203,208,-1,208,203,209,-1,210,211,212,-1,213,214,215,-1,210,212,215,-1,215,212,216,-1,215,216,213,-1,214,217,215,-1,215,217,218,-1,215,218,219,-1,219,218,220,-1,219,220,221,-1,221,222,219,-1,219,222,223,-1,219,223,224,-1,224,223,225,-1,224,225,226,-1,227,228,215,-1,215,228,210,-1,219,224,229,-1,229,224,230,-1,231,232,233,-1,234,235,236,-1,231,233,236,-1,236,233,237,-1,236,237,234,-1,235,238,236,-1,236,238,239,-1,236,239,240,-1,240,239,241,-1,240,241,242,-1,242,243,240,-1,240,243,244,-1,240,244,245,-1,245,244,246,-1,245,246,247,-1,248,249,236,-1,236,249,231,-1,240,245,250,-1,250,245,251,-1,
        ]
    }
}
Shape{
    appearance Appearance {
        material  Material 	{
            diffuseColor 0.0 0.5019607843137255 0.0
            specularColor 0.0 0.25098039215686274 0.0
            ambientIntensity 0.2947
            transparency 0.0
            shininess 0.5
        }
    }
    geometry IndexedFaceSet {
        ccw TRUE
        solid FALSE
        coord DEF co Coordinate {
            point [
                -2.0669 3.0906 0.2402, -2.0669 3.0906 0.2441, -2.0472 3.0906 0.2441, -2.2835 3.0906 0.0, -2.2835 3.0906 0.2441, -2.2638 3.0906 0.2402, -2.2638 3.0906 0.2441, -2.0472 3.0906 0.0, -2.0669 3.0906 0.0, -2.0669 3.0906 0.0039, -2.2638 3.0906 0.0, -2.2638 3.0906 0.0039, -2.5 3.0906 0.2402, -2.5 3.0906 0.2441, -2.4803 3.0906 0.2441, -2.4803 3.0906 0.0, -2.5 3.0906 0.0, -2.5 3.0906 0.0039, -3.3071 3.0906 0.2402, -3.0709 3.0906 0.0039, -3.3071 3.0906 0.0039, -1.6339 3.0906 0.2402, -1.6339 3.0906 0.2441, -1.6142 3.0906 0.2441, -1.8504 3.0906 0.0, -1.8504 3.0906 0.2441, -1.8307 3.0906 0.2402, -1.8307 3.0906 0.2441, -1.6142 3.0906 0.0, -1.6339 3.0906 0.0, -1.6339 3.0906 0.0039, -1.8307 3.0906 0.0, -1.8307 3.0906 0.0039, -1.2008 3.0906 0.2402, -1.2008 3.0906 0.2441, -1.1811 3.0906 0.2441, -1.4173 3.0906 0.0, -1.4173 3.0906 0.2441, -1.3976 3.0906 0.2402, -1.3976 3.0906 0.2441, -1.1811 3.0906 0.0, -1.2008 3.0906 0.0, -1.2008 3.0906 0.0039, -1.3976 3.0906 0.0, -1.3976 3.0906 0.0039, -0.7677 3.0906 0.2402, -0.7677 3.0906 0.2441, -0.748 3.0906 0.2441, -0.9843 3.0906 0.0, -0.9843 3.0906 0.2441, -0.9646 3.0906 0.2402, -0.9646 3.0906 0.2441, -0.748 3.0906 0.0, -0.7677 3.0906 0.0, -0.7677 3.0906 0.0039, -0.9646 3.0906 0.0, -0.9646 3.0906 0.0039, -0.3346 3.0906 0.2402, -0.3346 3.0906 0.2441, -0.315 3.0906 0.2441, -0.5512 3.0906 0.0, -0.5512 3.0906 0.2441, -0.5315 3.0906 0.2402, -0.5315 3.0906 0.2441, -0.315 3.0906 0.0, -0.3346 3.0906 0.0, -0.3346 3.0906 0.0039, -0.5315 3.0906 0.0, -0.5315 3.0906 0.0039, 0.0984 3.0906 0.2402, 0.0984 3.0906 0.2441, 0.1181 3.0906 0.2441, -0.1181 3.0906 0.0, -0.1181 3.0906 0.2441, -0.0984 3.0906 0.2402, -0.0984 3.0906 0.2441, 0.1181 3.0906 0.0, 0.0984 3.0906 0.0, 0.0984 3.0906 0.0039, -0.0984 3.0906 0.0, -0.0984 3.0906 0.0039, 0.5315 3.0906 0.2402, 0.5315 3.0906 0.2441, 0.5512 3.0906 0.2441, 0.315 3.0906 0.0, 0.315 3.0906 0.2441, 0.3346 3.0906 0.2402, 0.3346 3.0906 0.2441, 0.5512 3.0906 0.0, 0.5315 3.0906 0.0, 0.5315 3.0906 0.0039, 0.3346 3.0906 0.0, 0.3346 3.0906 0.0039, 0.9646 3.0906 0.2402, 0.9646 3.0906 0.2441, 0.9843 3.0906 0.2441, 0.748 3.0906 0.0, 0.748 3.0906 0.2441, 0.7677 3.0906 0.2402, 0.7677 3.0906 0.2441, 0.9843 3.0906 0.0, 0.9646 3.0906 0.0, 0.9646 3.0906 0.0039, 0.7677 3.0906 0.0, 0.7677 3.0906 0.0039, 1.3976 3.0906 0.2402, 1.3976 3.0906 0.2441, 1.4173 3.0906 0.2441, 1.1811 3.0906 0.0, 1.1811 3.0906 0.2441, 1.2008 3.0906 0.2402, 1.2008 3.0906 0.2441, 1.4173 3.0906 0.0, 1.3976 3.0906 0.0, 1.3976 3.0906 0.0039, 1.2008 3.0906 0.0, 1.2008 3.0906 0.0039, 1.8307 3.0906 0.2402, 1.8307 3.0906 0.2441, 1.8504 3.0906 0.2441, 1.6142 3.0906 0.0, 1.6142 3.0906 0.2441, 1.6339 3.0906 0.2402, 1.6339 3.0906 0.2441, 1.8504 3.0906 0.0, 1.8307 3.0906 0.0, 1.8307 3.0906 0.0039, 1.6339 3.0906 0.0, 1.6339 3.0906 0.0039, 2.2638 3.0906 0.2402, 2.2638 3.0906 0.2441, 2.2835 3.0906 0.2441, 2.0472 3.0906 0.0, 2.0472 3.0906 0.2441, 2.0669 3.0906 0.2402, 2.0669 3.0906 0.2441, 2.2835 3.0906 0.0, 2.2638 3.0906 0.0, 2.2638 3.0906 0.0039, 2.0669 3.0906 0.0, 2.0669 3.0906 0.0039, 2.5 3.0906 0.0039, 2.5 3.0906 0.0, 2.4803 3.0906 0.0, 2.4803 3.0906 0.2441, 2.5 3.0906 0.2441, 2.5 3.0906 0.2402, 3.3071 3.0906 0.2402, 3.3071 3.0906 0.0039, -2.2638 -3.0906 0.2402, -2.2638 -3.0906 0.2441, -2.2835 -3.0906 0.2441, -2.0472 -3.0906 0.0, -2.0472 -3.0906 0.2441, -2.0669 -3.0906 0.2402, -2.0669 -3.0906 0.2441, -2.2835 -3.0906 0.0, -2.2638 -3.0906 0.0, -2.2638 -3.0906 0.0039, -2.0669 -3.0906 0.0, -2.0669 -3.0906 0.0039, -1.6339 -3.0906 0.0039, -1.6339 -3.0906 0.0, -1.6142 -3.0906 0.0, -1.8504 -3.0906 0.2441, -1.8504 -3.0906 0.0, -1.8307 -3.0906 0.0039, -1.8307 -3.0906 0.0, -1.6142 -3.0906 0.2441, -1.6339 -3.0906 0.2441, -1.6339 -3.0906 0.2402, -1.8307 -3.0906 0.2441, -1.8307 -3.0906 0.2402, -1.2008 -3.0906 0.0039, -1.2008 -3.0906 0.0, -1.1811 -3.0906 0.0, -1.4173 -3.0906 0.2441, -1.4173 -3.0906 0.0, -1.3976 -3.0906 0.0039, -1.3976 -3.0906 0.0, -1.1811 -3.0906 0.2441, -1.2008 -3.0906 0.2441, -1.2008 -3.0906 0.2402, -1.3976 -3.0906 0.2441, -1.3976 -3.0906 0.2402, -0.7677 -3.0906 0.0039, -0.7677 -3.0906 0.0, -0.748 -3.0906 0.0, -0.9843 -3.0906 0.2441, -0.9843 -3.0906 0.0, -0.9646 -3.0906 0.0039, -0.9646 -3.0906 0.0, -0.748 -3.0906 0.2441, -0.7677 -3.0906 0.2441, -0.7677 -3.0906 0.2402, -0.9646 -3.0906 0.2441, -0.9646 -3.0906 0.2402, -0.3346 -3.0906 0.0039, -0.3346 -3.0906 0.0, -0.315 -3.0906 0.0, -0.5512 -3.0906 0.2441, -0.5512 -3.0906 0.0, -0.5315 -3.0906 0.0039, -0.5315 -3.0906 0.0, -0.315 -3.0906 0.2441, -0.3346 -3.0906 0.2441, -0.3346 -3.0906 0.2402, -0.5315 -3.0906 0.2441, -0.5315 -3.0906 0.2402, 0.0984 -3.0906 0.0039, 0.0984 -3.0906 0.0, 0.1181 -3.0906 0.0, -0.1181 -3.0906 0.2441, -0.1181 -3.0906 0.0, -0.0984 -3.0906 0.0039, -0.0984 -3.0906 0.0, 0.1181 -3.0906 0.2441, 0.0984 -3.0906 0.2441, 0.0984 -3.0906 0.2402, -0.0984 -3.0906 0.2441, -0.0984 -3.0906 0.2402, 0.5315 -3.0906 0.0039, 0.5315 -3.0906 0.0, 0.5512 -3.0906 0.0, 0.315 -3.0906 0.2441, 0.315 -3.0906 0.0, 0.3346 -3.0906 0.0039, 0.3346 -3.0906 0.0, 0.5512 -3.0906 0.2441, 0.5315 -3.0906 0.2441, 0.5315 -3.0906 0.2402, 0.3346 -3.0906 0.2441, 0.3346 -3.0906 0.2402, 0.9646 -3.0906 0.0039, 0.9646 -3.0906 0.0, 0.9843 -3.0906 0.0, 0.748 -3.0906 0.2441, 0.748 -3.0906 0.0, 0.7677 -3.0906 0.0039, 0.7677 -3.0906 0.0, 0.9843 -3.0906 0.2441, 0.9646 -3.0906 0.2441, 0.9646 -3.0906 0.2402, 0.7677 -3.0906 0.2441, 0.7677 -3.0906 0.2402, 1.3976 -3.0906 0.0039, 1.3976 -3.0906 0.0, 1.4173 -3.0906 0.0, 1.1811 -3.0906 0.2441, 1.1811 -3.0906 0.0, 1.2008 -3.0906 0.0039, 1.2008 -3.0906 0.0, 1.4173 -3.0906 0.2441, 1.3976 -3.0906 0.2441, 1.3976 -3.0906 0.2402, 1.2008 -3.0906 0.2441, 1.2008 -3.0906 0.2402, 1.8307 -3.0906 0.0039, 1.8307 -3.0906 0.0, 1.8504 -3.0906 0.0, 1.6142 -3.0906 0.2441, 1.6142 -3.0906 0.0, 1.6339 -3.0906 0.0039, 1.6339 -3.0906 0.0, 1.8504 -3.0906 0.2441, 1.8307 -3.0906 0.2441, 1.8307 -3.0906 0.2402, 1.6339 -3.0906 0.2441, 1.6339 -3.0906 0.2402, 2.2638 -3.0906 0.0039, 2.2638 -3.0906 0.0, 2.2835 -3.0906 0.0, 2.0472 -3.0906 0.2441, 2.0472 -3.0906 0.0, 2.0669 -3.0906 0.0039, 2.0669 -3.0906 0.0, 2.2835 -3.0906 0.2441, 2.2638 -3.0906 0.2441, 2.2638 -3.0906 0.2402, 2.0669 -3.0906 0.2441, 2.0669 -3.0906 0.2402
            ]
        }
        coordIndex [
            0,1,2,-1,3,4,5,-1,5,4,6,-1,7,8,9,-1,10,3,11,-1,11,3,5,-1,11,5,9,-1,9,5,0,-1,9,0,7,-1,7,0,2,-1,12,13,14,-1,15,16,17,-1,14,15,12,-1,12,15,17,-1,12,17,18,-1,18,17,19,-1,18,19,20,-1,21,22,23,-1,24,25,26,-1,26,25,27,-1,28,29,30,-1,31,24,32,-1,32,24,26,-1,32,26,30,-1,30,26,21,-1,30,21,28,-1,28,21,23,-1,33,34,35,-1,36,37,38,-1,38,37,39,-1,40,41,42,-1,43,36,44,-1,44,36,38,-1,44,38,42,-1,42,38,33,-1,42,33,40,-1,40,33,35,-1,45,46,47,-1,48,49,50,-1,50,49,51,-1,52,53,54,-1,55,48,56,-1,56,48,50,-1,56,50,54,-1,54,50,45,-1,54,45,52,-1,52,45,47,-1,57,58,59,-1,60,61,62,-1,62,61,63,-1,64,65,66,-1,67,60,68,-1,68,60,62,-1,68,62,66,-1,66,62,57,-1,66,57,64,-1,64,57,59,-1,69,70,71,-1,72,73,74,-1,74,73,75,-1,76,77,78,-1,79,72,80,-1,80,72,74,-1,80,74,78,-1,78,74,69,-1,78,69,76,-1,76,69,71,-1,81,82,83,-1,84,85,86,-1,86,85,87,-1,88,89,90,-1,91,84,92,-1,92,84,86,-1,92,86,90,-1,90,86,81,-1,90,81,88,-1,88,81,83,-1,93,94,95,-1,96,97,98,-1,98,97,99,-1,100,101,102,-1,103,96,104,-1,104,96,98,-1,104,98,102,-1,102,98,93,-1,102,93,100,-1,100,93,95,-1,105,106,107,-1,108,109,110,-1,110,109,111,-1,112,113,114,-1,115,108,116,-1,116,108,110,-1,116,110,114,-1,114,110,105,-1,114,105,112,-1,112,105,107,-1,117,118,119,-1,120,121,122,-1,122,121,123,-1,124,125,126,-1,127,120,128,-1,128,120,122,-1,128,122,126,-1,126,122,117,-1,126,117,124,-1,124,117,119,-1,129,130,131,-1,132,133,134,-1,134,133,135,-1,136,137,138,-1,139,132,140,-1,140,132,134,-1,140,134,138,-1,138,134,129,-1,138,129,136,-1,136,129,131,-1,141,142,143,-1,144,145,146,-1,147,148,146,-1,146,148,141,-1,146,141,144,-1,144,141,143,-1,149,150,151,-1,152,153,154,-1,154,153,155,-1,156,157,158,-1,159,152,160,-1,160,152,154,-1,160,154,158,-1,158,154,149,-1,158,149,156,-1,156,149,151,-1,161,162,163,-1,164,165,166,-1,166,165,167,-1,168,169,170,-1,171,164,172,-1,172,164,166,-1,172,166,170,-1,170,166,161,-1,170,161,168,-1,168,161,163,-1,173,174,175,-1,176,177,178,-1,178,177,179,-1,180,181,182,-1,183,176,184,-1,184,176,178,-1,184,178,182,-1,182,178,173,-1,182,173,180,-1,180,173,175,-1,185,186,187,-1,188,189,190,-1,190,189,191,-1,192,193,194,-1,195,188,196,-1,196,188,190,-1,196,190,194,-1,194,190,185,-1,194,185,192,-1,192,185,187,-1,197,198,199,-1,200,201,202,-1,202,201,203,-1,204,205,206,-1,207,200,208,-1,208,200,202,-1,208,202,206,-1,206,202,197,-1,206,197,204,-1,204,197,199,-1,209,210,211,-1,212,213,214,-1,214,213,215,-1,216,217,218,-1,219,212,220,-1,220,212,214,-1,220,214,218,-1,218,214,209,-1,218,209,216,-1,216,209,211,-1,221,222,223,-1,224,225,226,-1,226,225,227,-1,228,229,230,-1,231,224,232,-1,232,224,226,-1,232,226,230,-1,230,226,221,-1,230,221,228,-1,228,221,223,-1,233,234,235,-1,236,237,238,-1,238,237,239,-1,240,241,242,-1,243,236,244,-1,244,236,238,-1,244,238,242,-1,242,238,233,-1,242,233,240,-1,240,233,235,-1,245,246,247,-1,248,249,250,-1,250,249,251,-1,252,253,254,-1,255,248,256,-1,256,248,250,-1,256,250,254,-1,254,250,245,-1,254,245,252,-1,252,245,247,-1,257,258,259,-1,260,261,262,-1,262,261,263,-1,264,265,266,-1,267,260,268,-1,268,260,262,-1,268,262,266,-1,266,262,257,-1,266,257,264,-1,264,257,259,-1,269,270,271,-1,272,273,274,-1,274,273,275,-1,276,277,278,-1,279,272,280,-1,280,272,274,-1,280,274,278,-1,278,274,269,-1,278,269,276,-1,276,269,271,-1,
        ]
    }
}
Shape{
    appearance Appearance {
        material  Material 	{
            diffuseColor 1.0 1.0 1.0
            specularColor 0.5019607843137255 0.5019607843137255 0.5019607843137255
            ambientIntensity 1.0
            transparency 0.0
            shininess 0.5
        }
    }
    geometry IndexedFaceSet {
        ccw TRUE
        solid FALSE
        coord DEF co Coordinate {
            point [
                3.189 -2.8937 0.752, -3.189 -2.8937 0.752, 3.189 -2.8937 0.2402, -3.189 -2.8937 0.2402
            ]
        }
        coordIndex [
            0,1,2,-1,2,1,3,-1,
        ]
    }
}
Shape{
    appearance Appearance {
        material  Material 	{
            diffuseColor 0.0 0.5019607843137255 0.0
            specularColor 0.0 0.25098039215686274 0.0
            ambientIntensity 0.2947
            transparency 0.0
            shininess 0.5
        }
    }
    geometry IndexedFaceSet {
        ccw TRUE
        solid FALSE
        coord DEF co Coordinate {
            point [
                -2.5 -3.0906 0.0039, -2.5 -3.0906 0.0, -2.4803 -3.0906 0.0, -2.4803 -3.0906 0.2441, -2.5 -3.0906 0.2441, -2.5 -3.0906 0.2402, -3.0709 -3.0906 0.0039, -3.3071 -3.0906 0.2402, -3.3071 -3.0906 0.0039, -3.4646 -1.8701 0.2402, -3.4646 -1.8701 0.2441, -3.4646 -1.8504 0.2441, -3.4646 -1.8504 0.0, -3.4646 -1.8701 0.0, -3.4646 -1.8701 0.0039, -3.4646 -2.9331 0.2402, -3.4646 -2.6969 0.0039, -3.4646 -2.9331 0.0039, 2.5 -3.0906 0.2402, 2.5 -3.0906 0.2441, 2.4803 -3.0906 0.2441, 2.4803 -3.0906 0.0, 2.5 -3.0906 0.0, 2.5 -3.0906 0.0039, 3.3071 -3.0906 0.0039, 3.3071 -3.0906 0.2402
            ]
        }
        coordIndex [
            0,1,2,-1,3,4,5,-1,2,3,0,-1,0,3,5,-1,0,5,6,-1,6,5,7,-1,6,7,8,-1,9,10,11,-1,12,13,14,-1,11,12,9,-1,9,12,14,-1,9,14,15,-1,15,14,16,-1,15,16,17,-1,18,19,20,-1,21,22,23,-1,24,25,23,-1,23,25,18,-1,23,18,21,-1,21,18,20,-1,
        ]
    }
}
Shape{
    appearance Appearance {
        material  Material 	{
            diffuseColor 1.0 1.0 1.0
            specularColor 0.5019607843137255 0.5019607843137255 0.5019607843137255
            ambientIntensity 1.0
            transparency 0.0
            shininess 0.5
        }
    }
    geometry IndexedFaceSet {
        ccw TRUE
        solid FALSE
        coord DEF co Coordinate {
            point [
                -3.189 2.8937 0.752, 3.189 2.8937 0.752, -3.189 2.8937 0.2402, 3.189 2.8937 0.2402, -3.2677 -2.815 0.752, -3.2677 2.815 0.752, -3.2677 -2.815 0.2402, -3.2677 2.815 0.2402, 2.9755 2.525 0.8307, 2.9944 2.4794 0.8307, 3.189 2.815 0.8307, 3.0008 2.4305 0.8307, 2.9944 2.3815 0.8307, 3.189 -2.815 0.8307, 2.9755 2.3359 0.8307, 2.9454 2.2967 0.8307, 2.9063 2.2667 0.8307, 2.8607 2.2478 0.8307, 2.7171 2.2667 0.8307, -3.189 -2.815 0.8307, 2.7628 2.2478 0.8307, 2.8117 2.2414 0.8307, 2.678 2.2967 0.8307, 2.6479 2.3359 0.8307, -3.189 2.815 0.8307, 2.629 2.3815 0.8307, 2.6226 2.4305 0.8307, 2.629 2.4794 0.8307, 2.6479 2.525 0.8307, 2.678 2.5642 0.8307, 2.7171 2.5943 0.8307, 2.7628 2.6132 0.8307, 2.8117 2.6196 0.8307, 2.8607 2.6132 0.8307, 2.9063 2.5943 0.8307, 2.9454 2.5642 0.8307, 3.2677 2.815 0.752, 3.2677 2.815 0.2402, 3.265 2.8353 0.2402, 3.265 2.8353 0.752, 3.2572 2.8543 0.2402, 3.2572 2.8543 0.752, 3.2447 2.8706 0.2402, 3.2447 2.8706 0.752, 3.2283 2.8832 0.2402, 3.2283 2.8832 0.752, 3.2094 2.891 0.2402, 3.2094 2.891 0.752, 3.2094 -2.815 0.828, 3.2094 2.815 0.828, 3.2283 -2.815 0.8202, 3.2283 2.815 0.8202, 3.2447 -2.815 0.8076, 3.2447 2.815 0.8076, 3.2572 -2.815 0.7913, 3.2572 2.815 0.7913, 3.265 -2.815 0.7723, 3.265 2.815 0.7723, 3.2677 -2.815 0.752, 3.189 -2.8937 0.2402, 3.2065 -2.8917 0.2402, 3.189 -2.8937 0.752, 3.2065 -2.8914 0.752, 3.2094 -2.891 0.752, 3.2231 -2.8859 0.2402, 3.2229 -2.8854 0.752, 3.2283 -2.8832 0.752, 3.2381 -2.8765 0.2402, 3.2377 -2.876 0.752, 3.2447 -2.8706 0.752, 3.2505 -2.8641 0.2402, 3.25 -2.8637 0.752, 3.2572 -2.8543 0.752, 3.2599 -2.8491 0.2402, 3.2594 -2.8489 0.752, 3.265 -2.8353 0.752, 3.2657 -2.8325 0.2402, 3.2654 -2.8324 0.752, 3.2677 -2.815 0.2402, 3.189 2.891 0.7723, 3.2087 2.8884 0.7723, 3.2087 2.8491 0.8202, 3.1992 2.8326 0.828, 3.2034 2.8294 0.828, 3.2087 2.8202 0.828, 3.1943 2.8346 0.828, 3.1992 2.853 0.8202, 3.2034 2.8687 0.8076, 3.189 2.8353 0.828, 3.2168 2.8428 0.8202, 3.2066 2.8252 0.828, 3.2231 2.8346 0.8202, 3.227 2.8252 0.8202, 3.189 2.8543 0.8202, 3.189 2.8706 0.8076, 3.189 2.8832 0.7913, 3.2168 2.8632 0.8076, 3.2283 2.8543 0.8076, 3.2372 2.8428 0.8076, 3.2428 2.8294 0.8076, 3.2066 2.8808 0.7913, 3.2231 2.874 0.7913, 3.2372 2.8632 0.7913, 3.248 2.8491 0.7913, 3.2548 2.8326 0.7913, 3.227 2.8808 0.7723, 3.2428 2.8687 0.7723, 3.2548 2.853 0.7723, 3.2624 2.8346 0.7723, 3.2087 -2.8884 0.7723, 3.227 -2.8808 0.7723, 3.2428 -2.8687 0.7723, 3.2548 -2.853 0.7723, 3.2624 -2.8346 0.7723, 3.2548 -2.8326 0.7913, 3.2428 -2.8294 0.8076, 3.227 -2.8252 0.8202, 3.2087 -2.8202 0.828, 3.248 -2.8491 0.7913, 3.2372 -2.8428 0.8076, 3.2231 -2.8346 0.8202, 3.2066 -2.8252 0.828, 3.2372 -2.8632 0.7913, 3.2283 -2.8543 0.8076, 3.2168 -2.8428 0.8202, 3.2034 -2.8294 0.828, 3.2231 -2.874 0.7913, 3.2168 -2.8632 0.8076, 3.2087 -2.8491 0.8202, 3.1992 -2.8326 0.828, 3.2066 -2.8808 0.7913, 3.2034 -2.8687 0.8076, 3.1992 -2.853 0.8202, 3.1943 -2.8346 0.828, 3.189 -2.891 0.7723, 3.189 -2.8832 0.7913, 3.189 -2.8706 0.8076, 3.189 -2.8543 0.8202, 3.189 -2.8353 0.828, -3.2094 2.891 0.2402, -3.2094 2.891 0.752, -3.2283 2.8832 0.2402, -3.2283 2.8832 0.752, -3.2447 2.8706 0.2402, -3.2447 2.8706 0.752, -3.2572 2.8543 0.2402, -3.2572 2.8543 0.752, -3.265 2.8353 0.2402, -3.265 2.8353 0.752, -3.189 2.8353 0.828, -3.189 2.8543 0.8202, -3.189 2.8706 0.8076, -3.189 2.8832 0.7913, -3.189 2.891 0.7723, -3.189 -2.8353 0.828, -3.189 -2.8543 0.8202, -3.189 -2.8706 0.8076, -3.189 -2.8832 0.7913, -3.189 -2.891 0.7723, -3.189 -2.8937 0.752, -3.2657 -2.8325 0.2402, -3.2654 -2.8324 0.752, -3.265 -2.8353 0.752, -3.2599 -2.8491 0.2402, -3.2594 -2.8489 0.752, -3.2572 -2.8543 0.752, -3.2505 -2.8641 0.2402, -3.25 -2.8637 0.752, -3.2447 -2.8706 0.752, -3.2381 -2.8765 0.2402, -3.2377 -2.876 0.752, -3.2283 -2.8832 0.752, -3.2231 -2.8859 0.2402, -3.2229 -2.8854 0.752, -3.2094 -2.891 0.752, -3.2065 -2.8917 0.2402, -3.2065 -2.8914 0.752, -3.189 -2.8937 0.2402, -3.265 2.815 0.7723, -3.2624 2.8346 0.7723, -3.2231 2.8346 0.8202, -3.2066 2.8252 0.828, -3.2034 2.8294 0.828, -3.1943 2.8346 0.828, -3.2087 2.8202 0.828, -3.227 2.8252 0.8202, -3.2428 2.8294 0.8076, -3.2094 2.815 0.828, -3.2168 2.8428 0.8202, -3.1992 2.8326 0.828, -3.2087 2.8491 0.8202, -3.1992 2.853 0.8202, -3.2283 2.815 0.8202, -3.2447 2.815 0.8076, -3.2572 2.815 0.7913, -3.2372 2.8428 0.8076, -3.2283 2.8543 0.8076, -3.2168 2.8632 0.8076, -3.2034 2.8687 0.8076, -3.2548 2.8326 0.7913, -3.248 2.8491 0.7913, -3.2372 2.8632 0.7913, -3.2231 2.874 0.7913, -3.2066 2.8808 0.7913, -3.2548 2.853 0.7723, -3.2428 2.8687 0.7723, -3.227 2.8808 0.7723, -3.2087 2.8884 0.7723, -3.2624 -2.8346 0.7723, -3.2548 -2.853 0.7723, -3.2428 -2.8687 0.7723, -3.227 -2.8808 0.7723, -3.2087 -2.8884 0.7723, -3.2066 -2.8808 0.7913, -3.2034 -2.8687 0.8076, -3.1992 -2.853 0.8202, -3.1943 -2.8346 0.828, -3.2231 -2.874 0.7913, -3.2168 -2.8632 0.8076, -3.2087 -2.8491 0.8202, -3.1992 -2.8326 0.828, -3.2372 -2.8632 0.7913, -3.2283 -2.8543 0.8076, -3.2168 -2.8428 0.8202, -3.2034 -2.8294 0.828, -3.248 -2.8491 0.7913, -3.2372 -2.8428 0.8076, -3.2231 -2.8346 0.8202, -3.2066 -2.8252 0.828, -3.2548 -2.8326 0.7913, -3.2428 -2.8294 0.8076, -3.227 -2.8252 0.8202, -3.2087 -2.8202 0.828, -3.265 -2.815 0.7723, -3.2572 -2.815 0.7913, -3.2447 -2.815 0.8076, -3.2283 -2.815 0.8202, -3.2094 -2.815 0.828
            ]
        }
        coordIndex [
            0,1,2,-1,2,1,3,-1,4,5,6,-1,6,5,7,-1,8,9,10,-1,9,11,10,-1,10,11,12,-1,10,12,13,-1,13,12,14,-1,14,15,13,-1,13,15,16,-1,13,16,17,-1,18,19,20,-1,20,19,13,-1,20,13,21,-1,21,13,17,-1,18,22,19,-1,19,22,23,-1,19,23,24,-1,24,23,25,-1,24,25,26,-1,26,27,24,-1,24,27,28,-1,24,28,29,-1,29,30,24,-1,24,30,31,-1,24,31,10,-1,10,31,32,-1,10,32,33,-1,33,34,10,-1,10,34,35,-1,10,35,8,-1,36,37,38,-1,36,38,39,-1,39,38,40,-1,39,40,41,-1,41,40,42,-1,41,42,43,-1,43,42,44,-1,43,44,45,-1,45,44,46,-1,45,46,47,-1,47,46,3,-1,47,3,1,-1,10,13,48,-1,10,48,49,-1,49,48,50,-1,49,50,51,-1,51,50,52,-1,51,52,53,-1,53,52,54,-1,53,54,55,-1,55,54,56,-1,55,56,57,-1,57,56,58,-1,57,58,36,-1,59,60,61,-1,61,60,62,-1,62,60,63,-1,63,60,64,-1,63,64,65,-1,65,64,66,-1,66,64,67,-1,66,67,68,-1,68,67,69,-1,69,67,70,-1,69,70,71,-1,71,70,72,-1,72,70,73,-1,72,73,74,-1,74,73,75,-1,75,73,76,-1,75,76,77,-1,77,76,78,-1,77,78,58,-1,1,79,80,-1,81,82,83,-1,10,49,84,-1,83,82,10,-1,85,10,82,-1,85,82,86,-1,86,82,81,-1,86,81,87,-1,88,10,85,-1,89,90,91,-1,91,90,84,-1,91,84,92,-1,92,84,49,-1,92,49,51,-1,88,85,93,-1,93,85,86,-1,93,86,94,-1,94,86,87,-1,94,87,95,-1,96,89,97,-1,97,89,91,-1,97,91,98,-1,98,91,92,-1,98,92,99,-1,99,92,51,-1,99,51,53,-1,100,96,101,-1,101,96,97,-1,101,97,102,-1,102,97,98,-1,102,98,103,-1,103,98,99,-1,103,99,104,-1,104,99,53,-1,104,53,55,-1,79,100,80,-1,80,100,101,-1,80,101,105,-1,105,101,102,-1,105,102,106,-1,106,102,103,-1,106,103,107,-1,107,103,104,-1,107,104,108,-1,108,104,55,-1,108,55,57,-1,1,80,47,-1,47,80,105,-1,47,105,45,-1,45,105,106,-1,45,106,43,-1,43,106,107,-1,43,107,41,-1,41,107,108,-1,41,108,39,-1,39,108,57,-1,39,57,36,-1,90,10,84,-1,79,95,100,-1,100,95,87,-1,100,87,96,-1,96,87,81,-1,96,81,89,-1,89,81,83,-1,89,83,90,-1,90,83,10,-1,62,63,109,-1,65,66,110,-1,68,69,111,-1,71,72,112,-1,74,75,113,-1,77,58,56,-1,75,77,113,-1,113,77,56,-1,113,56,114,-1,114,56,54,-1,114,54,115,-1,115,54,52,-1,115,52,116,-1,116,52,50,-1,116,50,117,-1,117,50,48,-1,117,48,13,-1,72,74,112,-1,112,74,113,-1,112,113,118,-1,118,113,114,-1,118,114,119,-1,119,114,115,-1,119,115,120,-1,120,115,116,-1,120,116,121,-1,121,116,117,-1,121,117,13,-1,69,71,111,-1,111,71,112,-1,111,112,122,-1,122,112,118,-1,122,118,123,-1,123,118,119,-1,123,119,124,-1,124,119,120,-1,124,120,125,-1,125,120,121,-1,125,121,13,-1,66,68,110,-1,110,68,111,-1,110,111,126,-1,126,111,122,-1,126,122,127,-1,127,122,123,-1,127,123,128,-1,128,123,124,-1,128,124,129,-1,129,124,125,-1,129,125,13,-1,63,65,109,-1,109,65,110,-1,109,110,130,-1,130,110,126,-1,130,126,131,-1,131,126,127,-1,131,127,132,-1,132,127,128,-1,132,128,133,-1,133,128,129,-1,133,129,13,-1,61,62,134,-1,134,62,109,-1,134,109,135,-1,135,109,130,-1,135,130,136,-1,136,130,131,-1,136,131,137,-1,137,131,132,-1,137,132,138,-1,138,132,133,-1,138,133,13,-1,0,2,139,-1,0,139,140,-1,140,139,141,-1,140,141,142,-1,142,141,143,-1,142,143,144,-1,144,143,145,-1,144,145,146,-1,146,145,147,-1,146,147,148,-1,148,147,7,-1,148,7,5,-1,24,10,88,-1,24,88,149,-1,149,88,93,-1,149,93,150,-1,150,93,94,-1,150,94,151,-1,151,94,95,-1,151,95,152,-1,152,95,79,-1,152,79,153,-1,153,79,1,-1,153,1,0,-1,13,19,154,-1,13,154,138,-1,138,154,155,-1,138,155,137,-1,137,155,156,-1,137,156,136,-1,136,156,157,-1,136,157,135,-1,135,157,158,-1,135,158,134,-1,134,158,159,-1,134,159,61,-1,6,160,4,-1,4,160,161,-1,161,160,162,-1,162,160,163,-1,162,163,164,-1,164,163,165,-1,165,163,166,-1,165,166,167,-1,167,166,168,-1,168,166,169,-1,168,169,170,-1,170,169,171,-1,171,169,172,-1,171,172,173,-1,173,172,174,-1,174,172,175,-1,174,175,176,-1,176,175,177,-1,176,177,159,-1,5,178,179,-1,180,181,182,-1,24,149,183,-1,182,181,24,-1,184,24,181,-1,184,181,185,-1,185,181,180,-1,185,180,186,-1,187,24,184,-1,188,189,190,-1,190,189,183,-1,190,183,191,-1,191,183,149,-1,191,149,150,-1,187,184,192,-1,192,184,185,-1,192,185,193,-1,193,185,186,-1,193,186,194,-1,195,188,196,-1,196,188,190,-1,196,190,197,-1,197,190,191,-1,197,191,198,-1,198,191,150,-1,198,150,151,-1,199,195,200,-1,200,195,196,-1,200,196,201,-1,201,196,197,-1,201,197,202,-1,202,197,198,-1,202,198,203,-1,203,198,151,-1,203,151,152,-1,178,199,179,-1,179,199,200,-1,179,200,204,-1,204,200,201,-1,204,201,205,-1,205,201,202,-1,205,202,206,-1,206,202,203,-1,206,203,207,-1,207,203,152,-1,207,152,153,-1,5,179,148,-1,148,179,204,-1,148,204,146,-1,146,204,205,-1,146,205,144,-1,144,205,206,-1,144,206,142,-1,142,206,207,-1,142,207,140,-1,140,207,153,-1,140,153,0,-1,189,24,183,-1,178,194,199,-1,199,194,186,-1,199,186,195,-1,195,186,180,-1,195,180,188,-1,188,180,182,-1,188,182,189,-1,189,182,24,-1,161,162,208,-1,164,165,209,-1,167,168,210,-1,170,171,211,-1,173,174,212,-1,176,159,158,-1,174,176,212,-1,212,176,158,-1,212,158,213,-1,213,158,157,-1,213,157,214,-1,214,157,156,-1,214,156,215,-1,215,156,155,-1,215,155,216,-1,216,155,154,-1,216,154,19,-1,171,173,211,-1,211,173,212,-1,211,212,217,-1,217,212,213,-1,217,213,218,-1,218,213,214,-1,218,214,219,-1,219,214,215,-1,219,215,220,-1,220,215,216,-1,220,216,19,-1,168,170,210,-1,210,170,211,-1,210,211,221,-1,221,211,217,-1,221,217,222,-1,222,217,218,-1,222,218,223,-1,223,218,219,-1,223,219,224,-1,224,219,220,-1,224,220,19,-1,165,167,209,-1,209,167,210,-1,209,210,225,-1,225,210,221,-1,225,221,226,-1,226,221,222,-1,226,222,227,-1,227,222,223,-1,227,223,228,-1,228,223,224,-1,228,224,19,-1,162,164,208,-1,208,164,209,-1,208,209,229,-1,229,209,225,-1,229,225,230,-1,230,225,226,-1,230,226,231,-1,231,226,227,-1,231,227,232,-1,232,227,228,-1,232,228,19,-1,4,161,233,-1,233,161,208,-1,233,208,234,-1,234,208,229,-1,234,229,235,-1,235,229,230,-1,235,230,236,-1,236,230,231,-1,236,231,237,-1,237,231,232,-1,237,232,19,-1,19,24,187,-1,19,187,237,-1,237,187,192,-1,237,192,236,-1,236,192,193,-1,236,193,235,-1,235,193,194,-1,235,194,234,-1,234,194,178,-1,234,178,233,-1,233,178,5,-1,233,5,4,-1,
        ]
    }
}
Shape{
    appearance Appearance {
        material  Material 	{
            diffuseColor 1.0 1.0 0.0
            specularColor 0.5019607843137255 0.5019607843137255 0.0
            ambientIntensity 0.886
            transparency 0.0
            shininess 0.5
        }
    }
    geometry IndexedFaceSet {
        ccw TRUE
        solid FALSE
        coord DEF co Coordinate {
            point [
                -2.5 -3.0906 0.2441, -2.4803 -3.0906 0.2441, -2.477 -3.0651 0.2441, -2.5 -2.9528 0.2441, -2.4515 -3.021 0.2441, -2.4311 -3.0053 0.2441, -2.4074 -2.9955 0.2441, -2.3819 -2.9921 0.2441, -2.2638 -2.9528 0.2441, -2.3564 -2.9955 0.2441, -2.3327 -3.0053 0.2441, -2.4671 -3.0413 0.2441, -2.3123 -3.021 0.2441, -2.2967 -3.0413 0.2441, -2.2638 -3.0906 0.2441, -2.2868 -3.0651 0.2441, -2.2835 -3.0906 0.2441, -2.2638 -2.9528 0.2402, -2.2638 -3.0906 0.2402, -2.5 -2.9528 0.2402, -2.5 -3.0906 0.2402, -2.2638 -2.6969 0.0039, -2.2638 -2.6969 0.0, -2.5 -2.6969 0.0039, -2.5 -2.6969 0.0, -2.5 -3.0906 0.0039, -2.5 -3.0906 0.0, -2.2638 -3.0906 0.0039, -2.2638 -3.0906 0.0, -2.2835 -3.0906 0.0, -2.2868 -3.0651 0.0, -2.2967 -3.0413 0.0, -2.3123 -3.021 0.0, -2.3327 -3.0053 0.0, -2.3564 -2.9955 0.0, -2.3819 -2.9921 0.0, -2.4074 -2.9955 0.0, -2.4311 -3.0053 0.0, -2.4515 -3.021 0.0, -2.4671 -3.0413 0.0, -2.477 -3.0651 0.0, -2.4803 -3.0906 0.0, -2.0669 -3.0906 0.2441, -2.0472 -3.0906 0.2441, -2.0439 -3.0651 0.2441, -2.0669 -2.9528 0.2441, -2.0184 -3.021 0.2441, -1.998 -3.0053 0.2441, -1.9743 -2.9955 0.2441, -1.9488 -2.9921 0.2441, -1.8307 -2.9528 0.2441, -1.9233 -2.9955 0.2441, -1.8996 -3.0053 0.2441, -2.0341 -3.0413 0.2441, -1.8792 -3.021 0.2441, -1.8636 -3.0413 0.2441, -1.8307 -3.0906 0.2441, -1.8537 -3.0651 0.2441, -1.8504 -3.0906 0.2441, -1.8307 -2.9528 0.2402, -1.8307 -3.0906 0.2402, -2.0669 -2.9528 0.2402, -2.0669 -3.0906 0.2402, -1.8307 -2.6969 0.0039, -1.8307 -2.6969 0.0, -2.0669 -2.6969 0.0039, -2.0669 -2.6969 0.0, -2.0669 -3.0906 0.0039, -2.0669 -3.0906 0.0, -1.8307 -3.0906 0.0039, -1.8307 -3.0906 0.0, -1.8504 -3.0906 0.0, -1.8537 -3.0651 0.0, -1.8636 -3.0413 0.0, -1.8792 -3.021 0.0, -1.8996 -3.0053 0.0, -1.9233 -2.9955 0.0, -1.9488 -2.9921 0.0, -1.9743 -2.9955 0.0, -1.998 -3.0053 0.0, -2.0184 -3.021 0.0, -2.0341 -3.0413 0.0, -2.0439 -3.0651 0.0, -2.0472 -3.0906 0.0, -1.3976 -2.9528 0.2441, -1.4903 -2.9955 0.2441, -1.4665 -3.0053 0.2441, -1.5157 -2.9921 0.2441, -1.6339 -2.9528 0.2441, -1.5412 -2.9955 0.2441, -1.601 -3.0413 0.2441, -1.5853 -3.021 0.2441, -1.565 -3.0053 0.2441, -1.4462 -3.021 0.2441, -1.4305 -3.0413 0.2441, -1.3976 -3.0906 0.2441, -1.4207 -3.0651 0.2441, -1.4173 -3.0906 0.2441, -1.6108 -3.0651 0.2441, -1.6339 -3.0906 0.2441, -1.6142 -3.0906 0.2441, -1.3976 -2.9528 0.2402, -1.3976 -3.0906 0.2402, -1.6339 -2.9528 0.2402, -1.6339 -3.0906 0.2402, -1.3976 -2.6969 0.0039, -1.3976 -2.6969 0.0, -1.6339 -2.6969 0.0039, -1.6339 -2.6969 0.0, -1.6339 -3.0906 0.0039, -1.6339 -3.0906 0.0, -1.3976 -3.0906 0.0039, -1.3976 -3.0906 0.0, -1.4305 -3.0413 0.0, -1.4462 -3.021 0.0, -1.5412 -2.9955 0.0, -1.565 -3.0053 0.0, -1.4665 -3.0053 0.0, -1.4903 -2.9955 0.0, -1.5157 -2.9921 0.0, -1.4207 -3.0651 0.0, -1.4173 -3.0906 0.0, -1.5853 -3.021 0.0, -1.601 -3.0413 0.0, -1.6108 -3.0651 0.0, -1.6142 -3.0906 0.0, -1.1679 -3.0413 0.2441, -1.1523 -3.021 0.2441, -1.2008 -2.9528 0.2441, -1.1319 -3.0053 0.2441, -1.1082 -2.9955 0.2441, -1.0827 -2.9921 0.2441, -0.9646 -2.9528 0.2441, -1.0572 -2.9955 0.2441, -1.0335 -3.0053 0.2441, -1.1777 -3.0651 0.2441, -1.2008 -3.0906 0.2441, -1.1811 -3.0906 0.2441, -1.0131 -3.021 0.2441, -0.9974 -3.0413 0.2441, -0.9646 -3.0906 0.2441, -0.9876 -3.0651 0.2441, -0.9843 -3.0906 0.2441, -0.9646 -2.9528 0.2402, -0.9646 -3.0906 0.2402, -1.2008 -2.9528 0.2402, -1.2008 -3.0906 0.2402, -0.9646 -2.6969 0.0039, -0.9646 -2.6969 0.0, -1.2008 -2.6969 0.0039, -1.2008 -2.6969 0.0, -1.2008 -3.0906 0.0039, -1.2008 -3.0906 0.0, -0.9646 -3.0906 0.0039, -0.9646 -3.0906 0.0, -0.9974 -3.0413 0.0, -1.0131 -3.021 0.0, -1.0335 -3.0053 0.0, -1.0572 -2.9955 0.0, -1.0827 -2.9921 0.0, -1.1082 -2.9955 0.0, -1.1319 -3.0053 0.0, -0.9876 -3.0651 0.0, -0.9843 -3.0906 0.0, -1.1523 -3.021 0.0, -1.1679 -3.0413 0.0, -1.1777 -3.0651 0.0, -1.1811 -3.0906 0.0, -0.7348 -3.0413 0.2441, -0.7192 -3.021 0.2441, -0.7677 -2.9528 0.2441, -0.6988 -3.0053 0.2441, -0.6751 -2.9955 0.2441, -0.6496 -2.9921 0.2441, -0.5315 -2.9528 0.2441, -0.6241 -2.9955 0.2441, -0.6004 -3.0053 0.2441, -0.7447 -3.0651 0.2441, -0.7677 -3.0906 0.2441, -0.748 -3.0906 0.2441, -0.58 -3.021 0.2441, -0.5644 -3.0413 0.2441, -0.5315 -3.0906 0.2441, -0.5545 -3.0651 0.2441, -0.5512 -3.0906 0.2441, -0.5315 -2.9528 0.2402, -0.5315 -3.0906 0.2402, -0.7677 -2.9528 0.2402, -0.7677 -3.0906 0.2402, -0.5315 -2.6969 0.0039, -0.5315 -2.6969 0.0, -0.7677 -2.6969 0.0039, -0.7677 -2.6969 0.0, -0.7677 -3.0906 0.0039, -0.7677 -3.0906 0.0, -0.5315 -3.0906 0.0039, -0.5315 -3.0906 0.0, -0.5644 -3.0413 0.0, -0.58 -3.021 0.0, -0.6004 -3.0053 0.0, -0.6241 -2.9955 0.0, -0.6496 -2.9921 0.0, -0.6751 -2.9955 0.0, -0.6988 -3.0053 0.0, -0.5545 -3.0651 0.0, -0.5512 -3.0906 0.0, -0.7192 -3.021 0.0, -0.7348 -3.0413 0.0, -0.7447 -3.0651 0.0, -0.748 -3.0906 0.0, -0.3018 -3.0413 0.2441, -0.2861 -3.021 0.2441, -0.3346 -2.9528 0.2441, -0.2657 -3.0053 0.2441, -0.242 -2.9955 0.2441, -0.2165 -2.9921 0.2441, -0.0984 -2.9528 0.2441, -0.1911 -2.9955 0.2441, -0.1673 -3.0053 0.2441, -0.3116 -3.0651 0.2441, -0.3346 -3.0906 0.2441, -0.315 -3.0906 0.2441, -0.1469 -3.021 0.2441, -0.1313 -3.0413 0.2441, -0.0984 -3.0906 0.2441, -0.1215 -3.0651 0.2441, -0.1181 -3.0906 0.2441, -0.0984 -2.9528 0.2402, -0.0984 -3.0906 0.2402, -0.3346 -2.9528 0.2402, -0.3346 -3.0906 0.2402, -0.0984 -2.6969 0.0039, -0.0984 -2.6969 0.0, -0.3346 -2.6969 0.0039, -0.3346 -2.6969 0.0, -0.3346 -3.0906 0.0039, -0.3346 -3.0906 0.0, -0.0984 -3.0906 0.0039, -0.0984 -3.0906 0.0, -0.1313 -3.0413 0.0, -0.1469 -3.021 0.0, -0.1673 -3.0053 0.0, -0.1911 -2.9955 0.0, -0.2165 -2.9921 0.0, -0.242 -2.9955 0.0, -0.2657 -3.0053 0.0, -0.1215 -3.0651 0.0, -0.1181 -3.0906 0.0, -0.2861 -3.021 0.0, -0.3018 -3.0413 0.0, -0.3116 -3.0651 0.0, -0.315 -3.0906 0.0, 0.1313 -3.0413 0.2441, 0.1469 -3.021 0.2441, 0.0984 -2.9528 0.2441, 0.1673 -3.0053 0.2441, 0.1911 -2.9955 0.2441, 0.2165 -2.9921 0.2441, 0.3346 -2.9528 0.2441, 0.242 -2.9955 0.2441, 0.2657 -3.0053 0.2441, 0.2861 -3.021 0.2441, 0.3018 -3.0413 0.2441, 0.3346 -3.0906 0.2441, 0.3116 -3.0651 0.2441, 0.315 -3.0906 0.2441, 0.1215 -3.0651 0.2441, 0.0984 -3.0906 0.2441, 0.1181 -3.0906 0.2441, 0.3346 -2.9528 0.2402, 0.3346 -3.0906 0.2402, 0.0984 -2.9528 0.2402, 0.0984 -3.0906 0.2402, 0.3346 -2.6969 0.0039, 0.3346 -2.6969 0.0, 0.0984 -2.6969 0.0039, 0.0984 -2.6969 0.0, 0.0984 -3.0906 0.0039, 0.0984 -3.0906 0.0, 0.3346 -3.0906 0.0039, 0.3346 -3.0906 0.0, 0.3018 -3.0413 0.0, 0.2861 -3.021 0.0, 0.2657 -3.0053 0.0, 0.242 -2.9955 0.0, 0.2165 -2.9921 0.0, 0.1911 -2.9955 0.0, 0.1673 -3.0053 0.0, 0.3116 -3.0651 0.0, 0.315 -3.0906 0.0, 0.1469 -3.021 0.0, 0.1313 -3.0413 0.0, 0.1215 -3.0651 0.0, 0.1181 -3.0906 0.0, 0.5644 -3.0413 0.2441, 0.58 -3.021 0.2441, 0.5315 -2.9528 0.2441, 0.6004 -3.0053 0.2441, 0.6241 -2.9955 0.2441, 0.6496 -2.9921 0.2441, 0.7677 -2.9528 0.2441, 0.6751 -2.9955 0.2441, 0.6988 -3.0053 0.2441, 0.5545 -3.0651 0.2441, 0.5315 -3.0906 0.2441, 0.5512 -3.0906 0.2441, 0.7192 -3.021 0.2441, 0.7348 -3.0413 0.2441, 0.7677 -3.0906 0.2441, 0.7447 -3.0651 0.2441, 0.748 -3.0906 0.2441, 0.7677 -2.9528 0.2402, 0.7677 -3.0906 0.2402, 0.5315 -2.9528 0.2402, 0.5315 -3.0906 0.2402, 0.7677 -2.6969 0.0039, 0.7677 -2.6969 0.0, 0.5315 -2.6969 0.0039, 0.5315 -2.6969 0.0, 0.5315 -3.0906 0.0039, 0.5315 -3.0906 0.0, 0.7677 -3.0906 0.0039, 0.7677 -3.0906 0.0, 0.7348 -3.0413 0.0, 0.7192 -3.021 0.0, 0.6988 -3.0053 0.0, 0.6751 -2.9955 0.0, 0.6496 -2.9921 0.0, 0.6241 -2.9955 0.0, 0.6004 -3.0053 0.0, 0.7447 -3.0651 0.0, 0.748 -3.0906 0.0, 0.58 -3.021 0.0, 0.5644 -3.0413 0.0, 0.5545 -3.0651 0.0, 0.5512 -3.0906 0.0, 0.9974 -3.0413 0.2441, 1.0131 -3.021 0.2441, 0.9646 -2.9528 0.2441, 1.0335 -3.0053 0.2441, 1.0572 -2.9955 0.2441, 1.0827 -2.9921 0.2441, 1.2008 -2.9528 0.2441, 1.1082 -2.9955 0.2441, 1.1319 -3.0053 0.2441, 0.9876 -3.0651 0.2441, 0.9646 -3.0906 0.2441, 0.9843 -3.0906 0.2441, 1.1523 -3.021 0.2441, 1.1679 -3.0413 0.2441, 1.2008 -3.0906 0.2441, 1.1777 -3.0651 0.2441, 1.1811 -3.0906 0.2441, 1.2008 -2.9528 0.2402, 1.2008 -3.0906 0.2402, 0.9646 -2.9528 0.2402, 0.9646 -3.0906 0.2402, 1.2008 -2.6969 0.0039, 1.2008 -2.6969 0.0, 0.9646 -2.6969 0.0039, 0.9646 -2.6969 0.0, 0.9646 -3.0906 0.0039, 0.9646 -3.0906 0.0, 1.2008 -3.0906 0.0039, 1.2008 -3.0906 0.0, 1.1679 -3.0413 0.0, 1.1523 -3.021 0.0, 1.1319 -3.0053 0.0, 1.1082 -2.9955 0.0, 1.0827 -2.9921 0.0, 1.0572 -2.9955 0.0, 1.0335 -3.0053 0.0, 1.1777 -3.0651 0.0, 1.1811 -3.0906 0.0, 1.0131 -3.021 0.0, 0.9974 -3.0413 0.0, 0.9876 -3.0651 0.0, 0.9843 -3.0906 0.0, 1.4305 -3.0413 0.2441, 1.4462 -3.021 0.2441, 1.3976 -2.9528 0.2441, 1.4665 -3.0053 0.2441, 1.4207 -3.0651 0.2441, 1.3976 -3.0906 0.2441, 1.4173 -3.0906 0.2441, 1.4903 -2.9955 0.2441, 1.5157 -2.9921 0.2441, 1.6339 -2.9528 0.2441, 1.5412 -2.9955 0.2441, 1.565 -3.0053 0.2441, 1.5853 -3.021 0.2441, 1.601 -3.0413 0.2441, 1.6339 -3.0906 0.2441, 1.6108 -3.0651 0.2441, 1.6142 -3.0906 0.2441, 1.6339 -2.9528 0.2402, 1.6339 -3.0906 0.2402, 1.3976 -2.9528 0.2402, 1.3976 -3.0906 0.2402, 1.6339 -2.6969 0.0039, 1.6339 -2.6969 0.0, 1.3976 -2.6969 0.0039, 1.3976 -2.6969 0.0, 1.3976 -3.0906 0.0039, 1.3976 -3.0906 0.0, 1.6339 -3.0906 0.0039, 1.6339 -3.0906 0.0, 1.6142 -3.0906 0.0, 1.6108 -3.0651 0.0, 1.5853 -3.021 0.0, 1.565 -3.0053 0.0, 1.5412 -2.9955 0.0, 1.601 -3.0413 0.0, 1.5157 -2.9921 0.0, 1.4903 -2.9955 0.0, 1.4665 -3.0053 0.0, 1.4462 -3.021 0.0, 1.4305 -3.0413 0.0, 1.4207 -3.0651 0.0, 1.4173 -3.0906 0.0, 1.8307 -3.0906 0.2441, 1.8504 -3.0906 0.2441, 1.8537 -3.0651 0.2441, 1.8307 -2.9528 0.2441, 1.8792 -3.021 0.2441, 1.8996 -3.0053 0.2441, 1.9233 -2.9955 0.2441, 1.9488 -2.9921 0.2441, 2.0669 -2.9528 0.2441, 1.9743 -2.9955 0.2441, 1.998 -3.0053 0.2441, 1.8636 -3.0413 0.2441, 2.0184 -3.021 0.2441, 2.0341 -3.0413 0.2441, 2.0669 -3.0906 0.2441, 2.0439 -3.0651 0.2441, 2.0472 -3.0906 0.2441, 2.0669 -2.9528 0.2402, 2.0669 -3.0906 0.2402, 1.8307 -2.9528 0.2402, 1.8307 -3.0906 0.2402, 2.0669 -2.6969 0.0039, 2.0669 -2.6969 0.0, 1.8307 -2.6969 0.0039, 1.8307 -2.6969 0.0, 1.8307 -3.0906 0.0039, 1.8307 -3.0906 0.0, 2.0669 -3.0906 0.0039, 2.0669 -3.0906 0.0, 2.0472 -3.0906 0.0, 2.0439 -3.0651 0.0, 2.0341 -3.0413 0.0, 2.0184 -3.021 0.0, 1.998 -3.0053 0.0, 1.9743 -2.9955 0.0, 1.9488 -2.9921 0.0, 1.9233 -2.9955 0.0, 1.8996 -3.0053 0.0, 1.8792 -3.021 0.0, 1.8636 -3.0413 0.0, 1.8537 -3.0651 0.0, 1.8504 -3.0906 0.0, 2.2638 -3.0906 0.2441, 2.2835 -3.0906 0.2441, 2.2868 -3.0651 0.2441, 2.2638 -2.9528 0.2441, 2.3123 -3.021 0.2441, 2.3327 -3.0053 0.2441, 2.3564 -2.9955 0.2441, 2.3819 -2.9921 0.2441, 2.5 -2.9528 0.2441, 2.4074 -2.9955 0.2441, 2.4311 -3.0053 0.2441, 2.2967 -3.0413 0.2441, 2.4515 -3.021 0.2441, 2.4671 -3.0413 0.2441, 2.5 -3.0906 0.2441, 2.477 -3.0651 0.2441, 2.4803 -3.0906 0.2441, 2.5 -2.9528 0.2402, 2.5 -3.0906 0.2402, 2.2638 -2.9528 0.2402, 2.2638 -3.0906 0.2402, 2.5 -2.6969 0.0039, 2.5 -2.6969 0.0, 2.2638 -2.6969 0.0039, 2.2638 -2.6969 0.0, 2.2638 -3.0906 0.0039, 2.2638 -3.0906 0.0, 2.5 -3.0906 0.0039, 2.5 -3.0906 0.0, 2.4803 -3.0906 0.0, 2.477 -3.0651 0.0, 2.4671 -3.0413 0.0, 2.4515 -3.021 0.0, 2.4311 -3.0053 0.0, 2.4074 -2.9955 0.0, 2.3819 -2.9921 0.0, 2.3564 -2.9955 0.0, 2.3327 -3.0053 0.0, 2.3123 -3.021 0.0, 2.2967 -3.0413 0.0, 2.2868 -3.0651 0.0, 2.2835 -3.0906 0.0, -2.5 2.6969 0.0, -2.2638 2.6969 0.0, -2.5 2.6969 0.0039, -2.2638 2.6969 0.0039, -2.5 3.0906 0.0, -2.5 3.0906 0.0039, -2.2638 3.0906 0.0, -2.2638 3.0906 0.0039, -2.4803 3.0906 0.0, -2.477 3.0651 0.0, -2.4515 3.021 0.0, -2.4311 3.0053 0.0, -2.4074 2.9955 0.0, -2.3819 2.9921 0.0, -2.3564 2.9955 0.0, -2.3327 3.0053 0.0, -2.3123 3.021 0.0, -2.2967 3.0413 0.0, -2.2868 3.0651 0.0, -2.2835 3.0906 0.0, -2.4671 3.0413 0.0, -2.0669 2.6969 0.0, -1.8307 2.6969 0.0, -2.0669 2.6969 0.0039, -1.8307 2.6969 0.0039, -2.0669 3.0906 0.0, -2.0669 3.0906 0.0039, -1.8307 3.0906 0.0, -1.8307 3.0906 0.0039, -2.0472 3.0906 0.0, -2.0439 3.0651 0.0, -2.0184 3.021 0.0, -1.998 3.0053 0.0, -1.9743 2.9955 0.0, -1.9488 2.9921 0.0, -1.9233 2.9955 0.0, -1.8996 3.0053 0.0, -1.8792 3.021 0.0, -1.8636 3.0413 0.0, -1.8537 3.0651 0.0, -1.8504 3.0906 0.0, -2.0341 3.0413 0.0, -1.6339 2.6969 0.0, -1.3976 2.6969 0.0, -1.6339 2.6969 0.0039, -1.3976 2.6969 0.0039, -1.6339 3.0906 0.0, -1.6339 3.0906 0.0039, -1.3976 3.0906 0.0, -1.3976 3.0906 0.0039, -1.6142 3.0906 0.0, -1.6108 3.0651 0.0, -1.601 3.0413 0.0, -1.5853 3.021 0.0, -1.4903 2.9955 0.0, -1.4665 3.0053 0.0, -1.565 3.0053 0.0, -1.5412 2.9955 0.0, -1.5157 2.9921 0.0, -1.4462 3.021 0.0, -1.4305 3.0413 0.0, -1.4207 3.0651 0.0, -1.4173 3.0906 0.0, -1.2008 2.6969 0.0, -0.9646 2.6969 0.0, -1.2008 2.6969 0.0039, -0.9646 2.6969 0.0039, -1.2008 3.0906 0.0, -1.2008 3.0906 0.0039, -0.9646 3.0906 0.0, -0.9646 3.0906 0.0039, -1.1811 3.0906 0.0, -1.1777 3.0651 0.0, -1.0572 2.9955 0.0, -1.0335 3.0053 0.0, -1.1679 3.0413 0.0, -1.1523 3.021 0.0, -1.1319 3.0053 0.0, -1.1082 2.9955 0.0, -1.0827 2.9921 0.0, -1.0131 3.021 0.0, -0.9974 3.0413 0.0, -0.9876 3.0651 0.0, -0.9843 3.0906 0.0, -0.7677 2.6969 0.0, -0.5315 2.6969 0.0, -0.7677 2.6969 0.0039, -0.5315 2.6969 0.0039, -0.7677 3.0906 0.0, -0.7677 3.0906 0.0039, -0.5315 3.0906 0.0, -0.5315 3.0906 0.0039, -0.748 3.0906 0.0, -0.7447 3.0651 0.0, -0.7192 3.021 0.0, -0.6988 3.0053 0.0, -0.6751 2.9955 0.0, -0.6496 2.9921 0.0, -0.6241 2.9955 0.0, -0.6004 3.0053 0.0, -0.7348 3.0413 0.0, -0.58 3.021 0.0, -0.5644 3.0413 0.0, -0.5545 3.0651 0.0, -0.5512 3.0906 0.0, -0.3346 2.6969 0.0, -0.0984 2.6969 0.0, -0.3346 2.6969 0.0039, -0.0984 2.6969 0.0039, -0.3346 3.0906 0.0, -0.3346 3.0906 0.0039, -0.0984 3.0906 0.0, -0.0984 3.0906 0.0039, -0.315 3.0906 0.0, -0.3116 3.0651 0.0, -0.2861 3.021 0.0, -0.2657 3.0053 0.0, -0.242 2.9955 0.0, -0.2165 2.9921 0.0, -0.1911 2.9955 0.0, -0.1673 3.0053 0.0, -0.3018 3.0413 0.0, -0.1469 3.021 0.0, -0.1313 3.0413 0.0, -0.1215 3.0651 0.0, -0.1181 3.0906 0.0, 0.0984 2.6969 0.0, 0.3346 2.6969 0.0, 0.0984 2.6969 0.0039, 0.3346 2.6969 0.0039, 0.0984 3.0906 0.0, 0.0984 3.0906 0.0039, 0.3346 3.0906 0.0, 0.3346 3.0906 0.0039, 0.1181 3.0906 0.0, 0.1215 3.0651 0.0, 0.1469 3.021 0.0, 0.1673 3.0053 0.0, 0.1911 2.9955 0.0, 0.2165 2.9921 0.0, 0.242 2.9955 0.0, 0.2657 3.0053 0.0, 0.1313 3.0413 0.0, 0.2861 3.021 0.0, 0.3018 3.0413 0.0, 0.3116 3.0651 0.0, 0.315 3.0906 0.0, 0.5315 2.6969 0.0, 0.7677 2.6969 0.0, 0.5315 2.6969 0.0039, 0.7677 2.6969 0.0039, 0.5315 3.0906 0.0, 0.5315 3.0906 0.0039, 0.7677 3.0906 0.0, 0.7677 3.0906 0.0039, 0.5512 3.0906 0.0, 0.5545 3.0651 0.0, 0.58 3.021 0.0, 0.6004 3.0053 0.0, 0.6241 2.9955 0.0, 0.6496 2.9921 0.0, 0.6751 2.9955 0.0, 0.6988 3.0053 0.0, 0.5644 3.0413 0.0, 0.7192 3.021 0.0, 0.7348 3.0413 0.0, 0.7447 3.0651 0.0, 0.748 3.0906 0.0, 0.9646 2.6969 0.0, 1.2008 2.6969 0.0, 0.9646 2.6969 0.0039, 1.2008 2.6969 0.0039, 0.9646 3.0906 0.0, 0.9646 3.0906 0.0039, 1.2008 3.0906 0.0, 1.2008 3.0906 0.0039, 0.9843 3.0906 0.0, 0.9876 3.0651 0.0, 1.1082 2.9955 0.0, 1.1319 3.0053 0.0, 0.9974 3.0413 0.0, 1.0131 3.021 0.0, 1.0335 3.0053 0.0, 1.0572 2.9955 0.0, 1.0827 2.9921 0.0, 1.1523 3.021 0.0, 1.1679 3.0413 0.0, 1.1777 3.0651 0.0, 1.1811 3.0906 0.0, 1.3976 2.6969 0.0, 1.6339 2.6969 0.0, 1.3976 2.6969 0.0039, 1.6339 2.6969 0.0039, 1.3976 3.0906 0.0, 1.3976 3.0906 0.0039, 1.6339 3.0906 0.0, 1.6339 3.0906 0.0039, 1.4173 3.0906 0.0, 1.4207 3.0651 0.0, 1.4462 3.021 0.0, 1.4665 3.0053 0.0, 1.4903 2.9955 0.0, 1.5157 2.9921 0.0, 1.5412 2.9955 0.0, 1.565 3.0053 0.0, 1.5853 3.021 0.0, 1.601 3.0413 0.0, 1.6108 3.0651 0.0, 1.6142 3.0906 0.0, 1.4305 3.0413 0.0, 1.8307 2.6969 0.0, 2.0669 2.6969 0.0, 1.8307 2.6969 0.0039, 2.0669 2.6969 0.0039, 1.8307 3.0906 0.0, 1.8307 3.0906 0.0039, 2.0669 3.0906 0.0, 2.0669 3.0906 0.0039, 1.8504 3.0906 0.0, 1.8537 3.0651 0.0, 1.8792 3.021 0.0, 1.8996 3.0053 0.0, 1.9233 2.9955 0.0, 1.9488 2.9921 0.0, 1.9743 2.9955 0.0, 1.998 3.0053 0.0, 2.0184 3.021 0.0, 2.0341 3.0413 0.0, 2.0439 3.0651 0.0, 2.0472 3.0906 0.0, 1.8636 3.0413 0.0, 2.2638 2.6969 0.0, 2.5 2.6969 0.0, 2.2638 2.6969 0.0039, 2.5 2.6969 0.0039, 2.2638 3.0906 0.0, 2.2638 3.0906 0.0039, 2.5 3.0906 0.0, 2.5 3.0906 0.0039, 2.2835 3.0906 0.0, 2.2868 3.0651 0.0, 2.3123 3.021 0.0, 2.3327 3.0053 0.0, 2.3564 2.9955 0.0, 2.3819 2.9921 0.0, 2.4074 2.9955 0.0, 2.4311 3.0053 0.0, 2.4515 3.021 0.0, 2.4671 3.0413 0.0, 2.477 3.0651 0.0, 2.4803 3.0906 0.0, 2.2967 3.0413 0.0, 2.2835 3.0906 0.2441, 2.2868 3.0651 0.2441, 2.2967 3.0413 0.2441, 2.3123 3.021 0.2441, 2.3327 3.0053 0.2441, 2.3564 2.9955 0.2441, 2.3819 2.9921 0.2441, 2.4074 2.9955 0.2441, 2.4311 3.0053 0.2441, 2.4515 3.021 0.2441, 2.4671 3.0413 0.2441, 2.477 3.0651 0.2441, 2.4803 3.0906 0.2441, 1.8504 3.0906 0.2441, 1.8537 3.0651 0.2441, 1.8636 3.0413 0.2441, 1.8792 3.021 0.2441, 1.8996 3.0053 0.2441, 1.9233 2.9955 0.2441, 1.9488 2.9921 0.2441, 1.9743 2.9955 0.2441, 1.998 3.0053 0.2441, 2.0184 3.021 0.2441, 2.0341 3.0413 0.2441, 2.0439 3.0651 0.2441, 2.0472 3.0906 0.2441, 1.4173 3.0906 0.2441, 1.4207 3.0651 0.2441, 1.4305 3.0413 0.2441, 1.4462 3.021 0.2441, 1.4665 3.0053 0.2441, 1.4903 2.9955 0.2441, 1.5157 2.9921 0.2441, 1.5412 2.9955 0.2441, 1.565 3.0053 0.2441, 1.5853 3.021 0.2441, 1.601 3.0413 0.2441, 1.6108 3.0651 0.2441, 1.6142 3.0906 0.2441, 0.9843 3.0906 0.2441, 0.9876 3.0651 0.2441, 0.9974 3.0413 0.2441, 1.0131 3.021 0.2441, 1.0335 3.0053 0.2441, 1.0572 2.9955 0.2441, 1.0827 2.9921 0.2441, 1.1082 2.9955 0.2441, 1.1319 3.0053 0.2441, 1.1523 3.021 0.2441, 1.1679 3.0413 0.2441, 1.1777 3.0651 0.2441, 1.1811 3.0906 0.2441, 0.5512 3.0906 0.2441, 0.5545 3.0651 0.2441, 0.5644 3.0413 0.2441, 0.58 3.021 0.2441, 0.6004 3.0053 0.2441, 0.6241 2.9955 0.2441, 0.6496 2.9921 0.2441, 0.6751 2.9955 0.2441, 0.6988 3.0053 0.2441, 0.7192 3.021 0.2441, 0.7348 3.0413 0.2441, 0.7447 3.0651 0.2441, 0.748 3.0906 0.2441, 0.1181 3.0906 0.2441, 0.1215 3.0651 0.2441, 0.1313 3.0413 0.2441, 0.1469 3.021 0.2441, 0.1673 3.0053 0.2441, 0.1911 2.9955 0.2441, 0.2165 2.9921 0.2441, 0.242 2.9955 0.2441, 0.2657 3.0053 0.2441, 0.2861 3.021 0.2441, 0.3018 3.0413 0.2441, 0.3116 3.0651 0.2441, 0.315 3.0906 0.2441, -0.315 3.0906 0.2441, -0.3116 3.0651 0.2441, -0.3018 3.0413 0.2441, -0.2861 3.021 0.2441, -0.2657 3.0053 0.2441, -0.242 2.9955 0.2441, -0.2165 2.9921 0.2441, -0.1911 2.9955 0.2441, -0.1673 3.0053 0.2441, -0.1469 3.021 0.2441, -0.1313 3.0413 0.2441, -0.1215 3.0651 0.2441, -0.1181 3.0906 0.2441, -0.748 3.0906 0.2441, -0.7447 3.0651 0.2441, -0.7348 3.0413 0.2441, -0.7192 3.021 0.2441, -0.6988 3.0053 0.2441, -0.6751 2.9955 0.2441, -0.6496 2.9921 0.2441, -0.6241 2.9955 0.2441, -0.6004 3.0053 0.2441, -0.58 3.021 0.2441, -0.5644 3.0413 0.2441, -0.5545 3.0651 0.2441, -0.5512 3.0906 0.2441, -1.1811 3.0906 0.2441, -1.1777 3.0651 0.2441, -1.1679 3.0413 0.2441, -1.1523 3.021 0.2441, -1.1319 3.0053 0.2441, -1.1082 2.9955 0.2441, -1.0827 2.9921 0.2441, -1.0572 2.9955 0.2441, -1.0335 3.0053 0.2441, -1.0131 3.021 0.2441, -0.9974 3.0413 0.2441, -0.9876 3.0651 0.2441, -0.9843 3.0906 0.2441, -1.6142 3.0906 0.2441, -1.6108 3.0651 0.2441, -1.601 3.0413 0.2441, -1.5853 3.021 0.2441, -1.565 3.0053 0.2441, -1.5412 2.9955 0.2441, -1.5157 2.9921 0.2441, -1.4903 2.9955 0.2441, -1.4665 3.0053 0.2441, -1.4462 3.021 0.2441, -1.4305 3.0413 0.2441, -1.4207 3.0651 0.2441, -1.4173 3.0906 0.2441, -2.0472 3.0906 0.2441, -2.0439 3.0651 0.2441, -2.0341 3.0413 0.2441, -2.0184 3.021 0.2441, -1.998 3.0053 0.2441, -1.9743 2.9955 0.2441, -1.9488 2.9921 0.2441, -1.9233 2.9955 0.2441, -1.8996 3.0053 0.2441, -1.8792 3.021 0.2441, -1.8636 3.0413 0.2441, -1.8537 3.0651 0.2441, -1.8504 3.0906 0.2441, -2.4803 3.0906 0.2441, -2.477 3.0651 0.2441, -2.4671 3.0413 0.2441, -2.4515 3.021 0.2441, -2.4311 3.0053 0.2441, -2.4074 2.9955 0.2441, -2.3819 2.9921 0.2441, -2.3564 2.9955 0.2441, -2.3327 3.0053 0.2441, -2.3123 3.021 0.2441, -2.2967 3.0413 0.2441, -2.2868 3.0651 0.2441, -2.2835 3.0906 0.2441, 2.2638 2.9528 0.2402, 2.5 2.9528 0.2402, 2.2638 2.9528 0.2441, 2.5 2.9528 0.2441, 1.8307 2.9528 0.2402, 2.0669 2.9528 0.2402, 1.8307 2.9528 0.2441, 2.0669 2.9528 0.2441, 1.3976 2.9528 0.2402, 1.6339 2.9528 0.2402, 1.3976 2.9528 0.2441, 1.6339 2.9528 0.2441, 0.9646 2.9528 0.2402, 1.2008 2.9528 0.2402, 0.9646 2.9528 0.2441, 1.2008 2.9528 0.2441, 0.5315 2.9528 0.2402, 0.7677 2.9528 0.2402, 0.5315 2.9528 0.2441, 0.7677 2.9528 0.2441, 0.0984 2.9528 0.2402, 0.3346 2.9528 0.2402, 0.0984 2.9528 0.2441, 0.3346 2.9528 0.2441, -0.3346 2.9528 0.2402, -0.0984 2.9528 0.2402, -0.3346 2.9528 0.2441, -0.0984 2.9528 0.2441, -0.7677 2.9528 0.2402, -0.5315 2.9528 0.2402, -0.7677 2.9528 0.2441, -0.5315 2.9528 0.2441, -1.2008 2.9528 0.2402, -0.9646 2.9528 0.2402, -1.2008 2.9528 0.2441, -0.9646 2.9528 0.2441, -1.6339 2.9528 0.2402, -1.3976 2.9528 0.2402, -1.6339 2.9528 0.2441, -1.3976 2.9528 0.2441, -2.0669 2.9528 0.2402, -1.8307 2.9528 0.2402, -2.0669 2.9528 0.2441, -1.8307 2.9528 0.2441, -2.5 2.9528 0.2402, -2.2638 2.9528 0.2402, -2.5 2.9528 0.2441, -2.2638 2.9528 0.2441, -3.3268 -1.5945 0.2441, -3.4055 -1.63 0.2441, -3.3811 -1.6488 0.2441, -3.3268 -1.8701 0.2441, -3.3465 -1.7323 0.2441, -3.3505 -1.7629 0.2441, -3.3623 -1.7913 0.2441, -3.3811 -1.8158 0.2441, -3.4646 -1.8504 0.2441, -3.4646 -1.8701 0.2441, -3.434 -1.8464 0.2441, -3.4055 -1.8346 0.2441, -3.4646 -1.5945 0.2441, -3.4646 -1.6142 0.2441, -3.434 -1.6182 0.2441, -3.3623 -1.6732 0.2441, -3.3505 -1.7017 0.2441, -3.4646 -1.5945 0.2402, -3.3268 -1.5945 0.2402, -3.4646 -1.8701 0.2402, -3.3268 -1.8701 0.2402, -3.0709 -1.8701 0.0, -3.0709 -1.5945 0.0, -3.0709 -1.8701 0.0039, -3.0709 -1.5945 0.0039, -3.4646 -1.8701 0.0, -3.4646 -1.8701 0.0039, -3.4646 -1.5945 0.0, -3.4646 -1.5945 0.0039, -3.4055 -1.8346 0.0, -3.3811 -1.8158 0.0, -3.434 -1.8464 0.0, -3.4646 -1.8504 0.0, -3.3623 -1.7913 0.0, -3.3505 -1.7629 0.0, -3.3465 -1.7323 0.0, -3.3505 -1.7017 0.0, -3.3623 -1.6732 0.0, -3.3811 -1.6488 0.0, -3.4055 -1.63 0.0, -3.434 -1.6182 0.0, -3.4646 -1.6142 0.0, -3.3268 -1.1614 0.2441, -3.3505 -1.2686 0.2441, -3.3465 -1.2992 0.2441, -3.3623 -1.3583 0.2441, -3.3811 -1.3827 0.2441, -3.3268 -1.437 0.2441, -3.3505 -1.3298 0.2441, -3.4646 -1.4173 0.2441, -3.4646 -1.437 0.2441, -3.434 -1.4133 0.2441, -3.4055 -1.4015 0.2441, -3.4646 -1.1614 0.2441, -3.4646 -1.1811 0.2441, -3.434 -1.1851 0.2441, -3.4055 -1.1969 0.2441, -3.3811 -1.2157 0.2441, -3.3623 -1.2402 0.2441, -3.4646 -1.1614 0.2402, -3.3268 -1.1614 0.2402, -3.4646 -1.437 0.2402, -3.3268 -1.437 0.2402, -3.0709 -1.437 0.0, -3.0709 -1.1614 0.0, -3.0709 -1.437 0.0039, -3.0709 -1.1614 0.0039, -3.4646 -1.437 0.0, -3.4646 -1.437 0.0039, -3.4646 -1.1614 0.0, -3.4646 -1.1614 0.0039, -3.4055 -1.4015 0.0, -3.3811 -1.3827 0.0, -3.434 -1.4133 0.0, -3.4646 -1.4173 0.0, -3.3623 -1.3583 0.0, -3.3505 -1.3298 0.0, -3.3465 -1.2992 0.0, -3.3505 -1.2686 0.0, -3.3623 -1.2402 0.0, -3.3811 -1.2157 0.0, -3.4055 -1.1969 0.0, -3.434 -1.1851 0.0, -3.4646 -1.1811 0.0, -3.3623 -0.9252 0.2441, -3.3811 -0.9497 0.2441, -3.3268 -1.0039 0.2441, -3.3623 -0.8071 0.2441, -3.3505 -0.8356 0.2441, -3.3268 -0.7283 0.2441, -3.3465 -0.8661 0.2441, -3.3505 -0.8967 0.2441, -3.4646 -0.9843 0.2441, -3.4646 -1.0039 0.2441, -3.434 -0.9802 0.2441, -3.4055 -0.9684 0.2441, -3.4646 -0.7283 0.2441, -3.4646 -0.748 0.2441, -3.434 -0.7521 0.2441, -3.4055 -0.7639 0.2441, -3.3811 -0.7826 0.2441, -3.4646 -0.7283 0.2402, -3.3268 -0.7283 0.2402, -3.4646 -1.0039 0.2402, -3.3268 -1.0039 0.2402, -3.0709 -1.0039 0.0, -3.0709 -0.7283 0.0, -3.0709 -1.0039 0.0039, -3.0709 -0.7283 0.0039, -3.4646 -1.0039 0.0, -3.4646 -1.0039 0.0039, -3.4646 -0.7283 0.0, -3.4646 -0.7283 0.0039, -3.4055 -0.9684 0.0, -3.3811 -0.9497 0.0, -3.3623 -0.9252 0.0, -3.3505 -0.8967 0.0, -3.3465 -0.8661 0.0, -3.3505 -0.8356 0.0, -3.3623 -0.8071 0.0, -3.3811 -0.7826 0.0, -3.434 -0.9802 0.0, -3.4646 -0.9843 0.0, -3.4055 -0.7639 0.0, -3.434 -0.7521 0.0, -3.4646 -0.748 0.0, -3.3623 -0.4921 0.2441, -3.3811 -0.5166 0.2441, -3.3268 -0.5709 0.2441, -3.3268 -0.2953 0.2441, -3.4055 -0.3308 0.2441, -3.3811 -0.3496 0.2441, -3.3465 -0.4331 0.2441, -3.3505 -0.4636 0.2441, -3.4646 -0.5512 0.2441, -3.4646 -0.5709 0.2441, -3.434 -0.5472 0.2441, -3.4055 -0.5354 0.2441, -3.4646 -0.2953 0.2441, -3.4646 -0.315 0.2441, -3.434 -0.319 0.2441, -3.3623 -0.374 0.2441, -3.3505 -0.4025 0.2441, -3.4646 -0.2953 0.2402, -3.3268 -0.2953 0.2402, -3.4646 -0.5709 0.2402, -3.3268 -0.5709 0.2402, -3.0709 -0.5709 0.0, -3.0709 -0.2953 0.0, -3.0709 -0.5709 0.0039, -3.0709 -0.2953 0.0039, -3.4646 -0.5709 0.0, -3.4646 -0.5709 0.0039, -3.4646 -0.2953 0.0, -3.4646 -0.2953 0.0039, -3.4055 -0.5354 0.0, -3.3811 -0.5166 0.0, -3.3623 -0.4921 0.0, -3.3505 -0.4636 0.0, -3.3465 -0.4331 0.0, -3.434 -0.5472 0.0, -3.4646 -0.5512 0.0, -3.3505 -0.4025 0.0, -3.3623 -0.374 0.0, -3.3811 -0.3496 0.0, -3.4055 -0.3308 0.0, -3.434 -0.319 0.0, -3.4646 -0.315 0.0, -3.4646 0.1378 0.2441, -3.4646 0.1181 0.2441, -3.3268 0.1378 0.2441, -3.434 0.1141 0.2441, -3.4055 0.1023 0.2441, -3.3811 0.0835 0.2441, -3.3623 0.0591 0.2441, -3.3505 0.0306 0.2441, -3.3465 -0.0 0.2441, -3.3268 -0.1378 0.2441, -3.3505 -0.0306 0.2441, -3.3623 -0.0591 0.2441, -3.3811 -0.0835 0.2441, -3.4646 -0.1181 0.2441, -3.4646 -0.1378 0.2441, -3.434 -0.1141 0.2441, -3.4055 -0.1023 0.2441, -3.4646 0.1378 0.2402, -3.3268 0.1378 0.2402, -3.4646 -0.1378 0.2402, -3.3268 -0.1378 0.2402, -3.0709 -0.1378 0.0, -3.0709 0.1378 0.0, -3.0709 -0.1378 0.0039, -3.0709 0.1378 0.0039, -3.4646 -0.1378 0.0, -3.4646 -0.1378 0.0039, -3.4646 0.1378 0.0, -3.4646 0.1378 0.0039, -3.4646 -0.1181 0.0, -3.434 -0.1141 0.0, -3.4055 -0.1023 0.0, -3.3811 -0.0835 0.0, -3.3623 -0.0591 0.0, -3.3505 -0.0306 0.0, -3.3465 -0.0 0.0, -3.3505 0.0306 0.0, -3.3623 0.0591 0.0, -3.3811 0.0835 0.0, -3.4055 0.1023 0.0, -3.434 0.1141 0.0, -3.4646 0.1181 0.0, -3.4646 0.5709 0.2441, -3.4646 0.5512 0.2441, -3.3268 0.5709 0.2441, -3.434 0.5472 0.2441, -3.3623 0.374 0.2441, -3.3811 0.3496 0.2441, -3.3268 0.2953 0.2441, -3.4646 0.315 0.2441, -3.4646 0.2953 0.2441, -3.434 0.319 0.2441, -3.4055 0.3308 0.2441, -3.4055 0.5354 0.2441, -3.3811 0.5166 0.2441, -3.3623 0.4921 0.2441, -3.3505 0.4636 0.2441, -3.3465 0.4331 0.2441, -3.3505 0.4025 0.2441, -3.4646 0.5709 0.2402, -3.3268 0.5709 0.2402, -3.4646 0.2953 0.2402, -3.3268 0.2953 0.2402, -3.0709 0.2953 0.0, -3.0709 0.5709 0.0, -3.0709 0.2953 0.0039, -3.0709 0.5709 0.0039, -3.4646 0.2953 0.0, -3.4646 0.2953 0.0039, -3.4646 0.5709 0.0, -3.4646 0.5709 0.0039, -3.4055 0.3308 0.0, -3.3811 0.3496 0.0, -3.434 0.319 0.0, -3.4646 0.315 0.0, -3.3623 0.374 0.0, -3.3505 0.4025 0.0, -3.3465 0.4331 0.0, -3.3505 0.4636 0.0, -3.3623 0.4921 0.0, -3.3811 0.5166 0.0, -3.4055 0.5354 0.0, -3.434 0.5472 0.0, -3.4646 0.5512 0.0, -3.4646 1.0039 0.2441, -3.4646 0.9843 0.2441, -3.3268 1.0039 0.2441, -3.434 0.9802 0.2441, -3.3623 0.8071 0.2441, -3.3811 0.7826 0.2441, -3.3268 0.7283 0.2441, -3.4646 0.748 0.2441, -3.4646 0.7283 0.2441, -3.434 0.7521 0.2441, -3.4055 0.7639 0.2441, -3.4055 0.9684 0.2441, -3.3811 0.9497 0.2441, -3.3623 0.9252 0.2441, -3.3505 0.8967 0.2441, -3.3465 0.8661 0.2441, -3.3505 0.8356 0.2441, -3.4646 1.0039 0.2402, -3.3268 1.0039 0.2402, -3.4646 0.7283 0.2402, -3.3268 0.7283 0.2402, -3.0709 0.7283 0.0, -3.0709 1.0039 0.0, -3.0709 0.7283 0.0039, -3.0709 1.0039 0.0039, -3.4646 0.7283 0.0, -3.4646 0.7283 0.0039, -3.4646 1.0039 0.0, -3.4646 1.0039 0.0039, -3.4055 0.7639 0.0, -3.3811 0.7826 0.0, -3.434 0.7521 0.0, -3.4646 0.748 0.0, -3.3623 0.8071 0.0, -3.3505 0.8356 0.0, -3.3465 0.8661 0.0, -3.3505 0.8967 0.0, -3.3623 0.9252 0.0, -3.3811 0.9497 0.0, -3.4055 0.9684 0.0, -3.434 0.9802 0.0, -3.4646 0.9843 0.0, -3.4646 1.437 0.2441, -3.4646 1.4173 0.2441, -3.3268 1.437 0.2441, -3.434 1.4133 0.2441, -3.3623 1.2402 0.2441, -3.3811 1.2157 0.2441, -3.3268 1.1614 0.2441, -3.4646 1.1811 0.2441, -3.4646 1.1614 0.2441, -3.434 1.1851 0.2441, -3.4055 1.1969 0.2441, -3.4055 1.4015 0.2441, -3.3811 1.3827 0.2441, -3.3623 1.3583 0.2441, -3.3505 1.3298 0.2441, -3.3465 1.2992 0.2441, -3.3505 1.2686 0.2441, -3.4646 1.437 0.2402, -3.3268 1.437 0.2402, -3.4646 1.1614 0.2402, -3.3268 1.1614 0.2402, -3.0709 1.1614 0.0, -3.0709 1.437 0.0, -3.0709 1.1614 0.0039, -3.0709 1.437 0.0039, -3.4646 1.1614 0.0, -3.4646 1.1614 0.0039, -3.4646 1.437 0.0, -3.4646 1.437 0.0039, -3.4055 1.1969 0.0, -3.3811 1.2157 0.0, -3.434 1.1851 0.0, -3.4646 1.1811 0.0, -3.3623 1.2402 0.0, -3.3505 1.2686 0.0, -3.3465 1.2992 0.0, -3.3505 1.3298 0.0, -3.3623 1.3583 0.0, -3.3811 1.3827 0.0, -3.4055 1.4015 0.0, -3.434 1.4133 0.0, -3.4646 1.4173 0.0, -3.4055 1.8346 0.2441, -3.3811 1.8158 0.2441, -3.3268 1.8701 0.2441, -3.3623 1.7913 0.2441, -3.3623 1.6732 0.2441, -3.3811 1.6488 0.2441, -3.3268 1.5945 0.2441, -3.3505 1.7629 0.2441, -3.3465 1.7323 0.2441, -3.3505 1.7017 0.2441, -3.4646 1.8701 0.2441, -3.4646 1.8504 0.2441, -3.434 1.8464 0.2441, -3.4646 1.6142 0.2441, -3.4646 1.5945 0.2441, -3.434 1.6182 0.2441, -3.4055 1.63 0.2441, -3.4646 1.8701 0.2402, -3.3268 1.8701 0.2402, -3.4646 1.5945 0.2402, -3.3268 1.5945 0.2402, -3.0709 1.5945 0.0, -3.0709 1.8701 0.0, -3.0709 1.5945 0.0039, -3.0709 1.8701 0.0039, -3.4646 1.5945 0.0, -3.4646 1.5945 0.0039, -3.4646 1.8701 0.0, -3.4646 1.8701 0.0039, -3.4055 1.63 0.0, -3.3811 1.6488 0.0, -3.3623 1.6732 0.0, -3.3505 1.7017 0.0, -3.3465 1.7323 0.0, -3.3505 1.7629 0.0, -3.3623 1.7913 0.0, -3.3811 1.8158 0.0, -3.434 1.6182 0.0, -3.4646 1.6142 0.0, -3.4055 1.8346 0.0, -3.434 1.8464 0.0, -3.4646 1.8504 0.0, 3.0709 -1.5945 0.0039, 3.0709 -1.5945 0.0, 3.0709 -1.8701 0.0039, 3.0709 -1.8701 0.0, 3.4646 -1.5945 0.0039, 3.4646 -1.5945 0.0, 3.4646 -1.8701 0.0039, 3.4646 -1.8701 0.0, 3.4646 -1.6142 0.0, 3.434 -1.6182 0.0, 3.3623 -1.7913 0.0, 3.3811 -1.8158 0.0, 3.4055 -1.63 0.0, 3.3811 -1.6488 0.0, 3.3623 -1.6732 0.0, 3.4055 -1.8346 0.0, 3.434 -1.8464 0.0, 3.4646 -1.8504 0.0, 3.3505 -1.7017 0.0, 3.3465 -1.7323 0.0, 3.3505 -1.7629 0.0, 3.0709 -1.1614 0.0039, 3.0709 -1.1614 0.0, 3.0709 -1.437 0.0039, 3.0709 -1.437 0.0, 3.4646 -1.1614 0.0039, 3.4646 -1.1614 0.0, 3.4646 -1.437 0.0039, 3.4646 -1.437 0.0, 3.4055 -1.1969 0.0, 3.3811 -1.2157 0.0, 3.3505 -1.3298 0.0, 3.3623 -1.3583 0.0, 3.3811 -1.3827 0.0, 3.4055 -1.4015 0.0, 3.434 -1.4133 0.0, 3.4646 -1.4173 0.0, 3.3623 -1.2402 0.0, 3.3505 -1.2686 0.0, 3.3465 -1.2992 0.0, 3.434 -1.1851 0.0, 3.4646 -1.1811 0.0, 3.0709 -0.7283 0.0039, 3.0709 -0.7283 0.0, 3.0709 -1.0039 0.0039, 3.0709 -1.0039 0.0, 3.4646 -0.7283 0.0039, 3.4646 -0.7283 0.0, 3.4646 -1.0039 0.0039, 3.4646 -1.0039 0.0, 3.4055 -0.7639 0.0, 3.3811 -0.7826 0.0, 3.3623 -0.9252 0.0, 3.3811 -0.9497 0.0, 3.3505 -0.8967 0.0, 3.434 -0.7521 0.0, 3.4646 -0.748 0.0, 3.4055 -0.9684 0.0, 3.434 -0.9802 0.0, 3.4646 -0.9843 0.0, 3.3623 -0.8071 0.0, 3.3505 -0.8356 0.0, 3.3465 -0.8661 0.0, 3.0709 -0.2953 0.0039, 3.0709 -0.2953 0.0, 3.0709 -0.5709 0.0039, 3.0709 -0.5709 0.0, 3.4646 -0.2953 0.0039, 3.4646 -0.2953 0.0, 3.4646 -0.5709 0.0039, 3.4646 -0.5709 0.0, 3.3623 -0.4921 0.0, 3.3811 -0.5166 0.0, 3.4055 -0.3308 0.0, 3.3811 -0.3496 0.0, 3.3623 -0.374 0.0, 3.434 -0.319 0.0, 3.4646 -0.315 0.0, 3.4055 -0.5354 0.0, 3.434 -0.5472 0.0, 3.4646 -0.5512 0.0, 3.3505 -0.4025 0.0, 3.3465 -0.4331 0.0, 3.3505 -0.4636 0.0, 3.0709 0.1378 0.0039, 3.0709 0.1378 0.0, 3.0709 -0.1378 0.0039, 3.0709 -0.1378 0.0, 3.4646 0.1378 0.0039, 3.4646 0.1378 0.0, 3.4646 -0.1378 0.0039, 3.4646 -0.1378 0.0, 3.4646 0.1181 0.0, 3.434 0.1141 0.0, 3.3623 -0.0591 0.0, 3.3811 -0.0835 0.0, 3.4055 0.1023 0.0, 3.3811 0.0835 0.0, 3.3623 0.0591 0.0, 3.4055 -0.1023 0.0, 3.434 -0.1141 0.0, 3.4646 -0.1181 0.0, 3.3505 0.0306 0.0, 3.3465 -0.0 0.0, 3.3505 -0.0306 0.0, 3.0709 0.5709 0.0039, 3.0709 0.5709 0.0, 3.0709 0.2953 0.0039, 3.0709 0.2953 0.0, 3.4646 0.5709 0.0039, 3.4646 0.5709 0.0, 3.4646 0.2953 0.0039, 3.4646 0.2953 0.0, 3.3811 0.5166 0.0, 3.3623 0.4921 0.0, 3.4646 0.5512 0.0, 3.434 0.5472 0.0, 3.3623 0.374 0.0, 3.3811 0.3496 0.0, 3.4055 0.5354 0.0, 3.4055 0.3308 0.0, 3.434 0.319 0.0, 3.4646 0.315 0.0, 3.3505 0.4636 0.0, 3.3465 0.4331 0.0, 3.3505 0.4025 0.0, 3.0709 1.0039 0.0039, 3.0709 1.0039 0.0, 3.0709 0.7283 0.0039, 3.0709 0.7283 0.0, 3.4646 1.0039 0.0039, 3.4646 1.0039 0.0, 3.4646 0.7283 0.0039, 3.4646 0.7283 0.0, 3.3811 0.9497 0.0, 3.3623 0.9252 0.0, 3.4646 0.9843 0.0, 3.434 0.9802 0.0, 3.4646 0.748 0.0, 3.434 0.7521 0.0, 3.4055 0.9684 0.0, 3.3623 0.8071 0.0, 3.3811 0.7826 0.0, 3.4055 0.7639 0.0, 3.3505 0.8967 0.0, 3.3465 0.8661 0.0, 3.3505 0.8356 0.0, 3.0709 1.437 0.0039, 3.0709 1.437 0.0, 3.0709 1.1614 0.0039, 3.0709 1.1614 0.0, 3.4646 1.437 0.0039, 3.4646 1.437 0.0, 3.4646 1.1614 0.0039, 3.4646 1.1614 0.0, 3.3811 1.3827 0.0, 3.3623 1.3583 0.0, 3.4646 1.4173 0.0, 3.434 1.4133 0.0, 3.4646 1.1811 0.0, 3.434 1.1851 0.0, 3.4055 1.4015 0.0, 3.3623 1.2402 0.0, 3.3811 1.2157 0.0, 3.4055 1.1969 0.0, 3.3505 1.3298 0.0, 3.3465 1.2992 0.0, 3.3505 1.2686 0.0, 3.0709 1.8701 0.0039, 3.0709 1.8701 0.0, 3.0709 1.5945 0.0039, 3.0709 1.5945 0.0, 3.4646 1.8701 0.0039, 3.4646 1.8701 0.0, 3.4646 1.5945 0.0039, 3.4646 1.5945 0.0, 3.4646 1.8504 0.0, 3.434 1.8464 0.0, 3.3505 1.7017 0.0, 3.3623 1.6732 0.0, 3.3811 1.6488 0.0, 3.4055 1.63 0.0, 3.434 1.6182 0.0, 3.4646 1.6142 0.0, 3.4055 1.8346 0.0, 3.3811 1.8158 0.0, 3.3623 1.7913 0.0, 3.3505 1.7629 0.0, 3.3465 1.7323 0.0, 3.4646 1.8504 0.2441, 3.434 1.8464 0.2441, 3.4055 1.8346 0.2441, 3.3811 1.8158 0.2441, 3.3623 1.7913 0.2441, 3.3505 1.7629 0.2441, 3.3465 1.7323 0.2441, 3.3505 1.7017 0.2441, 3.3623 1.6732 0.2441, 3.3811 1.6488 0.2441, 3.4055 1.63 0.2441, 3.434 1.6182 0.2441, 3.4646 1.6142 0.2441, 3.4646 1.4173 0.2441, 3.434 1.4133 0.2441, 3.4055 1.4015 0.2441, 3.3811 1.3827 0.2441, 3.3623 1.3583 0.2441, 3.3505 1.3298 0.2441, 3.3465 1.2992 0.2441, 3.3505 1.2686 0.2441, 3.3623 1.2402 0.2441, 3.3811 1.2157 0.2441, 3.4055 1.1969 0.2441, 3.434 1.1851 0.2441, 3.4646 1.1811 0.2441, 3.4646 0.9843 0.2441, 3.434 0.9802 0.2441, 3.4055 0.9684 0.2441, 3.3811 0.9497 0.2441, 3.3623 0.9252 0.2441, 3.3505 0.8967 0.2441, 3.3465 0.8661 0.2441, 3.3505 0.8356 0.2441, 3.3623 0.8071 0.2441, 3.3811 0.7826 0.2441, 3.4055 0.7639 0.2441, 3.434 0.7521 0.2441, 3.4646 0.748 0.2441, 3.4646 0.5512 0.2441, 3.434 0.5472 0.2441, 3.4055 0.5354 0.2441, 3.3811 0.5166 0.2441, 3.3623 0.4921 0.2441, 3.3505 0.4636 0.2441, 3.3465 0.4331 0.2441, 3.3505 0.4025 0.2441, 3.3623 0.374 0.2441, 3.3811 0.3496 0.2441, 3.4055 0.3308 0.2441, 3.434 0.319 0.2441, 3.4646 0.315 0.2441, 3.4646 0.1181 0.2441, 3.434 0.1141 0.2441, 3.4055 0.1023 0.2441, 3.3811 0.0835 0.2441, 3.3623 0.0591 0.2441, 3.3505 0.0306 0.2441, 3.3465 -0.0 0.2441, 3.3505 -0.0306 0.2441, 3.3623 -0.0591 0.2441, 3.3811 -0.0835 0.2441, 3.4055 -0.1023 0.2441, 3.434 -0.1141 0.2441, 3.4646 -0.1181 0.2441, 3.4646 -0.315 0.2441, 3.434 -0.319 0.2441, 3.4055 -0.3308 0.2441, 3.3811 -0.3496 0.2441, 3.3623 -0.374 0.2441, 3.3505 -0.4025 0.2441, 3.3465 -0.4331 0.2441, 3.3505 -0.4636 0.2441, 3.3623 -0.4921 0.2441, 3.3811 -0.5166 0.2441, 3.4055 -0.5354 0.2441, 3.434 -0.5472 0.2441, 3.4646 -0.5512 0.2441, 3.4646 -0.748 0.2441, 3.434 -0.7521 0.2441, 3.4055 -0.7639 0.2441, 3.3811 -0.7826 0.2441, 3.3623 -0.8071 0.2441, 3.3505 -0.8356 0.2441, 3.3465 -0.8661 0.2441, 3.3505 -0.8967 0.2441, 3.3623 -0.9252 0.2441, 3.3811 -0.9497 0.2441, 3.4055 -0.9684 0.2441, 3.434 -0.9802 0.2441, 3.4646 -0.9843 0.2441, 3.4646 -1.1811 0.2441, 3.434 -1.1851 0.2441, 3.4055 -1.1969 0.2441, 3.3811 -1.2157 0.2441, 3.3623 -1.2402 0.2441, 3.3505 -1.2686 0.2441, 3.3465 -1.2992 0.2441, 3.3505 -1.3298 0.2441, 3.3623 -1.3583 0.2441, 3.3811 -1.3827 0.2441, 3.4055 -1.4015 0.2441, 3.434 -1.4133 0.2441, 3.4646 -1.4173 0.2441, 3.4646 -1.6142 0.2441, 3.434 -1.6182 0.2441, 3.4055 -1.63 0.2441, 3.3811 -1.6488 0.2441, 3.3623 -1.6732 0.2441, 3.3505 -1.7017 0.2441, 3.3465 -1.7323 0.2441, 3.3505 -1.7629 0.2441, 3.3623 -1.7913 0.2441, 3.3811 -1.8158 0.2441, 3.4055 -1.8346 0.2441, 3.434 -1.8464 0.2441, 3.4646 -1.8504 0.2441, 3.3268 1.8701 0.2402, 3.3268 1.5945 0.2402, 3.3268 1.8701 0.2441, 3.3268 1.5945 0.2441, 3.3268 1.437 0.2402, 3.3268 1.1614 0.2402, 3.3268 1.437 0.2441, 3.3268 1.1614 0.2441, 3.3268 1.0039 0.2402, 3.3268 0.7283 0.2402, 3.3268 1.0039 0.2441, 3.3268 0.7283 0.2441, 3.3268 0.5709 0.2402, 3.3268 0.2953 0.2402, 3.3268 0.5709 0.2441, 3.3268 0.2953 0.2441, 3.3268 0.1378 0.2402, 3.3268 -0.1378 0.2402, 3.3268 0.1378 0.2441, 3.3268 -0.1378 0.2441, 3.3268 -0.2953 0.2402, 3.3268 -0.5709 0.2402, 3.3268 -0.2953 0.2441, 3.3268 -0.5709 0.2441, 3.3268 -0.7283 0.2402, 3.3268 -1.0039 0.2402, 3.3268 -0.7283 0.2441, 3.3268 -1.0039 0.2441, 3.3268 -1.1614 0.2402, 3.3268 -1.437 0.2402, 3.3268 -1.1614 0.2441, 3.3268 -1.437 0.2441, 3.3268 -1.5945 0.2402, 3.3268 -1.8701 0.2402, 3.3268 -1.5945 0.2441, 3.3268 -1.8701 0.2441
            ]
        }
        coordIndex [
            0,1,2,-1,3,4,5,-1,5,6,3,-1,3,6,7,-1,3,7,8,-1,8,7,9,-1,8,9,10,-1,0,2,3,-1,3,2,11,-1,3,11,4,-1,10,12,8,-1,8,12,13,-1,8,13,14,-1,14,13,15,-1,14,15,16,-1,8,14,17,-1,17,14,18,-1,19,20,3,-1,3,20,0,-1,21,22,23,-1,23,22,24,-1,23,24,25,-1,25,24,26,-1,27,28,21,-1,21,28,22,-1,28,29,30,-1,28,30,22,-1,22,30,31,-1,22,31,32,-1,32,33,22,-1,22,33,34,-1,22,34,24,-1,34,35,24,-1,24,35,36,-1,24,36,37,-1,37,38,24,-1,24,38,39,-1,24,39,26,-1,26,39,40,-1,26,40,41,-1,29,16,30,-1,30,16,15,-1,30,15,31,-1,31,15,13,-1,31,13,32,-1,32,13,12,-1,32,12,33,-1,33,12,10,-1,33,10,34,-1,34,10,9,-1,34,9,35,-1,35,9,7,-1,35,7,36,-1,36,7,6,-1,36,6,37,-1,37,6,5,-1,37,5,38,-1,38,5,4,-1,38,4,39,-1,39,4,11,-1,39,11,40,-1,40,11,2,-1,40,2,41,-1,41,2,1,-1,17,19,8,-1,8,19,3,-1,42,43,44,-1,45,46,47,-1,47,48,45,-1,45,48,49,-1,45,49,50,-1,50,49,51,-1,50,51,52,-1,42,44,45,-1,45,44,53,-1,45,53,46,-1,52,54,50,-1,50,54,55,-1,50,55,56,-1,56,55,57,-1,56,57,58,-1,50,56,59,-1,59,56,60,-1,61,62,45,-1,45,62,42,-1,63,64,65,-1,65,64,66,-1,65,66,67,-1,67,66,68,-1,69,70,63,-1,63,70,64,-1,70,71,72,-1,70,72,64,-1,64,72,73,-1,64,73,74,-1,74,75,64,-1,64,75,76,-1,64,76,66,-1,76,77,66,-1,66,77,78,-1,66,78,79,-1,79,80,66,-1,66,80,81,-1,66,81,68,-1,68,81,82,-1,68,82,83,-1,84,85,86,-1,85,84,87,-1,87,84,88,-1,87,88,89,-1,90,91,88,-1,88,91,92,-1,88,92,89,-1,86,93,84,-1,84,93,94,-1,84,94,95,-1,95,94,96,-1,95,96,97,-1,90,88,98,-1,98,88,99,-1,98,99,100,-1,84,95,101,-1,101,95,102,-1,103,104,88,-1,88,104,99,-1,105,106,107,-1,107,106,108,-1,107,108,109,-1,109,108,110,-1,111,112,105,-1,105,112,106,-1,113,114,106,-1,108,115,116,-1,114,117,106,-1,106,117,118,-1,106,118,108,-1,108,118,119,-1,108,119,115,-1,113,106,120,-1,120,106,112,-1,120,112,121,-1,116,122,108,-1,108,122,123,-1,108,123,110,-1,110,123,124,-1,110,124,125,-1,126,127,128,-1,128,127,129,-1,129,130,128,-1,128,130,131,-1,128,131,132,-1,132,131,133,-1,132,133,134,-1,126,128,135,-1,135,128,136,-1,135,136,137,-1,134,138,132,-1,132,138,139,-1,132,139,140,-1,140,139,141,-1,140,141,142,-1,132,140,143,-1,143,140,144,-1,145,146,128,-1,128,146,136,-1,147,148,149,-1,149,148,150,-1,149,150,151,-1,151,150,152,-1,153,154,147,-1,147,154,148,-1,155,156,148,-1,156,157,148,-1,148,157,158,-1,148,158,150,-1,158,159,150,-1,150,159,160,-1,150,160,161,-1,155,148,162,-1,162,148,154,-1,162,154,163,-1,161,164,150,-1,150,164,165,-1,150,165,152,-1,152,165,166,-1,152,166,167,-1,168,169,170,-1,170,169,171,-1,171,172,170,-1,170,172,173,-1,170,173,174,-1,174,173,175,-1,174,175,176,-1,168,170,177,-1,177,170,178,-1,177,178,179,-1,176,180,174,-1,174,180,181,-1,174,181,182,-1,182,181,183,-1,182,183,184,-1,174,182,185,-1,185,182,186,-1,187,188,170,-1,170,188,178,-1,189,190,191,-1,191,190,192,-1,191,192,193,-1,193,192,194,-1,195,196,189,-1,189,196,190,-1,197,198,190,-1,198,199,190,-1,190,199,200,-1,190,200,192,-1,200,201,192,-1,192,201,202,-1,192,202,203,-1,197,190,204,-1,204,190,196,-1,204,196,205,-1,203,206,192,-1,192,206,207,-1,192,207,194,-1,194,207,208,-1,194,208,209,-1,210,211,212,-1,212,211,213,-1,213,214,212,-1,212,214,215,-1,212,215,216,-1,216,215,217,-1,216,217,218,-1,210,212,219,-1,219,212,220,-1,219,220,221,-1,218,222,216,-1,216,222,223,-1,216,223,224,-1,224,223,225,-1,224,225,226,-1,216,224,227,-1,227,224,228,-1,229,230,212,-1,212,230,220,-1,231,232,233,-1,233,232,234,-1,233,234,235,-1,235,234,236,-1,237,238,231,-1,231,238,232,-1,239,240,232,-1,240,241,232,-1,232,241,242,-1,232,242,234,-1,242,243,234,-1,234,243,244,-1,234,244,245,-1,239,232,246,-1,246,232,238,-1,246,238,247,-1,245,248,234,-1,234,248,249,-1,234,249,236,-1,236,249,250,-1,236,250,251,-1,252,253,254,-1,254,253,255,-1,255,256,254,-1,254,256,257,-1,254,257,258,-1,258,257,259,-1,258,259,260,-1,260,261,258,-1,258,261,262,-1,258,262,263,-1,263,262,264,-1,263,264,265,-1,252,254,266,-1,266,254,267,-1,266,267,268,-1,258,263,269,-1,269,263,270,-1,271,272,254,-1,254,272,267,-1,273,274,275,-1,275,274,276,-1,275,276,277,-1,277,276,278,-1,279,280,273,-1,273,280,274,-1,281,282,274,-1,282,283,274,-1,274,283,284,-1,274,284,276,-1,284,285,276,-1,276,285,286,-1,276,286,287,-1,281,274,288,-1,288,274,280,-1,288,280,289,-1,287,290,276,-1,276,290,291,-1,276,291,278,-1,278,291,292,-1,278,292,293,-1,294,295,296,-1,296,295,297,-1,297,298,296,-1,296,298,299,-1,296,299,300,-1,300,299,301,-1,300,301,302,-1,294,296,303,-1,303,296,304,-1,303,304,305,-1,302,306,300,-1,300,306,307,-1,300,307,308,-1,308,307,309,-1,308,309,310,-1,300,308,311,-1,311,308,312,-1,313,314,296,-1,296,314,304,-1,315,316,317,-1,317,316,318,-1,317,318,319,-1,319,318,320,-1,321,322,315,-1,315,322,316,-1,323,324,316,-1,324,325,316,-1,316,325,326,-1,316,326,318,-1,326,327,318,-1,318,327,328,-1,318,328,329,-1,323,316,330,-1,330,316,322,-1,330,322,331,-1,329,332,318,-1,318,332,333,-1,318,333,320,-1,320,333,334,-1,320,334,335,-1,336,337,338,-1,338,337,339,-1,339,340,338,-1,338,340,341,-1,338,341,342,-1,342,341,343,-1,342,343,344,-1,336,338,345,-1,345,338,346,-1,345,346,347,-1,344,348,342,-1,342,348,349,-1,342,349,350,-1,350,349,351,-1,350,351,352,-1,342,350,353,-1,353,350,354,-1,355,356,338,-1,338,356,346,-1,357,358,359,-1,359,358,360,-1,359,360,361,-1,361,360,362,-1,363,364,357,-1,357,364,358,-1,365,366,358,-1,366,367,358,-1,358,367,368,-1,358,368,360,-1,368,369,360,-1,360,369,370,-1,360,370,371,-1,365,358,372,-1,372,358,364,-1,372,364,373,-1,371,374,360,-1,360,374,375,-1,360,375,362,-1,362,375,376,-1,362,376,377,-1,378,379,380,-1,380,379,381,-1,378,380,382,-1,382,380,383,-1,382,383,384,-1,381,385,380,-1,380,385,386,-1,380,386,387,-1,387,386,388,-1,387,388,389,-1,389,390,387,-1,387,390,391,-1,387,391,392,-1,392,391,393,-1,392,393,394,-1,387,392,395,-1,395,392,396,-1,397,398,380,-1,380,398,383,-1,399,400,401,-1,401,400,402,-1,401,402,403,-1,403,402,404,-1,405,406,399,-1,399,406,400,-1,406,407,408,-1,409,410,400,-1,400,410,411,-1,400,411,402,-1,406,408,400,-1,400,408,412,-1,400,412,409,-1,411,413,402,-1,402,413,414,-1,402,414,415,-1,415,416,402,-1,402,416,417,-1,402,417,404,-1,404,417,418,-1,404,418,419,-1,420,421,422,-1,423,424,425,-1,425,426,423,-1,423,426,427,-1,423,427,428,-1,428,427,429,-1,428,429,430,-1,420,422,423,-1,423,422,431,-1,423,431,424,-1,430,432,428,-1,428,432,433,-1,428,433,434,-1,434,433,435,-1,434,435,436,-1,428,434,437,-1,437,434,438,-1,439,440,423,-1,423,440,420,-1,441,442,443,-1,443,442,444,-1,443,444,445,-1,445,444,446,-1,447,448,441,-1,441,448,442,-1,448,449,450,-1,448,450,442,-1,442,450,451,-1,442,451,452,-1,452,453,442,-1,442,453,454,-1,442,454,444,-1,454,455,444,-1,444,455,456,-1,444,456,457,-1,457,458,444,-1,444,458,459,-1,444,459,446,-1,446,459,460,-1,446,460,461,-1,462,463,464,-1,465,466,467,-1,467,468,465,-1,465,468,469,-1,465,469,470,-1,470,469,471,-1,470,471,472,-1,462,464,465,-1,465,464,473,-1,465,473,466,-1,472,474,470,-1,470,474,475,-1,470,475,476,-1,476,475,477,-1,476,477,478,-1,470,476,479,-1,479,476,480,-1,481,482,465,-1,465,482,462,-1,483,484,485,-1,485,484,486,-1,485,486,487,-1,487,486,488,-1,489,490,483,-1,483,490,484,-1,490,491,492,-1,490,492,484,-1,484,492,493,-1,484,493,494,-1,494,495,484,-1,484,495,496,-1,484,496,486,-1,496,497,486,-1,486,497,498,-1,486,498,499,-1,499,500,486,-1,486,500,501,-1,486,501,488,-1,488,501,502,-1,488,502,503,-1,491,478,492,-1,492,478,477,-1,492,477,493,-1,493,477,475,-1,493,475,494,-1,494,475,474,-1,494,474,495,-1,495,474,472,-1,495,472,496,-1,496,472,471,-1,496,471,497,-1,497,471,469,-1,497,469,498,-1,498,469,468,-1,498,468,499,-1,499,468,467,-1,499,467,500,-1,500,467,466,-1,500,466,501,-1,501,466,473,-1,501,473,502,-1,502,473,464,-1,502,464,503,-1,503,464,463,-1,449,436,450,-1,450,436,435,-1,450,435,451,-1,451,435,433,-1,451,433,452,-1,452,433,432,-1,452,432,453,-1,453,432,430,-1,453,430,454,-1,454,430,429,-1,454,429,455,-1,455,429,427,-1,455,427,456,-1,456,427,426,-1,456,426,457,-1,457,426,425,-1,457,425,458,-1,458,425,424,-1,458,424,459,-1,459,424,431,-1,459,431,460,-1,460,431,422,-1,460,422,461,-1,461,422,421,-1,407,394,408,-1,408,394,393,-1,408,393,412,-1,412,393,391,-1,412,391,409,-1,409,391,390,-1,409,390,410,-1,410,390,389,-1,410,389,411,-1,411,389,388,-1,411,388,413,-1,413,388,386,-1,413,386,414,-1,414,386,385,-1,414,385,415,-1,415,385,381,-1,415,381,416,-1,416,381,379,-1,416,379,417,-1,417,379,378,-1,417,378,418,-1,418,378,382,-1,418,382,419,-1,419,382,384,-1,373,352,372,-1,372,352,351,-1,372,351,365,-1,365,351,349,-1,365,349,366,-1,366,349,348,-1,366,348,367,-1,367,348,344,-1,367,344,368,-1,368,344,343,-1,368,343,369,-1,369,343,341,-1,369,341,370,-1,370,341,340,-1,370,340,371,-1,371,340,339,-1,371,339,374,-1,374,339,337,-1,374,337,375,-1,375,337,336,-1,375,336,376,-1,376,336,345,-1,376,345,377,-1,377,345,347,-1,331,310,330,-1,330,310,309,-1,330,309,323,-1,323,309,307,-1,323,307,324,-1,324,307,306,-1,324,306,325,-1,325,306,302,-1,325,302,326,-1,326,302,301,-1,326,301,327,-1,327,301,299,-1,327,299,328,-1,328,299,298,-1,328,298,329,-1,329,298,297,-1,329,297,332,-1,332,297,295,-1,332,295,333,-1,333,295,294,-1,333,294,334,-1,334,294,303,-1,334,303,335,-1,335,303,305,-1,289,265,288,-1,288,265,264,-1,288,264,281,-1,281,264,262,-1,281,262,282,-1,282,262,261,-1,282,261,283,-1,283,261,260,-1,283,260,284,-1,284,260,259,-1,284,259,285,-1,285,259,257,-1,285,257,286,-1,286,257,256,-1,286,256,287,-1,287,256,255,-1,287,255,290,-1,290,255,253,-1,290,253,291,-1,291,253,252,-1,291,252,292,-1,292,252,266,-1,292,266,293,-1,293,266,268,-1,247,226,246,-1,246,226,225,-1,246,225,239,-1,239,225,223,-1,239,223,240,-1,240,223,222,-1,240,222,241,-1,241,222,218,-1,241,218,242,-1,242,218,217,-1,242,217,243,-1,243,217,215,-1,243,215,244,-1,244,215,214,-1,244,214,245,-1,245,214,213,-1,245,213,248,-1,248,213,211,-1,248,211,249,-1,249,211,210,-1,249,210,250,-1,250,210,219,-1,250,219,251,-1,251,219,221,-1,205,184,204,-1,204,184,183,-1,204,183,197,-1,197,183,181,-1,197,181,198,-1,198,181,180,-1,198,180,199,-1,199,180,176,-1,199,176,200,-1,200,176,175,-1,200,175,201,-1,201,175,173,-1,201,173,202,-1,202,173,172,-1,202,172,203,-1,203,172,171,-1,203,171,206,-1,206,171,169,-1,206,169,207,-1,207,169,168,-1,207,168,208,-1,208,168,177,-1,208,177,209,-1,209,177,179,-1,163,142,162,-1,162,142,141,-1,162,141,155,-1,155,141,139,-1,155,139,156,-1,156,139,138,-1,156,138,157,-1,157,138,134,-1,157,134,158,-1,158,134,133,-1,158,133,159,-1,159,133,131,-1,159,131,160,-1,160,131,130,-1,160,130,161,-1,161,130,129,-1,161,129,164,-1,164,129,127,-1,164,127,165,-1,165,127,126,-1,165,126,166,-1,166,126,135,-1,166,135,167,-1,167,135,137,-1,121,97,120,-1,120,97,96,-1,120,96,113,-1,113,96,94,-1,113,94,114,-1,114,94,93,-1,114,93,117,-1,117,93,86,-1,117,86,118,-1,118,86,85,-1,118,85,119,-1,119,85,87,-1,119,87,115,-1,115,87,89,-1,115,89,116,-1,116,89,92,-1,116,92,122,-1,122,92,91,-1,122,91,123,-1,123,91,90,-1,123,90,124,-1,124,90,98,-1,124,98,125,-1,125,98,100,-1,71,58,72,-1,72,58,57,-1,72,57,73,-1,73,57,55,-1,73,55,74,-1,74,55,54,-1,74,54,75,-1,75,54,52,-1,75,52,76,-1,76,52,51,-1,76,51,77,-1,77,51,49,-1,77,49,78,-1,78,49,48,-1,78,48,79,-1,79,48,47,-1,79,47,80,-1,80,47,46,-1,80,46,81,-1,81,46,53,-1,81,53,82,-1,82,53,44,-1,82,44,83,-1,83,44,43,-1,479,481,470,-1,470,481,465,-1,437,439,428,-1,428,439,423,-1,395,397,387,-1,387,397,380,-1,353,355,342,-1,342,355,338,-1,311,313,300,-1,300,313,296,-1,269,271,258,-1,258,271,254,-1,227,229,216,-1,216,229,212,-1,185,187,174,-1,174,187,170,-1,143,145,132,-1,132,145,128,-1,101,103,84,-1,84,103,88,-1,59,61,50,-1,50,61,45,-1,504,505,506,-1,506,505,507,-1,508,504,509,-1,509,504,506,-1,505,510,507,-1,507,510,511,-1,508,512,513,-1,514,515,504,-1,515,516,504,-1,504,516,517,-1,504,517,505,-1,505,517,518,-1,505,518,519,-1,519,520,505,-1,505,520,521,-1,505,521,510,-1,510,521,522,-1,510,522,523,-1,508,513,504,-1,504,513,524,-1,504,524,514,-1,525,526,527,-1,527,526,528,-1,529,525,530,-1,530,525,527,-1,526,531,528,-1,528,531,532,-1,529,533,534,-1,535,536,525,-1,536,537,525,-1,525,537,538,-1,525,538,526,-1,526,538,539,-1,526,539,540,-1,540,541,526,-1,526,541,542,-1,526,542,531,-1,531,542,543,-1,531,543,544,-1,529,534,525,-1,525,534,545,-1,525,545,535,-1,546,547,548,-1,548,547,549,-1,550,546,551,-1,551,546,548,-1,547,552,549,-1,549,552,553,-1,550,554,555,-1,550,555,546,-1,546,555,556,-1,546,556,557,-1,558,559,547,-1,557,560,546,-1,546,560,561,-1,546,561,547,-1,547,561,562,-1,547,562,558,-1,559,563,547,-1,547,563,564,-1,547,564,552,-1,552,564,565,-1,552,565,566,-1,567,568,569,-1,569,568,570,-1,571,567,572,-1,572,567,569,-1,568,573,570,-1,570,573,574,-1,571,575,576,-1,577,578,568,-1,571,576,567,-1,567,576,579,-1,567,579,580,-1,580,581,567,-1,567,581,582,-1,567,582,568,-1,568,582,583,-1,568,583,577,-1,578,584,568,-1,568,584,585,-1,568,585,573,-1,573,585,586,-1,573,586,587,-1,588,589,590,-1,590,589,591,-1,592,588,593,-1,593,588,590,-1,589,594,591,-1,591,594,595,-1,592,596,597,-1,598,599,588,-1,599,600,588,-1,588,600,601,-1,588,601,589,-1,589,601,602,-1,589,602,603,-1,592,597,588,-1,588,597,604,-1,588,604,598,-1,603,605,589,-1,589,605,606,-1,589,606,594,-1,594,606,607,-1,594,607,608,-1,609,610,611,-1,611,610,612,-1,613,609,614,-1,614,609,611,-1,610,615,612,-1,612,615,616,-1,613,617,618,-1,619,620,609,-1,620,621,609,-1,609,621,622,-1,609,622,610,-1,610,622,623,-1,610,623,624,-1,613,618,609,-1,609,618,625,-1,609,625,619,-1,624,626,610,-1,610,626,627,-1,610,627,615,-1,615,627,628,-1,615,628,629,-1,630,631,632,-1,632,631,633,-1,634,630,635,-1,635,630,632,-1,631,636,633,-1,633,636,637,-1,634,638,639,-1,640,641,630,-1,641,642,630,-1,630,642,643,-1,630,643,631,-1,631,643,644,-1,631,644,645,-1,634,639,630,-1,630,639,646,-1,630,646,640,-1,645,647,631,-1,631,647,648,-1,631,648,636,-1,636,648,649,-1,636,649,650,-1,651,652,653,-1,653,652,654,-1,655,651,656,-1,656,651,653,-1,652,657,654,-1,654,657,658,-1,655,659,660,-1,661,662,651,-1,662,663,651,-1,651,663,664,-1,651,664,652,-1,652,664,665,-1,652,665,666,-1,655,660,651,-1,651,660,667,-1,651,667,661,-1,666,668,652,-1,652,668,669,-1,652,669,657,-1,657,669,670,-1,657,670,671,-1,672,673,674,-1,674,673,675,-1,676,672,677,-1,677,672,674,-1,673,678,675,-1,675,678,679,-1,676,680,681,-1,682,683,673,-1,676,681,672,-1,672,681,684,-1,672,684,685,-1,685,686,672,-1,672,686,687,-1,672,687,673,-1,673,687,688,-1,673,688,682,-1,683,689,673,-1,673,689,690,-1,673,690,678,-1,678,690,691,-1,678,691,692,-1,693,694,695,-1,695,694,696,-1,697,693,698,-1,698,693,695,-1,694,699,696,-1,696,699,700,-1,697,701,702,-1,703,704,693,-1,704,705,693,-1,693,705,706,-1,693,706,694,-1,694,706,707,-1,694,707,708,-1,708,709,694,-1,694,709,710,-1,694,710,699,-1,699,710,711,-1,699,711,712,-1,697,702,693,-1,693,702,713,-1,693,713,703,-1,714,715,716,-1,716,715,717,-1,718,714,719,-1,719,714,716,-1,715,720,717,-1,717,720,721,-1,718,722,723,-1,724,725,714,-1,725,726,714,-1,714,726,727,-1,714,727,715,-1,715,727,728,-1,715,728,729,-1,729,730,715,-1,715,730,731,-1,715,731,720,-1,720,731,732,-1,720,732,733,-1,718,723,714,-1,714,723,734,-1,714,734,724,-1,735,736,737,-1,737,736,738,-1,739,735,740,-1,740,735,737,-1,736,741,738,-1,738,741,742,-1,739,743,744,-1,745,746,735,-1,746,747,735,-1,735,747,748,-1,735,748,736,-1,736,748,749,-1,736,749,750,-1,750,751,736,-1,736,751,752,-1,736,752,741,-1,741,752,753,-1,741,753,754,-1,739,744,735,-1,735,744,755,-1,735,755,745,-1,743,756,744,-1,744,756,757,-1,744,757,755,-1,755,757,758,-1,755,758,745,-1,745,758,759,-1,745,759,746,-1,746,759,760,-1,746,760,747,-1,747,760,761,-1,747,761,748,-1,748,761,762,-1,748,762,749,-1,749,762,763,-1,749,763,750,-1,750,763,764,-1,750,764,751,-1,751,764,765,-1,751,765,752,-1,752,765,766,-1,752,766,753,-1,753,766,767,-1,753,767,754,-1,754,767,768,-1,722,769,723,-1,723,769,770,-1,723,770,734,-1,734,770,771,-1,734,771,724,-1,724,771,772,-1,724,772,725,-1,725,772,773,-1,725,773,726,-1,726,773,774,-1,726,774,727,-1,727,774,775,-1,727,775,728,-1,728,775,776,-1,728,776,729,-1,729,776,777,-1,729,777,730,-1,730,777,778,-1,730,778,731,-1,731,778,779,-1,731,779,732,-1,732,779,780,-1,732,780,733,-1,733,780,781,-1,701,782,702,-1,702,782,783,-1,702,783,713,-1,713,783,784,-1,713,784,703,-1,703,784,785,-1,703,785,704,-1,704,785,786,-1,704,786,705,-1,705,786,787,-1,705,787,706,-1,706,787,788,-1,706,788,707,-1,707,788,789,-1,707,789,708,-1,708,789,790,-1,708,790,709,-1,709,790,791,-1,709,791,710,-1,710,791,792,-1,710,792,711,-1,711,792,793,-1,711,793,712,-1,712,793,794,-1,680,795,681,-1,681,795,796,-1,681,796,684,-1,684,796,797,-1,684,797,685,-1,685,797,798,-1,685,798,686,-1,686,798,799,-1,686,799,687,-1,687,799,800,-1,687,800,688,-1,688,800,801,-1,688,801,682,-1,682,801,802,-1,682,802,683,-1,683,802,803,-1,683,803,689,-1,689,803,804,-1,689,804,690,-1,690,804,805,-1,690,805,691,-1,691,805,806,-1,691,806,692,-1,692,806,807,-1,659,808,660,-1,660,808,809,-1,660,809,667,-1,667,809,810,-1,667,810,661,-1,661,810,811,-1,661,811,662,-1,662,811,812,-1,662,812,663,-1,663,812,813,-1,663,813,664,-1,664,813,814,-1,664,814,665,-1,665,814,815,-1,665,815,666,-1,666,815,816,-1,666,816,668,-1,668,816,817,-1,668,817,669,-1,669,817,818,-1,669,818,670,-1,670,818,819,-1,670,819,671,-1,671,819,820,-1,638,821,639,-1,639,821,822,-1,639,822,646,-1,646,822,823,-1,646,823,640,-1,640,823,824,-1,640,824,641,-1,641,824,825,-1,641,825,642,-1,642,825,826,-1,642,826,643,-1,643,826,827,-1,643,827,644,-1,644,827,828,-1,644,828,645,-1,645,828,829,-1,645,829,647,-1,647,829,830,-1,647,830,648,-1,648,830,831,-1,648,831,649,-1,649,831,832,-1,649,832,650,-1,650,832,833,-1,617,834,618,-1,618,834,835,-1,618,835,625,-1,625,835,836,-1,625,836,619,-1,619,836,837,-1,619,837,620,-1,620,837,838,-1,620,838,621,-1,621,838,839,-1,621,839,622,-1,622,839,840,-1,622,840,623,-1,623,840,841,-1,623,841,624,-1,624,841,842,-1,624,842,626,-1,626,842,843,-1,626,843,627,-1,627,843,844,-1,627,844,628,-1,628,844,845,-1,628,845,629,-1,629,845,846,-1,596,847,597,-1,597,847,848,-1,597,848,604,-1,604,848,849,-1,604,849,598,-1,598,849,850,-1,598,850,599,-1,599,850,851,-1,599,851,600,-1,600,851,852,-1,600,852,601,-1,601,852,853,-1,601,853,602,-1,602,853,854,-1,602,854,603,-1,603,854,855,-1,603,855,605,-1,605,855,856,-1,605,856,606,-1,606,856,857,-1,606,857,607,-1,607,857,858,-1,607,858,608,-1,608,858,859,-1,575,860,576,-1,576,860,861,-1,576,861,579,-1,579,861,862,-1,579,862,580,-1,580,862,863,-1,580,863,581,-1,581,863,864,-1,581,864,582,-1,582,864,865,-1,582,865,583,-1,583,865,866,-1,583,866,577,-1,577,866,867,-1,577,867,578,-1,578,867,868,-1,578,868,584,-1,584,868,869,-1,584,869,585,-1,585,869,870,-1,585,870,586,-1,586,870,871,-1,586,871,587,-1,587,871,872,-1,554,873,555,-1,555,873,874,-1,555,874,556,-1,556,874,875,-1,556,875,557,-1,557,875,876,-1,557,876,560,-1,560,876,877,-1,560,877,561,-1,561,877,878,-1,561,878,562,-1,562,878,879,-1,562,879,558,-1,558,879,880,-1,558,880,559,-1,559,880,881,-1,559,881,563,-1,563,881,882,-1,563,882,564,-1,564,882,883,-1,564,883,565,-1,565,883,884,-1,565,884,566,-1,566,884,885,-1,533,886,534,-1,534,886,887,-1,534,887,545,-1,545,887,888,-1,545,888,535,-1,535,888,889,-1,535,889,536,-1,536,889,890,-1,536,890,537,-1,537,890,891,-1,537,891,538,-1,538,891,892,-1,538,892,539,-1,539,892,893,-1,539,893,540,-1,540,893,894,-1,540,894,541,-1,541,894,895,-1,541,895,542,-1,542,895,896,-1,542,896,543,-1,543,896,897,-1,543,897,544,-1,544,897,898,-1,512,899,513,-1,513,899,900,-1,513,900,524,-1,524,900,901,-1,524,901,514,-1,514,901,902,-1,514,902,515,-1,515,902,903,-1,515,903,516,-1,516,903,904,-1,516,904,517,-1,517,904,905,-1,517,905,518,-1,518,905,906,-1,518,906,519,-1,519,906,907,-1,519,907,520,-1,520,907,908,-1,520,908,521,-1,521,908,909,-1,521,909,522,-1,522,909,910,-1,522,910,523,-1,523,910,911,-1,912,913,914,-1,914,913,915,-1,916,917,918,-1,918,917,919,-1,920,921,922,-1,922,921,923,-1,924,925,926,-1,926,925,927,-1,928,929,930,-1,930,929,931,-1,932,933,934,-1,934,933,935,-1,936,937,938,-1,938,937,939,-1,940,941,942,-1,942,941,943,-1,944,945,946,-1,946,945,947,-1,948,949,950,-1,950,949,951,-1,952,953,954,-1,954,953,955,-1,956,957,958,-1,958,957,959,-1,960,961,962,-1,963,960,964,-1,964,965,963,-1,963,965,966,-1,963,966,967,-1,968,969,970,-1,970,969,963,-1,970,963,971,-1,971,963,967,-1,972,973,960,-1,960,973,974,-1,960,974,961,-1,962,975,960,-1,960,975,976,-1,960,976,964,-1,977,972,978,-1,978,972,960,-1,969,979,963,-1,963,979,980,-1,981,982,983,-1,983,982,984,-1,985,981,986,-1,986,981,983,-1,982,987,984,-1,984,987,988,-1,981,989,990,-1,989,981,991,-1,991,981,985,-1,991,985,992,-1,990,993,981,-1,981,993,994,-1,981,994,982,-1,982,994,995,-1,995,996,982,-1,982,996,997,-1,982,997,998,-1,998,999,982,-1,982,999,1000,-1,982,1000,987,-1,987,1000,1001,-1,992,968,991,-1,991,968,970,-1,991,970,989,-1,989,970,971,-1,989,971,990,-1,990,971,967,-1,990,967,993,-1,993,967,966,-1,993,966,994,-1,994,966,965,-1,994,965,995,-1,995,965,964,-1,995,964,996,-1,996,964,976,-1,996,976,997,-1,997,976,975,-1,997,975,998,-1,998,975,962,-1,998,962,999,-1,999,962,961,-1,999,961,1000,-1,1000,961,974,-1,1000,974,1001,-1,1001,974,973,-1,980,978,963,-1,963,978,960,-1,1002,1003,1004,-1,1005,1006,1007,-1,1002,1004,1007,-1,1007,1004,1008,-1,1007,1008,1005,-1,1009,1010,1011,-1,1011,1010,1007,-1,1011,1007,1012,-1,1012,1007,1006,-1,1013,1014,1002,-1,1002,1014,1015,-1,1002,1015,1016,-1,1016,1017,1002,-1,1002,1017,1018,-1,1002,1018,1003,-1,1019,1013,1020,-1,1020,1013,1002,-1,1010,1021,1007,-1,1007,1021,1022,-1,1023,1024,1025,-1,1025,1024,1026,-1,1027,1023,1028,-1,1028,1023,1025,-1,1024,1029,1026,-1,1026,1029,1030,-1,1023,1031,1032,-1,1031,1023,1033,-1,1033,1023,1027,-1,1033,1027,1034,-1,1032,1035,1023,-1,1023,1035,1036,-1,1023,1036,1024,-1,1024,1036,1037,-1,1037,1038,1024,-1,1024,1038,1039,-1,1024,1039,1040,-1,1040,1041,1024,-1,1024,1041,1042,-1,1024,1042,1029,-1,1029,1042,1043,-1,1044,1045,1046,-1,1047,1048,1049,-1,1049,1048,1050,-1,1049,1050,1046,-1,1046,1050,1051,-1,1046,1051,1044,-1,1052,1053,1054,-1,1054,1053,1046,-1,1054,1046,1055,-1,1055,1046,1045,-1,1056,1057,1049,-1,1049,1057,1058,-1,1058,1059,1049,-1,1049,1059,1060,-1,1049,1060,1047,-1,1061,1056,1062,-1,1062,1056,1049,-1,1053,1063,1046,-1,1046,1063,1064,-1,1065,1066,1067,-1,1067,1066,1068,-1,1069,1065,1070,-1,1070,1065,1067,-1,1066,1071,1068,-1,1068,1071,1072,-1,1073,1074,1065,-1,1074,1075,1065,-1,1065,1075,1076,-1,1065,1076,1066,-1,1066,1076,1077,-1,1077,1078,1066,-1,1066,1078,1079,-1,1066,1079,1080,-1,1073,1065,1081,-1,1081,1065,1069,-1,1081,1069,1082,-1,1080,1083,1066,-1,1066,1083,1084,-1,1066,1084,1071,-1,1071,1084,1085,-1,1086,1087,1088,-1,1089,1090,1091,-1,1089,1092,1088,-1,1088,1092,1093,-1,1088,1093,1086,-1,1094,1095,1096,-1,1096,1095,1088,-1,1096,1088,1097,-1,1097,1088,1087,-1,1098,1099,1089,-1,1089,1099,1100,-1,1089,1100,1090,-1,1091,1101,1089,-1,1089,1101,1102,-1,1089,1102,1092,-1,1103,1098,1104,-1,1104,1098,1089,-1,1095,1105,1088,-1,1088,1105,1106,-1,1107,1108,1109,-1,1109,1108,1110,-1,1111,1107,1112,-1,1112,1107,1109,-1,1108,1113,1110,-1,1110,1113,1114,-1,1115,1116,1107,-1,1116,1117,1107,-1,1107,1117,1118,-1,1107,1118,1108,-1,1108,1118,1119,-1,1115,1107,1120,-1,1120,1107,1111,-1,1120,1111,1121,-1,1119,1122,1108,-1,1108,1122,1123,-1,1108,1123,1124,-1,1124,1125,1108,-1,1108,1125,1126,-1,1108,1126,1113,-1,1113,1126,1127,-1,1128,1129,1130,-1,1130,1129,1131,-1,1131,1132,1130,-1,1130,1132,1133,-1,1130,1133,1134,-1,1134,1135,1130,-1,1130,1135,1136,-1,1130,1136,1137,-1,1136,1138,1137,-1,1137,1138,1139,-1,1137,1139,1140,-1,1141,1142,1143,-1,1143,1142,1137,-1,1143,1137,1144,-1,1144,1137,1140,-1,1145,1128,1146,-1,1146,1128,1130,-1,1142,1147,1137,-1,1137,1147,1148,-1,1149,1150,1151,-1,1151,1150,1152,-1,1153,1149,1154,-1,1154,1149,1151,-1,1150,1155,1152,-1,1152,1155,1156,-1,1153,1157,1158,-1,1153,1158,1149,-1,1149,1158,1159,-1,1149,1159,1160,-1,1160,1161,1149,-1,1149,1161,1162,-1,1149,1162,1150,-1,1150,1162,1163,-1,1163,1164,1150,-1,1150,1164,1165,-1,1150,1165,1166,-1,1166,1167,1150,-1,1150,1167,1168,-1,1150,1168,1155,-1,1155,1168,1169,-1,1170,1171,1172,-1,1172,1171,1173,-1,1174,1175,1176,-1,1177,1178,1179,-1,1179,1178,1176,-1,1179,1176,1180,-1,1180,1176,1175,-1,1173,1181,1172,-1,1172,1181,1182,-1,1172,1182,1183,-1,1183,1184,1172,-1,1172,1184,1185,-1,1172,1185,1176,-1,1176,1185,1186,-1,1176,1186,1174,-1,1187,1170,1188,-1,1188,1170,1172,-1,1178,1189,1176,-1,1176,1189,1190,-1,1191,1192,1193,-1,1193,1192,1194,-1,1195,1191,1196,-1,1196,1191,1193,-1,1192,1197,1194,-1,1194,1197,1198,-1,1199,1200,1191,-1,1199,1191,1201,-1,1201,1191,1195,-1,1201,1195,1202,-1,1200,1203,1191,-1,1191,1203,1204,-1,1191,1204,1192,-1,1192,1204,1205,-1,1205,1206,1192,-1,1192,1206,1207,-1,1192,1207,1208,-1,1208,1209,1192,-1,1192,1209,1210,-1,1192,1210,1197,-1,1197,1210,1211,-1,1212,1213,1214,-1,1214,1213,1215,-1,1216,1217,1218,-1,1219,1220,1221,-1,1221,1220,1218,-1,1221,1218,1222,-1,1222,1218,1217,-1,1215,1223,1214,-1,1214,1223,1224,-1,1214,1224,1225,-1,1225,1226,1214,-1,1214,1226,1227,-1,1214,1227,1218,-1,1218,1227,1228,-1,1218,1228,1216,-1,1229,1212,1230,-1,1230,1212,1214,-1,1220,1231,1218,-1,1218,1231,1232,-1,1233,1234,1235,-1,1235,1234,1236,-1,1237,1233,1238,-1,1238,1233,1235,-1,1234,1239,1236,-1,1236,1239,1240,-1,1241,1242,1233,-1,1241,1233,1243,-1,1243,1233,1237,-1,1243,1237,1244,-1,1242,1245,1233,-1,1233,1245,1246,-1,1233,1246,1234,-1,1234,1246,1247,-1,1247,1248,1234,-1,1234,1248,1249,-1,1234,1249,1250,-1,1250,1251,1234,-1,1234,1251,1252,-1,1234,1252,1239,-1,1239,1252,1253,-1,1254,1255,1256,-1,1256,1255,1257,-1,1258,1259,1260,-1,1261,1262,1263,-1,1263,1262,1260,-1,1263,1260,1264,-1,1264,1260,1259,-1,1257,1265,1256,-1,1256,1265,1266,-1,1256,1266,1267,-1,1267,1268,1256,-1,1256,1268,1269,-1,1256,1269,1260,-1,1260,1269,1270,-1,1260,1270,1258,-1,1271,1254,1272,-1,1272,1254,1256,-1,1262,1273,1260,-1,1260,1273,1274,-1,1275,1276,1277,-1,1277,1276,1278,-1,1279,1275,1280,-1,1280,1275,1277,-1,1276,1281,1278,-1,1278,1281,1282,-1,1283,1284,1275,-1,1283,1275,1285,-1,1285,1275,1279,-1,1285,1279,1286,-1,1284,1287,1275,-1,1275,1287,1288,-1,1275,1288,1276,-1,1276,1288,1289,-1,1289,1290,1276,-1,1276,1290,1291,-1,1276,1291,1292,-1,1292,1293,1276,-1,1276,1293,1294,-1,1276,1294,1281,-1,1281,1294,1295,-1,1296,1297,1298,-1,1298,1297,1299,-1,1300,1301,1302,-1,1299,1303,1298,-1,1298,1303,1304,-1,1298,1304,1302,-1,1302,1304,1305,-1,1302,1305,1300,-1,1306,1307,1298,-1,1298,1307,1308,-1,1298,1308,1296,-1,1309,1310,1311,-1,1311,1310,1302,-1,1311,1302,1312,-1,1312,1302,1301,-1,1313,1306,1314,-1,1314,1306,1298,-1,1310,1315,1302,-1,1302,1315,1316,-1,1317,1318,1319,-1,1319,1318,1320,-1,1321,1317,1322,-1,1322,1317,1319,-1,1318,1323,1320,-1,1320,1323,1324,-1,1325,1326,1317,-1,1326,1327,1317,-1,1317,1327,1328,-1,1317,1328,1318,-1,1318,1328,1329,-1,1329,1330,1318,-1,1318,1330,1331,-1,1318,1331,1332,-1,1325,1317,1333,-1,1333,1317,1321,-1,1333,1321,1334,-1,1332,1335,1318,-1,1318,1335,1336,-1,1318,1336,1323,-1,1323,1336,1337,-1,1334,1309,1333,-1,1333,1309,1311,-1,1333,1311,1325,-1,1325,1311,1312,-1,1325,1312,1326,-1,1326,1312,1301,-1,1326,1301,1327,-1,1327,1301,1300,-1,1327,1300,1328,-1,1328,1300,1305,-1,1328,1305,1329,-1,1329,1305,1304,-1,1329,1304,1330,-1,1330,1304,1303,-1,1330,1303,1331,-1,1331,1303,1299,-1,1331,1299,1332,-1,1332,1299,1297,-1,1332,1297,1335,-1,1335,1297,1296,-1,1335,1296,1336,-1,1336,1296,1308,-1,1336,1308,1337,-1,1337,1308,1307,-1,1286,1261,1285,-1,1285,1261,1263,-1,1285,1263,1283,-1,1283,1263,1264,-1,1283,1264,1284,-1,1284,1264,1259,-1,1284,1259,1287,-1,1287,1259,1258,-1,1287,1258,1288,-1,1288,1258,1270,-1,1288,1270,1289,-1,1289,1270,1269,-1,1289,1269,1290,-1,1290,1269,1268,-1,1290,1268,1291,-1,1291,1268,1267,-1,1291,1267,1292,-1,1292,1267,1266,-1,1292,1266,1293,-1,1293,1266,1265,-1,1293,1265,1294,-1,1294,1265,1257,-1,1294,1257,1295,-1,1295,1257,1255,-1,1244,1219,1243,-1,1243,1219,1221,-1,1243,1221,1241,-1,1241,1221,1222,-1,1241,1222,1242,-1,1242,1222,1217,-1,1242,1217,1245,-1,1245,1217,1216,-1,1245,1216,1246,-1,1246,1216,1228,-1,1246,1228,1247,-1,1247,1228,1227,-1,1247,1227,1248,-1,1248,1227,1226,-1,1248,1226,1249,-1,1249,1226,1225,-1,1249,1225,1250,-1,1250,1225,1224,-1,1250,1224,1251,-1,1251,1224,1223,-1,1251,1223,1252,-1,1252,1223,1215,-1,1252,1215,1253,-1,1253,1215,1213,-1,1202,1177,1201,-1,1201,1177,1179,-1,1201,1179,1199,-1,1199,1179,1180,-1,1199,1180,1200,-1,1200,1180,1175,-1,1200,1175,1203,-1,1203,1175,1174,-1,1203,1174,1204,-1,1204,1174,1186,-1,1204,1186,1205,-1,1205,1186,1185,-1,1205,1185,1206,-1,1206,1185,1184,-1,1206,1184,1207,-1,1207,1184,1183,-1,1207,1183,1208,-1,1208,1183,1182,-1,1208,1182,1209,-1,1209,1182,1181,-1,1209,1181,1210,-1,1210,1181,1173,-1,1210,1173,1211,-1,1211,1173,1171,-1,1157,1141,1158,-1,1158,1141,1143,-1,1158,1143,1159,-1,1159,1143,1144,-1,1159,1144,1160,-1,1160,1144,1140,-1,1160,1140,1161,-1,1161,1140,1139,-1,1161,1139,1162,-1,1162,1139,1138,-1,1162,1138,1163,-1,1163,1138,1136,-1,1163,1136,1164,-1,1164,1136,1135,-1,1164,1135,1165,-1,1165,1135,1134,-1,1165,1134,1166,-1,1166,1134,1133,-1,1166,1133,1167,-1,1167,1133,1132,-1,1167,1132,1168,-1,1168,1132,1131,-1,1168,1131,1169,-1,1169,1131,1129,-1,1121,1094,1120,-1,1120,1094,1096,-1,1120,1096,1115,-1,1115,1096,1097,-1,1115,1097,1116,-1,1116,1097,1087,-1,1116,1087,1117,-1,1117,1087,1086,-1,1117,1086,1118,-1,1118,1086,1093,-1,1118,1093,1119,-1,1119,1093,1092,-1,1119,1092,1122,-1,1122,1092,1102,-1,1122,1102,1123,-1,1123,1102,1101,-1,1123,1101,1124,-1,1124,1101,1091,-1,1124,1091,1125,-1,1125,1091,1090,-1,1125,1090,1126,-1,1126,1090,1100,-1,1126,1100,1127,-1,1127,1100,1099,-1,1082,1052,1081,-1,1081,1052,1054,-1,1081,1054,1073,-1,1073,1054,1055,-1,1073,1055,1074,-1,1074,1055,1045,-1,1074,1045,1075,-1,1075,1045,1044,-1,1075,1044,1076,-1,1076,1044,1051,-1,1076,1051,1077,-1,1077,1051,1050,-1,1077,1050,1078,-1,1078,1050,1048,-1,1078,1048,1079,-1,1079,1048,1047,-1,1079,1047,1080,-1,1080,1047,1060,-1,1080,1060,1083,-1,1083,1060,1059,-1,1083,1059,1084,-1,1084,1059,1058,-1,1084,1058,1085,-1,1085,1058,1057,-1,1034,1009,1033,-1,1033,1009,1011,-1,1033,1011,1031,-1,1031,1011,1012,-1,1031,1012,1032,-1,1032,1012,1006,-1,1032,1006,1035,-1,1035,1006,1005,-1,1035,1005,1036,-1,1036,1005,1008,-1,1036,1008,1037,-1,1037,1008,1004,-1,1037,1004,1038,-1,1038,1004,1003,-1,1038,1003,1039,-1,1039,1003,1018,-1,1039,1018,1040,-1,1040,1018,1017,-1,1040,1017,1041,-1,1041,1017,1016,-1,1041,1016,1042,-1,1042,1016,1015,-1,1042,1015,1043,-1,1043,1015,1014,-1,1316,1314,1302,-1,1302,1314,1298,-1,1274,1272,1260,-1,1260,1272,1256,-1,1232,1230,1218,-1,1218,1230,1214,-1,1190,1188,1176,-1,1176,1188,1172,-1,1148,1146,1137,-1,1137,1146,1130,-1,1106,1104,1088,-1,1088,1104,1089,-1,1064,1062,1046,-1,1046,1062,1049,-1,1022,1020,1007,-1,1007,1020,1002,-1,1338,1339,1340,-1,1340,1339,1341,-1,1342,1343,1338,-1,1338,1343,1339,-1,1340,1341,1344,-1,1344,1341,1345,-1,1343,1346,1347,-1,1348,1349,1341,-1,1343,1347,1339,-1,1347,1350,1339,-1,1339,1350,1351,-1,1339,1351,1352,-1,1349,1353,1341,-1,1341,1353,1354,-1,1341,1354,1345,-1,1345,1354,1355,-1,1352,1356,1339,-1,1339,1356,1357,-1,1339,1357,1341,-1,1341,1357,1358,-1,1341,1358,1348,-1,1359,1360,1361,-1,1361,1360,1362,-1,1363,1364,1359,-1,1359,1364,1360,-1,1361,1362,1365,-1,1365,1362,1366,-1,1367,1368,1360,-1,1369,1370,1362,-1,1362,1370,1371,-1,1371,1372,1362,-1,1362,1372,1373,-1,1362,1373,1366,-1,1366,1373,1374,-1,1368,1375,1360,-1,1360,1375,1376,-1,1360,1376,1362,-1,1362,1376,1377,-1,1362,1377,1369,-1,1367,1360,1378,-1,1378,1360,1364,-1,1378,1364,1379,-1,1380,1381,1382,-1,1382,1381,1383,-1,1384,1385,1380,-1,1380,1385,1381,-1,1382,1383,1386,-1,1386,1383,1387,-1,1388,1389,1381,-1,1390,1391,1383,-1,1390,1383,1392,-1,1388,1381,1393,-1,1393,1381,1385,-1,1393,1385,1394,-1,1391,1395,1383,-1,1383,1395,1396,-1,1383,1396,1387,-1,1387,1396,1397,-1,1389,1398,1381,-1,1381,1398,1399,-1,1381,1399,1383,-1,1383,1399,1400,-1,1383,1400,1392,-1,1401,1402,1403,-1,1403,1402,1404,-1,1405,1406,1401,-1,1401,1406,1402,-1,1403,1404,1407,-1,1407,1404,1408,-1,1409,1410,1404,-1,1411,1412,1402,-1,1402,1412,1413,-1,1411,1402,1414,-1,1414,1402,1406,-1,1414,1406,1415,-1,1410,1416,1404,-1,1404,1416,1417,-1,1404,1417,1408,-1,1408,1417,1418,-1,1413,1419,1402,-1,1402,1419,1420,-1,1402,1420,1404,-1,1404,1420,1421,-1,1404,1421,1409,-1,1422,1423,1424,-1,1424,1423,1425,-1,1426,1427,1422,-1,1422,1427,1423,-1,1424,1425,1428,-1,1428,1425,1429,-1,1427,1430,1431,-1,1432,1433,1425,-1,1427,1431,1423,-1,1431,1434,1423,-1,1423,1434,1435,-1,1423,1435,1436,-1,1433,1437,1425,-1,1425,1437,1438,-1,1425,1438,1429,-1,1429,1438,1439,-1,1436,1440,1423,-1,1423,1440,1441,-1,1423,1441,1425,-1,1425,1441,1442,-1,1425,1442,1432,-1,1443,1444,1445,-1,1445,1444,1446,-1,1447,1448,1443,-1,1443,1448,1444,-1,1445,1446,1449,-1,1449,1446,1450,-1,1451,1452,1444,-1,1448,1453,1454,-1,1446,1455,1456,-1,1448,1454,1444,-1,1444,1454,1457,-1,1444,1457,1451,-1,1456,1458,1446,-1,1446,1458,1459,-1,1446,1459,1450,-1,1450,1459,1460,-1,1452,1461,1444,-1,1444,1461,1462,-1,1444,1462,1446,-1,1446,1462,1463,-1,1446,1463,1455,-1,1464,1465,1466,-1,1466,1465,1467,-1,1468,1469,1464,-1,1464,1469,1465,-1,1466,1467,1470,-1,1470,1467,1471,-1,1472,1473,1465,-1,1469,1474,1475,-1,1476,1471,1477,-1,1477,1471,1467,-1,1469,1475,1465,-1,1465,1475,1478,-1,1465,1478,1472,-1,1479,1480,1467,-1,1467,1480,1481,-1,1467,1481,1477,-1,1473,1482,1465,-1,1465,1482,1483,-1,1465,1483,1467,-1,1467,1483,1484,-1,1467,1484,1479,-1,1485,1486,1487,-1,1487,1486,1488,-1,1489,1490,1485,-1,1485,1490,1486,-1,1487,1488,1491,-1,1491,1488,1492,-1,1493,1494,1486,-1,1490,1495,1496,-1,1497,1492,1498,-1,1498,1492,1488,-1,1490,1496,1486,-1,1486,1496,1499,-1,1486,1499,1493,-1,1500,1501,1488,-1,1488,1501,1502,-1,1488,1502,1498,-1,1494,1503,1486,-1,1486,1503,1504,-1,1486,1504,1488,-1,1488,1504,1505,-1,1488,1505,1500,-1,1506,1507,1508,-1,1508,1507,1509,-1,1510,1511,1506,-1,1506,1511,1507,-1,1508,1509,1512,-1,1512,1509,1513,-1,1511,1514,1515,-1,1516,1517,1509,-1,1509,1517,1518,-1,1518,1519,1509,-1,1509,1519,1520,-1,1509,1520,1513,-1,1513,1520,1521,-1,1511,1515,1507,-1,1507,1515,1522,-1,1507,1522,1523,-1,1523,1524,1507,-1,1507,1524,1525,-1,1507,1525,1509,-1,1509,1525,1526,-1,1509,1526,1516,-1,1514,1527,1515,-1,1515,1527,1528,-1,1515,1528,1522,-1,1522,1528,1529,-1,1522,1529,1523,-1,1523,1529,1530,-1,1523,1530,1524,-1,1524,1530,1531,-1,1524,1531,1525,-1,1525,1531,1532,-1,1525,1532,1526,-1,1526,1532,1533,-1,1526,1533,1516,-1,1516,1533,1534,-1,1516,1534,1517,-1,1517,1534,1535,-1,1517,1535,1518,-1,1518,1535,1536,-1,1518,1536,1519,-1,1519,1536,1537,-1,1519,1537,1520,-1,1520,1537,1538,-1,1520,1538,1521,-1,1521,1538,1539,-1,1495,1540,1496,-1,1496,1540,1541,-1,1496,1541,1499,-1,1499,1541,1542,-1,1499,1542,1493,-1,1493,1542,1543,-1,1493,1543,1494,-1,1494,1543,1544,-1,1494,1544,1503,-1,1503,1544,1545,-1,1503,1545,1504,-1,1504,1545,1546,-1,1504,1546,1505,-1,1505,1546,1547,-1,1505,1547,1500,-1,1500,1547,1548,-1,1500,1548,1501,-1,1501,1548,1549,-1,1501,1549,1502,-1,1502,1549,1550,-1,1502,1550,1498,-1,1498,1550,1551,-1,1498,1551,1497,-1,1497,1551,1552,-1,1474,1553,1475,-1,1475,1553,1554,-1,1475,1554,1478,-1,1478,1554,1555,-1,1478,1555,1472,-1,1472,1555,1556,-1,1472,1556,1473,-1,1473,1556,1557,-1,1473,1557,1482,-1,1482,1557,1558,-1,1482,1558,1483,-1,1483,1558,1559,-1,1483,1559,1484,-1,1484,1559,1560,-1,1484,1560,1479,-1,1479,1560,1561,-1,1479,1561,1480,-1,1480,1561,1562,-1,1480,1562,1481,-1,1481,1562,1563,-1,1481,1563,1477,-1,1477,1563,1564,-1,1477,1564,1476,-1,1476,1564,1565,-1,1453,1566,1454,-1,1454,1566,1567,-1,1454,1567,1457,-1,1457,1567,1568,-1,1457,1568,1451,-1,1451,1568,1569,-1,1451,1569,1452,-1,1452,1569,1570,-1,1452,1570,1461,-1,1461,1570,1571,-1,1461,1571,1462,-1,1462,1571,1572,-1,1462,1572,1463,-1,1463,1572,1573,-1,1463,1573,1455,-1,1455,1573,1574,-1,1455,1574,1456,-1,1456,1574,1575,-1,1456,1575,1458,-1,1458,1575,1576,-1,1458,1576,1459,-1,1459,1576,1577,-1,1459,1577,1460,-1,1460,1577,1578,-1,1430,1579,1431,-1,1431,1579,1580,-1,1431,1580,1434,-1,1434,1580,1581,-1,1434,1581,1435,-1,1435,1581,1582,-1,1435,1582,1436,-1,1436,1582,1583,-1,1436,1583,1440,-1,1440,1583,1584,-1,1440,1584,1441,-1,1441,1584,1585,-1,1441,1585,1442,-1,1442,1585,1586,-1,1442,1586,1432,-1,1432,1586,1587,-1,1432,1587,1433,-1,1433,1587,1588,-1,1433,1588,1437,-1,1437,1588,1589,-1,1437,1589,1438,-1,1438,1589,1590,-1,1438,1590,1439,-1,1439,1590,1591,-1,1415,1592,1414,-1,1414,1592,1593,-1,1414,1593,1411,-1,1411,1593,1594,-1,1411,1594,1412,-1,1412,1594,1595,-1,1412,1595,1413,-1,1413,1595,1596,-1,1413,1596,1419,-1,1419,1596,1597,-1,1419,1597,1420,-1,1420,1597,1598,-1,1420,1598,1421,-1,1421,1598,1599,-1,1421,1599,1409,-1,1409,1599,1600,-1,1409,1600,1410,-1,1410,1600,1601,-1,1410,1601,1416,-1,1416,1601,1602,-1,1416,1602,1417,-1,1417,1602,1603,-1,1417,1603,1418,-1,1418,1603,1604,-1,1394,1605,1393,-1,1393,1605,1606,-1,1393,1606,1388,-1,1388,1606,1607,-1,1388,1607,1389,-1,1389,1607,1608,-1,1389,1608,1398,-1,1398,1608,1609,-1,1398,1609,1399,-1,1399,1609,1610,-1,1399,1610,1400,-1,1400,1610,1611,-1,1400,1611,1392,-1,1392,1611,1612,-1,1392,1612,1390,-1,1390,1612,1613,-1,1390,1613,1391,-1,1391,1613,1614,-1,1391,1614,1395,-1,1395,1614,1615,-1,1395,1615,1396,-1,1396,1615,1616,-1,1396,1616,1397,-1,1397,1616,1617,-1,1379,1618,1378,-1,1378,1618,1619,-1,1378,1619,1367,-1,1367,1619,1620,-1,1367,1620,1368,-1,1368,1620,1621,-1,1368,1621,1375,-1,1375,1621,1622,-1,1375,1622,1376,-1,1376,1622,1623,-1,1376,1623,1377,-1,1377,1623,1624,-1,1377,1624,1369,-1,1369,1624,1625,-1,1369,1625,1370,-1,1370,1625,1626,-1,1370,1626,1371,-1,1371,1626,1627,-1,1371,1627,1372,-1,1372,1627,1628,-1,1372,1628,1373,-1,1373,1628,1629,-1,1373,1629,1374,-1,1374,1629,1630,-1,1346,1631,1347,-1,1347,1631,1632,-1,1347,1632,1350,-1,1350,1632,1633,-1,1350,1633,1351,-1,1351,1633,1634,-1,1351,1634,1352,-1,1352,1634,1635,-1,1352,1635,1356,-1,1356,1635,1636,-1,1356,1636,1357,-1,1357,1636,1637,-1,1357,1637,1358,-1,1358,1637,1638,-1,1358,1638,1348,-1,1348,1638,1639,-1,1348,1639,1349,-1,1349,1639,1640,-1,1349,1640,1353,-1,1353,1640,1641,-1,1353,1641,1354,-1,1354,1641,1642,-1,1354,1642,1355,-1,1355,1642,1643,-1,1644,1645,1646,-1,1646,1645,1647,-1,1648,1649,1650,-1,1650,1649,1651,-1,1652,1653,1654,-1,1654,1653,1655,-1,1656,1657,1658,-1,1658,1657,1659,-1,1660,1661,1662,-1,1662,1661,1663,-1,1664,1665,1666,-1,1666,1665,1667,-1,1668,1669,1670,-1,1670,1669,1671,-1,1672,1673,1674,-1,1674,1673,1675,-1,1676,1677,1678,-1,1678,1677,1679,-1,
        ]
    }
}
Shape{
    appearance Appearance {
        material  Material 	{
            diffuseColor 0.5019607843137255 0.5019607843137255 0.5019607843137255
            specularColor 0.25098039215686274 0.25098039215686274 0.25098039215686274
            ambientIntensity 0.502
            transparency 0.0
            shininess 0.5
        }
    }
    geometry IndexedFaceSet {
        ccw TRUE
        solid FALSE
        coord DEF co Coordinate {
            point [
                3.0008 2.4305 0.8303, 3.0008 2.4305 0.8307, 2.9944 2.4794 0.8303, 2.9944 2.4794 0.8307, 2.9755 2.525 0.8303, 2.9755 2.525 0.8307, 2.9454 2.5642 0.8303, 2.9454 2.5642 0.8307, 2.9063 2.5943 0.8303, 2.9063 2.5943 0.8307, 2.8607 2.6132 0.8303, 2.8607 2.6132 0.8307, 2.8117 2.6196 0.8303, 2.8117 2.6196 0.8307, 2.7628 2.6132 0.8303, 2.7628 2.6132 0.8307, 2.7171 2.5943 0.8303, 2.7171 2.5943 0.8307, 2.678 2.5642 0.8303, 2.678 2.5642 0.8307, 2.6479 2.525 0.8303, 2.6479 2.525 0.8307, 2.629 2.4794 0.8303, 2.629 2.4794 0.8307, 2.6226 2.4305 0.8303, 2.6226 2.4305 0.8307, 2.629 2.3815 0.8303, 2.629 2.3815 0.8307, 2.6479 2.3359 0.8303, 2.6479 2.3359 0.8307, 2.678 2.2967 0.8303, 2.678 2.2967 0.8307, 2.7171 2.2667 0.8303, 2.7171 2.2667 0.8307, 2.7628 2.2478 0.8303, 2.7628 2.2478 0.8307, 2.8117 2.2414 0.8303, 2.8117 2.2414 0.8307, 2.8607 2.2478 0.8303, 2.8607 2.2478 0.8307, 2.9063 2.2667 0.8303, 2.9063 2.2667 0.8307, 2.9454 2.2967 0.8303, 2.9454 2.2967 0.8307, 2.9755 2.3359 0.8303, 2.9755 2.3359 0.8307, 2.9944 2.3815 0.8303, 2.9944 2.3815 0.8307, 2.8117 2.4305 0.8303
            ]
        }
        coordIndex [
            0,1,2,-1,2,1,3,-1,2,3,4,-1,4,3,5,-1,4,5,6,-1,6,5,7,-1,6,7,8,-1,8,7,9,-1,8,9,10,-1,10,9,11,-1,10,11,12,-1,12,11,13,-1,12,13,14,-1,14,13,15,-1,14,15,16,-1,16,15,17,-1,16,17,18,-1,18,17,19,-1,18,19,20,-1,20,19,21,-1,20,21,22,-1,22,21,23,-1,22,23,24,-1,24,23,25,-1,24,25,26,-1,26,25,27,-1,26,27,28,-1,28,27,29,-1,28,29,30,-1,30,29,31,-1,30,31,32,-1,32,31,33,-1,32,33,34,-1,34,33,35,-1,34,35,36,-1,36,35,37,-1,36,37,38,-1,38,37,39,-1,38,39,40,-1,40,39,41,-1,40,41,42,-1,42,41,43,-1,42,43,44,-1,44,43,45,-1,44,45,46,-1,46,45,47,-1,46,47,0,-1,0,47,1,-1,44,46,48,-1,48,46,0,-1,48,0,2,-1,38,40,48,-1,48,40,42,-1,48,42,44,-1,32,34,48,-1,48,34,36,-1,48,36,38,-1,26,28,48,-1,48,28,30,-1,48,30,32,-1,20,22,48,-1,48,22,24,-1,48,24,26,-1,14,16,48,-1,48,16,18,-1,48,18,20,-1,8,10,48,-1,48,10,12,-1,48,12,14,-1,2,4,48,-1,48,4,6,-1,48,6,8,-1,
        ]
    }
}
Shape{
    appearance Appearance {
        material  Material 	{
            diffuseColor 1.0 1.0 0.0
            specularColor 0.5019607843137255 0.5019607843137255 0.0
            ambientIntensity 0.886
            transparency 0.0
            shininess 0.5
        }
    }
    geometry IndexedFaceSet {
        ccw TRUE
        solid FALSE
        coord DEF co Coordinate {
            point [
                3.2087 2.6969 0.0039, 3.2006 2.758 0.0, 3.2006 2.758 0.0039, 3.177 2.815 0.0, 3.177 2.815 0.0039, 3.1395 2.8639 0.0, 3.1395 2.8639 0.0039, 3.0906 2.9014 0.0, 3.0906 2.9014 0.0039, 3.0336 2.925 0.0, 3.0336 2.925 0.0039, 2.9724 2.9331 0.0, 2.9724 2.9331 0.0039, 2.9113 2.925 0.0, 2.9113 2.925 0.0039, 2.8543 2.9014 0.0, 2.8543 2.9014 0.0039, 2.8054 2.8639 0.0, 2.8054 2.8639 0.0039, 2.7679 2.815 0.0, 2.7679 2.815 0.0039, 2.7443 2.758 0.0, 2.7443 2.758 0.0039, 2.7362 2.6969 0.0, 2.7362 2.6969 0.0039, 2.7443 2.6357 0.0, 2.7443 2.6357 0.0039, 2.7679 2.5787 0.0, 2.7679 2.5787 0.0039, 2.8054 2.5298 0.0, 2.8054 2.5298 0.0039, 2.8543 2.4923 0.0, 2.8543 2.4923 0.0039, 2.9113 2.4687 0.0, 2.9113 2.4687 0.0039, 2.9724 2.4606 0.0, 2.9724 2.4606 0.0039, 3.0336 2.4687 0.0, 3.0336 2.4687 0.0039, 3.0906 2.4923 0.0, 3.0906 2.4923 0.0039, 3.1395 2.5298 0.0, 3.1395 2.5298 0.0039, 3.177 2.5787 0.0, 3.177 2.5787 0.0039, 3.2006 2.6357 0.0, 3.2006 2.6357 0.0039, 3.2087 2.6969 0.0, 2.9724 2.6969 0.0, -2.0866 2.3031 0.0, -2.0866 1.9094 0.0, -2.0866 2.3031 0.0039, -2.0866 1.9094 0.0039, -1.7717 2.3031 0.0039, -1.7717 2.3031 0.0, -1.9488 2.3031 0.0039, -1.7717 1.9094 0.0, -1.7717 1.9094 0.0039, -1.9488 1.9094 0.0039, -1.811 1.6339 0.0039, -1.811 1.6339 0.0, -1.811 1.378 0.0039, -1.811 1.2402 0.0, -1.811 1.2402 0.0039, -1.4961 1.6339 0.0039, -1.4961 1.6339 0.0, -1.6043 1.6339 0.0039, -1.4961 1.2402 0.0039, -1.4961 1.2402 0.0, -1.4961 1.378 0.0039, -1.6043 1.2402 0.0039, -1.5354 1.9094 0.0, -1.2205 1.9094 0.0, -1.5354 1.9094 0.0039, -1.2205 1.9094 0.0039, -1.5354 2.3031 0.0, -1.5354 2.3031 0.0039, -1.2205 2.3031 0.0, -1.2205 2.3031 0.0039, -0.9843 1.9094 0.0, -0.6693 1.9094 0.0, -0.9843 1.9094 0.0039, -0.6693 1.9094 0.0039, -0.9843 2.3031 0.0, -0.9843 2.3031 0.0039, -0.6693 2.3031 0.0, -0.6693 2.3031 0.0039, -0.4331 1.9094 0.0039, -0.4331 1.9094 0.0, -0.2756 1.9094 0.0039, -0.1181 1.9094 0.0, -0.1181 1.9094 0.0039, -0.4331 2.3031 0.0, -0.4331 2.3031 0.0039, -0.1181 2.3031 0.0039, -0.1181 2.3031 0.0, -0.2756 2.3031 0.0039, 0.1181 1.9094 0.0, 0.4331 1.9094 0.0, 0.1181 1.9094 0.0039, 0.4331 1.9094 0.0039, 0.1181 2.3031 0.0, 0.1181 2.3031 0.0039, 0.4331 2.3031 0.0, 0.4331 2.3031 0.0039, 0.6693 1.9094 0.0, 0.9843 1.9094 0.0, 0.6693 1.9094 0.0039, 0.9843 1.9094 0.0039, 0.6693 2.3031 0.0, 0.6693 2.3031 0.0039, 0.9843 2.3031 0.0, 0.9843 2.3031 0.0039, 1.2205 1.9094 0.0, 1.5354 1.9094 0.0, 1.2205 1.9094 0.0039, 1.5354 1.9094 0.0039, 1.2205 2.3031 0.0, 1.2205 2.3031 0.0039, 1.5354 2.3031 0.0, 1.5354 2.3031 0.0039, 1.7717 1.9094 0.0039, 1.7717 1.9094 0.0, 1.9488 1.9094 0.0039, 2.0866 1.9094 0.0, 2.0866 1.9094 0.0039, 1.7717 2.3031 0.0, 1.7717 2.3031 0.0039, 2.0866 2.3031 0.0039, 2.0866 2.3031 0.0, 1.9488 2.3031 0.0039, -1.2598 1.2402 0.0039, -1.2598 1.2402 0.0, -1.1024 1.2402 0.0039, -0.9449 1.2402 0.0, -0.9449 1.2402 0.0039, -1.2598 1.6339 0.0039, -1.2598 1.6339 0.0, -1.2598 1.378 0.0039, -0.9449 1.6339 0.0039, -0.9449 1.6339 0.0, -1.1024 1.6339 0.0039, -0.9449 1.378 0.0039, -0.7087 1.2402 0.0, -0.3937 1.2402 0.0, -0.7087 1.2402 0.0039, -0.3937 1.2402 0.0039, -0.7087 1.6339 0.0039, -0.7087 1.6339 0.0, -0.7087 1.378 0.0039, -0.3937 1.6339 0.0, -0.3937 1.6339 0.0039, -0.3937 1.378 0.0039, -0.1575 1.2402 0.0, 0.1575 1.2402 0.0, -0.1575 1.2402 0.0039, 0.1575 1.2402 0.0039, -0.1575 1.6339 0.0039, -0.1575 1.6339 0.0, -0.1575 1.378 0.0039, 0.1575 1.6339 0.0, 0.1575 1.6339 0.0039, 0.1575 1.378 0.0039, 0.3937 1.2402 0.0039, 0.3937 1.2402 0.0, 0.5807 1.2402 0.0039, 0.7087 1.2402 0.0, 0.7087 1.2402 0.0039, 0.3937 1.6339 0.0039, 0.3937 1.6339 0.0, 0.3937 1.378 0.0039, 0.7087 1.6339 0.0039, 0.7087 1.6339 0.0, 0.5807 1.6339 0.0039, 0.7087 1.378 0.0039, 0.9449 1.2402 0.0039, 0.9449 1.2402 0.0, 1.1024 1.2402 0.0039, 1.2598 1.2402 0.0, 1.2598 1.2402 0.0039, 0.9449 1.6339 0.0039, 0.9449 1.6339 0.0, 0.9449 1.378 0.0039, 1.2598 1.6339 0.0039, 1.2598 1.6339 0.0, 1.1024 1.6339 0.0039, 1.2598 1.378 0.0039, 1.4961 1.2402 0.0, 1.811 1.2402 0.0, 1.4961 1.2402 0.0039, 1.811 1.2402 0.0039, 1.4961 1.6339 0.0039, 1.4961 1.6339 0.0, 1.4961 1.378 0.0039, 1.811 1.6339 0.0, 1.811 1.6339 0.0039, 1.811 1.378 0.0039, 2.2835 0.1575 0.0039, 2.2835 0.1575 0.0, 2.2835 0.0 0.0039, 2.2835 -0.1575 0.0, 2.2835 -0.1575 0.0039, 2.6772 0.1575 0.0, 2.6772 0.1575 0.0039, 2.6772 -0.1575 0.0039, 2.6772 -0.1575 0.0, 2.6772 0.0 0.0039, 2.6772 -1.811 0.0, 2.6772 -1.4961 0.0, 2.6772 -1.811 0.0039, 2.6772 -1.4961 0.0039, 2.2835 -1.811 0.0, 2.2835 -1.811 0.0039, 2.2835 -1.4961 0.0, 2.2835 -1.4961 0.0039, 2.2835 0.3937 0.0, 2.6772 0.3937 0.0, 2.2835 0.3937 0.0039, 2.6772 0.3937 0.0039, 2.2835 0.7087 0.0, 2.2835 0.7087 0.0039, 2.6772 0.7087 0.0, 2.6772 0.7087 0.0039, 2.2835 0.9449 0.0, 2.6772 0.9449 0.0, 2.2835 0.9449 0.0039, 2.6772 0.9449 0.0039, 2.2835 1.2598 0.0039, 2.2835 1.2598 0.0, 2.2835 1.0925 0.0039, 2.6772 1.2598 0.0, 2.6772 1.2598 0.0039, 2.6772 1.0925 0.0039, 2.2835 1.4961 0.0, 2.6772 1.4961 0.0, 2.2835 1.4961 0.0039, 2.6772 1.4961 0.0039, 2.2835 1.811 0.0, 2.2835 1.811 0.0039, 2.6772 1.811 0.0, 2.6772 1.811 0.0039, 2.6772 -1.2598 0.0039, 2.6772 -1.2598 0.0, 2.6772 -1.0925 0.0039, 2.6772 -0.9449 0.0, 2.6772 -0.9449 0.0039, 2.2835 -1.2598 0.0, 2.2835 -1.2598 0.0039, 2.2835 -0.9449 0.0039, 2.2835 -0.9449 0.0, 2.2835 -1.0925 0.0039, 2.6772 -0.7087 0.0, 2.6772 -0.3937 0.0, 2.6772 -0.7087 0.0039, 2.6772 -0.3937 0.0039, 2.2835 -0.7087 0.0, 2.2835 -0.7087 0.0039, 2.2835 -0.3937 0.0, 2.2835 -0.3937 0.0039, -2.2835 0.1575 0.0, -2.6772 0.1575 0.0, -2.2835 0.1575 0.0039, -2.6772 0.1575 0.0039, -2.2835 -0.1575 0.0039, -2.2835 -0.1575 0.0, -2.2835 0.0 0.0039, -2.6772 -0.1575 0.0, -2.6772 -0.1575 0.0039, -2.6772 0.0 0.0039, -2.6772 0.7087 0.0, -2.6772 0.3937 0.0, -2.6772 0.7087 0.0039, -2.6772 0.3937 0.0039, -2.2835 0.7087 0.0, -2.2835 0.7087 0.0039, -2.2835 0.3937 0.0, -2.2835 0.3937 0.0039, -2.6772 -0.7087 0.0, -2.2835 -0.7087 0.0, -2.6772 -0.7087 0.0039, -2.2835 -0.7087 0.0039, -2.6772 -0.3937 0.0, -2.6772 -0.3937 0.0039, -2.2835 -0.3937 0.0, -2.2835 -0.3937 0.0039, -2.6772 -1.2598 0.0, -2.2835 -1.2598 0.0, -2.6772 -1.2598 0.0039, -2.2835 -1.2598 0.0039, -2.6772 -0.9449 0.0039, -2.6772 -0.9449 0.0, -2.6772 -1.0925 0.0039, -2.2835 -0.9449 0.0, -2.2835 -0.9449 0.0039, -2.2835 -1.0925 0.0039, -2.6772 -1.811 0.0, -2.2835 -1.811 0.0, -2.6772 -1.811 0.0039, -2.2835 -1.811 0.0039, -2.6772 -1.4961 0.0, -2.6772 -1.4961 0.0039, -2.2835 -1.4961 0.0, -2.2835 -1.4961 0.0039, -2.6772 1.811 0.0, -2.6772 1.4961 0.0, -2.6772 1.811 0.0039, -2.6772 1.4961 0.0039, -2.2835 1.811 0.0, -2.2835 1.811 0.0039, -2.2835 1.4961 0.0, -2.2835 1.4961 0.0039, -2.6772 1.2598 0.0039, -2.6772 1.2598 0.0, -2.6772 1.0925 0.0039, -2.6772 0.9449 0.0, -2.6772 0.9449 0.0039, -2.2835 1.2598 0.0, -2.2835 1.2598 0.0039, -2.2835 0.9449 0.0039, -2.2835 0.9449 0.0, -2.2835 1.0925 0.0039, -1.811 -1.6339 0.0039, -1.811 -1.6339 0.0, -1.6043 -1.6339 0.0039, -1.4961 -1.6339 0.0, -1.4961 -1.6339 0.0039, -1.811 -1.2402 0.0039, -1.811 -1.2402 0.0, -1.811 -1.378 0.0039, -1.4961 -1.2402 0.0039, -1.4961 -1.2402 0.0, -1.6043 -1.2402 0.0039, -1.4961 -1.378 0.0039, -0.9449 -1.6339 0.0039, -0.9449 -1.6339 0.0, -0.9449 -1.378 0.0039, -0.9449 -1.2402 0.0, -0.9449 -1.2402 0.0039, -1.2598 -1.6339 0.0039, -1.2598 -1.6339 0.0, -1.1024 -1.6339 0.0039, -1.2598 -1.2402 0.0039, -1.2598 -1.2402 0.0, -1.2598 -1.378 0.0039, -1.1024 -1.2402 0.0039, -2.0866 -2.3031 0.0039, -2.0866 -2.3031 0.0, -1.9488 -2.3031 0.0039, -1.7717 -2.3031 0.0, -1.7717 -2.3031 0.0039, -2.0866 -1.9094 0.0, -2.0866 -1.9094 0.0039, -1.7717 -1.9094 0.0039, -1.7717 -1.9094 0.0, -1.9488 -1.9094 0.0039, -1.2205 -2.3031 0.0, -1.2205 -1.9094 0.0, -1.2205 -2.3031 0.0039, -1.2205 -1.9094 0.0039, -1.5354 -2.3031 0.0, -1.5354 -2.3031 0.0039, -1.5354 -1.9094 0.0, -1.5354 -1.9094 0.0039, 1.811 -1.6339 0.0039, 1.811 -1.6339 0.0, 1.811 -1.378 0.0039, 1.811 -1.2402 0.0, 1.811 -1.2402 0.0039, 1.4961 -1.6339 0.0, 1.4961 -1.6339 0.0039, 1.4961 -1.2402 0.0039, 1.4961 -1.2402 0.0, 1.4961 -1.378 0.0039, 1.2598 -1.6339 0.0039, 1.2598 -1.6339 0.0, 1.2598 -1.378 0.0039, 1.2598 -1.2402 0.0, 1.2598 -1.2402 0.0039, 0.9449 -1.6339 0.0039, 0.9449 -1.6339 0.0, 1.1024 -1.6339 0.0039, 0.9449 -1.2402 0.0039, 0.9449 -1.2402 0.0, 0.9449 -1.378 0.0039, 1.1024 -1.2402 0.0039, 0.7087 -1.6339 0.0039, 0.7087 -1.6339 0.0, 0.7087 -1.378 0.0039, 0.7087 -1.2402 0.0, 0.7087 -1.2402 0.0039, 0.3937 -1.6339 0.0039, 0.3937 -1.6339 0.0, 0.5807 -1.6339 0.0039, 0.3937 -1.2402 0.0039, 0.3937 -1.2402 0.0, 0.3937 -1.378 0.0039, 0.5807 -1.2402 0.0039, 0.1575 -1.6339 0.0039, 0.1575 -1.6339 0.0, 0.1575 -1.378 0.0039, 0.1575 -1.2402 0.0, 0.1575 -1.2402 0.0039, -0.1575 -1.6339 0.0, -0.1575 -1.6339 0.0039, -0.1575 -1.2402 0.0039, -0.1575 -1.2402 0.0, -0.1575 -1.378 0.0039, -0.3937 -1.6339 0.0039, -0.3937 -1.6339 0.0, -0.3937 -1.378 0.0039, -0.3937 -1.2402 0.0, -0.3937 -1.2402 0.0039, -0.7087 -1.6339 0.0, -0.7087 -1.6339 0.0039, -0.7087 -1.2402 0.0039, -0.7087 -1.2402 0.0, -0.7087 -1.378 0.0039, 2.0866 -2.3031 0.0, 2.0866 -1.9094 0.0, 2.0866 -2.3031 0.0039, 2.0866 -1.9094 0.0039, 1.7717 -2.3031 0.0039, 1.7717 -2.3031 0.0, 1.9488 -2.3031 0.0039, 1.7717 -1.9094 0.0, 1.7717 -1.9094 0.0039, 1.9488 -1.9094 0.0039, 1.5354 -2.3031 0.0, 1.5354 -1.9094 0.0, 1.5354 -2.3031 0.0039, 1.5354 -1.9094 0.0039, 1.2205 -2.3031 0.0, 1.2205 -2.3031 0.0039, 1.2205 -1.9094 0.0, 1.2205 -1.9094 0.0039, 0.9843 -2.3031 0.0, 0.9843 -1.9094 0.0, 0.9843 -2.3031 0.0039, 0.9843 -1.9094 0.0039, 0.6693 -2.3031 0.0, 0.6693 -2.3031 0.0039, 0.6693 -1.9094 0.0, 0.6693 -1.9094 0.0039, 0.4331 -2.3031 0.0, 0.4331 -1.9094 0.0, 0.4331 -2.3031 0.0039, 0.4331 -1.9094 0.0039, 0.1181 -2.3031 0.0, 0.1181 -2.3031 0.0039, 0.1181 -1.9094 0.0, 0.1181 -1.9094 0.0039, -0.1181 -2.3031 0.0, -0.1181 -1.9094 0.0, -0.1181 -2.3031 0.0039, -0.1181 -1.9094 0.0039, -0.4331 -2.3031 0.0039, -0.4331 -2.3031 0.0, -0.2756 -2.3031 0.0039, -0.4331 -1.9094 0.0, -0.4331 -1.9094 0.0039, -0.2756 -1.9094 0.0039, -0.6693 -2.3031 0.0, -0.6693 -1.9094 0.0, -0.6693 -2.3031 0.0039, -0.6693 -1.9094 0.0039, -0.9843 -2.3031 0.0, -0.9843 -2.3031 0.0039, -0.9843 -1.9094 0.0, -0.9843 -1.9094 0.0039, -0.4921 0.8858 0.0039, -0.4921 0.8858 0.0, -0.4921 0.2756 0.0039, -0.4921 0.0984 0.0, -0.4921 0.0984 0.0039, 0.4921 0.8858 0.0039, 0.4921 0.8858 0.0, -0.2756 0.8858 0.0039, 0.4921 0.0984 0.0039, 0.4921 0.0984 0.0, 0.4921 0.2756 0.0039, -0.2756 0.0984 0.0039, 0.689 0.8858 0.0039, 0.689 0.8858 0.0, 0.689 0.2756 0.0039, 0.689 0.0984 0.0, 0.689 0.0984 0.0039, 1.3583 0.8858 0.0039, 1.3583 0.8858 0.0, 1.1024 0.8858 0.0039, 1.6732 0.0984 0.0039, 1.6732 0.0984 0.0, 1.6732 0.2756 0.0039, 1.6732 0.5709 0.0, 1.6732 0.5709 0.0039, 1.1024 0.0984 0.0039, -1.6043 0.0984 0.0039, -1.6732 0.0984 0.0039, -1.6732 0.0984 0.0, -1.1024 0.0984 0.0039, -0.689 0.0984 0.0, -0.689 0.0984 0.0039, -1.6732 0.8858 0.0039, -1.6732 0.8858 0.0, -1.6732 0.2756 0.0039, -1.6043 0.8858 0.0039, -1.1024 0.8858 0.0039, -0.689 0.8858 0.0, -0.689 0.8858 0.0039, -0.689 0.2756 0.0039, 0.4921 -0.8858 0.0039, 0.4921 -0.8858 0.0, 0.4921 -0.7972 0.0039, 0.4921 -0.0984 0.0, 0.4921 -0.0984 0.0039, -0.4921 -0.8858 0.0039, -0.4921 -0.8858 0.0, -0.2756 -0.8858 0.0039, -0.4921 -0.0984 0.0039, -0.4921 -0.0984 0.0, -0.4921 -0.7972 0.0039, -0.2756 -0.0984 0.0039, 0.689 -0.8858 0.0039, 0.689 -0.8858 0.0, 1.1024 -0.8858 0.0039, 1.6732 -0.8858 0.0, 1.6732 -0.8858 0.0039, 0.689 -0.0984 0.0039, 0.689 -0.0984 0.0, 0.689 -0.7972 0.0039, 1.6732 -0.0984 0.0039, 1.6732 -0.0984 0.0, 1.1024 -0.0984 0.0039, 1.6732 -0.7972 0.0039, -0.689 -0.8858 0.0039, -0.689 -0.8858 0.0, -0.689 -0.7972 0.0039, -0.689 -0.0984 0.0, -0.689 -0.0984 0.0039, -1.6043 -0.8858 0.0039, -1.6732 -0.8858 0.0039, -1.6732 -0.8858 0.0, -1.1024 -0.8858 0.0039, -1.6732 -0.0984 0.0039, -1.6732 -0.0984 0.0, -1.6732 -0.7972 0.0039, -1.6043 -0.0984 0.0039, -1.1024 -0.0984 0.0039
            ]
        }
        coordIndex [
            0,1,2,-1,2,1,3,-1,2,3,4,-1,4,3,5,-1,4,5,6,-1,6,5,7,-1,6,7,8,-1,8,7,9,-1,8,9,10,-1,10,9,11,-1,10,11,12,-1,12,11,13,-1,12,13,14,-1,14,13,15,-1,14,15,16,-1,16,15,17,-1,16,17,18,-1,18,17,19,-1,18,19,20,-1,20,19,21,-1,20,21,22,-1,22,21,23,-1,22,23,24,-1,24,23,25,-1,24,25,26,-1,26,25,27,-1,26,27,28,-1,28,27,29,-1,28,29,30,-1,30,29,31,-1,30,31,32,-1,32,31,33,-1,32,33,34,-1,34,33,35,-1,34,35,36,-1,36,35,37,-1,36,37,38,-1,38,37,39,-1,38,39,40,-1,40,39,41,-1,40,41,42,-1,42,41,43,-1,42,43,44,-1,44,43,45,-1,44,45,46,-1,46,45,47,-1,46,47,0,-1,0,47,1,-1,27,25,48,-1,48,25,23,-1,48,23,21,-1,33,31,48,-1,48,31,29,-1,48,29,27,-1,39,37,48,-1,48,37,35,-1,48,35,33,-1,45,43,48,-1,48,43,41,-1,48,41,39,-1,3,1,48,-1,48,1,47,-1,48,47,45,-1,9,7,48,-1,48,7,5,-1,48,5,3,-1,15,13,48,-1,48,13,11,-1,48,11,9,-1,21,19,48,-1,48,19,17,-1,48,17,15,-1,49,50,51,-1,51,50,52,-1,53,54,55,-1,55,54,49,-1,55,49,51,-1,56,54,57,-1,57,54,53,-1,52,50,58,-1,58,50,56,-1,58,56,57,-1,54,56,49,-1,49,56,50,-1,59,60,61,-1,61,60,62,-1,61,62,63,-1,64,65,66,-1,66,65,60,-1,66,60,59,-1,67,68,69,-1,69,68,65,-1,69,65,64,-1,63,62,70,-1,70,62,68,-1,70,68,67,-1,65,68,60,-1,60,68,62,-1,71,72,73,-1,73,72,74,-1,75,71,76,-1,76,71,73,-1,77,75,78,-1,78,75,76,-1,72,77,74,-1,74,77,78,-1,75,77,71,-1,71,77,72,-1,79,80,81,-1,81,80,82,-1,83,79,84,-1,84,79,81,-1,85,83,86,-1,86,83,84,-1,80,85,82,-1,82,85,86,-1,83,85,79,-1,79,85,80,-1,87,88,89,-1,89,88,90,-1,89,90,91,-1,92,88,93,-1,93,88,87,-1,94,95,96,-1,96,95,92,-1,96,92,93,-1,90,95,91,-1,91,95,94,-1,92,95,88,-1,88,95,90,-1,97,98,99,-1,99,98,100,-1,101,97,102,-1,102,97,99,-1,103,101,104,-1,104,101,102,-1,98,103,100,-1,100,103,104,-1,101,103,97,-1,97,103,98,-1,105,106,107,-1,107,106,108,-1,109,105,110,-1,110,105,107,-1,111,109,112,-1,112,109,110,-1,106,111,108,-1,108,111,112,-1,109,111,105,-1,105,111,106,-1,113,114,115,-1,115,114,116,-1,117,113,118,-1,118,113,115,-1,119,117,120,-1,120,117,118,-1,114,119,116,-1,116,119,120,-1,117,119,113,-1,113,119,114,-1,121,122,123,-1,123,122,124,-1,123,124,125,-1,126,122,127,-1,127,122,121,-1,128,129,130,-1,130,129,126,-1,130,126,127,-1,124,129,125,-1,125,129,128,-1,126,129,122,-1,122,129,124,-1,131,132,133,-1,133,132,134,-1,133,134,135,-1,136,137,138,-1,138,137,132,-1,138,132,131,-1,139,140,141,-1,141,140,137,-1,141,137,136,-1,135,134,142,-1,142,134,140,-1,142,140,139,-1,137,140,132,-1,132,140,134,-1,143,144,145,-1,145,144,146,-1,147,148,149,-1,149,148,143,-1,149,143,145,-1,150,148,151,-1,151,148,147,-1,146,144,152,-1,152,144,150,-1,152,150,151,-1,148,150,143,-1,143,150,144,-1,153,154,155,-1,155,154,156,-1,157,158,159,-1,159,158,153,-1,159,153,155,-1,160,158,161,-1,161,158,157,-1,156,154,162,-1,162,154,160,-1,162,160,161,-1,158,160,153,-1,153,160,154,-1,163,164,165,-1,165,164,166,-1,165,166,167,-1,168,169,170,-1,170,169,164,-1,170,164,163,-1,171,172,173,-1,173,172,169,-1,173,169,168,-1,167,166,174,-1,174,166,172,-1,174,172,171,-1,169,172,164,-1,164,172,166,-1,175,176,177,-1,177,176,178,-1,177,178,179,-1,180,181,182,-1,182,181,176,-1,182,176,175,-1,183,184,185,-1,185,184,181,-1,185,181,180,-1,179,178,186,-1,186,178,184,-1,186,184,183,-1,181,184,176,-1,176,184,178,-1,187,188,189,-1,189,188,190,-1,191,192,193,-1,193,192,187,-1,193,187,189,-1,194,192,195,-1,195,192,191,-1,190,188,196,-1,196,188,194,-1,196,194,195,-1,192,194,187,-1,187,194,188,-1,197,198,199,-1,199,198,200,-1,199,200,201,-1,202,198,203,-1,203,198,197,-1,204,205,206,-1,206,205,202,-1,206,202,203,-1,200,205,201,-1,201,205,204,-1,202,205,198,-1,198,205,200,-1,207,208,209,-1,209,208,210,-1,211,207,212,-1,212,207,209,-1,213,211,214,-1,214,211,212,-1,208,213,210,-1,210,213,214,-1,211,213,207,-1,207,213,208,-1,215,216,217,-1,217,216,218,-1,219,215,220,-1,220,215,217,-1,221,219,222,-1,222,219,220,-1,216,221,218,-1,218,221,222,-1,219,221,215,-1,215,221,216,-1,223,224,225,-1,225,224,226,-1,227,228,229,-1,229,228,223,-1,229,223,225,-1,230,228,231,-1,231,228,227,-1,226,224,232,-1,232,224,230,-1,232,230,231,-1,228,230,223,-1,223,230,224,-1,233,234,235,-1,235,234,236,-1,237,233,238,-1,238,233,235,-1,239,237,240,-1,240,237,238,-1,234,239,236,-1,236,239,240,-1,237,239,233,-1,233,239,234,-1,241,242,243,-1,243,242,244,-1,243,244,245,-1,246,242,247,-1,247,242,241,-1,248,249,250,-1,250,249,246,-1,250,246,247,-1,244,249,245,-1,245,249,248,-1,246,249,242,-1,242,249,244,-1,251,252,253,-1,253,252,254,-1,255,251,256,-1,256,251,253,-1,257,255,258,-1,258,255,256,-1,252,257,254,-1,254,257,258,-1,255,257,251,-1,251,257,252,-1,259,260,261,-1,261,260,262,-1,263,264,265,-1,265,264,259,-1,265,259,261,-1,266,264,267,-1,267,264,263,-1,262,260,268,-1,268,260,266,-1,268,266,267,-1,264,266,259,-1,259,266,260,-1,269,270,271,-1,271,270,272,-1,273,269,274,-1,274,269,271,-1,275,273,276,-1,276,273,274,-1,270,275,272,-1,272,275,276,-1,273,275,269,-1,269,275,270,-1,277,278,279,-1,279,278,280,-1,281,277,282,-1,282,277,279,-1,283,281,284,-1,284,281,282,-1,278,283,280,-1,280,283,284,-1,281,283,277,-1,277,283,278,-1,285,286,287,-1,287,286,288,-1,289,290,291,-1,291,290,285,-1,291,285,287,-1,292,290,293,-1,293,290,289,-1,288,286,294,-1,294,286,292,-1,294,292,293,-1,290,292,285,-1,285,292,286,-1,295,296,297,-1,297,296,298,-1,299,295,300,-1,300,295,297,-1,301,299,302,-1,302,299,300,-1,296,301,298,-1,298,301,302,-1,299,301,295,-1,295,301,296,-1,303,304,305,-1,305,304,306,-1,307,303,308,-1,308,303,305,-1,309,307,310,-1,310,307,308,-1,304,309,306,-1,306,309,310,-1,307,309,303,-1,303,309,304,-1,311,312,313,-1,313,312,314,-1,313,314,315,-1,316,312,317,-1,317,312,311,-1,318,319,320,-1,320,319,316,-1,320,316,317,-1,314,319,315,-1,315,319,318,-1,316,319,312,-1,312,319,314,-1,321,322,323,-1,323,322,324,-1,323,324,325,-1,326,327,328,-1,328,327,322,-1,328,322,321,-1,329,330,331,-1,331,330,327,-1,331,327,326,-1,325,324,332,-1,332,324,330,-1,332,330,329,-1,327,330,322,-1,322,330,324,-1,333,334,335,-1,335,334,336,-1,335,336,337,-1,338,339,340,-1,340,339,334,-1,340,334,333,-1,341,342,343,-1,343,342,339,-1,343,339,338,-1,337,336,344,-1,344,336,342,-1,344,342,341,-1,339,342,334,-1,334,342,336,-1,345,346,347,-1,347,346,348,-1,347,348,349,-1,350,346,351,-1,351,346,345,-1,352,353,354,-1,354,353,350,-1,354,350,351,-1,348,353,349,-1,349,353,352,-1,350,353,346,-1,346,353,348,-1,355,356,357,-1,357,356,358,-1,359,355,360,-1,360,355,357,-1,361,359,362,-1,362,359,360,-1,356,361,358,-1,358,361,362,-1,359,361,355,-1,355,361,356,-1,363,364,365,-1,365,364,366,-1,365,366,367,-1,368,364,369,-1,369,364,363,-1,370,371,372,-1,372,371,368,-1,372,368,369,-1,366,371,367,-1,367,371,370,-1,368,371,364,-1,364,371,366,-1,373,374,375,-1,375,374,376,-1,375,376,377,-1,378,379,380,-1,380,379,374,-1,380,374,373,-1,381,382,383,-1,383,382,379,-1,383,379,378,-1,377,376,384,-1,384,376,382,-1,384,382,381,-1,379,382,374,-1,374,382,376,-1,385,386,387,-1,387,386,388,-1,387,388,389,-1,390,391,392,-1,392,391,386,-1,392,386,385,-1,393,394,395,-1,395,394,391,-1,395,391,390,-1,389,388,396,-1,396,388,394,-1,396,394,393,-1,391,394,386,-1,386,394,388,-1,397,398,399,-1,399,398,400,-1,399,400,401,-1,402,398,403,-1,403,398,397,-1,404,405,406,-1,406,405,402,-1,406,402,403,-1,400,405,401,-1,401,405,404,-1,402,405,398,-1,398,405,400,-1,407,408,409,-1,409,408,410,-1,409,410,411,-1,412,408,413,-1,413,408,407,-1,414,415,416,-1,416,415,412,-1,416,412,413,-1,410,415,411,-1,411,415,414,-1,412,415,408,-1,408,415,410,-1,417,418,419,-1,419,418,420,-1,421,422,423,-1,423,422,417,-1,423,417,419,-1,424,422,425,-1,425,422,421,-1,420,418,426,-1,426,418,424,-1,426,424,425,-1,422,424,417,-1,417,424,418,-1,427,428,429,-1,429,428,430,-1,431,427,432,-1,432,427,429,-1,433,431,434,-1,434,431,432,-1,428,433,430,-1,430,433,434,-1,431,433,427,-1,427,433,428,-1,435,436,437,-1,437,436,438,-1,439,435,440,-1,440,435,437,-1,441,439,442,-1,442,439,440,-1,436,441,438,-1,438,441,442,-1,439,441,435,-1,435,441,436,-1,443,444,445,-1,445,444,446,-1,447,443,448,-1,448,443,445,-1,449,447,450,-1,450,447,448,-1,444,449,446,-1,446,449,450,-1,447,449,443,-1,443,449,444,-1,451,452,453,-1,453,452,454,-1,455,456,457,-1,457,456,451,-1,457,451,453,-1,458,456,459,-1,459,456,455,-1,454,452,460,-1,460,452,458,-1,460,458,459,-1,456,458,451,-1,451,458,452,-1,461,462,463,-1,463,462,464,-1,465,461,466,-1,466,461,463,-1,467,465,468,-1,468,465,466,-1,462,467,464,-1,464,467,468,-1,465,467,461,-1,461,467,462,-1,469,470,471,-1,471,470,472,-1,471,472,473,-1,474,475,476,-1,476,475,470,-1,476,470,469,-1,477,478,479,-1,479,478,475,-1,479,475,474,-1,473,472,480,-1,480,472,478,-1,480,478,477,-1,475,478,470,-1,470,478,472,-1,481,482,483,-1,483,482,484,-1,483,484,485,-1,486,487,488,-1,488,487,482,-1,488,482,481,-1,489,490,491,-1,491,490,492,-1,491,492,493,-1,485,484,494,-1,494,484,490,-1,494,490,489,-1,492,490,487,-1,487,490,484,-1,487,484,482,-1,495,496,497,-1,495,497,498,-1,498,497,499,-1,498,499,500,-1,501,502,503,-1,503,502,497,-1,503,497,496,-1,501,504,502,-1,502,504,505,-1,502,505,506,-1,506,505,507,-1,500,499,508,-1,508,499,506,-1,508,506,507,-1,502,506,497,-1,497,506,499,-1,509,510,511,-1,511,510,512,-1,511,512,513,-1,514,515,516,-1,516,515,510,-1,516,510,509,-1,517,518,519,-1,519,518,515,-1,519,515,514,-1,513,512,520,-1,520,512,518,-1,520,518,517,-1,515,518,510,-1,510,518,512,-1,521,522,523,-1,523,522,524,-1,523,524,525,-1,526,527,528,-1,528,527,522,-1,528,522,521,-1,529,530,531,-1,531,530,527,-1,531,527,526,-1,525,524,532,-1,532,524,530,-1,532,530,529,-1,527,530,522,-1,522,530,524,-1,533,534,535,-1,535,534,536,-1,535,536,537,-1,538,539,540,-1,538,540,541,-1,541,540,534,-1,541,534,533,-1,542,543,544,-1,544,543,540,-1,544,540,539,-1,542,545,543,-1,543,545,546,-1,543,546,536,-1,536,546,537,-1,540,543,534,-1,534,543,536,-1,486,493,487,-1,487,493,492,-1,
        ]
    }
}
Shape{
    appearance Appearance {
        material  Material 	{
            diffuseColor 0.0 0.5019607843137255 0.0
            specularColor 0.0 0.25098039215686274 0.0
            ambientIntensity 0.2947
            transparency 0.0
            shininess 0.5
        }
    }
    geometry IndexedFaceSet {
        ccw TRUE
        solid FALSE
        coord DEF co Coordinate {
            point [
                3.3071 -3.0906 0.2402, 3.3071 -3.0906 0.0039, 3.3125 -3.0498 0.2402, 3.3125 -3.0498 0.0039, 3.3282 -3.0118 0.2402, 3.3282 -3.0118 0.0039, 3.3532 -2.9792 0.2402, 3.3532 -2.9792 0.0039, 3.3858 -2.9542 0.2402, 3.3858 -2.9542 0.0039, 3.4238 -2.9384 0.2402, 3.4238 -2.9384 0.0039, 3.4646 -2.9331 0.2402, 3.4646 -2.9331 0.0039, -3.4646 -2.9331 0.2402, -3.4646 -2.9331 0.0039, -3.4295 -2.937 0.2402, -3.4295 -2.937 0.0039, -3.3962 -2.9487 0.2402, -3.3962 -2.9487 0.0039, -3.3664 -2.9674 0.2402, -3.3664 -2.9674 0.0039, -3.3414 -2.9924 0.2402, -3.3414 -2.9924 0.0039, -3.3227 -3.0222 0.2402, -3.3227 -3.0222 0.0039, -3.311 -3.0555 0.2402, -3.311 -3.0555 0.0039, -3.3071 -3.0906 0.2402, -3.3071 -3.0906 0.0039, 3.4646 2.9331 0.2402, 3.4646 2.9331 0.0039, 3.4238 2.9384 0.2402, 3.4238 2.9384 0.0039, 3.3858 2.9542 0.2402, 3.3858 2.9542 0.0039, 3.3532 2.9792 0.2402, 3.3532 2.9792 0.0039, 3.3282 3.0118 0.2402, 3.3282 3.0118 0.0039, 3.3125 3.0498 0.2402, 3.3125 3.0498 0.0039, 3.3071 3.0906 0.2402, 3.3071 3.0906 0.0039, -3.3071 3.0906 0.2402, -3.3071 3.0906 0.0039, -3.311 3.0555 0.2402, -3.311 3.0555 0.0039, -3.3227 3.0222 0.2402, -3.3227 3.0222 0.0039, -3.3414 2.9924 0.2402, -3.3414 2.9924 0.0039, -3.3664 2.9674 0.2402, -3.3664 2.9674 0.0039, -3.3962 2.9487 0.2402, -3.3962 2.9487 0.0039, -3.4295 2.937 0.2402, -3.4295 2.937 0.0039, -3.4646 2.9331 0.2402, -3.4646 2.9331 0.0039
            ]
        }
        coordIndex [
            0,1,2,-1,2,1,3,-1,2,3,4,-1,4,3,5,-1,4,5,6,-1,6,5,7,-1,6,7,8,-1,8,7,9,-1,8,9,10,-1,10,9,11,-1,10,11,12,-1,12,11,13,-1,14,15,16,-1,16,15,17,-1,16,17,18,-1,18,17,19,-1,18,19,20,-1,20,19,21,-1,20,21,22,-1,22,21,23,-1,22,23,24,-1,24,23,25,-1,24,25,26,-1,26,25,27,-1,26,27,28,-1,28,27,29,-1,30,31,32,-1,32,31,33,-1,32,33,34,-1,34,33,35,-1,34,35,36,-1,36,35,37,-1,36,37,38,-1,38,37,39,-1,38,39,40,-1,40,39,41,-1,40,41,42,-1,42,41,43,-1,44,45,46,-1,46,45,47,-1,46,47,48,-1,48,47,49,-1,48,49,50,-1,50,49,51,-1,50,51,52,-1,52,51,53,-1,52,53,54,-1,54,53,55,-1,54,55,56,-1,56,55,57,-1,56,57,58,-1,58,57,59,-1,
        ]
    }
}
Shape{
    appearance Appearance {
        material  Material 	{
            diffuseColor 0.0 0.0 0.0
            specularColor 0.0 0.0 0.0
            ambientIntensity 0.0
            transparency 0.0
            shininess 0.5
        }
    }
    geometry IndexedFaceSet {
        ccw TRUE
        solid FALSE
        coord DEF co Coordinate {
            point [
                -3.0783 2.2011 0.0039, -3.0783 2.2011 0.0079, -3.0596 2.1459 0.0039, -3.0596 2.1459 0.0079, -3.1597 2.2011 0.0039, -3.1597 2.2011 0.0079, -3.1796 2.1459 0.0039, -3.1796 2.1459 0.0079, -3.2084 2.1459 0.0039, -3.2084 2.1459 0.0079, -3.1316 2.3428 0.0039, -3.1316 2.3428 0.0079, -3.1052 2.3428 0.0039, -3.1052 2.3428 0.0079, -3.0307 2.1459 0.0039, -3.0307 2.1459 0.0079, -3.085 2.2228 0.0079, -3.1144 2.305 0.0079, -3.1195 2.3119 0.0079, -3.1175 2.3188 0.0079, -3.1163 2.3118 0.0079, -3.1508 2.2228 0.0079, -3.1212 2.305 0.0079, -3.085 2.2228 0.0039, -3.1144 2.305 0.0039, -3.1508 2.2228 0.0039, -3.1212 2.305 0.0039, -3.1195 2.3119 0.0039, -3.1175 2.3188 0.0039, -3.1163 2.3118 0.0039, -2.8579 2.1459 0.0039, -2.8579 2.1459 0.0079, -2.8579 2.3428 0.0039, -2.8579 2.3428 0.0079, -2.9114 2.1459 0.0039, -2.9114 2.1459 0.0079, -3.0163 2.2468 0.0039, -3.0163 2.2468 0.0079, -3.0133 2.2351 0.0079, -3.0133 2.2351 0.0039, -2.9979 2.1908 0.0079, -2.9979 2.1908 0.0039, -2.9872 2.1747 0.0079, -2.9872 2.1747 0.0039, -2.9768 2.1651 0.0079, -2.9768 2.1651 0.0039, -2.9632 2.1577 0.0079, -2.9632 2.1577 0.0039, -2.9432 2.1515 0.0079, -2.9432 2.1515 0.0039, -2.9135 2.3428 0.0039, -2.9135 2.3428 0.0079, -2.927 2.3401 0.0079, -2.927 2.3401 0.0039, -2.9692 2.3276 0.0079, -2.9692 2.3276 0.0039, -2.9852 2.3182 0.0079, -2.9852 2.3182 0.0039, -2.9949 2.3086 0.0079, -2.9949 2.3086 0.0039, -3.0027 2.2959 0.0079, -3.0027 2.2959 0.0039, -3.0096 2.277 0.0079, -3.0096 2.277 0.0039, -2.9834 2.2729 0.0079, -2.9899 2.2463 0.0079, -2.9863 2.2226 0.0079, -2.982 2.2075 0.0079, -2.9768 2.1972 0.0079, -2.9704 2.1897 0.0079, -2.9601 2.1824 0.0079, -2.9399 2.1742 0.0079, -2.9754 2.2924 0.0079, -2.9682 2.3024 0.0079, -2.961 2.3085 0.0079, -2.951 2.3135 0.0079, -2.9363 2.3176 0.0079, -2.9133 2.3212 0.0079, -2.8843 2.3212 0.0079, -2.8843 2.1675 0.0079, -2.9123 2.1675 0.0079, -2.9899 2.2463 0.0039, -2.9834 2.2729 0.0039, -2.9754 2.2924 0.0039, -2.9682 2.3024 0.0039, -2.961 2.3085 0.0039, -2.951 2.3135 0.0039, -2.9363 2.3176 0.0039, -2.9133 2.3212 0.0039, -2.8843 2.3212 0.0039, -2.8843 2.1675 0.0039, -2.9123 2.1675 0.0039, -2.9399 2.1742 0.0039, -2.9601 2.1824 0.0039, -2.9704 2.1897 0.0039, -2.9768 2.1972 0.0039, -2.982 2.2075 0.0039, -2.9863 2.2226 0.0039, -2.8099 2.2564 0.0039, -2.8099 2.2564 0.0079, -2.8099 2.2348 0.0039, -2.8099 2.2348 0.0079, -2.7403 2.2564 0.0039, -2.7403 2.2564 0.0079, -2.7403 2.3212 0.0039, -2.7403 2.3212 0.0079, -2.8147 2.3212 0.0039, -2.8147 2.3212 0.0079, -2.8147 2.3428 0.0039, -2.8147 2.3428 0.0079, -2.7139 2.3428 0.0039, -2.7139 2.3428 0.0079, -2.7139 2.1459 0.0039, -2.7139 2.1459 0.0079, -2.8195 2.1459 0.0039, -2.8195 2.1459 0.0079, -2.8195 2.1675 0.0039, -2.8195 2.1675 0.0079, -2.7403 2.1675 0.0039, -2.7403 2.1675 0.0079, -2.7403 2.2348 0.0039, -2.7403 2.2348 0.0079, -2.6755 2.311 0.0039, -2.6755 2.311 0.0079, -2.6532 2.3205 0.0079, -2.6532 2.3205 0.0039, -2.6294 2.3236 0.0079, -2.6294 2.3236 0.0039, -2.6755 2.3374 0.0039, -2.6755 2.3374 0.0079, -2.6291 2.3452 0.0039, -2.6291 2.3452 0.0079, -2.6527 2.3436 0.0079, -2.6527 2.3436 0.0039, -2.529 2.2406 0.0039, -2.529 2.2406 0.0079, -2.5314 2.2519 0.0079, -2.5314 2.2519 0.0039, -2.5451 2.297 0.0079, -2.5451 2.297 0.0039, -2.5551 2.3136 0.0079, -2.5551 2.3136 0.0039, -2.5651 2.3235 0.0079, -2.5651 2.3235 0.0039, -2.5783 2.3315 0.0079, -2.5783 2.3315 0.0039, -2.5979 2.3384 0.0079, -2.5979 2.3384 0.0039, -2.6213 2.1435 0.0039, -2.6213 2.1435 0.0079, -2.6057 2.1476 0.0079, -2.6057 2.1476 0.0039, -2.5685 2.1612 0.0079, -2.5685 2.1612 0.0039, -2.5543 2.1709 0.0079, -2.5543 2.1709 0.0039, -2.5457 2.1805 0.0079, -2.5457 2.1805 0.0039, -2.5391 2.193 0.0079, -2.5391 2.193 0.0039, -2.5337 2.2115 0.0079, -2.5337 2.2115 0.0039, -2.6755 2.1561 0.0039, -2.6755 2.1561 0.0079, -2.6491 2.1463 0.0079, -2.6491 2.1463 0.0039, -2.6755 2.1777 0.0039, -2.6755 2.1777 0.0079, -2.6249 2.1651 0.0039, -2.6249 2.1651 0.0079, -2.6511 2.168 0.0079, -2.6511 2.168 0.0039, -2.5554 2.2423 0.0039, -2.5554 2.2423 0.0079, -2.5601 2.2184 0.0079, -2.5601 2.2184 0.0039, -2.567 2.1977 0.0079, -2.567 2.1977 0.0039, -2.5736 2.1871 0.0079, -2.5736 2.1871 0.0039, -2.5797 2.1811 0.0079, -2.5797 2.1811 0.0039, -2.589 2.1754 0.0079, -2.589 2.1754 0.0039, -2.6029 2.1703 0.0079, -2.6029 2.1703 0.0039, -2.6196 2.3208 0.0079, -2.6196 2.3208 0.0039, -2.5873 2.3084 0.0079, -2.5873 2.3084 0.0039, -2.5754 2.3001 0.0079, -2.5754 2.3001 0.0039, -2.5685 2.2921 0.0079, -2.5685 2.2921 0.0039, -2.5632 2.2816 0.0079, -2.5632 2.2816 0.0039, -2.5589 2.2664 0.0079, -2.5589 2.2664 0.0039, -2.4114 2.1459 0.0039, -2.4114 2.1459 0.0079, -2.4114 2.3428 0.0039, -2.4114 2.3428 0.0079, -2.5122 2.1459 0.0039, -2.5122 2.1459 0.0079, -2.5122 2.1675 0.0039, -2.5122 2.1675 0.0079, -2.4378 2.1675 0.0039, -2.4378 2.1675 0.0079, -2.4378 2.3428 0.0039, -2.4378 2.3428 0.0079
            ]
        }
        coordIndex [
            0,1,2,-1,2,1,3,-1,4,5,0,-1,0,5,1,-1,6,7,4,-1,4,7,5,-1,8,9,6,-1,6,9,7,-1,10,11,8,-1,8,11,9,-1,12,13,10,-1,10,13,11,-1,14,15,12,-1,12,15,13,-1,14,2,15,-1,15,2,3,-1,16,17,13,-1,15,3,1,-1,18,11,19,-1,19,11,13,-1,19,13,20,-1,20,13,17,-1,13,15,16,-1,16,15,1,-1,16,1,21,-1,21,1,5,-1,18,22,11,-1,11,22,21,-1,11,21,9,-1,9,21,5,-1,9,5,7,-1,16,23,17,-1,17,23,24,-1,21,25,16,-1,16,25,23,-1,22,26,21,-1,21,26,25,-1,26,22,18,-1,26,18,27,-1,27,18,19,-1,27,19,28,-1,28,19,20,-1,28,20,29,-1,29,20,17,-1,29,17,24,-1,30,31,32,-1,32,31,33,-1,34,35,30,-1,30,35,31,-1,36,37,38,-1,36,38,39,-1,39,38,40,-1,39,40,41,-1,41,40,42,-1,41,42,43,-1,43,42,44,-1,43,44,45,-1,45,44,46,-1,45,46,47,-1,47,46,48,-1,47,48,49,-1,49,48,35,-1,49,35,34,-1,50,51,52,-1,50,52,53,-1,53,52,54,-1,53,54,55,-1,55,54,56,-1,55,56,57,-1,57,56,58,-1,57,58,59,-1,59,58,60,-1,59,60,61,-1,61,60,62,-1,61,62,63,-1,63,62,37,-1,63,37,36,-1,50,32,51,-1,51,32,33,-1,64,65,37,-1,37,65,38,-1,38,65,66,-1,38,66,40,-1,66,67,40,-1,40,67,68,-1,40,68,42,-1,42,68,69,-1,42,69,44,-1,44,69,70,-1,44,70,46,-1,46,70,71,-1,37,62,64,-1,64,62,60,-1,64,60,72,-1,72,60,58,-1,72,58,73,-1,73,58,56,-1,73,56,74,-1,74,56,54,-1,74,54,75,-1,75,54,76,-1,76,54,52,-1,76,52,77,-1,77,52,51,-1,77,51,78,-1,78,51,33,-1,78,33,79,-1,79,33,31,-1,79,31,80,-1,80,31,35,-1,80,35,71,-1,71,35,48,-1,71,48,46,-1,81,65,64,-1,81,64,82,-1,82,64,72,-1,82,72,83,-1,83,72,73,-1,83,73,84,-1,84,73,74,-1,84,74,85,-1,85,74,75,-1,85,75,86,-1,86,75,76,-1,86,76,87,-1,87,76,77,-1,87,77,88,-1,78,89,77,-1,77,89,88,-1,79,90,78,-1,78,90,89,-1,80,91,79,-1,79,91,90,-1,91,80,71,-1,91,71,92,-1,92,71,70,-1,92,70,93,-1,93,70,69,-1,93,69,94,-1,94,69,68,-1,94,68,95,-1,95,68,67,-1,95,67,96,-1,96,67,66,-1,96,66,97,-1,97,66,65,-1,97,65,81,-1,98,99,100,-1,100,99,101,-1,102,103,98,-1,98,103,99,-1,104,105,102,-1,102,105,103,-1,106,107,104,-1,104,107,105,-1,108,109,106,-1,106,109,107,-1,110,111,108,-1,108,111,109,-1,112,113,110,-1,110,113,111,-1,114,115,112,-1,112,115,113,-1,116,117,114,-1,114,117,115,-1,118,119,116,-1,116,119,117,-1,120,121,118,-1,118,121,119,-1,120,100,121,-1,121,100,101,-1,115,117,113,-1,113,117,119,-1,101,99,121,-1,121,99,103,-1,107,109,105,-1,105,109,111,-1,105,111,103,-1,103,111,113,-1,103,113,121,-1,121,113,119,-1,122,123,124,-1,122,124,125,-1,125,124,126,-1,125,126,127,-1,128,129,122,-1,122,129,123,-1,130,131,132,-1,130,132,133,-1,133,132,129,-1,133,129,128,-1,134,135,136,-1,134,136,137,-1,137,136,138,-1,137,138,139,-1,139,138,140,-1,139,140,141,-1,141,140,142,-1,141,142,143,-1,143,142,144,-1,143,144,145,-1,145,144,146,-1,145,146,147,-1,147,146,131,-1,147,131,130,-1,148,149,150,-1,148,150,151,-1,151,150,152,-1,151,152,153,-1,153,152,154,-1,153,154,155,-1,155,154,156,-1,155,156,157,-1,157,156,158,-1,157,158,159,-1,159,158,160,-1,159,160,161,-1,161,160,135,-1,161,135,134,-1,162,163,164,-1,162,164,165,-1,165,164,149,-1,165,149,148,-1,166,167,162,-1,162,167,163,-1,168,169,170,-1,168,170,171,-1,171,170,167,-1,171,167,166,-1,172,173,174,-1,172,174,175,-1,175,174,176,-1,175,176,177,-1,177,176,178,-1,177,178,179,-1,179,178,180,-1,179,180,181,-1,181,180,182,-1,181,182,183,-1,183,182,184,-1,183,184,185,-1,185,184,169,-1,185,169,168,-1,127,126,186,-1,127,186,187,-1,187,186,188,-1,187,188,189,-1,189,188,190,-1,189,190,191,-1,191,190,192,-1,191,192,193,-1,193,192,194,-1,193,194,195,-1,195,194,196,-1,195,196,197,-1,197,196,173,-1,197,173,172,-1,123,129,124,-1,124,129,132,-1,124,132,126,-1,126,132,131,-1,126,131,186,-1,186,131,146,-1,186,146,188,-1,174,158,176,-1,176,158,156,-1,176,156,178,-1,178,156,154,-1,178,154,180,-1,180,154,152,-1,146,144,188,-1,188,144,142,-1,188,142,190,-1,190,142,140,-1,190,140,192,-1,192,140,138,-1,192,138,194,-1,163,167,164,-1,164,167,170,-1,164,170,149,-1,149,170,169,-1,149,169,150,-1,150,169,184,-1,150,184,152,-1,152,184,182,-1,152,182,180,-1,194,138,196,-1,196,138,136,-1,196,136,173,-1,173,136,135,-1,173,135,174,-1,174,135,160,-1,174,160,158,-1,198,199,200,-1,200,199,201,-1,202,203,198,-1,198,203,199,-1,204,205,202,-1,202,205,203,-1,206,207,204,-1,204,207,205,-1,208,209,206,-1,206,209,207,-1,208,200,209,-1,209,200,201,-1,209,201,207,-1,207,201,199,-1,207,199,205,-1,205,199,203,-1,
        ]
    }
}
Shape{
    appearance Appearance {
        material  Material 	{
            diffuseColor 0.0 0.5019607843137255 0.0
            specularColor 0.0 0.25098039215686274 0.0
            ambientIntensity 0.2947
            transparency 0.0
            shininess 0.5
        }
    }
    geometry IndexedFaceSet {
        ccw TRUE
        solid FALSE
        coord DEF co Coordinate {
            point [
                -3.085 2.2228 0.0039, -3.1508 2.2228 0.0039, -3.1144 2.305 0.0039, -3.1212 2.305 0.0039, -3.1163 2.3118 0.0039, -3.1195 2.3119 0.0039, -3.1175 2.3188 0.0039, -2.9133 2.3212 0.0039, -2.8843 2.3212 0.0039, -2.9863 2.2226 0.0039, -2.982 2.2075 0.0039, -2.951 2.3135 0.0039, -2.9363 2.3176 0.0039, -2.9834 2.2729 0.0039, -2.9899 2.2463 0.0039, -2.8843 2.1675 0.0039, -2.9123 2.1675 0.0039, -2.9399 2.1742 0.0039, -2.9601 2.1824 0.0039, -2.9704 2.1897 0.0039, -2.9768 2.1972 0.0039, -2.961 2.3085 0.0039, -2.9754 2.2924 0.0039, -2.9682 2.3024 0.0039
            ]
        }
        coordIndex [
            0,1,2,-1,2,1,3,-1,2,3,4,-1,4,3,5,-1,4,5,6,-1,7,8,9,-1,9,8,10,-1,11,12,13,-1,7,9,12,-1,12,9,14,-1,12,14,13,-1,15,16,8,-1,8,16,17,-1,8,17,18,-1,18,19,8,-1,8,19,20,-1,8,20,10,-1,11,13,21,-1,21,13,22,-1,21,22,23,-1,
        ]
    }
}