ISO-10303-21;
HEADER;
FILE_DESCRIPTION (( 'STEP AP214' ),
    '1' );
FILE_NAME ('SOT-363_L2.1-W1.3-P0.65-LS2.1-BL.STEP',
    '2021-09-15T08:05:10',
    ( 'PC' ),
    ( 'Microsoft' ),
    'SwSTEP 2.0',
    'SolidWorks 2018',
    '' );
FILE_SCHEMA (( 'AUTOMOTIVE_DESIGN' ));
ENDSEC;

DATA;
#1 = VECTOR ( 'NONE', #390, 1000.000000000000000 ) ;
#2 = CARTESIAN_POINT ( 'NONE',  ( 0.1093993203721887048, 0.002579581033644717716, -0.4989999999999998881 ) ) ;
#3 = DIRECTION ( 'NONE',  ( 0.06958737431666477125, 0.06958737431666479900, 0.9951458157835084695 ) ) ;
#4 = SURFACE_STYLE_USAGE ( .BOTH. , #5046 ) ;
#5 = ORIENTED_EDGE ( 'NONE', *, *, #1146, .T. ) ;
#6 = SURFACE_SIDE_STYLE ('',( #5310 ) ) ;
#7 = DIRECTION ( 'NONE',  ( -0.0000000000000000000, -0.06975647374412545509, 0.9975640502598241977 ) ) ;
#8 = ORIENTED_EDGE ( 'NONE', *, *, #5667, .F. ) ;
#9 =( GEOMETRIC_REPRESENTATION_CONTEXT ( 3 ) GLOBAL_UNCERTAINTY_ASSIGNED_CONTEXT ( ( #2478 ) ) GLOBAL_UNIT_ASSIGNED_CONTEXT ( ( #5974, #4097, #927 ) ) REPRESENTATION_CONTEXT ( 'NONE', 'WORKASPACE' ) );
#10 = ORIENTED_EDGE ( 'NONE', *, *, #7176, .F. ) ;
#11 = SURFACE_STYLE_USAGE ( .BOTH. , #6302 ) ;
#12 = CARTESIAN_POINT ( 'NONE',  ( -0.2064298406969292121, -0.008455146906603282220, -0.4989999999999999991 ) ) ;
#13 = EDGE_CURVE ( 'NONE', #7143, #6329, #5716, .T. ) ;
#14 = FACE_OUTER_BOUND ( 'NONE', #3746, .T. ) ;
#15 =( GEOMETRIC_REPRESENTATION_CONTEXT ( 3 ) GLOBAL_UNCERTAINTY_ASSIGNED_CONTEXT ( ( #192 ) ) GLOBAL_UNIT_ASSIGNED_CONTEXT ( ( #216, #858, #2689 ) ) REPRESENTATION_CONTEXT ( 'NONE', 'WORKASPACE' ) );
#16 = DIRECTION ( 'NONE',  ( 0.0000000000000000000, -0.0000000000000000000, -1.000000000000000000 ) ) ;
#17 = SURFACE_STYLE_USAGE ( .BOTH. , #3759 ) ;
#18 = CARTESIAN_POINT ( 'NONE',  ( -0.1267504181890829473, 0.03591335864084310714, -0.4989999999999999991 ) ) ;
#19 = CYLINDRICAL_SURFACE ( 'NONE', #7257, 0.2100000000000000200 ) ;
#20 = CARTESIAN_POINT ( 'NONE',  ( 0.04275070656651607653, 0.05223802068341153876, -0.4989999999999999991 ) ) ;
#21 = CARTESIAN_POINT ( 'NONE',  ( -0.2356790785018072487, -0.04747953715050572815, -0.4989999999999999991 ) ) ;
#22 = PRESENTATION_LAYER_ASSIGNMENT (  '', '', ( #4254 ) ) ;
#23 = AXIS2_PLACEMENT_3D ( 'NONE', #3185, #636, #4492 ) ;
#24 = FILL_AREA_STYLE ('',( #7637 ) ) ;
#25 = DIRECTION ( 'NONE',  ( 0.0000000000000000000, 0.0000000000000000000, -1.000000000000000000 ) ) ;
#26 =( LENGTH_UNIT ( ) NAMED_UNIT ( * ) SI_UNIT ( .MILLI., .METRE. ) );
#27 = CARTESIAN_POINT ( 'NONE',  ( 0.09349525344770563684, 0.01846311052229677660, -0.5000000000000001110 ) ) ;
#28 = FILL_AREA_STYLE ('',( #51 ) ) ;
#29 = EDGE_CURVE ( 'NONE', #5227, #5437, #6414, .T. ) ;
#30 = AXIS2_PLACEMENT_3D ( 'NONE', #1866, #4463, #1300 ) ;
#31 = DIRECTION ( 'NONE',  ( 0.0000000000000000000, 0.0000000000000000000, 1.000000000000000000 ) ) ;
#32 = CIRCLE ( 'NONE', #683, 0.05000000000000002359 ) ;
#33 = PRESENTATION_LAYER_ASSIGNMENT (  '', '', ( #7861 ) ) ;
#34 = SURFACE_STYLE_USAGE ( .BOTH. , #6995 ) ;
#35 = EDGE_CURVE ( 'NONE', #194, #1603, #1286, .T. ) ;
#36 = CARTESIAN_POINT ( 'NONE',  ( 0.7599999999999998979, 0.8300000000000011813, -0.04000000000000077105 ) ) ;
#37 = UNCERTAINTY_MEASURE_WITH_UNIT (LENGTH_MEASURE( 1.000000000000000082E-05 ), #3256, 'distance_accuracy_value', 'NONE');
#38 = SURFACE_STYLE_USAGE ( .BOTH. , #3181 ) ;
#39 = VERTEX_POINT ( 'NONE', #197 ) ;
#40 = EDGE_CURVE ( 'NONE', #7957, #3883, #900, .T. ) ;
#41 = CIRCLE ( 'NONE', #7964, 0.2100000000000000477 ) ;
#42 =( LENGTH_UNIT ( ) NAMED_UNIT ( * ) SI_UNIT ( .MILLI., .METRE. ) );
#43 =( NAMED_UNIT ( * ) PLANE_ANGLE_UNIT ( ) SI_UNIT ( $, .RADIAN. ) );
#44 = STYLED_ITEM ( 'NONE', ( #8155 ), #1018 ) ;
#45 = EDGE_CURVE ( 'NONE', #1033, #5186, #4752, .T. ) ;
#46 = SURFACE_SIDE_STYLE ('',( #4942 ) ) ;
#47 = CARTESIAN_POINT ( 'NONE',  ( -0.9932890422343532144, -0.5434108397213619490, -0.4534878236872062485 ) ) ;
#48 = FILL_AREA_STYLE ('',( #5756 ) ) ;
#49 = FACE_OUTER_BOUND ( 'NONE', #3751, .T. ) ;
#50 = EDGE_CURVE ( 'NONE', #3307, #1603, #3233, .T. ) ;
#51 = FILL_AREA_STYLE_COLOUR ( '', #2767 ) ;
#52 = DIRECTION ( 'NONE',  ( -1.000000000000000000, 0.0000000000000000000, -0.0000000000000000000 ) ) ;
#53 = DIRECTION ( 'NONE',  ( -1.000000000000000000, 0.0000000000000000000, -0.0000000000000000000 ) ) ;
#54 = PRESENTATION_STYLE_ASSIGNMENT (( #3815 ) ) ;
#55 = SURFACE_SIDE_STYLE ('',( #156 ) ) ;
#56 = VERTEX_POINT ( 'NONE', #5861 ) ;
#57 = CARTESIAN_POINT ( 'NONE',  ( 0.7599999999999998979, 0.6200000000000012168, 0.1699999999999999845 ) ) ;
#58 = DIRECTION ( 'NONE',  ( 0.0000000000000000000, 1.000000000000000000, 0.0000000000000000000 ) ) ;
#59 = VECTOR ( 'NONE', #5941, 1000.000000000000000 ) ;
#60 = CARTESIAN_POINT ( 'NONE',  ( -0.9693103244973882981, -0.5693103244973883870, -0.07962011199725567423 ) ) ;
#61 = MECHANICAL_DESIGN_GEOMETRIC_PRESENTATION_REPRESENTATION (  '', ( #5060 ), #5311 ) ;
#62 = ORIENTED_EDGE ( 'NONE', *, *, #8248, .T. ) ;
#63 = PRESENTATION_LAYER_ASSIGNMENT (  '', '', ( #4298 ) ) ;
#64 = CARTESIAN_POINT ( 'NONE',  ( 0.7599999999999998979, 0.8700000000000002176, -0.3899999999999999578 ) ) ;
#65 = DIRECTION ( 'NONE',  ( 0.0000000000000000000, 0.0000000000000000000, -1.000000000000000000 ) ) ;
#66 = DIRECTION ( 'NONE',  ( -0.9975640502598243087, 0.0000000000000000000, 0.06975647374412546897 ) ) ;
#67 = PRESENTATION_STYLE_ASSIGNMENT (( #249 ) ) ;
#68 = DIRECTION ( 'NONE',  ( 1.000000000000000000, 0.0000000000000000000, 0.0000000000000000000 ) ) ;
#69 = CARTESIAN_POINT ( 'NONE',  ( 0.1691989702786806105, 0.05252046284949429128, -0.4989999999999999991 ) ) ;
#70 = PRESENTATION_LAYER_ASSIGNMENT (  '', '', ( #2609 ) ) ;
#71 = ORIENTED_EDGE ( 'NONE', *, *, #1823, .T. ) ;
#72 = ORIENTED_EDGE ( 'NONE', *, *, #7011, .F. ) ;
#73 = SURFACE_SIDE_STYLE ('',( #2032 ) ) ;
#74 =( GEOMETRIC_REPRESENTATION_CONTEXT ( 3 ) GLOBAL_UNCERTAINTY_ASSIGNED_CONTEXT ( ( #4707 ) ) GLOBAL_UNIT_ASSIGNED_CONTEXT ( ( #4262, #4202, #3643 ) ) REPRESENTATION_CONTEXT ( 'NONE', 'WORKASPACE' ) );
#75 = CARTESIAN_POINT ( 'NONE',  ( -0.9753633278277478169, 0.5753633278277474616, -0.006941868480981561347 ) ) ;
#76 = ORIENTED_EDGE ( 'NONE', *, *, #8137, .F. ) ;
#77 = FACE_OUTER_BOUND ( 'NONE', #3735, .T. ) ;
#78 = CARTESIAN_POINT ( 'NONE',  ( 0.9504035209157125630, -0.5504035209157127628, 0.3499999999999999778 ) ) ;
#79 = MECHANICAL_DESIGN_GEOMETRIC_PRESENTATION_REPRESENTATION (  '', ( #7489 ), #523 ) ;
#80 =( NAMED_UNIT ( * ) SI_UNIT ( $, .STERADIAN. ) SOLID_ANGLE_UNIT ( ) );
#81 = EDGE_CURVE ( 'NONE', #5288, #3785, #6126, .T. ) ;
#82 = COLOUR_RGB ( '',1.000000000000000000, 1.000000000000000000, 1.000000000000000000 ) ;
#83 = CARTESIAN_POINT ( 'NONE',  ( -0.09406198702470033868, 0.04101295253280457659, -0.4989999999999999991 ) ) ;
#84 = ORIENTED_EDGE ( 'NONE', *, *, #3173, .T. ) ;
#85 = SURFACE_STYLE_FILL_AREA ( #7500 ) ;
#86 = VERTEX_POINT ( 'NONE', #2697 ) ;
#87 = SURFACE_STYLE_FILL_AREA ( #2435 ) ;
#88 = ORIENTED_EDGE ( 'NONE', *, *, #5107, .F. ) ;
#89 = CARTESIAN_POINT ( 'NONE',  ( 0.1094428727177049754, 0.0006340299226650141992, -0.5000000000000000000 ) ) ;
#90 = CARTESIAN_POINT ( 'NONE',  ( 0.05858540320550985336, 0.05373997504461623664, -0.5000000000000000000 ) ) ;
#91 = ADVANCED_FACE ( 'NONE', ( #6013 ), #2674, .T. ) ;
#92 = DIRECTION ( 'NONE',  ( -0.0000000000000000000, 1.000000000000000000, -0.0000000000000000000 ) ) ;
#93 = ORIENTED_EDGE ( 'NONE', *, *, #1451, .F. ) ;
#94 = SURFACE_STYLE_FILL_AREA ( #5261 ) ;
#95 = ORIENTED_EDGE ( 'NONE', *, *, #7397, .F. ) ;
#96 = PRESENTATION_LAYER_ASSIGNMENT (  '', '', ( #7921 ) ) ;
#97 = SURFACE_STYLE_FILL_AREA ( #2417 ) ;
#98 =( NAMED_UNIT ( * ) PLANE_ANGLE_UNIT ( ) SI_UNIT ( $, .RADIAN. ) );
#99 = DIRECTION ( 'NONE',  ( -0.0000000000000000000, -0.0000000000000000000, -1.000000000000000000 ) ) ;
#100 = CARTESIAN_POINT ( 'NONE',  ( -0.1267605573332183100, -0.02991207411212015374, -0.5000000000000002220 ) ) ;
#101 = EDGE_CURVE ( 'NONE', #165, #6115, #1794, .T. ) ;
#102 = SURFACE_STYLE_USAGE ( .BOTH. , #7716 ) ;
#103 = CYLINDRICAL_SURFACE ( 'NONE', #432, 0.05000000000000000971 ) ;
#104 = VERTEX_POINT ( 'NONE', #7183 ) ;
#105 = DIRECTION ( 'NONE',  ( -0.0000000000000000000, -0.0000000000000000000, -1.000000000000000000 ) ) ;
#106 = VECTOR ( 'NONE', #8117, 1000.000000000000000 ) ;
#107 = FILL_AREA_STYLE_COLOUR ( '', #4198 ) ;
#108 = PRESENTATION_STYLE_ASSIGNMENT (( #4725 ) ) ;
#109 =( LENGTH_UNIT ( ) NAMED_UNIT ( * ) SI_UNIT ( .MILLI., .METRE. ) );
#110 = VERTEX_POINT ( 'NONE', #3292 ) ;
#111 = SURFACE_SIDE_STYLE ('',( #1353 ) ) ;
#112 = DIRECTION ( 'NONE',  ( 0.06958737431666421613, 0.06958737431666467410, -0.9951458157835085805 ) ) ;
#113 = LINE ( 'NONE', #3953, #7979 ) ;
#114 =( GEOMETRIC_REPRESENTATION_CONTEXT ( 3 ) GLOBAL_UNCERTAINTY_ASSIGNED_CONTEXT ( ( #8244 ) ) GLOBAL_UNIT_ASSIGNED_CONTEXT ( ( #624, #1282, #4989 ) ) REPRESENTATION_CONTEXT ( 'NONE', 'WORKASPACE' ) );
#115 =( NAMED_UNIT ( * ) SI_UNIT ( $, .STERADIAN. ) SOLID_ANGLE_UNIT ( ) );
#116 = DIRECTION ( 'NONE',  ( 0.0000000000000000000, 0.0000000000000000000, 1.000000000000000000 ) ) ;
#117 = STYLED_ITEM ( 'NONE', ( #7037 ), #6006 ) ;
#118 = DIRECTION ( 'NONE',  ( -2.173699367380197583E-15, -1.000000000000000000, 0.0000000000000000000 ) ) ;
#119 = CARTESIAN_POINT ( 'NONE',  ( -0.5400000000000000355, 0.8700000000000001066, -0.5499999999999999334 ) ) ;
#120 = DIRECTION ( 'NONE',  ( 0.0000000000000000000, 0.0000000000000000000, -1.000000000000000000 ) ) ;
#121 = CARTESIAN_POINT ( 'NONE',  ( -0.9751217974870091121, -0.6250000000000001110, 0.0000000000000000000 ) ) ;
#122 = FILL_AREA_STYLE ('',( #1360 ) ) ;
#123 = AXIS2_PLACEMENT_3D ( 'NONE', #278, #2809, #4100 ) ;
#124 = STYLED_ITEM ( 'NONE', ( #4080 ), #2329 ) ;
#125 = ADVANCED_FACE ( 'NONE', ( #3146 ), #1448, .F. ) ;
#126 = SURFACE_STYLE_FILL_AREA ( #7245 ) ;
#127 = ORIENTED_EDGE ( 'NONE', *, *, #7649, .F. ) ;
#128 = CARTESIAN_POINT ( 'NONE',  ( 0.08746955903968285650, 0.04559480510109203272, -0.4990000000000001101 ) ) ;
#129 = SURFACE_STYLE_USAGE ( .BOTH. , #6480 ) ;
#130 = CARTESIAN_POINT ( 'NONE',  ( 0.06122067335434576429, -0.04868324896458837980, -0.4989999999999999991 ) ) ;
#131 =( NAMED_UNIT ( * ) PLANE_ANGLE_UNIT ( ) SI_UNIT ( $, .RADIAN. ) );
#132 = EDGE_CURVE ( 'NONE', #6558, #170, #5909, .T. ) ;
#133 = VECTOR ( 'NONE', #3372, 1000.000000000000000 ) ;
#134 = DIRECTION ( 'NONE',  ( -1.000000000000000000, 0.0000000000000000000, -0.0000000000000000000 ) ) ;
#135 = ORIENTED_EDGE ( 'NONE', *, *, #892, .T. ) ;
#136 = UNCERTAINTY_MEASURE_WITH_UNIT (LENGTH_MEASURE( 1.000000000000000082E-05 ), #3917, 'distance_accuracy_value', 'NONE');
#137 = LINE ( 'NONE', #1654, #1843 ) ;
#138 = PRESENTATION_LAYER_ASSIGNMENT (  '', '', ( #4579 ) ) ;
#139 = VERTEX_POINT ( 'NONE', #4675 ) ;
#140 = CARTESIAN_POINT ( 'NONE',  ( -1.025000000000000355, -0.6250000000000001110, 0.0000000000000000000 ) ) ;
#141 = AXIS2_PLACEMENT_3D ( 'NONE', #2961, #6698, #7421 ) ;
#142 = EDGE_CURVE ( 'NONE', #5047, #7567, #2459, .T. ) ;
#143 =( NAMED_UNIT ( * ) SI_UNIT ( $, .STERADIAN. ) SOLID_ANGLE_UNIT ( ) );
#144 = LINE ( 'NONE', #7689, #2426 ) ;
#145 = CARTESIAN_POINT ( 'NONE',  ( -0.5400000000000000355, 0.8700000000000001066, -0.3500000000000000333 ) ) ;
#146 = EDGE_CURVE ( 'NONE', #6680, #6023, #3437, .T. ) ;
#147 = ORIENTED_EDGE ( 'NONE', *, *, #4281, .F. ) ;
#148 = VECTOR ( 'NONE', #5487, 1000.000000000000000 ) ;
#149 = CARTESIAN_POINT ( 'NONE',  ( -1.004369139644411435, 0.6249999999999997780, -6.860966872759832746E-17 ) ) ;
#150 = LINE ( 'NONE', #648, #3105 ) ;
#151 = DIRECTION ( 'NONE',  ( 0.0000000000000000000, 0.0000000000000000000, -1.000000000000000000 ) ) ;
#152 = DIRECTION ( 'NONE',  ( -0.0000000000000000000, -0.0000000000000000000, -1.000000000000000000 ) ) ;
#153 =( NAMED_UNIT ( * ) SI_UNIT ( $, .STERADIAN. ) SOLID_ANGLE_UNIT ( ) );
#154 = VECTOR ( 'NONE', #2509, 1000.000000000000114 ) ;
#155 = VERTEX_POINT ( 'NONE', #4099 ) ;
#156 = SURFACE_STYLE_FILL_AREA ( #1251 ) ;
#157 = PRESENTATION_STYLE_ASSIGNMENT (( #6327 ) ) ;
#158 = SURFACE_SIDE_STYLE ('',( #7630 ) ) ;
#159 = VECTOR ( 'NONE', #526, 1000.000000000000000 ) ;
#160 = CARTESIAN_POINT ( 'NONE',  ( 0.06256787271770497538, -0.04869904934562768045, -0.5000000000000000000 ) ) ;
#161 = LINE ( 'NONE', #4261, #8021 ) ;
#162 = VERTEX_POINT ( 'NONE', #5975 ) ;
#163 = CARTESIAN_POINT ( 'NONE',  ( 0.06248333419868624256, 0.04267809434733423057, -0.4990000000000001101 ) ) ;
#164 = VECTOR ( 'NONE', #1670, 1000.000000000000000 ) ;
#165 = VERTEX_POINT ( 'NONE', #4766 ) ;
#166 = EDGE_CURVE ( 'NONE', #7802, #3640, #7944, .T. ) ;
#167 = SURFACE_STYLE_USAGE ( .BOTH. , #2084 ) ;
#168 = PRESENTATION_STYLE_ASSIGNMENT (( #239 ) ) ;
#169 = CARTESIAN_POINT ( 'NONE',  ( 0.08860967486581730612, -0.02442208082135553793, -0.4989999999999999991 ) ) ;
#170 = VERTEX_POINT ( 'NONE', #5384 ) ;
#171 = ADVANCED_FACE ( 'NONE', ( #7346 ), #5041, .F. ) ;
#172 = CARTESIAN_POINT ( 'NONE',  ( -0.1361199031405308513, -0.01233591788120192920, -0.4989999999999999991 ) ) ;
#173 = PRESENTATION_LAYER_ASSIGNMENT (  '', '', ( #4513 ) ) ;
#174 = EDGE_LOOP ( 'NONE', ( #7250, #6238, #5537, #6735 ) ) ;
#175 = VECTOR ( 'NONE', #3403, 1000.000000000000000 ) ;
#176 = VERTEX_POINT ( 'NONE', #7273 ) ;
#177 = COLOUR_RGB ( '',0.2509803921568627416, 0.2509803921568627416, 0.2509803921568627416 ) ;
#178 = PRESENTATION_STYLE_ASSIGNMENT (( #2205 ) ) ;
#179 = FACE_OUTER_BOUND ( 'NONE', #2905, .T. ) ;
#180 = CARTESIAN_POINT ( 'NONE',  ( -0.1221764134310956845, -0.01332473205395326606, -0.4990000000000001101 ) ) ;
#181 = DIRECTION ( 'NONE',  ( -1.000000000000000000, -0.0000000000000000000, -0.0000000000000000000 ) ) ;
#182 = EDGE_LOOP ( 'NONE', ( #5607, #7539, #6359, #834 ) ) ;
#183 = CARTESIAN_POINT ( 'NONE',  ( -0.1879084992335145754, 0.03331314577632354251, -0.5000000000000000000 ) ) ;
#184 = CARTESIAN_POINT ( 'NONE',  ( 0.7599999999999998979, -0.8700000000000002176, -0.3899999999999999578 ) ) ;
#185 = COLOUR_RGB ( '',0.0000000000000000000, 0.0000000000000000000, 0.0000000000000000000 ) ;
#186 = ORIENTED_EDGE ( 'NONE', *, *, #3411, .F. ) ;
#187 = PLANE ( 'NONE',  #4086 ) ;
#188 = CARTESIAN_POINT ( 'NONE',  ( -0.1832400541115633552, 0.05252046284949429128, -0.4989999999999999991 ) ) ;
#189 = LINE ( 'NONE', #6736, #6627 ) ;
#190 = VERTEX_POINT ( 'NONE', #2838 ) ;
#191 = STYLED_ITEM ( 'NONE', ( #5140 ), #6643 ) ;
#192 = UNCERTAINTY_MEASURE_WITH_UNIT (LENGTH_MEASURE( 1.000000000000000082E-05 ), #216, 'distance_accuracy_value', 'NONE');
#193 = CARTESIAN_POINT ( 'NONE',  ( 0.09144867475734205775, 0.04261276282033241852, -0.4999999999999998890 ) ) ;
#194 = VERTEX_POINT ( 'NONE', #975 ) ;
#195 = SURFACE_STYLE_USAGE ( .BOTH. , #2640 ) ;
#196 = ORIENTED_EDGE ( 'NONE', *, *, #383, .T. ) ;
#197 = CARTESIAN_POINT ( 'NONE',  ( 0.1100000000000000006, -0.8700000000000002176, -0.3899999999999999578 ) ) ;
#198 = ORIENTED_EDGE ( 'NONE', *, *, #7912, .T. ) ;
#199 = VERTEX_POINT ( 'NONE', #3490 ) ;
#200 = LINE ( 'NONE', #427, #1898 ) ;
#201 = SURFACE_STYLE_USAGE ( .BOTH. , #5864 ) ;
#202 = EDGE_CURVE ( 'NONE', #1303, #7099, #4632, .T. ) ;
#203 = FACE_OUTER_BOUND ( 'NONE', #926, .T. ) ;
#204 = CARTESIAN_POINT ( 'NONE',  ( 0.1100000000000000006, -0.6700000000000012612, -0.04000000000000020900 ) ) ;
#205 = VERTEX_POINT ( 'NONE', #7977 ) ;
#206 = CARTESIAN_POINT ( 'NONE',  ( 0.7599999999999998979, -0.8700000000000001066, -0.3500000000000000333 ) ) ;
#207 = CARTESIAN_POINT ( 'NONE',  ( 0.7599999999999998979, -1.050000000000000044, -0.5500000000000000444 ) ) ;
#208 = CARTESIAN_POINT ( 'NONE',  ( 0.5400000000000000355, 0.8700000000000001066, -0.3500000000000000333 ) ) ;
#209 = CARTESIAN_POINT ( 'NONE',  ( -0.08673568068751291715, -0.04744490661289017114, -0.4999999999999996669 ) ) ;
#210 = ORIENTED_EDGE ( 'NONE', *, *, #3462, .F. ) ;
#211 = MECHANICAL_DESIGN_GEOMETRIC_PRESENTATION_REPRESENTATION (  '', ( #5033 ), #637 ) ;
#212 = ORIENTED_EDGE ( 'NONE', *, *, #1064, .T. ) ;
#213 = MECHANICAL_DESIGN_GEOMETRIC_PRESENTATION_REPRESENTATION (  '', ( #4001 ), #1063 ) ;
#214 = CARTESIAN_POINT ( 'NONE',  ( -0.1233079153138167267, -0.009483856043712948769, -0.5000000000000000000 ) ) ;
#215 = SURFACE_SIDE_STYLE ('',( #3424 ) ) ;
#216 =( LENGTH_UNIT ( ) NAMED_UNIT ( * ) SI_UNIT ( .MILLI., .METRE. ) );
#217 = EDGE_CURVE ( 'NONE', #1497, #3307, #4940, .T. ) ;
#218 =( NAMED_UNIT ( * ) SI_UNIT ( $, .STERADIAN. ) SOLID_ANGLE_UNIT ( ) );
#219 = DIRECTION ( 'NONE',  ( 0.0000000000000000000, 0.0000000000000000000, -1.000000000000000000 ) ) ;
#220 = SURFACE_STYLE_FILL_AREA ( #7970 ) ;
#221 = EDGE_CURVE ( 'NONE', #1245, #1895, #2355, .T. ) ;
#222 = ADVANCED_FACE ( 'NONE', ( #679 ), #3329, .F. ) ;
#223 = CARTESIAN_POINT ( 'NONE',  ( 0.07407381330550553977, 0.05177333191753711455, -0.4990000000000002212 ) ) ;
#224 = PLANE ( 'NONE',  #8136 ) ;
#225 = DIRECTION ( 'NONE',  ( 0.0000000000000000000, 0.0000000000000000000, -1.000000000000000000 ) ) ;
#226 = CARTESIAN_POINT ( 'NONE',  ( -1.025000000000000355, 0.6249999999999998890, 0.0000000000000000000 ) ) ;
#227 = DIRECTION ( 'NONE',  ( 0.0000000000000000000, 0.0000000000000000000, -1.000000000000000000 ) ) ;
#228 = CARTESIAN_POINT ( 'NONE',  ( -0.1454351760627828616, -0.04747953715050572815, -0.4989999999999999991 ) ) ;
#229 = MECHANICAL_DESIGN_GEOMETRIC_PRESENTATION_REPRESENTATION (  '', ( #7621 ), #7705 ) ;
#230 = SURFACE_STYLE_USAGE ( .BOTH. , #3988 ) ;
#231 = FILL_AREA_STYLE_COLOUR ( '', #2656 ) ;
#232 =( LENGTH_UNIT ( ) NAMED_UNIT ( * ) SI_UNIT ( .MILLI., .METRE. ) );
#233 = CARTESIAN_POINT ( 'NONE',  ( 0.06071954954697326295, -0.03772343958953011667, -0.4989999999999999991 ) ) ;
#234 = APPLICATION_PROTOCOL_DEFINITION ( 'draft international standard', 'automotive_design', 1998, #5872 ) ;
#235 = DIRECTION ( 'NONE',  ( -1.000000000000000000, 0.0000000000000000000, 0.0000000000000000000 ) ) ;
#236 = UNCERTAINTY_MEASURE_WITH_UNIT (LENGTH_MEASURE( 1.000000000000000082E-05 ), #837, 'distance_accuracy_value', 'NONE');
#237 = PRESENTATION_LAYER_ASSIGNMENT (  '', '', ( #117 ) ) ;
#238 = CARTESIAN_POINT ( 'NONE',  ( 0.09548004036269795713, -0.007031985662470596754, -0.4999999999999998890 ) ) ;
#239 = SURFACE_STYLE_USAGE ( .BOTH. , #4003 ) ;
#240 = DIRECTION ( 'NONE',  ( 0.9466707760722535836, 0.3222024856061125875, -0.0000000000000000000 ) ) ;
#241 = CARTESIAN_POINT ( 'NONE',  ( -0.1100000000000000006, -0.6200000000000012168, 0.1699999999999999845 ) ) ;
#242 = ORIENTED_EDGE ( 'NONE', *, *, #922, .F. ) ;
#243 = ORIENTED_EDGE ( 'NONE', *, *, #2997, .T. ) ;
#244 =( NAMED_UNIT ( * ) PLANE_ANGLE_UNIT ( ) SI_UNIT ( $, .RADIAN. ) );
#245 = AXIS2_PLACEMENT_3D ( 'NONE', #208, #292, #5960 ) ;
#246 = STYLED_ITEM ( 'NONE', ( #6495 ), #2820 ) ;
#247 = PRESENTATION_STYLE_ASSIGNMENT (( #1519 ) ) ;
#248 = EDGE_CURVE ( 'NONE', #6178, #2047, #7022, .T. ) ;
#249 = SURFACE_STYLE_USAGE ( .BOTH. , #5947 ) ;
#250 = UNCERTAINTY_MEASURE_WITH_UNIT (LENGTH_MEASURE( 1.000000000000000082E-05 ), #1672, 'distance_accuracy_value', 'NONE');
#251 = ORIENTED_EDGE ( 'NONE', *, *, #3718, .F. ) ;
#252 =( NAMED_UNIT ( * ) SI_UNIT ( $, .STERADIAN. ) SOLID_ANGLE_UNIT ( ) );
#253 = ADVANCED_FACE ( 'NONE', ( #1692 ), #6828, .T. ) ;
#254 = CARTESIAN_POINT ( 'NONE',  ( -0.1221764134310956845, -0.01332473205395326606, -0.4990000000000001101 ) ) ;
#255 = STYLED_ITEM ( 'NONE', ( #5332 ), #4696 ) ;
#256 = LINE ( 'NONE', #4578, #7515 ) ;
#257 = CARTESIAN_POINT ( 'NONE',  ( 0.05713104964098835586, -0.03767632547566425461, -0.4989999999999999991 ) ) ;
#258 = STYLED_ITEM ( 'NONE', ( #7986 ), #8099 ) ;
#259 = PRESENTATION_LAYER_ASSIGNMENT (  '', '', ( #5645 ) ) ;
#260 = DIRECTION ( 'NONE',  ( 1.000000000000000000, 0.0000000000000000000, 0.0000000000000000000 ) ) ;
#261 = CARTESIAN_POINT ( 'NONE',  ( 0.07171006227004821099, -0.03630563327983991201, -0.4989999999999998881 ) ) ;
#262 = ADVANCED_FACE ( 'NONE', ( #2062 ), #1027, .F. ) ;
#263 = CARTESIAN_POINT ( 'NONE',  ( -0.1895091089896121239, 0.04032534089827476825, -0.4989999999999999991 ) ) ;
#264 = FACE_OUTER_BOUND ( 'NONE', #4485, .T. ) ;
#265 = VERTEX_POINT ( 'NONE', #5516 ) ;
#266 = CARTESIAN_POINT ( 'NONE',  ( -0.1247034687457096586, 0.003492261629982082970, -0.5000000000000000000 ) ) ;
#267 = FILL_AREA_STYLE ('',( #6630 ) ) ;
#268 = FILL_AREA_STYLE ('',( #7059 ) ) ;
#269 = SURFACE_SIDE_STYLE ('',( #4404 ) ) ;
#270 = CARTESIAN_POINT ( 'NONE',  ( -0.7599999999999998979, 0.8300000000000011813, -0.04000000000000077105 ) ) ;
#271 = CARTESIAN_POINT ( 'NONE',  ( -0.1247034687457096586, 0.003492261629982082970, -0.4989999999999999991 ) ) ;
#272 = COLOUR_RGB ( '',0.0000000000000000000, 0.0000000000000000000, 0.0000000000000000000 ) ;
#273 = VERTEX_POINT ( 'NONE', #5444 ) ;
#274 = VECTOR ( 'NONE', #2004, 1000.000000000000114 ) ;
#275 = DIRECTION ( 'NONE',  ( 0.0000000000000000000, 0.0000000000000000000, 1.000000000000000000 ) ) ;
#276 = CIRCLE ( 'NONE', #4677, 0.1999999999999998723 ) ;
#277 = DIRECTION ( 'NONE',  ( -0.0000000000000000000, 0.06975647374412545509, 0.9975640502598241977 ) ) ;
#278 = CARTESIAN_POINT ( 'NONE',  ( -0.2210449321603438488, -0.04747953715050572815, -0.4989999999999999991 ) ) ;
#279 = AXIS2_PLACEMENT_3D ( 'NONE', #3113, #1876, #8205 ) ;
#280 = CARTESIAN_POINT ( 'NONE',  ( -0.5400000000000000355, -0.6200000000000012168, -0.04000000000000002859 ) ) ;
#281 = FACE_OUTER_BOUND ( 'NONE', #2209, .T. ) ;
#282 =( LENGTH_UNIT ( ) NAMED_UNIT ( * ) SI_UNIT ( .MILLI., .METRE. ) );
#283 = ORIENTED_EDGE ( 'NONE', *, *, #2816, .T. ) ;
#284 = VECTOR ( 'NONE', #4999, 1000.000000000000000 ) ;
#285 = ORIENTED_EDGE ( 'NONE', *, *, #2266, .F. ) ;
#286 = EDGE_CURVE ( 'NONE', #5886, #3689, #5233, .T. ) ;
#287 = SURFACE_STYLE_FILL_AREA ( #6159 ) ;
#288 = SURFACE_SIDE_STYLE ('',( #6752 ) ) ;
#289 = ORIENTED_EDGE ( 'NONE', *, *, #7682, .T. ) ;
#290 = CARTESIAN_POINT ( 'NONE',  ( -0.03811810289205114916, -0.03650392739440816436, -0.5000000000000000000 ) ) ;
#291 = CARTESIAN_POINT ( 'NONE',  ( -0.1913764870383926620, 0.03331314577632354945, -0.5000000000000000000 ) ) ;
#292 = DIRECTION ( 'NONE',  ( 1.000000000000000000, -0.0000000000000000000, 0.0000000000000000000 ) ) ;
#293 = LINE ( 'NONE', #7392, #4945 ) ;
#294 =( NAMED_UNIT ( * ) SI_UNIT ( $, .STERADIAN. ) SOLID_ANGLE_UNIT ( ) );
#295 = CARTESIAN_POINT ( 'NONE',  ( -0.1100000000000000006, 0.6700000000000012612, -0.04000000000000020900 ) ) ;
#296 = SURFACE_STYLE_FILL_AREA ( #3758 ) ;
#297 = MECHANICAL_DESIGN_GEOMETRIC_PRESENTATION_REPRESENTATION (  '', ( #6696 ), #3697 ) ;
#298 = EDGE_LOOP ( 'NONE', ( #402, #7362, #7141, #1379 ) ) ;
#299 = LINE ( 'NONE', #1760, #1971 ) ;
#300 = ORIENTED_EDGE ( 'NONE', *, *, #7880, .T. ) ;
#301 = ADVANCED_FACE ( 'NONE', ( #5426 ), #4906, .F. ) ;
#302 = STYLED_ITEM ( 'NONE', ( #7236 ), #4988 ) ;
#303 = VECTOR ( 'NONE', #485, 1000.000000000000000 ) ;
#304 = ORIENTED_EDGE ( 'NONE', *, *, #4093, .F. ) ;
#305 = AXIS2_PLACEMENT_3D ( 'NONE', #7857, #4670, #888 ) ;
#306 = CARTESIAN_POINT ( 'NONE',  ( -0.08482160898961210727, -0.04747953715050572815, -0.4989999999999999991 ) ) ;
#307 = UNCERTAINTY_MEASURE_WITH_UNIT (LENGTH_MEASURE( 1.000000000000000082E-05 ), #5479, 'distance_accuracy_value', 'NONE');
#308 = CARTESIAN_POINT ( 'NONE',  ( -0.03811810289205114916, -0.04747953715050572815, -0.4989999999999999991 ) ) ;
#309 =( NAMED_UNIT ( * ) PLANE_ANGLE_UNIT ( ) SI_UNIT ( $, .RADIAN. ) );
#310 = CARTESIAN_POINT ( 'NONE',  ( -0.3750000000000003331, -0.6131124419696033501, 0.1699999999999999567 ) ) ;
#311 = COLOUR_RGB ( '',1.000000000000000000, 1.000000000000000000, 1.000000000000000000 ) ;
#312 = VERTEX_POINT ( 'NONE', #2917 ) ;
#313 = ORIENTED_EDGE ( 'NONE', *, *, #7094, .F. ) ;
#314 = EDGE_CURVE ( 'NONE', #6705, #3084, #6181, .T. ) ;
#315 = ADVANCED_FACE ( 'NONE', ( #7333 ), #5547, .T. ) ;
#316 = FILL_AREA_STYLE ('',( #7233 ) ) ;
#317 = AXIS2_PLACEMENT_3D ( 'NONE', #447, #2973, #391 ) ;
#318 = LINE ( 'NONE', #4204, #1302 ) ;
#319 = VERTEX_POINT ( 'NONE', #6765 ) ;
#320 = CARTESIAN_POINT ( 'NONE',  ( -0.1167552768072520758, -0.02325757487337892088, -0.4989999999999999991 ) ) ;
#321 = PRESENTATION_LAYER_ASSIGNMENT (  '', '', ( #5385 ) ) ;
#322 = AXIS2_PLACEMENT_3D ( 'NONE', #7121, #5226, #838 ) ;
#323 = DIRECTION ( 'NONE',  ( 0.0000000000000000000, 0.0000000000000000000, -1.000000000000000000 ) ) ;
#324 = CARTESIAN_POINT ( 'NONE',  ( 0.05858540320550985336, 0.05373997504461623664, -0.4989999999999999991 ) ) ;
#325 = CYLINDRICAL_SURFACE ( 'NONE', #6355, 0.04999999999999991951 ) ;
#326 = EDGE_CURVE ( 'NONE', #5383, #3291, #6103, .T. ) ;
#327 = VECTOR ( 'NONE', #5944, 1000.000000000000000 ) ;
#328 = CARTESIAN_POINT ( 'NONE',  ( 0.05021883857870547418, -0.03687270604927537360, -0.4989999999999999991 ) ) ;
#329 = CARTESIAN_POINT ( 'NONE',  ( 0.1100000000000000006, 1.050000000000000044, -0.5500000000000000444 ) ) ;
#330 = PLANE ( 'NONE',  #5689 ) ;
#331 = ORIENTED_EDGE ( 'NONE', *, *, #6754, .T. ) ;
#332 = CARTESIAN_POINT ( 'NONE',  ( 0.7599999999999998979, 0.4833137806490306332, 0.1699999999999999567 ) ) ;
#333 = CARTESIAN_POINT ( 'NONE',  ( 0.03505262881526593349, -0.03132100056513987402, -0.4989999999999999991 ) ) ;
#334 = LINE ( 'NONE', #5250, #5937 ) ;
#335 = CARTESIAN_POINT ( 'NONE',  ( -0.1232703523763811482, -0.03354622983892904808, -0.4989999999999998881 ) ) ;
#336 = CARTESIAN_POINT ( 'NONE',  ( -0.1879084992335145754, 0.03331314577632354251, -0.4989999999999999991 ) ) ;
#337 = FILL_AREA_STYLE_COLOUR ( '', #654 ) ;
#338 = EDGE_CURVE ( 'NONE', #3084, #4325, #2541, .T. ) ;
#339 = SURFACE_STYLE_FILL_AREA ( #4716 ) ;
#340 = CARTESIAN_POINT ( 'NONE',  ( 0.03770866776530956699, 0.03790528496822455351, -0.5000000000000000000 ) ) ;
#341 = DIRECTION ( 'NONE',  ( 0.0000000000000000000, 0.0000000000000000000, 1.000000000000000000 ) ) ;
#342 = DIRECTION ( 'NONE',  ( 0.06958737431666479900, -0.06958737431666479900, -0.9951458157835084695 ) ) ;
#343 = CARTESIAN_POINT ( 'NONE',  ( -0.5400000000000000355, -1.050000000000000044, -0.3900000000000000688 ) ) ;
#344 = CARTESIAN_POINT ( 'NONE',  ( 0.5400000000000000355, -0.6200000000000012168, -0.04000000000000002859 ) ) ;
#345 = CARTESIAN_POINT ( 'NONE',  ( 0.09974305963148616394, -0.03170029141699257091, -0.5000000000000001110 ) ) ;
#346 = ORIENTED_EDGE ( 'NONE', *, *, #6406, .T. ) ;
#347 = PRESENTATION_LAYER_ASSIGNMENT (  '', '', ( #5060 ) ) ;
#348 =( NAMED_UNIT ( * ) SI_UNIT ( $, .STERADIAN. ) SOLID_ANGLE_UNIT ( ) );
#349 = FILL_AREA_STYLE_COLOUR ( '', #7451 ) ;
#350 = CARTESIAN_POINT ( 'NONE',  ( 0.1100000000000000006, 0.8300000000000011813, -0.04000000000000077105 ) ) ;
#351 = UNCERTAINTY_MEASURE_WITH_UNIT (LENGTH_MEASURE( 1.000000000000000082E-05 ), #3325, 'distance_accuracy_value', 'NONE');
#352 = ADVANCED_FACE ( 'NONE', ( #4421 ), #4322, .T. ) ;
#353 = CARTESIAN_POINT ( 'NONE',  ( 0.04378040409557689555, -0.03527243429208112152, -0.4990000000000001101 ) ) ;
#354 =( GEOMETRIC_REPRESENTATION_CONTEXT ( 3 ) GLOBAL_UNCERTAINTY_ASSIGNED_CONTEXT ( ( #7377 ) ) GLOBAL_UNIT_ASSIGNED_CONTEXT ( ( #2402, #6892, #3076 ) ) REPRESENTATION_CONTEXT ( 'NONE', 'WORKASPACE' ) );
#355 = ORIENTED_EDGE ( 'NONE', *, *, #6832, .F. ) ;
#356 = COLOUR_RGB ( '',0.2509803921568627416, 0.2509803921568627416, 0.2509803921568627416 ) ;
#357 = EDGE_LOOP ( 'NONE', ( #4941, #4083, #1173, #6733 ) ) ;
#358 = CARTESIAN_POINT ( 'NONE',  ( 0.1093504554258878519, -0.004724296312714318206, -0.5000000000000000000 ) ) ;
#359 = FACE_OUTER_BOUND ( 'NONE', #2859, .T. ) ;
#360 = STYLED_ITEM ( 'NONE', ( #5797 ), #6547 ) ;
#361 = CARTESIAN_POINT ( 'NONE',  ( -0.1247034687457096586, 0.003492261629982082970, -0.5000000000000000000 ) ) ;
#362 = PRESENTATION_STYLE_ASSIGNMENT (( #2560 ) ) ;
#363 = PLANE ( 'NONE',  #5868 ) ;
#364 = FILL_AREA_STYLE ('',( #337 ) ) ;
#365 = SURFACE_SIDE_STYLE ('',( #5543 ) ) ;
#366 = STYLED_ITEM ( 'NONE', ( #6532 ), #4145 ) ;
#367 = ORIENTED_EDGE ( 'NONE', *, *, #4598, .F. ) ;
#368 = EDGE_CURVE ( 'NONE', #5052, #8047, #5793, .T. ) ;
#369 = CARTESIAN_POINT ( 'NONE',  ( 0.04623148239727685460, 0.04119297781121149943, -0.4999999999999997780 ) ) ;
#370 = SURFACE_STYLE_FILL_AREA ( #8210 ) ;
#371 = CARTESIAN_POINT ( 'NONE',  ( 0.03505262881526593349, 0.04977656041046989166, -0.4989999999999999991 ) ) ;
#372 = SURFACE_STYLE_USAGE ( .BOTH. , #2892 ) ;
#373 = ORIENTED_EDGE ( 'NONE', *, *, #7971, .T. ) ;
#374 = CARTESIAN_POINT ( 'NONE',  ( -0.1913764870383926342, 0.03331314577632354251, -0.4989999999999999991 ) ) ;
#375 = FACE_OUTER_BOUND ( 'NONE', #5336, .T. ) ;
#376 = PLANE ( 'NONE',  #7338 ) ;
#377 = AXIS2_PLACEMENT_3D ( 'NONE', #524, #6226, #4260 ) ;
#378 =( NAMED_UNIT ( * ) PLANE_ANGLE_UNIT ( ) SI_UNIT ( $, .RADIAN. ) );
#379 = SURFACE_STYLE_FILL_AREA ( #4462 ) ;
#380 = EDGE_CURVE ( 'NONE', #7046, #6930, #1377, .T. ) ;
#381 = FILL_AREA_STYLE_COLOUR ( '', #1424 ) ;
#382 = ADVANCED_FACE ( 'NONE', ( #672 ), #6889, .T. ) ;
#383 = EDGE_CURVE ( 'NONE', #4325, #2661, #1822, .T. ) ;
#384 = LINE ( 'NONE', #6056, #4511 ) ;
#385 = CARTESIAN_POINT ( 'NONE',  ( -0.1152829535915478876, -0.03969146747978020973, -0.4989999999999997771 ) ) ;
#386 = VERTEX_POINT ( 'NONE', #8190 ) ;
#387 = CARTESIAN_POINT ( 'NONE',  ( 0.0000000000000000000, 0.0000000000000000000, -0.5000000000000000000 ) ) ;
#388 = CARTESIAN_POINT ( 'NONE',  ( 0.1093993203721887048, 0.002579581033644717716, -0.4999999999999998890 ) ) ;
#389 = VERTEX_POINT ( 'NONE', #6257 ) ;
#390 = DIRECTION ( 'NONE',  ( 0.0000000000000000000, -1.000000000000000000, -6.023345402697246965E-16 ) ) ;
#391 = DIRECTION ( 'NONE',  ( 0.0000000000000000000, 0.0000000000000000000, 1.000000000000000000 ) ) ;
#392 = ORIENTED_EDGE ( 'NONE', *, *, #2068, .T. ) ;
#393 = ADVANCED_FACE ( 'NONE', ( #6703 ), #5670, .T. ) ;
#394 = PRESENTATION_STYLE_ASSIGNMENT (( #4405 ) ) ;
#395 = CARTESIAN_POINT ( 'NONE',  ( -0.5400000000000000355, -0.8700000000000001066, -0.3500000000000000333 ) ) ;
#396 = EDGE_LOOP ( 'NONE', ( #1233, #6829, #4432, #3156, #793, #6960, #409, #2834, #8101, #8148, #5705, #743 ) ) ;
#397 = EDGE_LOOP ( 'NONE', ( #7891, #5445, #5919, #3042 ) ) ;
#398 = LINE ( 'NONE', #4983, #284 ) ;
#399 = MECHANICAL_DESIGN_GEOMETRIC_PRESENTATION_REPRESENTATION (  '', ( #2450 ), #2082 ) ;
#400 = COLOUR_RGB ( '',0.0000000000000000000, 0.0000000000000000000, 0.0000000000000000000 ) ;
#401 = CARTESIAN_POINT ( 'NONE',  ( -0.1454351760627828616, -0.04747953715050572815, -0.4989999999999999991 ) ) ;
#402 = ORIENTED_EDGE ( 'NONE', *, *, #7179, .F. ) ;
#403 = FACE_OUTER_BOUND ( 'NONE', #7336, .T. ) ;
#404 = CARTESIAN_POINT ( 'NONE',  ( -0.1247034687457096586, 0.003492261629982082970, -0.5000000000000000000 ) ) ;
#405 =( NAMED_UNIT ( * ) PLANE_ANGLE_UNIT ( ) SI_UNIT ( $, .RADIAN. ) );
#406 = LINE ( 'NONE', #7212, #6419 ) ;
#407 = SURFACE_STYLE_FILL_AREA ( #2463 ) ;
#408 = VERTEX_POINT ( 'NONE', #2428 ) ;
#409 = ORIENTED_EDGE ( 'NONE', *, *, #286, .F. ) ;
#410 = FILL_AREA_STYLE ('',( #3527 ) ) ;
#411 = ORIENTED_EDGE ( 'NONE', *, *, #3959, .T. ) ;
#412 = ORIENTED_EDGE ( 'NONE', *, *, #6276, .T. ) ;
#413 = FILL_AREA_STYLE ('',( #5452 ) ) ;
#414 = LINE ( 'NONE', #2249, #2563 ) ;
#415 = CARTESIAN_POINT ( 'NONE',  ( 0.09850582767866680745, 0.03542522956817657775, -0.4989999999999999991 ) ) ;
#416 = SURFACE_STYLE_FILL_AREA ( #2103 ) ;
#417 = UNCERTAINTY_MEASURE_WITH_UNIT (LENGTH_MEASURE( 1.000000000000000082E-05 ), #4529, 'distance_accuracy_value', 'NONE');
#418 = CIRCLE ( 'NONE', #5642, 0.05000000000000002359 ) ;
#419 = DIRECTION ( 'NONE',  ( 1.000000000000000000, 0.0000000000000000000, 0.0000000000000000000 ) ) ;
#420 = STYLED_ITEM ( 'NONE', ( #1235 ), #3596 ) ;
#421 = VERTEX_POINT ( 'NONE', #4376 ) ;
#422 = PRESENTATION_LAYER_ASSIGNMENT (  '', '', ( #8223 ) ) ;
#423 = CARTESIAN_POINT ( 'NONE',  ( -0.1246689571436699895, 0.001954007479582790807, -0.4999999999999998890 ) ) ;
#424 = CARTESIAN_POINT ( 'NONE',  ( 0.1023504676637920358, -0.02788962293523656114, -0.4989999999999999991 ) ) ;
#425 = CARTESIAN_POINT ( 'NONE',  ( -0.2109267919164413974, -0.01943075666270084600, -0.5000000000000000000 ) ) ;
#426 = LINE ( 'NONE', #4071, #2669 ) ;
#427 = CARTESIAN_POINT ( 'NONE',  ( 0.002125799546973263822, 0.008618023825104037874, -0.4989999999999999991 ) ) ;
#428 = DIRECTION ( 'NONE',  ( -0.0000000000000000000, -0.0000000000000000000, -1.000000000000000000 ) ) ;
#429 = COLOUR_RGB ( '',0.2509803921568627416, 0.2509803921568627416, 0.2509803921568627416 ) ;
#430 = ORIENTED_EDGE ( 'NONE', *, *, #6692, .T. ) ;
#431 = FILL_AREA_STYLE ('',( #7411 ) ) ;
#432 = AXIS2_PLACEMENT_3D ( 'NONE', #1350, #4776, #5986 ) ;
#433 = FILL_AREA_STYLE ('',( #7383 ) ) ;
#434 = DIRECTION ( 'NONE',  ( 0.0000000000000000000, 0.0000000000000000000, -1.000000000000000000 ) ) ;
#435 =( GEOMETRIC_REPRESENTATION_CONTEXT ( 3 ) GLOBAL_UNCERTAINTY_ASSIGNED_CONTEXT ( ( #1315 ) ) GLOBAL_UNIT_ASSIGNED_CONTEXT ( ( #2790, #2183, #7165 ) ) REPRESENTATION_CONTEXT ( 'NONE', 'WORKASPACE' ) );
#436 =( GEOMETRIC_REPRESENTATION_CONTEXT ( 3 ) GLOBAL_UNCERTAINTY_ASSIGNED_CONTEXT ( ( #3911 ) ) GLOBAL_UNIT_ASSIGNED_CONTEXT ( ( #3097, #3124, #6200 ) ) REPRESENTATION_CONTEXT ( 'NONE', 'WORKASPACE' ) );
#437 = EDGE_CURVE ( 'NONE', #4448, #5260, #6193, .T. ) ;
#438 = COLOUR_RGB ( '',1.000000000000000000, 1.000000000000000000, 1.000000000000000000 ) ;
#439 = DIRECTION ( 'NONE',  ( -1.000000000000000000, 0.0000000000000000000, 0.0000000000000000000 ) ) ;
#440 = ADVANCED_FACE ( 'NONE', ( #5597 ), #2446, .T. ) ;
#441 =( NAMED_UNIT ( * ) SI_UNIT ( $, .STERADIAN. ) SOLID_ANGLE_UNIT ( ) );
#442 = CARTESIAN_POINT ( 'NONE',  ( -0.03324005411156334688, 0.008618023825104037874, -0.4989999999999999991 ) ) ;
#443 = CARTESIAN_POINT ( 'NONE',  ( 0.04919435189669527086, 0.04191109445333607297, -0.5000000000000001110 ) ) ;
#444 =( NAMED_UNIT ( * ) SI_UNIT ( $, .STERADIAN. ) SOLID_ANGLE_UNIT ( ) );
#445 = DIRECTION ( 'NONE',  ( 0.0000000000000000000, 1.000000000000000000, 6.023345402697245979E-16 ) ) ;
#446 = ORIENTED_EDGE ( 'NONE', *, *, #1532, .F. ) ;
#447 = CARTESIAN_POINT ( 'NONE',  ( 0.7599999999999998979, 0.8700000000000001066, -0.3500000000000000333 ) ) ;
#448 = AXIS2_PLACEMENT_3D ( 'NONE', #750, #7181, #6455 ) ;
#449 = CARTESIAN_POINT ( 'NONE',  ( -0.03567907850180723761, 0.05252046284949429128, -0.4989999999999999991 ) ) ;
#450 = ORIENTED_EDGE ( 'NONE', *, *, #3004, .T. ) ;
#451 =( NAMED_UNIT ( * ) PLANE_ANGLE_UNIT ( ) SI_UNIT ( $, .RADIAN. ) );
#452 = CARTESIAN_POINT ( 'NONE',  ( 0.9434108397213609720, 0.6249999999999998890, -0.4500000000000000111 ) ) ;
#453 = EDGE_CURVE ( 'NONE', #389, #2188, #2835, .T. ) ;
#454 = CARTESIAN_POINT ( 'NONE',  ( 0.08106355425665727477, -0.03182632798931127327, -0.4989999999999999991 ) ) ;
#455 = CARTESIAN_POINT ( 'NONE',  ( 0.1100000000000000006, 0.8700000000000001066, -0.5499999999999999334 ) ) ;
#456 = UNCERTAINTY_MEASURE_WITH_UNIT (LENGTH_MEASURE( 1.000000000000000082E-05 ), #6572, 'distance_accuracy_value', 'NONE');
#457 = MECHANICAL_DESIGN_GEOMETRIC_PRESENTATION_REPRESENTATION (  '', ( #7419 ), #7574 ) ;
#458 = COLOUR_RGB ( '',0.0000000000000000000, 0.0000000000000000000, 0.0000000000000000000 ) ;
#459 = ORIENTED_EDGE ( 'NONE', *, *, #5956, .F. ) ;
#460 = DIRECTION ( 'NONE',  ( -1.000000000000000000, 0.0000000000000000000, 0.0000000000000000000 ) ) ;
#461 =( GEOMETRIC_REPRESENTATION_CONTEXT ( 3 ) GLOBAL_UNCERTAINTY_ASSIGNED_CONTEXT ( ( #1676 ) ) GLOBAL_UNIT_ASSIGNED_CONTEXT ( ( #5914, #309, #3346 ) ) REPRESENTATION_CONTEXT ( 'NONE', 'WORKASPACE' ) );
#462 = SURFACE_STYLE_USAGE ( .BOTH. , #3585 ) ;
#463 = DIRECTION ( 'NONE',  ( 0.0000000000000000000, 1.000000000000000000, 0.0000000000000000000 ) ) ;
#464 = PRESENTATION_LAYER_ASSIGNMENT (  '', '', ( #6536 ) ) ;
#465 = COLOUR_RGB ( '',1.000000000000000000, 1.000000000000000000, 1.000000000000000000 ) ;
#466 = CARTESIAN_POINT ( 'NONE',  ( 0.05222788043071768804, 0.04239275552461747171, -0.4999999999999998890 ) ) ;
#467 = EDGE_CURVE ( 'NONE', #7033, #205, #3900, .T. ) ;
#468 = STYLED_ITEM ( 'NONE', ( #5513 ), #6654 ) ;
#469 =( NAMED_UNIT ( * ) SI_UNIT ( $, .STERADIAN. ) SOLID_ANGLE_UNIT ( ) );
#470 =( LENGTH_UNIT ( ) NAMED_UNIT ( * ) SI_UNIT ( .MILLI., .METRE. ) );
#471 = VECTOR ( 'NONE', #1254, 1000.000000000000000 ) ;
#472 = DIRECTION ( 'NONE',  ( 0.0000000000000000000, 3.497426362856476757E-15, -1.000000000000000000 ) ) ;
#473 = ORIENTED_EDGE ( 'NONE', *, *, #1774, .T. ) ;
#474 = ADVANCED_FACE ( 'NONE', ( #6912 ), #1957, .T. ) ;
#475 = MECHANICAL_DESIGN_GEOMETRIC_PRESENTATION_REPRESENTATION (  '', ( #7866 ), #6748 ) ;
#476 = EDGE_CURVE ( 'NONE', #2945, #104, #2671, .T. ) ;
#477 = SURFACE_STYLE_USAGE ( .BOTH. , #4809 ) ;
#478 =( NAMED_UNIT ( * ) PLANE_ANGLE_UNIT ( ) SI_UNIT ( $, .RADIAN. ) );
#479 = DIRECTION ( 'NONE',  ( -1.000000000000000000, -0.0000000000000000000, -0.0000000000000000000 ) ) ;
#480 = EDGE_CURVE ( 'NONE', #1033, #4621, #5987, .T. ) ;
#481 = SURFACE_STYLE_USAGE ( .BOTH. , #7450 ) ;
#482 = FILL_AREA_STYLE_COLOUR ( '', #5727 ) ;
#484 = ORIENTED_EDGE ( 'NONE', *, *, #3662, .T. ) ;
#483 = B_SPLINE_CURVE_WITH_KNOTS ( 'NONE', 3,
 ( #4464, #5826, #5749, #1385, #4555, #3231, #2606, #7715, #100, #7081, #4516, #771, #6562, #3971, #7264, #4722, #7226, #1527, #4064 ),
 .UNSPECIFIED., .F., .F.,
 ( 4, 1, 1, 1, 1, 1, 1, 1, 1, 1, 1, 1, 1, 1, 1, 1, 4 ),
 ( 0.0000000000000000000, 0.06806869584499403159, 0.1334274328189550551, 0.1961460338131564562, 0.2570485924493126073, 0.3168826631591618592, 0.3761872086663213821, 0.4359603353635462253, 0.4965352368627260482, 0.5574653434807329555, 0.6176868634101468913, 0.6779436406969059359, 0.7388052848060400191, 0.8009493367665837527, 0.8648146674702262837, 0.9310247810786568268, 1.000000000000000000 ),
 .UNSPECIFIED. ) ;
#485 = DIRECTION ( 'NONE',  ( -0.0000000000000000000, -0.0000000000000000000, -1.000000000000000000 ) ) ;
#486 = ORIENTED_EDGE ( 'NONE', *, *, #437, .T. ) ;
#487 = VECTOR ( 'NONE', #1935, 1000.000000000000000 ) ;
#488 = STYLED_ITEM ( 'NONE', ( #7841 ), #1049 ) ;
#489 = CARTESIAN_POINT ( 'NONE',  ( 0.06248333419868624256, 0.04267809434733423057, -0.4990000000000001101 ) ) ;
#490 = VECTOR ( 'NONE', #3107, 1000.000000000000000 ) ;
#491 = CARTESIAN_POINT ( 'NONE',  ( 0.1075248867332714992, 0.01723431157373626552, -0.4989999999999998881 ) ) ;
#492 = EDGE_CURVE ( 'NONE', #2480, #2600, #5127, .T. ) ;
#493 = EDGE_LOOP ( 'NONE', ( #4443, #5800, #2033, #346 ) ) ;
#494 = FACE_OUTER_BOUND ( 'NONE', #5344, .T. ) ;
#495 = EDGE_LOOP ( 'NONE', ( #516, #412, #7838, #1945, #3734, #1982, #8246, #7241 ) ) ;
#496 = EDGE_CURVE ( 'NONE', #1245, #3723, #8132, .T. ) ;
#497 = VECTOR ( 'NONE', #6965, 1000.000000000000000 ) ;
#498 = CARTESIAN_POINT ( 'NONE',  ( -0.1100000000000000006, 0.8700000000000002176, -0.3899999999999999578 ) ) ;
#499 = CARTESIAN_POINT ( 'NONE',  ( -0.2064298406969292121, -0.008455146906603282220, -0.4989999999999999991 ) ) ;
#500 = VECTOR ( 'NONE', #7068, 1000.000000000000000 ) ;
#501 =( LENGTH_UNIT ( ) NAMED_UNIT ( * ) SI_UNIT ( .MILLI., .METRE. ) );
#502 = ORIENTED_EDGE ( 'NONE', *, *, #2754, .T. ) ;
#503 = CARTESIAN_POINT ( 'NONE',  ( -0.2210449321603438488, -0.04747953715050572815, -0.5000000000000000000 ) ) ;
#504 = ORIENTED_EDGE ( 'NONE', *, *, #2042, .F. ) ;
#505 = ORIENTED_EDGE ( 'NONE', *, *, #5137, .T. ) ;
#506 = FILL_AREA_STYLE ('',( #4883 ) ) ;
#507 = AXIS2_PLACEMENT_3D ( 'NONE', #1549, #4034, #2745 ) ;
#508 = SURFACE_STYLE_USAGE ( .BOTH. , #8113 ) ;
#509 = ORIENTED_EDGE ( 'NONE', *, *, #813, .T. ) ;
#510 = CARTESIAN_POINT ( 'NONE',  ( -0.5400000000000000355, -0.6200000000000012168, -0.04000000000000002859 ) ) ;
#511 = ORIENTED_EDGE ( 'NONE', *, *, #4332, .T. ) ;
#512 = SURFACE_SIDE_STYLE ('',( #2914 ) ) ;
#513 = AXIS2_PLACEMENT_3D ( 'NONE', #7096, #1449, #7126 ) ;
#514 = UNCERTAINTY_MEASURE_WITH_UNIT (LENGTH_MEASURE( 1.000000000000000082E-05 ), #7381, 'distance_accuracy_value', 'NONE');
#515 = SURFACE_STYLE_FILL_AREA ( #5481 ) ;
#516 = ORIENTED_EDGE ( 'NONE', *, *, #7179, .T. ) ;
#517 = CARTESIAN_POINT ( 'NONE',  ( 0.07688694746655591605, 0.03846404269315382984, -0.4989999999999998881 ) ) ;
#518 = ADVANCED_FACE ( 'NONE', ( #1956 ), #6341, .T. ) ;
#519 = AXIS2_PLACEMENT_3D ( 'NONE', #5656, #8199, #8152 ) ;
#520 = CARTESIAN_POINT ( 'NONE',  ( 0.1179794580835586415, -0.04747953715050572815, -0.4989999999999999991 ) ) ;
#521 = LINE ( 'NONE', #5938, #7647 ) ;
#522 = AXIS2_PLACEMENT_3D ( 'NONE', #5159, #710, #116 ) ;
#523 =( GEOMETRIC_REPRESENTATION_CONTEXT ( 3 ) GLOBAL_UNCERTAINTY_ASSIGNED_CONTEXT ( ( #4972 ) ) GLOBAL_UNIT_ASSIGNED_CONTEXT ( ( #1467, #2061, #7747 ) ) REPRESENTATION_CONTEXT ( 'NONE', 'WORKASPACE' ) );
#524 = CARTESIAN_POINT ( 'NONE',  ( 0.5400000000000000355, -0.8700000000000001066, -0.3500000000000000333 ) ) ;
#525 = EDGE_CURVE ( 'NONE', #7623, #5345, #1155, .T. ) ;
#526 = DIRECTION ( 'NONE',  ( -1.000000000000000000, 0.0000000000000000000, 0.0000000000000000000 ) ) ;
#527 = CARTESIAN_POINT ( 'NONE',  ( -0.1246706906874685689, 0.005024350143735386784, -0.5000000000000001110 ) ) ;
#528 =( NAMED_UNIT ( * ) SI_UNIT ( $, .STERADIAN. ) SOLID_ANGLE_UNIT ( ) );
#529 = FACE_OUTER_BOUND ( 'NONE', #2839, .T. ) ;
#530 = CARTESIAN_POINT ( 'NONE',  ( -0.1902275806441135475, 0.03813815153563147181, -0.5000000000000002220 ) ) ;
#531 = CARTESIAN_POINT ( 'NONE',  ( -0.1015638117125612500, 0.03922693708244590766, -0.4999999999999998890 ) ) ;
#532 =( GEOMETRIC_REPRESENTATION_CONTEXT ( 3 ) GLOBAL_UNCERTAINTY_ASSIGNED_CONTEXT ( ( #7887 ) ) GLOBAL_UNIT_ASSIGNED_CONTEXT ( ( #2501, #4982, #5567 ) ) REPRESENTATION_CONTEXT ( 'NONE', 'WORKASPACE' ) );
#533 = CARTESIAN_POINT ( 'NONE',  ( 0.9654364023659570693, 0.6153146048789490674, 0.1385076031905336513 ) ) ;
#534 = B_SPLINE_CURVE_WITH_KNOTS ( 'NONE', 3,
 ( #1831, #1777, #1206, #3087, #1881, #5020, #7568, #8209, #6881, #2445, #3023 ),
 .UNSPECIFIED., .F., .F.,
 ( 4, 1, 1, 1, 1, 1, 1, 1, 4 ),
 ( 0.0000000000000000000, 0.1451868664724696723, 0.2834426109197301091, 0.4165243659288290767, 0.5431811235350824107, 0.6651530826377128891, 0.7813602063127155217, 0.8927566556418091714, 1.000000000000000000 ),
 .UNSPECIFIED. ) ;
#535 = FACE_OUTER_BOUND ( 'NONE', #2807, .T. ) ;
#536 = EDGE_CURVE ( 'NONE', #2945, #1785, #7316, .T. ) ;
#537 = CARTESIAN_POINT ( 'NONE',  ( 0.1100000000000000006, 0.6700000000000012612, -0.04000000000000020900 ) ) ;
#538 = SURFACE_SIDE_STYLE ('',( #6301 ) ) ;
#539 =( LENGTH_UNIT ( ) NAMED_UNIT ( * ) SI_UNIT ( .MILLI., .METRE. ) );
#540 = CARTESIAN_POINT ( 'NONE',  ( 0.08808450259967860740, 0.02873066262142286512, -0.4999999999999998890 ) ) ;
#541 = ORIENTED_EDGE ( 'NONE', *, *, #5370, .F. ) ;
#542 = DIRECTION ( 'NONE',  ( 1.000000000000000000, 0.0000000000000000000, 0.0000000000000000000 ) ) ;
#543 = FILL_AREA_STYLE ('',( #4429 ) ) ;
#544 = ORIENTED_EDGE ( 'NONE', *, *, #6674, .T. ) ;
#545 = SURFACE_STYLE_USAGE ( .BOTH. , #3668 ) ;
#546 = ORIENTED_EDGE ( 'NONE', *, *, #2363, .T. ) ;
#547 = AXIS2_PLACEMENT_3D ( 'NONE', #5099, #3176, #5712 ) ;
#548 = UNCERTAINTY_MEASURE_WITH_UNIT (LENGTH_MEASURE( 1.000000000000000082E-05 ), #7414, 'distance_accuracy_value', 'NONE');
#549 = CARTESIAN_POINT ( 'NONE',  ( -0.1891722180697750222, 0.03826805592083568769, -0.5000000000000000000 ) ) ;
#550 = CARTESIAN_POINT ( 'NONE',  ( -0.5400000000000000355, 0.8700000000000001066, -0.5499999999999999334 ) ) ;
#551 = ORIENTED_EDGE ( 'NONE', *, *, #3382, .F. ) ;
#552 = CARTESIAN_POINT ( 'NONE',  ( -1.025000000000000355, 0.6249999999999998890, 0.0000000000000000000 ) ) ;
#553 = CARTESIAN_POINT ( 'NONE',  ( -0.1372732390031353444, 0.01430408499210268462, -0.4990000000000001101 ) ) ;
#554 = AXIS2_PLACEMENT_3D ( 'NONE', #5931, #2230, #7920 ) ;
#555 = SURFACE_SIDE_STYLE ('',( #287 ) ) ;
#556 = CARTESIAN_POINT ( 'NONE',  ( -0.1895091089896121239, 0.04032534089827476825, -0.4989999999999999991 ) ) ;
#557 = CARTESIAN_POINT ( 'NONE',  ( -0.5400000000000000355, -1.050000000000000044, -0.5500000000000000444 ) ) ;
#558 = MECHANICAL_DESIGN_GEOMETRIC_PRESENTATION_REPRESENTATION (  '', ( #5116 ), #3129 ) ;
#559 = CARTESIAN_POINT ( 'NONE',  ( 0.03599096789276486075, -0.04281453528822672799, -0.4989999999999999991 ) ) ;
#560 = ORIENTED_EDGE ( 'NONE', *, *, #2068, .F. ) ;
#561 = DIRECTION ( 'NONE',  ( 0.0000000000000000000, 1.000000000000000000, 0.0000000000000000000 ) ) ;
#562 = STYLED_ITEM ( 'NONE', ( #4638 ), #2692 ) ;
#563 = SURFACE_SIDE_STYLE ('',( #5589 ) ) ;
#564 = COLOUR_RGB ( '',0.0000000000000000000, 0.0000000000000000000, 0.0000000000000000000 ) ;
#565 = CARTESIAN_POINT ( 'NONE',  ( 0.1100000000000000006, 0.8700000000000001066, -0.5499999999999999334 ) ) ;
#566 = FACE_OUTER_BOUND ( 'NONE', #1191, .T. ) ;
#567 = EDGE_CURVE ( 'NONE', #5117, #2956, #5036, .T. ) ;
#568 = ORIENTED_EDGE ( 'NONE', *, *, #142, .F. ) ;
#569 = DIRECTION ( 'NONE',  ( -1.000000000000000000, 0.0000000000000000000, -0.0000000000000000000 ) ) ;
#570 = SURFACE_SIDE_STYLE ('',( #5719 ) ) ;
#571 = FILL_AREA_STYLE ('',( #6151 ) ) ;
#572 = AXIS2_PLACEMENT_3D ( 'NONE', #913, #1545, #5936 ) ;
#573 = STYLED_ITEM ( 'NONE', ( #851 ), #7423 ) ;
#574 = AXIS2_PLACEMENT_3D ( 'NONE', #6435, #7777, #5196 ) ;
#575 = COLOUR_RGB ( '',1.000000000000000000, 1.000000000000000000, 1.000000000000000000 ) ;
#576 = ORIENTED_EDGE ( 'NONE', *, *, #3887, .F. ) ;
#577 = DIRECTION ( 'NONE',  ( -0.0000000000000000000, 1.000000000000000000, -0.0000000000000000000 ) ) ;
#578 = ORIENTED_EDGE ( 'NONE', *, *, #2253, .T. ) ;
#579 = CARTESIAN_POINT ( 'NONE',  ( -0.1832400541115633552, 0.05252046284949429128, -0.4989999999999999991 ) ) ;
#580 = EDGE_CURVE ( 'NONE', #6175, #1893, #6240, .T. ) ;
#581 = LINE ( 'NONE', #896, #7120 ) ;
#582 = ORIENTED_EDGE ( 'NONE', *, *, #7726, .F. ) ;
#583 = VECTOR ( 'NONE', #7282, 1000.000000000000000 ) ;
#584 = CARTESIAN_POINT ( 'NONE',  ( -0.1049968549009148849, 0.03787584447887150374, -0.5000000000000002220 ) ) ;
#585 =( LENGTH_UNIT ( ) NAMED_UNIT ( * ) SI_UNIT ( .MILLI., .METRE. ) );
#586 = CIRCLE ( 'NONE', #4418, 0.1999999999999998723 ) ;
#587 = ORIENTED_EDGE ( 'NONE', *, *, #5301, .T. ) ;
#588 = VECTOR ( 'NONE', #8247, 1000.000000000000000 ) ;
#589 = FILL_AREA_STYLE ('',( #3655 ) ) ;
#590 = ORIENTED_EDGE ( 'NONE', *, *, #5850, .F. ) ;
#591 = CARTESIAN_POINT ( 'NONE',  ( -0.5400000000000000355, -1.050000000000000044, -0.3900000000000000688 ) ) ;
#592 = DIRECTION ( 'NONE',  ( 0.0000000000000000000, 0.0000000000000000000, -1.000000000000000000 ) ) ;
#593 = SURFACE_STYLE_FILL_AREA ( #589 ) ;
#594 = ORIENTED_EDGE ( 'NONE', *, *, #4710, .T. ) ;
#595 =( NAMED_UNIT ( * ) PLANE_ANGLE_UNIT ( ) SI_UNIT ( $, .RADIAN. ) );
#596 = VECTOR ( 'NONE', #3274, 1000.000000000000000 ) ;
#597 = CARTESIAN_POINT ( 'NONE',  ( 0.04623148239727685460, 0.04119297781121149943, -0.4989999999999997771 ) ) ;
#598 = ORIENTED_EDGE ( 'NONE', *, *, #1325, .T. ) ;
#599 = ORIENTED_EDGE ( 'NONE', *, *, #6776, .T. ) ;
#600 = ORIENTED_EDGE ( 'NONE', *, *, #8023, .T. ) ;
#601 = UNCERTAINTY_MEASURE_WITH_UNIT (LENGTH_MEASURE( 1.000000000000000082E-05 ), #3085, 'distance_accuracy_value', 'NONE');
#602 = ORIENTED_EDGE ( 'NONE', *, *, #6370, .F. ) ;
#603 = LINE ( 'NONE', #8054, #1 ) ;
#604 = CARTESIAN_POINT ( 'NONE',  ( -0.1891722180697750222, 0.03826805592083568769, -0.5000000000000000000 ) ) ;
#605 =( LENGTH_UNIT ( ) NAMED_UNIT ( * ) SI_UNIT ( .MILLI., .METRE. ) );
#606 = CARTESIAN_POINT ( 'NONE',  ( -0.09791512443462548065, 0.04028119243909578095, -0.4990000000000001101 ) ) ;
#607 = SURFACE_STYLE_FILL_AREA ( #6025 ) ;
#608 = EDGE_CURVE ( 'NONE', #3925, #4550, #3164, .T. ) ;
#609 = VERTEX_POINT ( 'NONE', #7374 ) ;
#610 = VECTOR ( 'NONE', #4271, 1000.000000000000114 ) ;
#611 = DIRECTION ( 'NONE',  ( -1.000000000000000000, 0.0000000000000000000, -0.0000000000000000000 ) ) ;
#612 = UNCERTAINTY_MEASURE_WITH_UNIT (LENGTH_MEASURE( 1.000000000000000082E-05 ), #6179, 'distance_accuracy_value', 'NONE');
#613 = SURFACE_SIDE_STYLE ('',( #3533 ) ) ;
#614 =( NAMED_UNIT ( * ) PLANE_ANGLE_UNIT ( ) SI_UNIT ( $, .RADIAN. ) );
#615 = CIRCLE ( 'NONE', #6272, 0.1999999999999998723 ) ;
#616 = VERTEX_POINT ( 'NONE', #4803 ) ;
#617 =( NAMED_UNIT ( * ) SI_UNIT ( $, .STERADIAN. ) SOLID_ANGLE_UNIT ( ) );
#618 = ORIENTED_EDGE ( 'NONE', *, *, #1274, .F. ) ;
#619 = AXIS2_PLACEMENT_3D ( 'NONE', #4702, #931, #2079 ) ;
#620 = PRESENTATION_STYLE_ASSIGNMENT (( #2991 ) ) ;
#621 = DIRECTION ( 'NONE',  ( 0.0000000000000000000, 0.0000000000000000000, 1.000000000000000000 ) ) ;
#622 = DIRECTION ( 'NONE',  ( 0.0000000000000000000, 0.0000000000000000000, 1.000000000000000000 ) ) ;
#623 = CARTESIAN_POINT ( 'NONE',  ( 0.09463120337214282751, 0.01454937813538304675, -0.4990000000000001101 ) ) ;
#624 =( LENGTH_UNIT ( ) NAMED_UNIT ( * ) SI_UNIT ( .MILLI., .METRE. ) );
#625 = PLANE ( 'NONE',  #6844 ) ;
#626 =( GEOMETRIC_REPRESENTATION_CONTEXT ( 3 ) GLOBAL_UNCERTAINTY_ASSIGNED_CONTEXT ( ( #2110 ) ) GLOBAL_UNIT_ASSIGNED_CONTEXT ( ( #585, #2504, #6980 ) ) REPRESENTATION_CONTEXT ( 'NONE', 'WORKASPACE' ) );
#627 = COLOUR_RGB ( '',0.0000000000000000000, 0.0000000000000000000, 0.0000000000000000000 ) ;
#628 = DIRECTION ( 'NONE',  ( -0.0000000000000000000, 1.000000000000000000, 3.497426362856476362E-15 ) ) ;
#629 = EDGE_CURVE ( 'NONE', #2233, #2020, #1772, .T. ) ;
#630 = DIRECTION ( 'NONE',  ( 0.0000000000000000000, 1.000000000000000000, 0.0000000000000000000 ) ) ;
#631 =( NAMED_UNIT ( * ) SI_UNIT ( $, .STERADIAN. ) SOLID_ANGLE_UNIT ( ) );
#632 = ORIENTED_EDGE ( 'NONE', *, *, #730, .T. ) ;
#633 = PLANE ( 'NONE',  #6120 ) ;
#634 =( NAMED_UNIT ( * ) SI_UNIT ( $, .STERADIAN. ) SOLID_ANGLE_UNIT ( ) );
#635 = CARTESIAN_POINT ( 'NONE',  ( -0.1064225767956497454, 0.04928711140494596021, -0.4989999999999999991 ) ) ;
#636 = DIRECTION ( 'NONE',  ( -0.0000000000000000000, 0.0000000000000000000, 1.000000000000000000 ) ) ;
#637 =( GEOMETRIC_REPRESENTATION_CONTEXT ( 3 ) GLOBAL_UNCERTAINTY_ASSIGNED_CONTEXT ( ( #7625 ) ) GLOBAL_UNIT_ASSIGNED_CONTEXT ( ( #7982, #1624, #348 ) ) REPRESENTATION_CONTEXT ( 'NONE', 'WORKASPACE' ) );
#638 = DIRECTION ( 'NONE',  ( 3.469446951953614189E-16, -1.000000000000000000, 0.0000000000000000000 ) ) ;
#639 = EDGE_CURVE ( 'NONE', #4888, #8108, #3892, .T. ) ;
#640 = VECTOR ( 'NONE', #2327, 1000.000000000000114 ) ;
#641 = EDGE_LOOP ( 'NONE', ( #5639, #509, #7367 ) ) ;
#642 = FILL_AREA_STYLE ('',( #6403 ) ) ;
#643 = EDGE_CURVE ( 'NONE', #2758, #4624, #3795, .T. ) ;
#644 = CARTESIAN_POINT ( 'NONE',  ( 0.5400000000000000355, 0.8700000000000001066, -0.5499999999999999334 ) ) ;
#645 = FILL_AREA_STYLE ('',( #6247 ) ) ;
#646 = ORIENTED_EDGE ( 'NONE', *, *, #6987, .F. ) ;
#647 =( LENGTH_UNIT ( ) NAMED_UNIT ( * ) SI_UNIT ( .MILLI., .METRE. ) );
#648 = CARTESIAN_POINT ( 'NONE',  ( -0.5400000000000000355, 0.6700000000000002620, -0.3499999999999993672 ) ) ;
#649 = UNCERTAINTY_MEASURE_WITH_UNIT (LENGTH_MEASURE( 1.000000000000000082E-05 ), #6071, 'distance_accuracy_value', 'NONE');
#650 = SURFACE_STYLE_FILL_AREA ( #7053 ) ;
#651 =( NAMED_UNIT ( * ) SI_UNIT ( $, .STERADIAN. ) SOLID_ANGLE_UNIT ( ) );
#652 = STYLED_ITEM ( 'NONE', ( #168 ), #6869 ) ;
#653 = B_SPLINE_SURFACE_WITH_KNOTS ( 'NONE', 3, 1, ( 
 ( #5562, #2102 ),
 ( #2791, #7249 ),
 ( #257, #7211 ),
 ( #5981, #3414 ),
 ( #328, #7892 ),
 ( #3361, #4077 ),
 ( #935, #4681 ),
 ( #870, #6551 ),
 ( #2157, #3383 ),
 ( #4711, #5957 ),
 ( #2850, #7307 ) ),
 .UNSPECIFIED., .F., .F., .F.,
 ( 4, 1, 1, 1, 1, 1, 1, 1, 4 ),
 ( 2, 2 ),
 ( 0.0000000000000000000, 0.1352946047634290549, 0.2667656579247486004, 0.3948160188358721401, 0.5200516544342453917, 0.6421757029708214937, 0.7626518205584230659, 0.8818340043805021899, 1.000000000000000000 ),
 ( 0.0000000000000000000, 1.000000000000000000 ),
 .UNSPECIFIED. ) ;
#654 = COLOUR_RGB ( '',1.000000000000000000, 1.000000000000000000, 1.000000000000000000 ) ;
#655 = CARTESIAN_POINT ( 'NONE',  ( 1.000281723428703362, 0.5504035209157125408, 0.3534878236872062707 ) ) ;
#656 =( LENGTH_UNIT ( ) NAMED_UNIT ( * ) SI_UNIT ( .MILLI., .METRE. ) );
#657 = CARTESIAN_POINT ( 'NONE',  ( -0.1297926302799978782, 0.03215789127454207752, -0.5000000000000001110 ) ) ;
#658 = CARTESIAN_POINT ( 'NONE',  ( 0.03505262881526593349, 0.04977656041046989166, -0.4989999999999999991 ) ) ;
#659 = FILL_AREA_STYLE ('',( #6894 ) ) ;
#660 = EDGE_LOOP ( 'NONE', ( #7152, #6909, #5730, #5633, #1000 ) ) ;
#661 =( GEOMETRIC_REPRESENTATION_CONTEXT ( 3 ) GLOBAL_UNCERTAINTY_ASSIGNED_CONTEXT ( ( #8229 ) ) GLOBAL_UNIT_ASSIGNED_CONTEXT ( ( #5563, #1228, #6910 ) ) REPRESENTATION_CONTEXT ( 'NONE', 'WORKASPACE' ) );
#662 = CIRCLE ( 'NONE', #4069, 0.03999999999999988981 ) ;
#663 = FACE_OUTER_BOUND ( 'NONE', #2896, .T. ) ;
#664 = CARTESIAN_POINT ( 'NONE',  ( 0.1100000000000000006, 0.8700000000000001066, -0.3500000000000000333 ) ) ;
#665 = DIRECTION ( 'NONE',  ( -0.0000000000000000000, 1.000000000000000000, 3.497426362856475968E-15 ) ) ;
#666 = STYLED_ITEM ( 'NONE', ( #247 ), #3563 ) ;
#667 = VECTOR ( 'NONE', #5354, 1000.000000000000000 ) ;
#668 = AXIS2_PLACEMENT_3D ( 'NONE', #2235, #3498, #5935 ) ;
#669 = VERTEX_POINT ( 'NONE', #6088 ) ;
#670 = CARTESIAN_POINT ( 'NONE',  ( -0.1902275806441135475, 0.03813815153563147181, -0.4990000000000002212 ) ) ;
#671 = EDGE_CURVE ( 'NONE', #7567, #199, #4412, .T. ) ;
#672 = FACE_OUTER_BOUND ( 'NONE', #1179, .T. ) ;
#673 = VECTOR ( 'NONE', #6431, 1000.000000000000000 ) ;
#674 = ORIENTED_EDGE ( 'NONE', *, *, #35, .T. ) ;
#675 = CARTESIAN_POINT ( 'NONE',  ( 0.09974305963148616394, -0.03170029141699257091, -0.5000000000000001110 ) ) ;
#676 = SURFACE_SIDE_STYLE ('',( #650 ) ) ;
#677 = FACE_OUTER_BOUND ( 'NONE', #7745, .T. ) ;
#678 = MECHANICAL_DESIGN_GEOMETRIC_PRESENTATION_REPRESENTATION (  '', ( #255 ), #1109 ) ;
#679 = FACE_OUTER_BOUND ( 'NONE', #6187, .T. ) ;
#680 = ORIENTED_EDGE ( 'NONE', *, *, #3887, .T. ) ;
#681 = CIRCLE ( 'NONE', #6893, 0.1999999999999998723 ) ;
#682 = ORIENTED_EDGE ( 'NONE', *, *, #2801, .T. ) ;
#683 = AXIS2_PLACEMENT_3D ( 'NONE', #2081, #2100, #3986 ) ;
#684 = STYLED_ITEM ( 'NONE', ( #2228 ), #763 ) ;
#685 = VECTOR ( 'NONE', #8219, 1000.000000000000000 ) ;
#686 = SURFACE_STYLE_FILL_AREA ( #697 ) ;
#687 = CARTESIAN_POINT ( 'NONE',  ( 0.1100000000000000006, -0.6700000000000012612, -0.04000000000000020900 ) ) ;
#688 = EDGE_LOOP ( 'NONE', ( #5709, #4461, #599, #7463 ) ) ;
#689 = SURFACE_STYLE_USAGE ( .BOTH. , #4517 ) ;
#690 = VECTOR ( 'NONE', #5657, 1000.000000000000000 ) ;
#691 = ORIENTED_EDGE ( 'NONE', *, *, #5276, .T. ) ;
#692 = CARTESIAN_POINT ( 'NONE',  ( -0.2210449321603438488, -0.04747953715050572815, -0.4989999999999999991 ) ) ;
#693 = VECTOR ( 'NONE', #4189, 1000.000000000000000 ) ;
#694 = VERTEX_POINT ( 'NONE', #1612 ) ;
#695 = LINE ( 'NONE', #1701, #903 ) ;
#696 = VECTOR ( 'NONE', #2582, 1000.000000000000000 ) ;
#697 = FILL_AREA_STYLE ('',( #3208 ) ) ;
#698 = VERTEX_POINT ( 'NONE', #5353 ) ;
#699 = DIRECTION ( 'NONE',  ( 0.0000000000000000000, 0.0000000000000000000, -1.000000000000000000 ) ) ;
#700 = FILL_AREA_STYLE_COLOUR ( '', #7976 ) ;
#701 = ORIENTED_EDGE ( 'NONE', *, *, #5548, .F. ) ;
#702 = FILL_AREA_STYLE_COLOUR ( '', #3141 ) ;
#703 = UNCERTAINTY_MEASURE_WITH_UNIT (LENGTH_MEASURE( 1.000000000000000082E-05 ), #751, 'distance_accuracy_value', 'NONE');
#704 = FILL_AREA_STYLE_COLOUR ( '', #1149 ) ;
#705 = PRESENTATION_STYLE_ASSIGNMENT (( #34 ) ) ;
#706 = CARTESIAN_POINT ( 'NONE',  ( -0.1247034687457096586, 0.003492261629982082970, -0.4989999999999999991 ) ) ;
#707 = ORIENTED_EDGE ( 'NONE', *, *, #3223, .T. ) ;
#708 = MECHANICAL_DESIGN_GEOMETRIC_PRESENTATION_REPRESENTATION (  '', ( #7947 ), #114 ) ;
#709 =( NAMED_UNIT ( * ) SI_UNIT ( $, .STERADIAN. ) SOLID_ANGLE_UNIT ( ) );
#710 = DIRECTION ( 'NONE',  ( -1.000000000000000000, 0.0000000000000000000, 0.0000000000000000000 ) ) ;
#711 = DIRECTION ( 'NONE',  ( 1.000000000000000000, 0.0000000000000000000, 0.0000000000000000000 ) ) ;
#712 = EDGE_CURVE ( 'NONE', #5810, #4384, #8126, .T. ) ;
#713 = ORIENTED_EDGE ( 'NONE', *, *, #1980, .F. ) ;
#714 = AXIS2_PLACEMENT_3D ( 'NONE', #7067, #6433, #5707 ) ;
#715 = CARTESIAN_POINT ( 'NONE',  ( -1.025000000000000355, 0.5751217974870086458, 0.0000000000000000000 ) ) ;
#716 = DIRECTION ( 'NONE',  ( 0.0000000000000000000, 0.0000000000000000000, -1.000000000000000000 ) ) ;
#717 = CARTESIAN_POINT ( 'NONE',  ( -0.5400000000000000355, -0.6700000000000012612, -0.04000000000000020900 ) ) ;
#718 = CARTESIAN_POINT ( 'NONE',  ( -0.08585057240424628922, 0.05252046284949429128, -0.5000000000000000000 ) ) ;
#719 =( NAMED_UNIT ( * ) PLANE_ANGLE_UNIT ( ) SI_UNIT ( $, .RADIAN. ) );
#720 = DIRECTION ( 'NONE',  ( 0.3393303772748785807, 0.9406672605435402179, 0.0000000000000000000 ) ) ;
#721 = STYLED_ITEM ( 'NONE', ( #4630 ), #5191 ) ;
#722 = FACE_OUTER_BOUND ( 'NONE', #397, .T. ) ;
#723 = AXIS2_PLACEMENT_3D ( 'NONE', #2545, #6998, #1977 ) ;
#724 = ADVANCED_FACE ( 'NONE', ( #1364 ), #5692, .T. ) ;
#725 = DIRECTION ( 'NONE',  ( -1.000000000000000000, 0.0000000000000000000, -0.0000000000000000000 ) ) ;
#726 = FILL_AREA_STYLE_COLOUR ( '', #1176 ) ;
#727 =( NAMED_UNIT ( * ) PLANE_ANGLE_UNIT ( ) SI_UNIT ( $, .RADIAN. ) );
#728 = CARTESIAN_POINT ( 'NONE',  ( -0.1100000000000000006, -0.6700000000000012612, -0.04000000000000020900 ) ) ;
#729 =( NAMED_UNIT ( * ) SI_UNIT ( $, .STERADIAN. ) SOLID_ANGLE_UNIT ( ) );
#730 = EDGE_CURVE ( 'NONE', #6863, #2945, #7521, .T. ) ;
#731 = SURFACE_STYLE_USAGE ( .BOTH. , #111 ) ;
#732 = FACE_OUTER_BOUND ( 'NONE', #8214, .T. ) ;
#733 = CARTESIAN_POINT ( 'NONE',  ( -0.1246706906874685689, 0.005024350143735386784, -0.4990000000000001101 ) ) ;
#734 = MECHANICAL_DESIGN_GEOMETRIC_PRESENTATION_REPRESENTATION (  '', ( #2373 ), #1996 ) ;
#735 = CARTESIAN_POINT ( 'NONE',  ( 0.1100000000000000006, 0.6243137685856749997, 0.009813566431136535456 ) ) ;
#736 = MECHANICAL_DESIGN_GEOMETRIC_PRESENTATION_REPRESENTATION (  '', ( #1321 ), #2424 ) ;
#737 = AXIS2_PLACEMENT_3D ( 'NONE', #6606, #7915, #341 ) ;
#738 =( NAMED_UNIT ( * ) SI_UNIT ( $, .STERADIAN. ) SOLID_ANGLE_UNIT ( ) );
#739 = DIRECTION ( 'NONE',  ( 0.9975640502598243087, 0.0000000000000000000, 0.06975647374412530244 ) ) ;
#740 = PRESENTATION_STYLE_ASSIGNMENT (( #5199 ) ) ;
#741 = ORIENTED_EDGE ( 'NONE', *, *, #2487, .T. ) ;
#742 = EDGE_CURVE ( 'NONE', #5186, #176, #2035, .T. ) ;
#743 = ORIENTED_EDGE ( 'NONE', *, *, #2123, .F. ) ;
#744 = SURFACE_SIDE_STYLE ('',( #379 ) ) ;
#745 =( NAMED_UNIT ( * ) PLANE_ANGLE_UNIT ( ) SI_UNIT ( $, .RADIAN. ) );
#746 = SURFACE_STYLE_FILL_AREA ( #5606 ) ;
#747 = ORIENTED_EDGE ( 'NONE', *, *, #1451, .T. ) ;
#748 = CARTESIAN_POINT ( 'NONE',  ( -0.9504035209157131181, 0.0000000000000000000, 0.3499999999999999778 ) ) ;
#749 = DIRECTION ( 'NONE',  ( -1.000000000000000000, 0.0000000000000000000, -0.0000000000000000000 ) ) ;
#750 = CARTESIAN_POINT ( 'NONE',  ( -0.5400000000000000355, 0.8700000000000002176, -0.3899999999999999578 ) ) ;
#751 =( LENGTH_UNIT ( ) NAMED_UNIT ( * ) SI_UNIT ( .MILLI., .METRE. ) );
#752 = ORIENTED_EDGE ( 'NONE', *, *, #2476, .F. ) ;
#753 = EDGE_CURVE ( 'NONE', #2701, #6175, #762, .T. ) ;
#754 = DIRECTION ( 'NONE',  ( -0.0000000000000000000, -1.000000000000000000, -0.0000000000000000000 ) ) ;
#755 = CARTESIAN_POINT ( 'NONE',  ( -0.08579340777009993035, 0.04154485309339672749, -0.4989999999999999991 ) ) ;
#756 = CIRCLE ( 'NONE', #7145, 0.2100000000000000477 ) ;
#757 = FILL_AREA_STYLE ('',( #7675 ) ) ;
#758 = UNCERTAINTY_MEASURE_WITH_UNIT (LENGTH_MEASURE( 1.000000000000000082E-05 ), #7871, 'distance_accuracy_value', 'NONE');
#759 = SURFACE_STYLE_FILL_AREA ( #6090 ) ;
#760 = CARTESIAN_POINT ( 'NONE',  ( -0.5400000000000000355, -0.8700000000000001066, -0.5499999999999999334 ) ) ;
#761 = SURFACE_SIDE_STYLE ('',( #5579 ) ) ;
#762 = LINE ( 'NONE', #3663, #1947 ) ;
#763 = ADVANCED_FACE ( 'NONE', ( #6590 ), #6190, .T. ) ;
#764 = CARTESIAN_POINT ( 'NONE',  ( -0.1232703523763811482, -0.03354622983892904808, -0.4989999999999998881 ) ) ;
#765 = CARTESIAN_POINT ( 'NONE',  ( -0.05763029801400236518, -0.04747953715050572815, -0.5000000000000000000 ) ) ;
#766 = LINE ( 'NONE', #2512, #6383 ) ;
#767 = AXIS2_PLACEMENT_3D ( 'NONE', #4416, #665, #7009 ) ;
#768 = FACE_OUTER_BOUND ( 'NONE', #5739, .T. ) ;
#769 = ORIENTED_EDGE ( 'NONE', *, *, #2060, .T. ) ;
#770 = AXIS2_PLACEMENT_3D ( 'NONE', #8171, #1818, #4985 ) ;
#771 = CARTESIAN_POINT ( 'NONE',  ( -0.1152829535915478876, -0.03969146747978020973, -0.4999999999999997780 ) ) ;
#772 = DIRECTION ( 'NONE',  ( -0.0000000000000000000, 0.0000000000000000000, -1.000000000000000000 ) ) ;
#773 = CARTESIAN_POINT ( 'NONE',  ( -0.2210449321603438488, -0.04747953715050572815, -0.4989999999999999991 ) ) ;
#774 =( GEOMETRIC_REPRESENTATION_CONTEXT ( 3 ) GLOBAL_UNCERTAINTY_ASSIGNED_CONTEXT ( ( #7480 ) ) GLOBAL_UNIT_ASSIGNED_CONTEXT ( ( #6931, #6242, #5044 ) ) REPRESENTATION_CONTEXT ( 'NONE', 'WORKASPACE' ) );
#775 = ORIENTED_EDGE ( 'NONE', *, *, #7816, .T. ) ;
#776 = CARTESIAN_POINT ( 'NONE',  ( 0.1039079492774848401, 0.02691091480005550554, -0.4999999999999998890 ) ) ;
#777 = VERTEX_POINT ( 'NONE', #498 ) ;
#778 = DIRECTION ( 'NONE',  ( -0.0000000000000000000, -0.0000000000000000000, -1.000000000000000000 ) ) ;
#779 = PRESENTATION_LAYER_ASSIGNMENT (  '', '', ( #5948 ) ) ;
#780 = SURFACE_SIDE_STYLE ('',( #6840 ) ) ;
#781 = EDGE_LOOP ( 'NONE', ( #6463, #7793, #5325, #5596 ) ) ;
#782 = SURFACE_STYLE_FILL_AREA ( #2048 ) ;
#783 =( NAMED_UNIT ( * ) PLANE_ANGLE_UNIT ( ) SI_UNIT ( $, .RADIAN. ) );
#784 = STYLED_ITEM ( 'NONE', ( #4607 ), #3269 ) ;
#785 = VECTOR ( 'NONE', #5346, 1000.000000000000000 ) ;
#786 = B_SPLINE_SURFACE_WITH_KNOTS ( 'NONE', 3, 1, ( 
 ( #3760, #3805 ),
 ( #3786, #2531 ),
 ( #1958, #1304 ),
 ( #5032, #1331 ),
 ( #7002, #6314 ),
 ( #2503, #8252 ),
 ( #20, #4407 ),
 ( #6340, #7666 ),
 ( #6360, #5731 ),
 ( #5069, #6979 ),
 ( #658, #2585 ) ),
 .UNSPECIFIED., .F., .F., .F.,
 ( 4, 1, 1, 1, 1, 1, 1, 1, 4 ),
 ( 2, 2 ),
 ( 0.0000000000000000000, 0.1451868664724696723, 0.2834426109197301091, 0.4165243659288290767, 0.5431811235350824107, 0.6651530826377128891, 0.7813602063127155217, 0.8927566556418091714, 1.000000000000000000 ),
 ( 0.0000000000000000000, 1.000000000000000000 ),
 .UNSPECIFIED. ) ;
#787 = CARTESIAN_POINT ( 'NONE',  ( 0.7599999999999998979, 0.6200000000000012168, -0.04000000000000002859 ) ) ;
#788 = EDGE_CURVE ( 'NONE', #3785, #7957, #6380, .T. ) ;
#789 = FACE_OUTER_BOUND ( 'NONE', #4654, .T. ) ;
#790 = SURFACE_SIDE_STYLE ('',( #2412 ) ) ;
#791 = ORIENTED_EDGE ( 'NONE', *, *, #4726, .F. ) ;
#792 = VECTOR ( 'NONE', #2871, 1000.000000000000114 ) ;
#793 = ORIENTED_EDGE ( 'NONE', *, *, #1505, .F. ) ;
#794 = ORIENTED_EDGE ( 'NONE', *, *, #1597, .F. ) ;
#795 = COLOUR_RGB ( '',0.2509803921568627416, 0.2509803921568627416, 0.2509803921568627416 ) ;
#796 = DIRECTION ( 'NONE',  ( 0.0000000000000000000, -0.9975640502598243087, 0.06975647374412546897 ) ) ;
#797 =( NAMED_UNIT ( * ) PLANE_ANGLE_UNIT ( ) SI_UNIT ( $, .RADIAN. ) );
#798 = CARTESIAN_POINT ( 'NONE',  ( -0.1379985506120829097, -0.001812995079102227560, -0.4989999999999999991 ) ) ;
#799 = VECTOR ( 'NONE', #463, 1000.000000000000000 ) ;
#800 = EDGE_LOOP ( 'NONE', ( #6841, #7358, #4159, #71, #4816, #7454, #8055, #1265, #1880, #1783, #5822 ) ) ;
#801 = ORIENTED_EDGE ( 'NONE', *, *, #2401, .F. ) ;
#802 = ORIENTED_EDGE ( 'NONE', *, *, #5972, .F. ) ;
#803 = STYLED_ITEM ( 'NONE', ( #6695 ), #815 ) ;
#804 = VERTEX_POINT ( 'NONE', #7541 ) ;
#805 = VECTOR ( 'NONE', #472, 1000.000000000000000 ) ;
#806 = CARTESIAN_POINT ( 'NONE',  ( 0.07812750624291558976, -0.03363956067238878245, -0.4999999999999998890 ) ) ;
#807 = CARTESIAN_POINT ( 'NONE',  ( -0.1913764870383926342, 0.03331314577632354251, -0.5000000000000000000 ) ) ;
#808 = EDGE_CURVE ( 'NONE', #4932, #5776, #5204, .T. ) ;
#809 = FILL_AREA_STYLE_COLOUR ( '', #6809 ) ;
#810 = LINE ( 'NONE', #765, #8167 ) ;
#811 = DIRECTION ( 'NONE',  ( 0.0000000000000000000, -0.0000000000000000000, -1.000000000000000000 ) ) ;
#812 = EDGE_LOOP ( 'NONE', ( #713, #802, #1747, #1844 ) ) ;
#813 = EDGE_CURVE ( 'NONE', #386, #2245, #5012, .T. ) ;
#814 = UNCERTAINTY_MEASURE_WITH_UNIT (LENGTH_MEASURE( 1.000000000000000082E-05 ), #4340, 'distance_accuracy_value', 'NONE');
#815 = ADVANCED_FACE ( 'NONE', ( #1864 ), #653, .T. ) ;
#816 = CARTESIAN_POINT ( 'NONE',  ( 0.08324712104886702879, 0.04811487999005707727, -0.4990000000000001101 ) ) ;
#817 = CARTESIAN_POINT ( 'NONE',  ( -0.5400000000000000355, -1.050000000000000044, -0.5500000000000000444 ) ) ;
#818 = LINE ( 'NONE', #5507, #8067 ) ;
#819 = FILL_AREA_STYLE_COLOUR ( '', #3915 ) ;
#820 = CARTESIAN_POINT ( 'NONE',  ( -0.5400000000000000355, 0.6200000000000012168, 0.1699999999999999845 ) ) ;
#821 = ORIENTED_EDGE ( 'NONE', *, *, #3945, .F. ) ;
#822 = CARTESIAN_POINT ( 'NONE',  ( 0.07006822128801376559, 0.04127781745556273474, -0.4989999999999998881 ) ) ;
#823 = DIRECTION ( 'NONE',  ( -1.000000000000000000, -0.0000000000000000000, -0.0000000000000000000 ) ) ;
#824 = PRESENTATION_STYLE_ASSIGNMENT (( #7757 ) ) ;
#825 = AXIS2_PLACEMENT_3D ( 'NONE', #5679, #622, #5045 ) ;
#826 =( NAMED_UNIT ( * ) PLANE_ANGLE_UNIT ( ) SI_UNIT ( $, .RADIAN. ) );
#827 = CARTESIAN_POINT ( 'NONE',  ( 0.07171006227004821099, -0.03630563327983991201, -0.4999999999999998890 ) ) ;
#828 = CARTESIAN_POINT ( 'NONE',  ( -0.1381181028920511755, 0.003778084800713790541, -0.4999999999999996669 ) ) ;
#829 = MECHANICAL_DESIGN_GEOMETRIC_PRESENTATION_REPRESENTATION (  '', ( #7633 ), #4361 ) ;
#830 = CARTESIAN_POINT ( 'NONE',  ( -0.1221764134310956845, -0.01332473205395326606, -0.5000000000000001110 ) ) ;
#831 = DIRECTION ( 'NONE',  ( -1.000000000000000000, -0.0000000000000000000, -0.0000000000000000000 ) ) ;
#832 = DIRECTION ( 'NONE',  ( 1.000000000000000000, 0.0000000000000000000, 0.0000000000000000000 ) ) ;
#833 = MECHANICAL_DESIGN_GEOMETRIC_PRESENTATION_REPRESENTATION (  '', ( #2093 ), #1530 ) ;
#834 = ORIENTED_EDGE ( 'NONE', *, *, #146, .T. ) ;
#835 = CARTESIAN_POINT ( 'NONE',  ( 0.06039152090248124660, 0.05369795254327091455, -0.4989999999999999991 ) ) ;
#836 = VERTEX_POINT ( 'NONE', #1562 ) ;
#837 =( LENGTH_UNIT ( ) NAMED_UNIT ( * ) SI_UNIT ( .MILLI., .METRE. ) );
#838 = DIRECTION ( 'NONE',  ( 0.0000000000000000000, 0.0000000000000000000, 1.000000000000000000 ) ) ;
#839 = ADVANCED_FACE ( 'NONE', ( #5253 ), #6525, .T. ) ;
#840 = CARTESIAN_POINT ( 'NONE',  ( 0.08808450259967860740, 0.02873066262142286512, -0.4989999999999998881 ) ) ;
#841 = AXIS2_PLACEMENT_3D ( 'NONE', #7564, #561, #1800 ) ;
#842 = EDGE_LOOP ( 'NONE', ( #5813, #7635, #1972, #8042 ) ) ;
#843 = DIRECTION ( 'NONE',  ( 0.0000000000000000000, -3.497426362856475968E-15, 1.000000000000000000 ) ) ;
#844 = DIRECTION ( 'NONE',  ( 0.0000000000000000000, -3.497426362856476362E-15, -1.000000000000000000 ) ) ;
#845 = PRESENTATION_LAYER_ASSIGNMENT (  '', '', ( #258 ) ) ;
#846 = STYLED_ITEM ( 'NONE', ( #1072 ), #352 ) ;
#847 = CARTESIAN_POINT ( 'NONE',  ( 0.09366368176859943273, -0.01468276096489676448, -0.4989999999999998881 ) ) ;
#848 = ADVANCED_FACE ( 'NONE', ( #4558 ), #1491, .T. ) ;
#849 = LINE ( 'NONE', #4557, #7403 ) ;
#850 = CARTESIAN_POINT ( 'NONE',  ( -0.09597289808867809358, -0.04667919195923683762, -0.4990000000000001101 ) ) ;
#851 = PRESENTATION_STYLE_ASSIGNMENT (( #2206 ) ) ;
#852 = EDGE_CURVE ( 'NONE', #6565, #5474, #8063, .T. ) ;
#853 = ORIENTED_EDGE ( 'NONE', *, *, #3009, .T. ) ;
#854 = UNCERTAINTY_MEASURE_WITH_UNIT (LENGTH_MEASURE( 1.000000000000000082E-05 ), #1165, 'distance_accuracy_value', 'NONE');
#855 = CIRCLE ( 'NONE', #770, 0.05000000000000002359 ) ;
#856 = CARTESIAN_POINT ( 'NONE',  ( -0.1233079153138167267, -0.009483856043712948769, -0.4989999999999999991 ) ) ;
#857 =( NAMED_UNIT ( * ) SI_UNIT ( $, .STERADIAN. ) SOLID_ANGLE_UNIT ( ) );
#858 =( NAMED_UNIT ( * ) PLANE_ANGLE_UNIT ( ) SI_UNIT ( $, .RADIAN. ) );
#859 = EDGE_CURVE ( 'NONE', #609, #6115, #3252, .T. ) ;
#860 = DIRECTION ( 'NONE',  ( 0.0000000000000000000, 0.0000000000000000000, -1.000000000000000000 ) ) ;
#861 = VECTOR ( 'NONE', #7800, 1000.000000000000000 ) ;
#862 = FACE_BOUND ( 'NONE', #3068, .T. ) ;
#863 = FILL_AREA_STYLE_COLOUR ( '', #5508 ) ;
#864 = UNCERTAINTY_MEASURE_WITH_UNIT (LENGTH_MEASURE( 1.000000000000000082E-05 ), #5539, 'distance_accuracy_value', 'NONE');
#865 = LINE ( 'NONE', #6172, #5492 ) ;
#866 = ORIENTED_EDGE ( 'NONE', *, *, #2270, .T. ) ;
#867 = CARTESIAN_POINT ( 'NONE',  ( -0.1246018998551949725, -0.001034875858625423136, -0.4989999999999999991 ) ) ;
#868 = LINE ( 'NONE', #4408, #7428 ) ;
#869 = EDGE_CURVE ( 'NONE', #6565, #3876, #6232, .T. ) ;
#870 = CARTESIAN_POINT ( 'NONE',  ( 0.04074968879713008335, -0.03415502818134388135, -0.4989999999999998881 ) ) ;
#871 = ORIENTED_EDGE ( 'NONE', *, *, #1855, .T. ) ;
#872 = FILL_AREA_STYLE_COLOUR ( '', #6077 ) ;
#873 = CARTESIAN_POINT ( 'NONE',  ( 0.09060827664113135782, -0.02141019565791688062, -0.4989999999999999991 ) ) ;
#874 = APPLICATION_CONTEXT ( 'automotive_design' ) ;
#875 = ORIENTED_EDGE ( 'NONE', *, *, #1602, .F. ) ;
#876 = CARTESIAN_POINT ( 'NONE',  ( -0.1100000000000000006, 0.8300000000000011813, -0.04000000000000077105 ) ) ;
#877 =( GEOMETRIC_REPRESENTATION_CONTEXT ( 3 ) GLOBAL_UNCERTAINTY_ASSIGNED_CONTEXT ( ( #4874 ) ) GLOBAL_UNIT_ASSIGNED_CONTEXT ( ( #2475, #4314, #6227 ) ) REPRESENTATION_CONTEXT ( 'NONE', 'WORKASPACE' ) );
#878 = ORIENTED_EDGE ( 'NONE', *, *, #4008, .F. ) ;
#879 = SURFACE_STYLE_FILL_AREA ( #2633 ) ;
#880 = ADVANCED_FACE ( 'NONE', ( #1710 ), #1718, .T. ) ;
#881 = MECHANICAL_DESIGN_GEOMETRIC_PRESENTATION_REPRESENTATION (  '', ( #3560 ), #1460 ) ;
#882 = SURFACE_STYLE_FILL_AREA ( #2688 ) ;
#883 = PRESENTATION_LAYER_ASSIGNMENT (  '', '', ( #1792 ) ) ;
#884 = CARTESIAN_POINT ( 'NONE',  ( -0.1246689571436699895, 0.001954007479582790807, -0.4999999999999998890 ) ) ;
#885 = CARTESIAN_POINT ( 'NONE',  ( 0.03505262881526593349, -0.03132100056513987402, -0.4989999999999999991 ) ) ;
#886 = SURFACE_STYLE_USAGE ( .BOTH. , #2712 ) ;
#887 = VERTEX_POINT ( 'NONE', #1016 ) ;
#888 = DIRECTION ( 'NONE',  ( 0.0000000000000000000, 0.0000000000000000000, 1.000000000000000000 ) ) ;
#889 = FILL_AREA_STYLE ('',( #4671 ) ) ;
#890 = ORIENTED_EDGE ( 'NONE', *, *, #4417, .F. ) ;
#891 = COLOUR_RGB ( '',0.2509803921568627416, 0.2509803921568627416, 0.2509803921568627416 ) ;
#892 = EDGE_CURVE ( 'NONE', #4954, #2985, #4925, .T. ) ;
#893 = PRESENTATION_STYLE_ASSIGNMENT (( #3332 ) ) ;
#894 = PRESENTATION_LAYER_ASSIGNMENT (  '', '', ( #7902 ) ) ;
#895 = ADVANCED_FACE ( 'NONE', ( #4130 ), #1740, .T. ) ;
#896 = CARTESIAN_POINT ( 'NONE',  ( -0.9753633278277478169, -0.6252415303407389269, -0.003454044793775287985 ) ) ;
#897 = EDGE_LOOP ( 'NONE', ( #3123, #4901, #6298, #283 ) ) ;
#898 = CARTESIAN_POINT ( 'NONE',  ( 0.9504035209157124520, 3.297374598767001762E-16, 0.3499999999999999778 ) ) ;
#899 = PRESENTATION_LAYER_ASSIGNMENT (  '', '', ( #5685 ) ) ;
#900 = CIRCLE ( 'NONE', #1863, 0.1999999999999998723 ) ;
#901 = ORIENTED_EDGE ( 'NONE', *, *, #2593, .F. ) ;
#902 = ORIENTED_EDGE ( 'NONE', *, *, #7561, .T. ) ;
#903 = VECTOR ( 'NONE', #1105, 1000.000000000000000 ) ;
#904 = DIRECTION ( 'NONE',  ( -1.000000000000000000, 0.0000000000000000000, -0.0000000000000000000 ) ) ;
#905 =( GEOMETRIC_REPRESENTATION_CONTEXT ( 3 ) GLOBAL_UNCERTAINTY_ASSIGNED_CONTEXT ( ( #6208 ) ) GLOBAL_UNIT_ASSIGNED_CONTEXT ( ( #3243, #7776, #1397 ) ) REPRESENTATION_CONTEXT ( 'NONE', 'WORKASPACE' ) );
#906 = CARTESIAN_POINT ( 'NONE',  ( 0.06256787271770497538, -0.04869904934562768045, -0.5000000000000000000 ) ) ;
#907 = LINE ( 'NONE', #119, #696 ) ;
#908 = EDGE_CURVE ( 'NONE', #1962, #3548, #189, .T. ) ;
#909 = EDGE_LOOP ( 'NONE', ( #5262, #6273, #4850, #2066 ) ) ;
#910 = CARTESIAN_POINT ( 'NONE',  ( -0.1912516965260535884, 0.03371212922163458608, -0.4990000000000001101 ) ) ;
#911 = CARTESIAN_POINT ( 'NONE',  ( 0.09548004036269795713, -0.007031985662470596754, -0.4989999999999998881 ) ) ;
#912 = CARTESIAN_POINT ( 'NONE',  ( -0.1891722180697750222, 0.03826805592083568769, -0.4989999999999999991 ) ) ;
#913 = CARTESIAN_POINT ( 'NONE',  ( -0.1100000000000000006, 0.6200000000000012168, -0.04000000000000002859 ) ) ;
#914 = SURFACE_STYLE_FILL_AREA ( #1147 ) ;
#915 = VECTOR ( 'NONE', #6714, 1000.000000000000000 ) ;
#916 = ORIENTED_EDGE ( 'NONE', *, *, #7554, .F. ) ;
#917 = AXIS2_PLACEMENT_3D ( 'NONE', #2406, #3036, #1136 ) ;
#918 = CARTESIAN_POINT ( 'NONE',  ( 0.09600045658635081303, -8.730890814550715040E-06, -0.4999999999999998890 ) ) ;
#919 = UNCERTAINTY_MEASURE_WITH_UNIT (LENGTH_MEASURE( 1.000000000000000082E-05 ), #7994, 'distance_accuracy_value', 'NONE');
#920 = PLANE ( 'NONE',  #2601 ) ;
#921 = CARTESIAN_POINT ( 'NONE',  ( 0.7599999999999998979, -0.6700000000000002620, -0.3499999999999993672 ) ) ;
#922 = EDGE_CURVE ( 'NONE', #205, #6863, #1182, .T. ) ;
#923 = VECTOR ( 'NONE', #6156, 1000.000000000000000 ) ;
#924 = CARTESIAN_POINT ( 'NONE',  ( -0.03567907850180723761, 0.04154485309339672749, -0.4989999999999999991 ) ) ;
#925 = EDGE_CURVE ( 'NONE', #4348, #5776, #7749, .T. ) ;
#926 = EDGE_LOOP ( 'NONE', ( #7858, #243, #682, #4280 ) ) ;
#927 =( NAMED_UNIT ( * ) SI_UNIT ( $, .STERADIAN. ) SOLID_ANGLE_UNIT ( ) );
#928 = SURFACE_SIDE_STYLE ('',( #2947 ) ) ;
#929 = DIRECTION ( 'NONE',  ( 0.0000000000000000000, -8.131516293641305343E-15, -1.000000000000000000 ) ) ;
#930 = B_SPLINE_SURFACE_WITH_KNOTS ( 'NONE', 3, 1, ( 
 ( #4918, #7517 ),
 ( #4992, #4351 ),
 ( #1120, #604 ),
 ( #5581, #5540 ),
 ( #6170, #4284 ),
 ( #2394, #4976 ),
 ( #7491, #3642 ) ),
 .UNSPECIFIED., .F., .F., .F.,
 ( 4, 1, 1, 1, 4 ),
 ( 2, 2 ),
 ( 0.0000000000000000000, 0.3005411131585078444, 0.5677471464835985859, 0.8000336137369795653, 1.000000000000000000 ),
 ( 0.0000000000000000000, 1.000000000000000000 ),
 .UNSPECIFIED. ) ;
#931 = DIRECTION ( 'NONE',  ( 0.0000000000000000000, -1.000000000000000000, 3.497426362856475968E-15 ) ) ;
#932 =( NAMED_UNIT ( * ) SI_UNIT ( $, .STERADIAN. ) SOLID_ANGLE_UNIT ( ) );
#933 = CARTESIAN_POINT ( 'NONE',  ( 0.07734941220391190753, -0.04688451400501312399, -0.5000000000000000000 ) ) ;
#934 = AXIS2_PLACEMENT_3D ( 'NONE', #2388, #5555, #1826 ) ;
#935 = CARTESIAN_POINT ( 'NONE',  ( 0.04378040409557689555, -0.03527243429208112152, -0.4990000000000001101 ) ) ;
#936 = CARTESIAN_POINT ( 'NONE',  ( -0.9504035209157131181, -0.5970292752225959676, 0.4000000000000000222 ) ) ;
#937 =( NAMED_UNIT ( * ) PLANE_ANGLE_UNIT ( ) SI_UNIT ( $, .RADIAN. ) );
#938 = CARTESIAN_POINT ( 'NONE',  ( 0.08106355425665727477, -0.03182632798931127327, -0.5000000000000000000 ) ) ;
#939 = ADVANCED_FACE ( 'NONE', ( #403 ), #376, .T. ) ;
#940 = CARTESIAN_POINT ( 'NONE',  ( -0.1893925007423664653, 0.03961325166945268289, -0.4989999999999998881 ) ) ;
#941 =( LENGTH_UNIT ( ) NAMED_UNIT ( * ) SI_UNIT ( .MILLI., .METRE. ) );
#942 = MECHANICAL_DESIGN_GEOMETRIC_PRESENTATION_REPRESENTATION (  '', ( #2134 ), #1352 ) ;
#943 =( GEOMETRIC_REPRESENTATION_CONTEXT ( 3 ) GLOBAL_UNCERTAINTY_ASSIGNED_CONTEXT ( ( #854 ) ) GLOBAL_UNIT_ASSIGNED_CONTEXT ( ( #1165, #3064, #7530 ) ) REPRESENTATION_CONTEXT ( 'NONE', 'WORKASPACE' ) );
#944 = CARTESIAN_POINT ( 'NONE',  ( -0.09048709203513938260, -0.04737703382007478481, -0.4989999999999998881 ) ) ;
#945 = FACE_OUTER_BOUND ( 'NONE', #3905, .T. ) ;
#946 = CARTESIAN_POINT ( 'NONE',  ( 0.1100000000000000006, 0.6200000000000012168, 0.1699999999999999845 ) ) ;
#947 = ORIENTED_EDGE ( 'NONE', *, *, #6236, .F. ) ;
#948 = DIRECTION ( 'NONE',  ( 0.0000000000000000000, 8.131516293641305343E-15, -1.000000000000000000 ) ) ;
#949 = STYLED_ITEM ( 'NONE', ( #1858 ), #3351 ) ;
#950 = PRESENTATION_LAYER_ASSIGNMENT (  '', '', ( #6600 ) ) ;
#951 = EDGE_CURVE ( 'NONE', #1960, #1284, #6728, .T. ) ;
#952 = ORIENTED_EDGE ( 'NONE', *, *, #4258, .F. ) ;
#953 = COLOUR_RGB ( '',0.0000000000000000000, 0.0000000000000000000, 0.0000000000000000000 ) ;
#954 = ORIENTED_EDGE ( 'NONE', *, *, #3223, .F. ) ;
#955 = DIRECTION ( 'NONE',  ( -1.000000000000000000, -0.0000000000000000000, -0.0000000000000000000 ) ) ;
#956 = CARTESIAN_POINT ( 'NONE',  ( -0.1206956644095727588, -0.01689826098845342156, -0.4989999999999999991 ) ) ;
#957 = CARTESIAN_POINT ( 'NONE',  ( -0.09128996537300529401, 0.05239922378308296824, -0.4989999999999999991 ) ) ;
#958 = PRESENTATION_STYLE_ASSIGNMENT (( #5828 ) ) ;
#959 = CARTESIAN_POINT ( 'NONE',  ( 0.1093504554258878519, -0.004724296312714318206, -0.4989999999999999991 ) ) ;
#960 = LINE ( 'NONE', #5858, #861 ) ;
#961 = VERTEX_POINT ( 'NONE', #4272 ) ;
#962 = SURFACE_SIDE_STYLE ('',( #1392 ) ) ;
#963 = UNCERTAINTY_MEASURE_WITH_UNIT (LENGTH_MEASURE( 1.000000000000000082E-05 ), #1910, 'distance_accuracy_value', 'NONE');
#964 = CARTESIAN_POINT ( 'NONE',  ( 0.9900365940282442878, 0.5434108397213615049, -0.5000000000000000000 ) ) ;
#965 = EDGE_CURVE ( 'NONE', #4592, #1327, #5147, .T. ) ;
#966 = CARTESIAN_POINT ( 'NONE',  ( 0.1094428727177049754, 0.0006340299226650141992, -0.5000000000000000000 ) ) ;
#967 = FACE_OUTER_BOUND ( 'NONE', #7945, .T. ) ;
#968 = EDGE_LOOP ( 'NONE', ( #6422, #5971, #2558, #1252 ) ) ;
#969 = CARTESIAN_POINT ( 'NONE',  ( 0.09349525344770563684, 0.01846311052229677660, -0.5000000000000001110 ) ) ;
#970 = PLANE ( 'NONE',  #1637 ) ;
#971 =( LENGTH_UNIT ( ) NAMED_UNIT ( * ) SI_UNIT ( .MILLI., .METRE. ) );
#972 = ADVANCED_FACE ( 'NONE', ( #2169 ), #5599, .T. ) ;
#973 = CARTESIAN_POINT ( 'NONE',  ( 0.05847107393721714952, 0.04276436528851867286, -0.5000000000000000000 ) ) ;
#974 = COLOUR_RGB ( '',1.000000000000000000, 1.000000000000000000, 1.000000000000000000 ) ;
#975 = CARTESIAN_POINT ( 'NONE',  ( -0.7665313082195535088, -0.3440386105051373988, 0.3990000000000000213 ) ) ;
#976 = DIRECTION ( 'NONE',  ( 1.000000000000000000, 0.0000000000000000000, 0.0000000000000000000 ) ) ;
#977 = AXIS2_PLACEMENT_3D ( 'NONE', #1940, #5229, #5178 ) ;
#978 = CARTESIAN_POINT ( 'NONE',  ( -0.07104493216034385439, -0.03650392739440816436, -0.5000000000000000000 ) ) ;
#979 = CARTESIAN_POINT ( 'NONE',  ( -0.08585057240424628922, 0.05252046284949429128, -0.4989999999999999991 ) ) ;
#980 = FACE_OUTER_BOUND ( 'NONE', #3187, .T. ) ;
#981 = CARTESIAN_POINT ( 'NONE',  ( 0.1045563225214993230, -0.02380314917250225815, -0.4989999999999999991 ) ) ;
#982 = ORIENTED_EDGE ( 'NONE', *, *, #1029, .F. ) ;
#983 = EDGE_LOOP ( 'NONE', ( #3234, #2158, #2024, #6069 ) ) ;
#984 = VERTEX_POINT ( 'NONE', #7335 ) ;
#985 = DIRECTION ( 'NONE',  ( -1.000000000000000000, 0.0000000000000000000, -0.0000000000000000000 ) ) ;
#986 = DIRECTION ( 'NONE',  ( 0.0000000000000000000, 1.000000000000000000, -6.023345402697245979E-16 ) ) ;
#987 =( NAMED_UNIT ( * ) SI_UNIT ( $, .STERADIAN. ) SOLID_ANGLE_UNIT ( ) );
#988 = FILL_AREA_STYLE_COLOUR ( '', #4740 ) ;
#989 = MECHANICAL_DESIGN_GEOMETRIC_PRESENTATION_REPRESENTATION (  '', ( #6926 ), #1841 ) ;
#990 = ORIENTED_EDGE ( 'NONE', *, *, #1029, .T. ) ;
#991 = COLOUR_RGB ( '',0.0000000000000000000, 0.0000000000000000000, 0.0000000000000000000 ) ;
#992 = CARTESIAN_POINT ( 'NONE',  ( -0.7599999999999998979, -0.6250000000000001110, 0.0000000000000000000 ) ) ;
#993 = ORIENTED_EDGE ( 'NONE', *, *, #3612, .F. ) ;
#994 = AXIS2_PLACEMENT_3D ( 'NONE', #4562, #4610, #3982 ) ;
#995 = ORIENTED_EDGE ( 'NONE', *, *, #1312, .T. ) ;
#996 = AXIS2_PLACEMENT_3D ( 'NONE', #6035, #6760, #7993 ) ;
#997 = CARTESIAN_POINT ( 'NONE',  ( -0.1241281430496225385, -0.005391019721569164161, -0.5000000000000000000 ) ) ;
#998 = DIRECTION ( 'NONE',  ( 1.000000000000000000, 0.0000000000000000000, 0.0000000000000000000 ) ) ;
#999 = CARTESIAN_POINT ( 'NONE',  ( -0.7599999999999998979, 0.6250000000000001110, 0.0000000000000000000 ) ) ;
#1000 = ORIENTED_EDGE ( 'NONE', *, *, #3246, .F. ) ;
#1001 = DIRECTION ( 'NONE',  ( 0.0000000000000000000, 1.000000000000000000, 0.0000000000000000000 ) ) ;
#1002 = VERTEX_POINT ( 'NONE', #6214 ) ;
#1003 = ORIENTED_EDGE ( 'NONE', *, *, #4332, .F. ) ;
#1004 = EDGE_CURVE ( 'NONE', #961, #2188, #5718, .T. ) ;
#1005 = EDGE_LOOP ( 'NONE', ( #701, #1396, #3702, #6628, #3381, #3777, #3111, #76, #5609, #8237, #5693 ) ) ;
#1006 = COLOUR_RGB ( '',1.000000000000000000, 1.000000000000000000, 1.000000000000000000 ) ;
#1007 = CARTESIAN_POINT ( 'NONE',  ( 0.9654364023659575134, -0.6153146048789492895, -0.1385076031905337901 ) ) ;
#1008 = AXIS2_PLACEMENT_3D ( 'NONE', #5577, #5011, #1225 ) ;
#1009 = SURFACE_STYLE_USAGE ( .BOTH. , #7297 ) ;
#1010 = CARTESIAN_POINT ( 'NONE',  ( 1.024999999999999467, 0.6043691396444109687, 1.646632049462359859E-15 ) ) ;
#1011 = PRESENTATION_LAYER_ASSIGNMENT (  '', '', ( #3673 ) ) ;
#1012 = STYLED_ITEM ( 'NONE', ( #6928 ), #262 ) ;
#1013 = PRESENTATION_STYLE_ASSIGNMENT (( #4768 ) ) ;
#1014 = EDGE_CURVE ( 'NONE', #5886, #3291, #1889, .T. ) ;
#1015 = LINE ( 'NONE', #2867, #915 ) ;
#1016 = CARTESIAN_POINT ( 'NONE',  ( 0.1094428727177049754, 0.0006340299226650141992, -0.4989999999999999991 ) ) ;
#1017 = ORIENTED_EDGE ( 'NONE', *, *, #1322, .F. ) ;
#1018 = ADVANCED_FACE ( 'NONE', ( #1592 ), #4333, .T. ) ;
#1019 =( NAMED_UNIT ( * ) SI_UNIT ( $, .STERADIAN. ) SOLID_ANGLE_UNIT ( ) );
#1020 = UNCERTAINTY_MEASURE_WITH_UNIT (LENGTH_MEASURE( 1.000000000000000082E-05 ), #7290, 'distance_accuracy_value', 'NONE');
#1021 =( NAMED_UNIT ( * ) PLANE_ANGLE_UNIT ( ) SI_UNIT ( $, .RADIAN. ) );
#1022 = FACE_OUTER_BOUND ( 'NONE', #7122, .T. ) ;
#1023 = DIRECTION ( 'NONE',  ( -3.469446951953614189E-16, 1.000000000000000000, -0.0000000000000000000 ) ) ;
#1024 = CARTESIAN_POINT ( 'NONE',  ( 0.1086365725736170990, 0.01195491202821675342, -0.5000000000000002220 ) ) ;
#1025 = SURFACE_SIDE_STYLE ('',( #3459 ) ) ;
#1026 = SURFACE_SIDE_STYLE ('',( #6195 ) ) ;
#1027 = PLANE ( 'NONE',  #2794 ) ;
#1028 = FILL_AREA_STYLE ('',( #1555 ) ) ;
#1029 = EDGE_CURVE ( 'NONE', #1239, #4435, #2358, .T. ) ;
#1030 = CARTESIAN_POINT ( 'NONE',  ( 0.05182292636146099141, 0.05351132966800815211, -0.4989999999999999991 ) ) ;
#1031 = CARTESIAN_POINT ( 'NONE',  ( 0.7599999999999998979, -1.050000000000000044, -0.3900000000000000688 ) ) ;
#1032 = VECTOR ( 'NONE', #6372, 1000.000000000000000 ) ;
#1033 = VERTEX_POINT ( 'NONE', #5575 ) ;
#1034 = AXIS2_PLACEMENT_3D ( 'NONE', #6275, #6945, #4368 ) ;
#1035 =( NAMED_UNIT ( * ) PLANE_ANGLE_UNIT ( ) SI_UNIT ( $, .RADIAN. ) );
#1036 = SURFACE_STYLE_USAGE ( .BOTH. , #4825 ) ;
#1037 = CARTESIAN_POINT ( 'NONE',  ( 0.1014452577961634655, 0.03132109858944811392, -0.4989999999999999991 ) ) ;
#1038 = AXIS2_PLACEMENT_3D ( 'NONE', #3678, #2379, #6852 ) ;
#1039 = ORIENTED_EDGE ( 'NONE', *, *, #2684, .T. ) ;
#1040 = CARTESIAN_POINT ( 'NONE',  ( 0.1100000000000000006, 1.050000000000000044, -0.5500000000000000444 ) ) ;
#1041 = SURFACE_STYLE_FILL_AREA ( #6924 ) ;
#1042 = MECHANICAL_DESIGN_GEOMETRIC_PRESENTATION_REPRESENTATION (  '', ( #2609 ), #6707 ) ;
#1043 = CARTESIAN_POINT ( 'NONE',  ( -0.1297966123771313596, -0.02594942160235376091, -0.4989999999999997771 ) ) ;
#1044 = SURFACE_SIDE_STYLE ('',( #3995 ) ) ;
#1045 = DIRECTION ( 'NONE',  ( 0.06958737431666452145, -0.06958737431666467410, -0.9951458157835086915 ) ) ;
#1046 =( NAMED_UNIT ( * ) PLANE_ANGLE_UNIT ( ) SI_UNIT ( $, .RADIAN. ) );
#1047 = PRESENTATION_LAYER_ASSIGNMENT (  '', '', ( #3827 ) ) ;
#1048 = ORIENTED_EDGE ( 'NONE', *, *, #7540, .F. ) ;
#1049 = ADVANCED_FACE ( 'NONE', ( #7024 ), #6855, .T. ) ;
#1050 = AXIS2_PLACEMENT_3D ( 'NONE', #5408, #955, #6667 ) ;
#1051 = CARTESIAN_POINT ( 'NONE',  ( -0.1696158163066852909, -0.01943075666270084600, -0.4989999999999999991 ) ) ;
#1052 = FACE_OUTER_BOUND ( 'NONE', #968, .T. ) ;
#1053 = SURFACE_STYLE_USAGE ( .BOTH. , #4208 ) ;
#1054 = DIRECTION ( 'NONE',  ( 1.000000000000000000, 0.0000000000000000000, 0.0000000000000000000 ) ) ;
#1055 = EDGE_LOOP ( 'NONE', ( #3443, #1689, #4540 ) ) ;
#1056 = CARTESIAN_POINT ( 'NONE',  ( 0.03747149223695981496, 0.05075843040233819770, -0.4990000000000001101 ) ) ;
#1057 = UNCERTAINTY_MEASURE_WITH_UNIT (LENGTH_MEASURE( 1.000000000000000082E-05 ), #8106, 'distance_accuracy_value', 'NONE');
#1058 = LINE ( 'NONE', #1343, #5302 ) ;
#1059 = DIRECTION ( 'NONE',  ( -1.000000000000000000, -0.0000000000000000000, -0.0000000000000000000 ) ) ;
#1060 = AXIS2_PLACEMENT_3D ( 'NONE', #7482, #3015, #7528 ) ;
#1061 = LINE ( 'NONE', #1166, #7618 ) ;
#1062 =( LENGTH_UNIT ( ) NAMED_UNIT ( * ) SI_UNIT ( .MILLI., .METRE. ) );
#1063 =( GEOMETRIC_REPRESENTATION_CONTEXT ( 3 ) GLOBAL_UNCERTAINTY_ASSIGNED_CONTEXT ( ( #6569 ) ) GLOBAL_UNIT_ASSIGNED_CONTEXT ( ( #282, #7185, #7868 ) ) REPRESENTATION_CONTEXT ( 'NONE', 'WORKASPACE' ) );
#1064 = EDGE_CURVE ( 'NONE', #6737, #4791, #1219, .T. ) ;
#1065 = FACE_OUTER_BOUND ( 'NONE', #6015, .T. ) ;
#1066 = EDGE_CURVE ( 'NONE', #190, #1960, #4530, .T. ) ;
#1067 = LINE ( 'NONE', #4666, #6488 ) ;
#1068 = FILL_AREA_STYLE ('',( #7431 ) ) ;
#1069 = VERTEX_POINT ( 'NONE', #3168 ) ;
#1070 = CARTESIAN_POINT ( 'NONE',  ( 0.04378040409557689555, -0.03527243429208112152, -0.5000000000000001110 ) ) ;
#1071 = CARTESIAN_POINT ( 'NONE',  ( -1.025000000000000355, 0.6249999999999998890, 0.0000000000000000000 ) ) ;
#1072 = PRESENTATION_STYLE_ASSIGNMENT (( #1837 ) ) ;
#1073 = ORIENTED_EDGE ( 'NONE', *, *, #7326, .T. ) ;
#1074 = CARTESIAN_POINT ( 'NONE',  ( -0.1100000000000000006, -0.6243137685856749997, 0.009813566431136535456 ) ) ;
#1075 = DIRECTION ( 'NONE',  ( 1.000000000000000000, 0.0000000000000000000, 0.0000000000000000000 ) ) ;
#1076 = VECTOR ( 'NONE', #2221, 1000.000000000000000 ) ;
#1077 = PRESENTATION_STYLE_ASSIGNMENT (( #102 ) ) ;
#1078 = PRESENTATION_STYLE_ASSIGNMENT (( #1438 ) ) ;
#1079 = DIRECTION ( 'NONE',  ( -0.06958737431666482676, 0.06958737431666481288, -0.9951458157835084695 ) ) ;
#1080 = ORIENTED_EDGE ( 'NONE', *, *, #3295, .T. ) ;
#1081 = PRESENTATION_LAYER_ASSIGNMENT (  '', '', ( #652 ) ) ;
#1082 = DIRECTION ( 'NONE',  ( 0.0000000000000000000, 6.023345402697246965E-16, -1.000000000000000000 ) ) ;
#1083 = ORIENTED_EDGE ( 'NONE', *, *, #5681, .T. ) ;
#1084 = DIRECTION ( 'NONE',  ( 0.0000000000000000000, -1.000000000000000000, 0.0000000000000000000 ) ) ;
#1085 = LINE ( 'NONE', #7427, #6686 ) ;
#1086 = EDGE_LOOP ( 'NONE', ( #7140, #2639, #602, #6399 ) ) ;
#1087 = LINE ( 'NONE', #6530, #7751 ) ;
#1088 = CARTESIAN_POINT ( 'NONE',  ( 0.06452617463037439716, -0.03762533122529765350, -0.4989999999999998881 ) ) ;
#1089 = CARTESIAN_POINT ( 'NONE',  ( 0.1100000000000000006, 0.4833137806490306332, 0.1699999999999999567 ) ) ;
#1090 = COLOUR_RGB ( '',0.2509803921568627416, 0.2509803921568627416, 0.2509803921568627416 ) ;
#1091 = EDGE_LOOP ( 'NONE', ( #2177, #1273, #6519, #2750 ) ) ;
#1092 = EDGE_LOOP ( 'NONE', ( #2041, #4295, #6779, #7837 ) ) ;
#1093 = DIRECTION ( 'NONE',  ( 0.0000000000000000000, 1.000000000000000000, 0.0000000000000000000 ) ) ;
#1094 = ORIENTED_EDGE ( 'NONE', *, *, #467, .T. ) ;
#1095 = ADVANCED_FACE ( 'NONE', ( #494 ), #6001, .T. ) ;
#1096 = LINE ( 'NONE', #4782, #7459 ) ;
#1097 = SURFACE_STYLE_FILL_AREA ( #5266 ) ;
#1098 = SURFACE_STYLE_FILL_AREA ( #3245 ) ;
#1099 = AXIS2_PLACEMENT_3D ( 'NONE', #1071, #1811, #4285 ) ;
#1100 = EDGE_LOOP ( 'NONE', ( #902, #3836, #1288, #2860 ) ) ;
#1101 =( NAMED_UNIT ( * ) SI_UNIT ( $, .STERADIAN. ) SOLID_ANGLE_UNIT ( ) );
#1102 = CARTESIAN_POINT ( 'NONE',  ( 0.09342572666881880650, -0.03837205122638081417, -0.4990000000000003322 ) ) ;
#1103 = EDGE_CURVE ( 'NONE', #609, #3317, #4126, .T. ) ;
#1104 = CARTESIAN_POINT ( 'NONE',  ( -0.7599999999999998979, 0.6131124419696033501, 0.1699999999999999567 ) ) ;
#1105 = DIRECTION ( 'NONE',  ( 0.0000000000000000000, 0.0000000000000000000, 1.000000000000000000 ) ) ;
#1106 = CARTESIAN_POINT ( 'NONE',  ( -0.03811810289205114916, -0.03650392739440816436, -0.5000000000000000000 ) ) ;
#1107 = VERTEX_POINT ( 'NONE', #1308 ) ;
#1108 = SURFACE_SIDE_STYLE ('',( #2237 ) ) ;
#1109 =( GEOMETRIC_REPRESENTATION_CONTEXT ( 3 ) GLOBAL_UNCERTAINTY_ASSIGNED_CONTEXT ( ( #5559 ) ) GLOBAL_UNIT_ASSIGNED_CONTEXT ( ( #109, #2536, #3211 ) ) REPRESENTATION_CONTEXT ( 'NONE', 'WORKASPACE' ) );
#1110 = CARTESIAN_POINT ( 'NONE',  ( -0.1913764870383926342, 0.03331314577632354251, -0.5000000000000000000 ) ) ;
#1111 = SURFACE_STYLE_USAGE ( .BOTH. , #2431 ) ;
#1112 = STYLED_ITEM ( 'NONE', ( #1832 ), #8059 ) ;
#1113 = ORIENTED_EDGE ( 'NONE', *, *, #4117, .T. ) ;
#1114 = B_SPLINE_CURVE_WITH_KNOTS ( 'NONE', 3,
 ( #4225, #1744, #4255, #2302, #491, #3586, #4796, #1037, #415, #5498, #2902, #4193, #2994, #1724, #4894, #4830, #6053, #6143, #2928 ),
 .UNSPECIFIED., .F., .F.,
 ( 4, 1, 1, 1, 1, 1, 1, 1, 1, 1, 1, 1, 1, 1, 1, 1, 4 ),
 ( 0.0000000000000000000, 0.07064371857535413357, 0.1382567155089046429, 0.2033641242175800723, 0.2663240938030566052, 0.3279047615429893092, 0.3887377151730921909, 0.4494235281093022505, 0.5108610114593156171, 0.5720793960475145656, 0.6317344287314451412, 0.6911172105788376818, 0.7503600294901705547, 0.8100329005312619790, 0.8713624508287362014, 0.9344271412311534464, 1.000000000000000000 ),
 .UNSPECIFIED. ) ;
#1115 = UNCERTAINTY_MEASURE_WITH_UNIT (LENGTH_MEASURE( 1.000000000000000082E-05 ), #1709, 'distance_accuracy_value', 'NONE');
#1116 = COLOUR_RGB ( '',0.0000000000000000000, 0.0000000000000000000, 0.0000000000000000000 ) ;
#1117 = SURFACE_STYLE_USAGE ( .BOTH. , #5552 ) ;
#1118 = CARTESIAN_POINT ( 'NONE',  ( 0.04408511499076019080, -0.04625575682000489242, -0.4989999999999999991 ) ) ;
#1119 = DIRECTION ( 'NONE',  ( -1.000000000000000000, 0.0000000000000000000, 0.0000000000000000000 ) ) ;
#1120 = CARTESIAN_POINT ( 'NONE',  ( -0.1891722180697750222, 0.03826805592083568769, -0.4989999999999999991 ) ) ;
#1121 = CARTESIAN_POINT ( 'NONE',  ( 0.1179794580835586415, -0.03650392739440816436, -0.4989999999999999991 ) ) ;
#1122 = VERTEX_POINT ( 'NONE', #5734 ) ;
#1123 = CARTESIAN_POINT ( 'NONE',  ( -0.1187366563310129491, 0.02666499783333415446, -0.4989999999999999991 ) ) ;
#1124 = PLANE ( 'NONE',  #1152 ) ;
#1125 = STYLED_ITEM ( 'NONE', ( #5416 ), #1211 ) ;
#1126 = SURFACE_STYLE_USAGE ( .BOTH. , #4926 ) ;
#1127 = CYLINDRICAL_SURFACE ( 'NONE', #2380, 0.05000000000000000971 ) ;
#1128 = EDGE_LOOP ( 'NONE', ( #618, #1878, #5628, #8005 ) ) ;
#1129 =( NAMED_UNIT ( * ) PLANE_ANGLE_UNIT ( ) SI_UNIT ( $, .RADIAN. ) );
#1130 = EDGE_CURVE ( 'NONE', #104, #2245, #5708, .T. ) ;
#1131 = CARTESIAN_POINT ( 'NONE',  ( -0.5399999999999999245, -0.6131124419696033501, 0.1699999999999999567 ) ) ;
#1132 = DIRECTION ( 'NONE',  ( 0.0000000000000000000, -1.000000000000000000, -6.023345402697245979E-16 ) ) ;
#1133 = SURFACE_STYLE_FILL_AREA ( #659 ) ;
#1134 = PRESENTATION_LAYER_ASSIGNMENT (  '', '', ( #6696 ) ) ;
#1135 = ORIENTED_EDGE ( 'NONE', *, *, #7292, .F. ) ;
#1136 = DIRECTION ( 'NONE',  ( -0.06975647374412545509, 0.0000000000000000000, -0.9975640502598241977 ) ) ;
#1137 = PLANE ( 'NONE',  #934 ) ;
#1138 = PRESENTATION_LAYER_ASSIGNMENT (  '', '', ( #5116 ) ) ;
#1139 = CARTESIAN_POINT ( 'NONE',  ( 0.05098182486999375262, -0.04785288335105057633, -0.4989999999999999991 ) ) ;
#1140 = FILL_AREA_STYLE ('',( #8222 ) ) ;
#1141 = AXIS2_PLACEMENT_3D ( 'NONE', #5969, #2804, #2830 ) ;
#1142 = VECTOR ( 'NONE', #2667, 1000.000000000000000 ) ;
#1143 = CARTESIAN_POINT ( 'NONE',  ( 0.05847107393721714952, 0.04276436528851867286, -0.5000000000000000000 ) ) ;
#1144 = VECTOR ( 'NONE', #778, 1000.000000000000000 ) ;
#1145 = EDGE_LOOP ( 'NONE', ( #600, #990, #2579, #6633, #5804, #3554, #5723, #186, #821, #8, #5183 ) ) ;
#1146 = EDGE_CURVE ( 'NONE', #3291, #1590, #6830, .T. ) ;
#1147 = FILL_AREA_STYLE ('',( #7593 ) ) ;
#1148 = SURFACE_STYLE_USAGE ( .BOTH. , #4920 ) ;
#1149 = COLOUR_RGB ( '',1.000000000000000000, 1.000000000000000000, 1.000000000000000000 ) ;
#1150 = CARTESIAN_POINT ( 'NONE',  ( 0.5400000000000000355, 0.8700000000000002176, -0.3899999999999999578 ) ) ;
#1151 =( NAMED_UNIT ( * ) PLANE_ANGLE_UNIT ( ) SI_UNIT ( $, .RADIAN. ) );
#1152 = AXIS2_PLACEMENT_3D ( 'NONE', #1779, #6279, #1949 ) ;
#1153 =( GEOMETRIC_REPRESENTATION_CONTEXT ( 3 ) GLOBAL_UNCERTAINTY_ASSIGNED_CONTEXT ( ( #7199 ) ) GLOBAL_UNIT_ASSIGNED_CONTEXT ( ( #2924, #4253, #7182 ) ) REPRESENTATION_CONTEXT ( 'NONE', 'WORKASPACE' ) );
#1154 = EDGE_CURVE ( 'NONE', #6140, #6165, #6116, .T. ) ;
#1155 = LINE ( 'NONE', #5298, #4507 ) ;
#1156 = UNCERTAINTY_MEASURE_WITH_UNIT (LENGTH_MEASURE( 1.000000000000000082E-05 ), #6567, 'distance_accuracy_value', 'NONE');
#1157 = FILL_AREA_STYLE_COLOUR ( '', #1371 ) ;
#1158 = DIRECTION ( 'NONE',  ( -1.000000000000000000, -0.0000000000000000000, -0.0000000000000000000 ) ) ;
#1159 = EDGE_CURVE ( 'NONE', #7711, #2310, #681, .T. ) ;
#1160 = CARTESIAN_POINT ( 'NONE',  ( -0.1205926394810327290, 0.02352374499042471367, -0.5000000000000001110 ) ) ;
#1161 = CARTESIAN_POINT ( 'NONE',  ( -0.1380001337732157385, 0.009135284883410747792, -0.4989999999999999991 ) ) ;
#1162 = EDGE_LOOP ( 'NONE', ( #1039, #546, #7127, #2920, #392 ) ) ;
#1163 = COLOUR_RGB ( '',1.000000000000000000, 1.000000000000000000, 1.000000000000000000 ) ;
#1164 = ORIENTED_EDGE ( 'NONE', *, *, #2578, .F. ) ;
#1165 =( LENGTH_UNIT ( ) NAMED_UNIT ( * ) SI_UNIT ( .MILLI., .METRE. ) );
#1166 = CARTESIAN_POINT ( 'NONE',  ( 0.1179794580835586415, -0.03650392739440816436, -0.5000000000000000000 ) ) ;
#1167 = ADVANCED_FACE ( 'NONE', ( #4324 ), #6076, .T. ) ;
#1168 = ORIENTED_EDGE ( 'NONE', *, *, #4005, .F. ) ;
#1169 = VECTOR ( 'NONE', #611, 1000.000000000000000 ) ;
#1170 = VERTEX_POINT ( 'NONE', #3318 ) ;
#1171 = COLOUR_RGB ( '',0.0000000000000000000, 0.0000000000000000000, 0.0000000000000000000 ) ;
#1172 = B_SPLINE_SURFACE_WITH_KNOTS ( 'NONE', 3, 1, ( 
 ( #6824, #1743 ),
 ( #1722, #7457 ),
 ( #489, #7484 ),
 ( #4191, #6741 ),
 ( #3019, #1684 ),
 ( #2328, #4276 ),
 ( #517, #6770 ),
 ( #2962, #6186 ),
 ( #7511, #3659 ),
 ( #6858, #8154 ),
 ( #4302, #540 ),
 ( #2925, #7394 ),
 ( #3561, #5009 ),
 ( #8176, #27 ),
 ( #623, #7612 ),
 ( #6244, #4337 ),
 ( #4388, #2511 ),
 ( #6266, #2490 ),
 ( #1827, #3766 ) ),
 .UNSPECIFIED., .F., .F., .F.,
 ( 4, 1, 1, 1, 1, 1, 1, 1, 1, 1, 1, 1, 1, 1, 1, 1, 4 ),
 ( 2, 2 ),
 ( 0.0000000000000000000, 0.06460397028839230671, 0.1267024139629473467, 0.1867568140356183348, 0.2455056873654374860, 0.3036520244499754662, 0.3615030739706254770, 0.4202402229284675772, 0.4800333407766962934, 0.5406781347755160727, 0.6011918063807818458, 0.6623335024774423818, 0.7247395102972318259, 0.7894677361728866805, 0.8565048600438308624, 0.9263120958391902748, 1.000000000000000000 ),
 ( 0.0000000000000000000, 1.000000000000000000 ),
 .UNSPECIFIED. ) ;
#1173 = ORIENTED_EDGE ( 'NONE', *, *, #8000, .T. ) ;
#1174 = EDGE_CURVE ( 'NONE', #2367, #1187, #2051, .T. ) ;
#1175 = COLOUR_RGB ( '',1.000000000000000000, 1.000000000000000000, 1.000000000000000000 ) ;
#1176 = COLOUR_RGB ( '',1.000000000000000000, 1.000000000000000000, 1.000000000000000000 ) ;
#1177 = DIRECTION ( 'NONE',  ( 0.0000000000000000000, 0.0000000000000000000, 1.000000000000000000 ) ) ;
#1178 = CARTESIAN_POINT ( 'NONE',  ( -0.1205926394810327290, 0.02352374499042471367, -0.4990000000000001101 ) ) ;
#1179 = EDGE_LOOP ( 'NONE', ( #1276, #952, #7354, #3620, #2500, #7613, #5377, #890, #1870, #1821 ) ) ;
#1180 =( NAMED_UNIT ( * ) SI_UNIT ( $, .STERADIAN. ) SOLID_ANGLE_UNIT ( ) );
#1181 = ORIENTED_EDGE ( 'NONE', *, *, #4417, .T. ) ;
#1182 = LINE ( 'NONE', #2923, #5617 ) ;
#1183 = COLOUR_RGB ( '',1.000000000000000000, 1.000000000000000000, 1.000000000000000000 ) ;
#1184 = SURFACE_STYLE_FILL_AREA ( #2330 ) ;
#1185 = AXIS2_PLACEMENT_3D ( 'NONE', #1356, #4572, #5748 ) ;
#1186 = SURFACE_STYLE_USAGE ( .BOTH. , #6918 ) ;
#1187 = VERTEX_POINT ( 'NONE', #7155 ) ;
#1188 =( NAMED_UNIT ( * ) SI_UNIT ( $, .STERADIAN. ) SOLID_ANGLE_UNIT ( ) );
#1189 = ORIENTED_EDGE ( 'NONE', *, *, #50, .F. ) ;
#1190 = CARTESIAN_POINT ( 'NONE',  ( -0.5400000000000000355, -0.8700000000000002176, -0.3899999999999999578 ) ) ;
#1191 = EDGE_LOOP ( 'NONE', ( #1003, #4719, #4323, #6064 ) ) ;
#1192 =( GEOMETRIC_REPRESENTATION_CONTEXT ( 3 ) GLOBAL_UNCERTAINTY_ASSIGNED_CONTEXT ( ( #8147 ) ) GLOBAL_UNIT_ASSIGNED_CONTEXT ( ( #7603, #719, #3840 ) ) REPRESENTATION_CONTEXT ( 'NONE', 'WORKASPACE' ) );
#1193 = VECTOR ( 'NONE', #1856, 1000.000000000000000 ) ;
#1194 =( NAMED_UNIT ( * ) SI_UNIT ( $, .STERADIAN. ) SOLID_ANGLE_UNIT ( ) );
#1195 = DIRECTION ( 'NONE',  ( 1.000000000000000000, 0.0000000000000000000, 0.0000000000000000000 ) ) ;
#1196 =( NAMED_UNIT ( * ) PLANE_ANGLE_UNIT ( ) SI_UNIT ( $, .RADIAN. ) );
#1197 =( NAMED_UNIT ( * ) SI_UNIT ( $, .STERADIAN. ) SOLID_ANGLE_UNIT ( ) );
#1198 = MECHANICAL_DESIGN_GEOMETRIC_PRESENTATION_REPRESENTATION (  '', ( #3708 ), #3975 ) ;
#1199 = PLANE ( 'NONE',  #1835 ) ;
#1200 = CIRCLE ( 'NONE', #4685, 0.05000000000000001665 ) ;
#1201 = CARTESIAN_POINT ( 'NONE',  ( 0.05222788043071768804, 0.04239275552461747171, -0.4989999999999998881 ) ) ;
#1202 = STYLED_ITEM ( 'NONE', ( #108 ), #3963 ) ;
#1203 =( GEOMETRIC_REPRESENTATION_CONTEXT ( 3 ) GLOBAL_UNCERTAINTY_ASSIGNED_CONTEXT ( ( #8041 ) ) GLOBAL_UNIT_ASSIGNED_CONTEXT ( ( #2690, #3312, #7791 ) ) REPRESENTATION_CONTEXT ( 'NONE', 'WORKASPACE' ) );
#1204 = ORIENTED_EDGE ( 'NONE', *, *, #7867, .T. ) ;
#1205 = UNCERTAINTY_MEASURE_WITH_UNIT (LENGTH_MEASURE( 1.000000000000000082E-05 ), #3016, 'distance_accuracy_value', 'NONE');
#1206 = CARTESIAN_POINT ( 'NONE',  ( 0.05515285085832809936, 0.05371536959458734356, -0.5000000000000001110 ) ) ;
#1207 = EDGE_CURVE ( 'NONE', #836, #6219, #2147, .T. ) ;
#1208 = CARTESIAN_POINT ( 'NONE',  ( -0.1832400541115633552, 0.05252046284949429128, -0.4989999999999999991 ) ) ;
#1209 = CARTESIAN_POINT ( 'NONE',  ( -0.1220998925170402316, 0.02007831099566795285, -0.4999999999999997780 ) ) ;
#1210 = CARTESIAN_POINT ( 'NONE',  ( 0.7599999999999998979, 0.8700000000000001066, -0.3500000000000000333 ) ) ;
#1211 = ADVANCED_FACE ( 'NONE', ( #7016 ), #7090, .F. ) ;
#1212 = CARTESIAN_POINT ( 'NONE',  ( -0.1880596416264953552, 0.03376893357699976145, -0.5000000000000000000 ) ) ;
#1213 = UNCERTAINTY_MEASURE_WITH_UNIT (LENGTH_MEASURE( 1.000000000000000082E-05 ), #501, 'distance_accuracy_value', 'NONE');
#1214 = FILL_AREA_STYLE_COLOUR ( '', #7026 ) ;
#1215 = SURFACE_SIDE_STYLE ('',( #6400 ) ) ;
#1216 = FILL_AREA_STYLE_COLOUR ( '', #6988 ) ;
#1217 = PRESENTATION_LAYER_ASSIGNMENT (  '', '', ( #803 ) ) ;
#1218 =( LENGTH_UNIT ( ) NAMED_UNIT ( * ) SI_UNIT ( .MILLI., .METRE. ) );
#1219 = B_SPLINE_CURVE_WITH_KNOTS ( 'NONE', 3,
 ( #6929, #8095, #4910, #1901, #4470, #6964, #5042, #1336, #2533, #5704, #7006 ),
 .UNSPECIFIED., .F., .F.,
 ( 4, 1, 1, 1, 1, 1, 1, 1, 4 ),
 ( 0.0000000000000000000, 0.1124483899088010164, 0.2265276752126777204, 0.3444019493260284670, 0.4658649724874589504, 0.5916594493521171172, 0.7221684870248873400, 0.8586063875549265756, 1.000000000000000000 ),
 .UNSPECIFIED. ) ;
#1220 = SURFACE_STYLE_FILL_AREA ( #2238 ) ;
#1221 = EDGE_CURVE ( 'NONE', #39, #694, #3215, .T. ) ;
#1222 =( NAMED_UNIT ( * ) SI_UNIT ( $, .STERADIAN. ) SOLID_ANGLE_UNIT ( ) );
#1223 =( NAMED_UNIT ( * ) PLANE_ANGLE_UNIT ( ) SI_UNIT ( $, .RADIAN. ) );
#1224 = EDGE_CURVE ( 'NONE', #7357, #312, #1268, .T. ) ;
#1225 = DIRECTION ( 'NONE',  ( 0.0000000000000000000, 1.000000000000000000, 6.023345402697245979E-16 ) ) ;
#1226 = ORIENTED_EDGE ( 'NONE', *, *, #7326, .F. ) ;
#1227 = CARTESIAN_POINT ( 'NONE',  ( 0.05847107393721714952, 0.04276436528851867286, -0.4989999999999999991 ) ) ;
#1228 =( NAMED_UNIT ( * ) PLANE_ANGLE_UNIT ( ) SI_UNIT ( $, .RADIAN. ) );
#1229 = DIRECTION ( 'NONE',  ( 0.0000000000000000000, 0.06975647374412545509, -0.9975640502598241977 ) ) ;
#1230 = ORIENTED_EDGE ( 'NONE', *, *, #1294, .F. ) ;
#1231 = CARTESIAN_POINT ( 'NONE',  ( -0.1205926394810327290, 0.02352374499042471367, -0.5000000000000001110 ) ) ;
#1232 = VECTOR ( 'NONE', #5079, 1000.000000000000000 ) ;
#1233 = ORIENTED_EDGE ( 'NONE', *, *, #951, .F. ) ;
#1234 = PRESENTATION_LAYER_ASSIGNMENT (  '', '', ( #2450 ) ) ;
#1235 = PRESENTATION_STYLE_ASSIGNMENT (( #5651 ) ) ;
#1236 = CARTESIAN_POINT ( 'NONE',  ( 0.1179794580835586415, -0.03650392739440816436, -0.4989999999999999991 ) ) ;
#1237 =( NAMED_UNIT ( * ) SI_UNIT ( $, .STERADIAN. ) SOLID_ANGLE_UNIT ( ) );
#1238 = CARTESIAN_POINT ( 'NONE',  ( 0.5400000000000000355, 0.6200000000000012168, 0.1699999999999999845 ) ) ;
#1239 = VERTEX_POINT ( 'NONE', #4526 ) ;
#1240 = CARTESIAN_POINT ( 'NONE',  ( -0.03811810289205114916, -0.04747953715050572815, -0.4989999999999999991 ) ) ;
#1241 =( LENGTH_UNIT ( ) NAMED_UNIT ( * ) SI_UNIT ( .MILLI., .METRE. ) );
#1242 = CARTESIAN_POINT ( 'NONE',  ( -0.9753633278277478169, 0.6252415303407387048, -0.003454044793775287118 ) ) ;
#1243 = AXIS2_PLACEMENT_3D ( 'NONE', #4397, #630, #1177 ) ;
#1244 = CARTESIAN_POINT ( 'NONE',  ( 0.7599999999999998979, 1.050000000000000044, -0.3900000000000000688 ) ) ;
#1245 = VERTEX_POINT ( 'NONE', #5171 ) ;
#1246 = AXIS2_PLACEMENT_3D ( 'NONE', #2751, #4007, #6596 ) ;
#1247 = DIRECTION ( 'NONE',  ( 1.000000000000000000, 0.0000000000000000000, 0.0000000000000000000 ) ) ;
#1248 = FACE_OUTER_BOUND ( 'NONE', #7638, .T. ) ;
#1249 = CARTESIAN_POINT ( 'NONE',  ( 0.03594066737804180872, 0.03687794356327633860, -0.4989999999999999991 ) ) ;
#1250 = LINE ( 'NONE', #6243, #5209 ) ;
#1251 = FILL_AREA_STYLE ('',( #5502 ) ) ;
#1252 = ORIENTED_EDGE ( 'NONE', *, *, #1810, .T. ) ;
#1253 = CARTESIAN_POINT ( 'NONE',  ( 0.06430377887285511351, -0.04866033363714254711, -0.5000000000000000000 ) ) ;
#1254 = DIRECTION ( 'NONE',  ( -1.000000000000000000, 0.0000000000000000000, 0.0000000000000000000 ) ) ;
#1255 = PRESENTATION_STYLE_ASSIGNMENT (( #1865 ) ) ;
#1256 = UNCERTAINTY_MEASURE_WITH_UNIT (LENGTH_MEASURE( 1.000000000000000082E-05 ), #1218, 'distance_accuracy_value', 'NONE');
#1257 =( GEOMETRIC_REPRESENTATION_CONTEXT ( 3 ) GLOBAL_UNCERTAINTY_ASSIGNED_CONTEXT ( ( #3112 ) ) GLOBAL_UNIT_ASSIGNED_CONTEXT ( ( #6968, #2410, #4277 ) ) REPRESENTATION_CONTEXT ( 'NONE', 'WORKASPACE' ) );
#1258 = VECTOR ( 'NONE', #5401, 1000.000000000000000 ) ;
#1259 = PRODUCT_DEFINITION ( 'δ֪', '', #8090, #8036 ) ;
#1260 = AXIS2_PLACEMENT_3D ( 'NONE', #6755, #2933, #7402 ) ;
#1261 = PRESENTATION_STYLE_ASSIGNMENT (( #4123 ) ) ;
#1262 = ORIENTED_EDGE ( 'NONE', *, *, #7247, .T. ) ;
#1263 = SURFACE_STYLE_FILL_AREA ( #3598 ) ;
#1264 = DIRECTION ( 'NONE',  ( 0.0000000000000000000, 0.0000000000000000000, -1.000000000000000000 ) ) ;
#1265 = ORIENTED_EDGE ( 'NONE', *, *, #2676, .F. ) ;
#1266 = DIRECTION ( 'NONE',  ( -1.000000000000000000, 0.0000000000000000000, 0.0000000000000000000 ) ) ;
#1267 =( NAMED_UNIT ( * ) SI_UNIT ( $, .STERADIAN. ) SOLID_ANGLE_UNIT ( ) );
#1268 = LINE ( 'NONE', #2095, #673 ) ;
#1269 = CARTESIAN_POINT ( 'NONE',  ( -0.7599999999999998979, 0.6700000000000012612, -0.04000000000000020900 ) ) ;
#1270 = B_SPLINE_CURVE_WITH_KNOTS ( 'NONE', 3,
 ( #8181, #1249, #4367, #6222, #1853, #597, #2466, #1201, #6906, #4345, #1227 ),
 .UNSPECIFIED., .F., .F.,
 ( 4, 1, 1, 1, 1, 1, 1, 1, 4 ),
 ( 0.0000000000000000000, 0.1252796967356259727, 0.2494199707420513001, 0.3733567994928199130, 0.4966812787822861286, 0.6202029157439825635, 0.7450863201614565945, 0.8712691950190978307, 1.000000000000000000 ),
 .UNSPECIFIED. ) ;
#1271 = PRESENTATION_STYLE_ASSIGNMENT (( #6389 ) ) ;
#1272 = ORIENTED_EDGE ( 'NONE', *, *, #4378, .F. ) ;
#1273 = ORIENTED_EDGE ( 'NONE', *, *, #1921, .F. ) ;
#1274 = EDGE_CURVE ( 'NONE', #6506, #1955, #5030, .T. ) ;
#1275 = CARTESIAN_POINT ( 'NONE',  ( 0.1093140841421993970, 0.006387216190503474354, -0.4989999999999999991 ) ) ;
#1276 = ORIENTED_EDGE ( 'NONE', *, *, #7447, .F. ) ;
#1277 = DIRECTION ( 'NONE',  ( -0.06958737431666479900, -0.06958737431666479900, 0.9951458157835084695 ) ) ;
#1278 = CARTESIAN_POINT ( 'NONE',  ( 0.03505262881526593349, -0.04229661032123743086, -0.5000000000000000000 ) ) ;
#1279 = SURFACE_STYLE_FILL_AREA ( #5754 ) ;
#1280 = ORIENTED_EDGE ( 'NONE', *, *, #6563, .F. ) ;
#1281 = CARTESIAN_POINT ( 'NONE',  ( 0.9504035209157125630, -0.6002817234287040060, 0.3534878236872062707 ) ) ;
#1282 =( NAMED_UNIT ( * ) PLANE_ANGLE_UNIT ( ) SI_UNIT ( $, .RADIAN. ) );
#1283 = FACE_OUTER_BOUND ( 'NONE', #7023, .T. ) ;
#1284 = VERTEX_POINT ( 'NONE', #2037 ) ;
#1285 = PRESENTATION_STYLE_ASSIGNMENT (( #372 ) ) ;
#1286 = LINE ( 'NONE', #3871, #690 ) ;
#1287 = ORIENTED_EDGE ( 'NONE', *, *, #6811, .T. ) ;
#1288 = ORIENTED_EDGE ( 'NONE', *, *, #3021, .F. ) ;
#1289 = VECTOR ( 'NONE', #5541, 1000.000000000000000 ) ;
#1290 =( NAMED_UNIT ( * ) PLANE_ANGLE_UNIT ( ) SI_UNIT ( $, .RADIAN. ) );
#1291 = DIRECTION ( 'NONE',  ( 0.0000000000000000000, 0.0000000000000000000, 1.000000000000000000 ) ) ;
#1292 =( LENGTH_UNIT ( ) NAMED_UNIT ( * ) SI_UNIT ( .MILLI., .METRE. ) );
#1293 = PRESENTATION_STYLE_ASSIGNMENT (( #230 ) ) ;
#1294 = EDGE_CURVE ( 'NONE', #5626, #669, #2345, .T. ) ;
#1295 = COLOUR_RGB ( '',0.0000000000000000000, 0.0000000000000000000, 0.0000000000000000000 ) ;
#1296 = ORIENTED_EDGE ( 'NONE', *, *, #2151, .T. ) ;
#1297 = LINE ( 'NONE', #3717, #1193 ) ;
#1298 = PRESENTATION_LAYER_ASSIGNMENT (  '', '', ( #3278 ) ) ;
#1299 = DIRECTION ( 'NONE',  ( 0.0000000000000000000, 1.000000000000000000, 0.0000000000000000000 ) ) ;
#1300 = DIRECTION ( 'NONE',  ( -0.0000000000000000000, 0.0000000000000000000, -1.000000000000000000 ) ) ;
#1301 =( LENGTH_UNIT ( ) NAMED_UNIT ( * ) SI_UNIT ( .MILLI., .METRE. ) );
#1302 = VECTOR ( 'NONE', #2312, 1000.000000000000000 ) ;
#1303 = VERTEX_POINT ( 'NONE', #5361 ) ;
#1304 = CARTESIAN_POINT ( 'NONE',  ( 0.05515285085832809936, 0.05371536959458734356, -0.5000000000000001110 ) ) ;
#1305 = SURFACE_SIDE_STYLE ('',( #1133 ) ) ;
#1306 =( GEOMETRIC_REPRESENTATION_CONTEXT ( 3 ) GLOBAL_UNCERTAINTY_ASSIGNED_CONTEXT ( ( #4589 ) ) GLOBAL_UNIT_ASSIGNED_CONTEXT ( ( #2453, #8191, #5029 ) ) REPRESENTATION_CONTEXT ( 'NONE', 'WORKASPACE' ) );
#1307 = MECHANICAL_DESIGN_GEOMETRIC_PRESENTATION_REPRESENTATION (  '', ( #6536 ), #1745 ) ;
#1308 = CARTESIAN_POINT ( 'NONE',  ( -0.1100000000000000006, 0.8300000000000001821, -0.3499999999999998668 ) ) ;
#1309 = PLANE ( 'NONE',  #767 ) ;
#1310 = COLOUR_RGB ( '',0.0000000000000000000, 0.0000000000000000000, 0.0000000000000000000 ) ;
#1311 = CARTESIAN_POINT ( 'NONE',  ( 0.5400000000000000355, -0.8300000000000001821, -0.3499999999999998668 ) ) ;
#1312 = EDGE_CURVE ( 'NONE', #5345, #6558, #6922, .T. ) ;
#1313 = ORIENTED_EDGE ( 'NONE', *, *, #5710, .T. ) ;
#1314 = MECHANICAL_DESIGN_GEOMETRIC_PRESENTATION_REPRESENTATION (  '', ( #4872 ), #1630 ) ;
#1315 = UNCERTAINTY_MEASURE_WITH_UNIT (LENGTH_MEASURE( 1.000000000000000082E-05 ), #2790, 'distance_accuracy_value', 'NONE');
#1316 = CARTESIAN_POINT ( 'NONE',  ( -0.1899717115166807690, 0.03955660350117540941, -0.4990000000000001101 ) ) ;
#1317 =( NAMED_UNIT ( * ) PLANE_ANGLE_UNIT ( ) SI_UNIT ( $, .RADIAN. ) );
#1318 = MECHANICAL_DESIGN_GEOMETRIC_PRESENTATION_REPRESENTATION (  '', ( #5685 ), #8020 ) ;
#1319 = LINE ( 'NONE', #4629, #5649 ) ;
#1320 =( NAMED_UNIT ( * ) PLANE_ANGLE_UNIT ( ) SI_UNIT ( $, .RADIAN. ) );
#1321 = STYLED_ITEM ( 'NONE', ( #4709 ), #7340 ) ;
#1322 = EDGE_CURVE ( 'NONE', #265, #7349, #276, .T. ) ;
#1323 = CARTESIAN_POINT ( 'NONE',  ( 0.1100000000000000699, -0.6250000000000001110, 0.0000000000000000000 ) ) ;
#1324 = CARTESIAN_POINT ( 'NONE',  ( -0.9753633278277478169, 0.5753633278277474616, 0.006941868480981561347 ) ) ;
#1325 = EDGE_CURVE ( 'NONE', #5437, #669, #5129, .T. ) ;
#1326 = FACE_OUTER_BOUND ( 'NONE', #5753, .T. ) ;
#1327 = VERTEX_POINT ( 'NONE', #4697 ) ;
#1328 = CARTESIAN_POINT ( 'NONE',  ( -0.03324005411156334688, -0.002357585930993527645, -0.4989999999999999991 ) ) ;
#1329 = CARTESIAN_POINT ( 'NONE',  ( 0.7599999999999998979, -0.8700000000000001066, -0.3500000000000000333 ) ) ;
#1330 =( NAMED_UNIT ( * ) SI_UNIT ( $, .STERADIAN. ) SOLID_ANGLE_UNIT ( ) );
#1331 = CARTESIAN_POINT ( 'NONE',  ( 0.05182292636146099141, 0.05351132966800815211, -0.5000000000000000000 ) ) ;
#1332 = PRESENTATION_LAYER_ASSIGNMENT (  '', '', ( #488 ) ) ;
#1333 = FILL_AREA_STYLE_COLOUR ( '', #7775 ) ;
#1334 = EDGE_CURVE ( 'NONE', #8108, #7004, #6818, .T. ) ;
#1335 = VERTEX_POINT ( 'NONE', #4012 ) ;
#1336 = CARTESIAN_POINT ( 'NONE',  ( 0.05469396579352855253, -0.04833490368972732237, -0.4999999999999998890 ) ) ;
#1337 = SURFACE_SIDE_STYLE ('',( #6720 ) ) ;
#1338 = DIRECTION ( 'NONE',  ( -1.000000000000000000, -0.0000000000000000000, -0.0000000000000000000 ) ) ;
#1339 =( NAMED_UNIT ( * ) PLANE_ANGLE_UNIT ( ) SI_UNIT ( $, .RADIAN. ) );
#1340 = EDGE_CURVE ( 'NONE', #7827, #2878, #4218, .T. ) ;
#1341 =( LENGTH_UNIT ( ) NAMED_UNIT ( * ) SI_UNIT ( .MILLI., .METRE. ) );
#1342 = LINE ( 'NONE', #3700, #5856 ) ;
#1343 = CARTESIAN_POINT ( 'NONE',  ( -0.05763029801400236518, -0.04747953715050572815, -0.4989999999999999991 ) ) ;
#1344 = CARTESIAN_POINT ( 'NONE',  ( -0.1049968549009148849, 0.03787584447887150374, -0.4990000000000002212 ) ) ;
#1345 = LINE ( 'NONE', #3363, #7801 ) ;
#1346 = ORIENTED_EDGE ( 'NONE', *, *, #1322, .T. ) ;
#1347 = CARTESIAN_POINT ( 'NONE',  ( 0.09342572666881880650, -0.03837205122638081417, -0.5000000000000003331 ) ) ;
#1348 = ADVANCED_FACE ( 'NONE', ( #7220 ), #6239, .T. ) ;
#1349 = SURFACE_SIDE_STYLE ('',( #7449 ) ) ;
#1350 = CARTESIAN_POINT ( 'NONE',  ( -0.5400000000000000355, -0.6200000000000012168, -0.04000000000000002859 ) ) ;
#1351 = STYLED_ITEM ( 'NONE', ( #1271 ), #6744 ) ;
#1352 =( GEOMETRIC_REPRESENTATION_CONTEXT ( 3 ) GLOBAL_UNCERTAINTY_ASSIGNED_CONTEXT ( ( #136 ) ) GLOBAL_UNIT_ASSIGNED_CONTEXT ( ( #3917, #4574, #218 ) ) REPRESENTATION_CONTEXT ( 'NONE', 'WORKASPACE' ) );
#1353 = SURFACE_STYLE_FILL_AREA ( #6440 ) ;
#1354 = FILL_AREA_STYLE ('',( #6356 ) ) ;
#1355 = CYLINDRICAL_SURFACE ( 'NONE', #1243, 0.05000000000000002359 ) ;
#1356 = CARTESIAN_POINT ( 'NONE',  ( 0.1100000000000000006, -0.8700000000000001066, -0.3500000000000000333 ) ) ;
#1357 = CARTESIAN_POINT ( 'NONE',  ( -0.1100000000000000006, -0.4833137806490306332, 0.1699999999999999567 ) ) ;
#1358 = CARTESIAN_POINT ( 'NONE',  ( -0.2210449321603438488, -0.04747953715050572815, -0.4989999999999999991 ) ) ;
#1359 = CARTESIAN_POINT ( 'NONE',  ( 0.7599999999999998979, 0.4833137806490306332, 0.1699999999999999567 ) ) ;
#1360 = FILL_AREA_STYLE_COLOUR ( '', #4468 ) ;
#1361 = SURFACE_STYLE_FILL_AREA ( #48 ) ;
#1362 = ORIENTED_EDGE ( 'NONE', *, *, #4043, .F. ) ;
#1363 = PRESENTATION_LAYER_ASSIGNMENT (  '', '', ( #2719 ) ) ;
#1364 = FACE_OUTER_BOUND ( 'NONE', #4455, .T. ) ;
#1365 = PRESENTATION_STYLE_ASSIGNMENT (( #4577 ) ) ;
#1366 = FILL_AREA_STYLE_COLOUR ( '', #3817 ) ;
#1367 = DIRECTION ( 'NONE',  ( -1.000000000000000000, 0.0000000000000000000, 0.0000000000000000000 ) ) ;
#1368 = MECHANICAL_DESIGN_GEOMETRIC_PRESENTATION_REPRESENTATION (  '', ( #7044 ), #4473 ) ;
#1369 = VERTEX_POINT ( 'NONE', #4729 ) ;
#1370 = EDGE_CURVE ( 'NONE', #8123, #5515, #581, .T. ) ;
#1371 = COLOUR_RGB ( '',0.2509803921568627416, 0.2509803921568627416, 0.2509803921568627416 ) ;
#1372 =( NAMED_UNIT ( * ) PLANE_ANGLE_UNIT ( ) SI_UNIT ( $, .RADIAN. ) );
#1373 = VECTOR ( 'NONE', #3838, 1000.000000000000000 ) ;
#1374 = DIRECTION ( 'NONE',  ( 0.0000000000000000000, 1.000000000000000000, 0.0000000000000000000 ) ) ;
#1375 = ORIENTED_EDGE ( 'NONE', *, *, #753, .F. ) ;
#1376 = CARTESIAN_POINT ( 'NONE',  ( -0.1100000000000000006, 0.8700000000000001066, -0.3500000000000000333 ) ) ;
#1377 = LINE ( 'NONE', #6283, #1169 ) ;
#1378 = ORIENTED_EDGE ( 'NONE', *, *, #2849, .F. ) ;
#1379 = ORIENTED_EDGE ( 'NONE', *, *, #671, .T. ) ;
#1380 = PRESENTATION_LAYER_ASSIGNMENT (  '', '', ( #3778 ) ) ;
#1381 = VECTOR ( 'NONE', #1720, 1000.000000000000000 ) ;
#1382 = PRODUCT_DEFINITION_SHAPE ( 'NONE', 'NONE',  #1539 ) ;
#1383 = CIRCLE ( 'NONE', #6543, 0.05000000000000002359 ) ;
#1384 = ORIENTED_EDGE ( 'NONE', *, *, #1014, .F. ) ;
#1385 = CARTESIAN_POINT ( 'NONE',  ( -0.1372749727488802030, -0.007216214586975051339, -0.5000000000000000000 ) ) ;
#1386 = EDGE_CURVE ( 'NONE', #176, #5234, #1478, .T. ) ;
#1387 = DIRECTION ( 'NONE',  ( 0.0000000000000000000, -3.497426362856476757E-15, -1.000000000000000000 ) ) ;
#1388 = ORIENTED_EDGE ( 'NONE', *, *, #6441, .T. ) ;
#1389 = PLANE ( 'NONE',  #5163 ) ;
#1390 = FILL_AREA_STYLE ('',( #1333 ) ) ;
#1391 = VERTEX_POINT ( 'NONE', #5381 ) ;
#1392 = SURFACE_STYLE_FILL_AREA ( #5419 ) ;
#1393 = ADVANCED_FACE ( 'NONE', ( #5225 ), #4118, .F. ) ;
#1394 = LINE ( 'NONE', #2440, #5343 ) ;
#1395 = CARTESIAN_POINT ( 'NONE',  ( 0.09850582767866680745, 0.03542522956817657775, -0.4989999999999999991 ) ) ;
#1396 = ORIENTED_EDGE ( 'NONE', *, *, #5519, .T. ) ;
#1397 =( NAMED_UNIT ( * ) SI_UNIT ( $, .STERADIAN. ) SOLID_ANGLE_UNIT ( ) );
#1398 = CIRCLE ( 'NONE', #3515, 0.05000000000000002359 ) ;
#1399 = DIRECTION ( 'NONE',  ( -0.9975640502598243087, 0.0000000000000000000, 0.06975647374412542734 ) ) ;
#1400 = CARTESIAN_POINT ( 'NONE',  ( -0.7599999999999998979, -0.8700000000000001066, -0.3500000000000000333 ) ) ;
#1401 = EDGE_LOOP ( 'NONE', ( #5768, #5430, #4419, #707 ) ) ;
#1402 = FILL_AREA_STYLE ('',( #702 ) ) ;
#1403 = CARTESIAN_POINT ( 'NONE',  ( -0.1696158163066852909, -0.01943075666270084600, -0.5000000000000000000 ) ) ;
#1404 = CARTESIAN_POINT ( 'NONE',  ( -0.1015638117125612500, 0.03922693708244590766, -0.4989999999999998881 ) ) ;
#1405 =( GEOMETRIC_REPRESENTATION_CONTEXT ( 3 ) GLOBAL_UNCERTAINTY_ASSIGNED_CONTEXT ( ( #3309 ) ) GLOBAL_UNIT_ASSIGNED_CONTEXT ( ( #6782, #4903, #8111 ) ) REPRESENTATION_CONTEXT ( 'NONE', 'WORKASPACE' ) );
#1406 =( LENGTH_UNIT ( ) NAMED_UNIT ( * ) SI_UNIT ( .MILLI., .METRE. ) );
#1407 = SURFACE_SIDE_STYLE ('',( #782 ) ) ;
#1408 = ORIENTED_EDGE ( 'NONE', *, *, #7883, .T. ) ;
#1409 =( GEOMETRIC_REPRESENTATION_CONTEXT ( 3 ) GLOBAL_UNCERTAINTY_ASSIGNED_CONTEXT ( ( #3858 ) ) GLOBAL_UNIT_ASSIGNED_CONTEXT ( ( #647, #1290, #709 ) ) REPRESENTATION_CONTEXT ( 'NONE', 'WORKASPACE' ) );
#1410 = CARTESIAN_POINT ( 'NONE',  ( -1.025000000000000355, 0.6249999999999998890, 0.0000000000000000000 ) ) ;
#1411 = CARTESIAN_POINT ( 'NONE',  ( -0.08579340777009993035, 0.04154485309339672749, -0.5000000000000000000 ) ) ;
#1412 = CARTESIAN_POINT ( 'NONE',  ( -0.1380781861026737223, 0.005590781457812206943, -0.4989999999999999991 ) ) ;
#1413 = SURFACE_SIDE_STYLE ('',( #5365 ) ) ;
#1414 = AXIS2_PLACEMENT_3D ( 'NONE', #1733, #1158, #4209 ) ;
#1415 = VECTOR ( 'NONE', #3842, 1000.000000000000000 ) ;
#1416 = AXIS2_PLACEMENT_3D ( 'NONE', #1324, #3221, #3198 ) ;
#1417 = UNCERTAINTY_MEASURE_WITH_UNIT (LENGTH_MEASURE( 1.000000000000000082E-05 ), #3552, 'distance_accuracy_value', 'NONE');
#1418 = CARTESIAN_POINT ( 'NONE',  ( 0.08324712104886702879, 0.04811487999005707727, -0.5000000000000000000 ) ) ;
#1419 = DIRECTION ( 'NONE',  ( 0.0000000000000000000, 0.0000000000000000000, 1.000000000000000000 ) ) ;
#1420 = DIRECTION ( 'NONE',  ( -1.000000000000000000, 0.0000000000000000000, -0.0000000000000000000 ) ) ;
#1421 =( LENGTH_UNIT ( ) NAMED_UNIT ( * ) SI_UNIT ( .MILLI., .METRE. ) );
#1422 = EDGE_CURVE ( 'NONE', #2758, #3277, #6914, .T. ) ;
#1423 = DIRECTION ( 'NONE',  ( 0.06958737431666479900, 0.06958737431666479900, 0.9951458157835084695 ) ) ;
#1424 = COLOUR_RGB ( '',0.0000000000000000000, 0.0000000000000000000, 0.0000000000000000000 ) ;
#1425 =( NAMED_UNIT ( * ) SI_UNIT ( $, .STERADIAN. ) SOLID_ANGLE_UNIT ( ) );
#1426 = AXIS2_PLACEMENT_3D ( 'NONE', #4970, #7646, #2015 ) ;
#1427 =( NAMED_UNIT ( * ) PLANE_ANGLE_UNIT ( ) SI_UNIT ( $, .RADIAN. ) );
#1428 =( GEOMETRIC_REPRESENTATION_CONTEXT ( 3 ) GLOBAL_UNCERTAINTY_ASSIGNED_CONTEXT ( ( #236 ) ) GLOBAL_UNIT_ASSIGNED_CONTEXT ( ( #837, #7724, #3977 ) ) REPRESENTATION_CONTEXT ( 'NONE', 'WORKASPACE' ) );
#1429 = AXIS2_PLACEMENT_3D ( 'NONE', #3406, #6132, #1759 ) ;
#1430 = DIRECTION ( 'NONE',  ( -0.0000000000000000000, 0.06975647374412545509, 0.9975640502598241977 ) ) ;
#1431 = ADVANCED_FACE ( 'NONE', ( #6485 ), #2317, .F. ) ;
#1432 = CARTESIAN_POINT ( 'NONE',  ( 1.024999999999999911, -0.5751217974870089789, 0.0000000000000000000 ) ) ;
#1433 = CARTESIAN_POINT ( 'NONE',  ( 0.06071954954697326295, -0.03772343958953011667, -0.4989999999999999991 ) ) ;
#1434 = ORIENTED_EDGE ( 'NONE', *, *, #1334, .F. ) ;
#1435 = EDGE_CURVE ( 'NONE', #5102, #421, #5214, .T. ) ;
#1436 = VERTEX_POINT ( 'NONE', #6721 ) ;
#1437 = CARTESIAN_POINT ( 'NONE',  ( -0.1206956644095727588, -0.01689826098845342156, -0.5000000000000000000 ) ) ;
#1438 = SURFACE_STYLE_USAGE ( .BOTH. , #7147 ) ;
#1439 = LINE ( 'NONE', #5494, #2019 ) ;
#1440 = SURFACE_SIDE_STYLE ('',( #2240 ) ) ;
#1441 = ORIENTED_EDGE ( 'NONE', *, *, #712, .T. ) ;
#1442 = SURFACE_SIDE_STYLE ('',( #4264 ) ) ;
#1443 = LINE ( 'NONE', #1240, #1850 ) ;
#1444 = CIRCLE ( 'NONE', #3458, 0.05000000000000002359 ) ;
#1445 = CARTESIAN_POINT ( 'NONE',  ( 0.06393467211497082248, 0.05361551490543413345, -0.4990000000000002212 ) ) ;
#1446 = CARTESIAN_POINT ( 'NONE',  ( -0.1100000000000000006, 0.8700000000000002176, -0.3899999999999999578 ) ) ;
#1447 = EDGE_LOOP ( 'NONE', ( #5019, #8238, #3132, #3147 ) ) ;
#1448 = PLANE ( 'NONE',  #4267 ) ;
#1449 = DIRECTION ( 'NONE',  ( -0.06958737431666466022, -0.06958737431666481288, -0.9951458157835085805 ) ) ;
#1450 = CARTESIAN_POINT ( 'NONE',  ( -0.9504035209157130071, 0.5504035209157125408, 0.3499999999999999778 ) ) ;
#1451 = EDGE_CURVE ( 'NONE', #3522, #5794, #1468, .T. ) ;
#1452 = ORIENTED_EDGE ( 'NONE', *, *, #7176, .T. ) ;
#1453 =( NAMED_UNIT ( * ) PLANE_ANGLE_UNIT ( ) SI_UNIT ( $, .RADIAN. ) );
#1454 = DIRECTION ( 'NONE',  ( 1.516296028482785479E-16, -1.000000000000000000, 2.168404344971007685E-15 ) ) ;
#1455 = CARTESIAN_POINT ( 'NONE',  ( -0.09048709203513938260, -0.04737703382007478481, -0.4989999999999998881 ) ) ;
#1456 = CARTESIAN_POINT ( 'NONE',  ( 0.05361986145688712319, -0.03735552798077820813, -0.4990000000000001101 ) ) ;
#1457 = COLOUR_RGB ( '',1.000000000000000000, 1.000000000000000000, 1.000000000000000000 ) ;
#1458 = AXIS2_PLACEMENT_3D ( 'NONE', #5471, #6162, #8203 ) ;
#1459 = FACE_OUTER_BOUND ( 'NONE', #6439, .T. ) ;
#1460 =( GEOMETRIC_REPRESENTATION_CONTEXT ( 3 ) GLOBAL_UNCERTAINTY_ASSIGNED_CONTEXT ( ( #548 ) ) GLOBAL_UNIT_ASSIGNED_CONTEXT ( ( #7414, #1129, #2981 ) ) REPRESENTATION_CONTEXT ( 'NONE', 'WORKASPACE' ) );
#1461 = UNCERTAINTY_MEASURE_WITH_UNIT (LENGTH_MEASURE( 1.000000000000000082E-05 ), #5235, 'distance_accuracy_value', 'NONE');
#1462 = ORIENTED_EDGE ( 'NONE', *, *, #7094, .T. ) ;
#1463 = MECHANICAL_DESIGN_GEOMETRIC_PRESENTATION_REPRESENTATION (  '', ( #8011 ), #3703 ) ;
#1464 = B_SPLINE_SURFACE_WITH_KNOTS ( 'NONE', 3, 1, ( 
 ( #7252, #291 ),
 ( #910, #7893 ),
 ( #2853, #5348 ),
 ( #6652, #7214 ),
 ( #7281, #7190 ),
 ( #1518, #4055 ),
 ( #2125, #2770 ) ),
 .UNSPECIFIED., .F., .F., .F.,
 ( 4, 1, 1, 1, 4 ),
 ( 2, 2 ),
 ( 0.0000000000000000000, 0.1744817153170503676, 0.3982857591281118714, 0.6738978473986658724, 0.9999999999999998890 ),
 ( 0.0000000000000000000, 1.000000000000000000 ),
 .UNSPECIFIED. ) ;
#1465 = VECTOR ( 'NONE', #5770, 1000.000000000000000 ) ;
#1466 = DIRECTION ( 'NONE',  ( -1.000000000000000000, -0.0000000000000000000, -0.0000000000000000000 ) ) ;
#1467 =( LENGTH_UNIT ( ) NAMED_UNIT ( * ) SI_UNIT ( .MILLI., .METRE. ) );
#1468 = LINE ( 'NONE', #6098, #164 ) ;
#1469 = VECTOR ( 'NONE', #7990, 1000.000000000000000 ) ;
#1470 = PLANE ( 'NONE',  #6544 ) ;
#1471 =( GEOMETRIC_REPRESENTATION_CONTEXT ( 3 ) GLOBAL_UNCERTAINTY_ASSIGNED_CONTEXT ( ( #4764 ) ) GLOBAL_UNIT_ASSIGNED_CONTEXT ( ( #7041, #5150, #3846 ) ) REPRESENTATION_CONTEXT ( 'NONE', 'WORKASPACE' ) );
#1472 = ORIENTED_EDGE ( 'NONE', *, *, #6007, .T. ) ;
#1473 = ADVANCED_FACE ( 'NONE', ( #1065 ), #1758, .F. ) ;
#1474 = PRESENTATION_STYLE_ASSIGNMENT (( #2980 ) ) ;
#1475 = UNCERTAINTY_MEASURE_WITH_UNIT (LENGTH_MEASURE( 1.000000000000000082E-05 ), #5966, 'distance_accuracy_value', 'NONE');
#1476 = ORIENTED_EDGE ( 'NONE', *, *, #1748, .T. ) ;
#1477 =( GEOMETRIC_REPRESENTATION_CONTEXT ( 3 ) GLOBAL_UNCERTAINTY_ASSIGNED_CONTEXT ( ( #7680 ) ) GLOBAL_UNIT_ASSIGNED_CONTEXT ( ( #7406, #1046, #5461 ) ) REPRESENTATION_CONTEXT ( 'NONE', 'WORKASPACE' ) );
#1478 = LINE ( 'NONE', #5922, #1076 ) ;
#1479 = CARTESIAN_POINT ( 'NONE',  ( 0.7599999999999998979, 0.6243137685856749997, 0.009813566431136535456 ) ) ;
#1480 = DIRECTION ( 'NONE',  ( 1.000000000000000000, -0.0000000000000000000, 0.0000000000000000000 ) ) ;
#1481 = VECTOR ( 'NONE', #6769, 1000.000000000000000 ) ;
#1482 = CARTESIAN_POINT ( 'NONE',  ( 0.09349525344770563684, 0.01846311052229677660, -0.4990000000000001101 ) ) ;
#1483 = PRESENTATION_LAYER_ASSIGNMENT (  '', '', ( #4882 ) ) ;
#1484 = CARTESIAN_POINT ( 'NONE',  ( 0.9751217974870081129, 0.6249999999999998890, 0.0000000000000000000 ) ) ;
#1485 = VERTEX_POINT ( 'NONE', #6689 ) ;
#1486 = VERTEX_POINT ( 'NONE', #3578 ) ;
#1487 = LINE ( 'NONE', #7446, #6306 ) ;
#1488 = VECTOR ( 'NONE', #1644, 1000.000000000000000 ) ;
#1489 = EDGE_LOOP ( 'NONE', ( #5997, #6941, #1702, #7042 ) ) ;
#1490 = VECTOR ( 'NONE', #6290, 1000.000000000000000 ) ;
#1491 = PLANE ( 'NONE',  #4168 ) ;
#1492 = ORIENTED_EDGE ( 'NONE', *, *, #2754, .F. ) ;
#1493 = DIRECTION ( 'NONE',  ( 0.0000000000000000000, 2.168404344971007685E-15, 1.000000000000000000 ) ) ;
#1494 = PRODUCT_CONTEXT ( 'NONE', #5872, 'mechanical' ) ;
#1495 = CARTESIAN_POINT ( 'NONE',  ( -0.1267605573332183100, -0.02991207411212015374, -0.4990000000000002212 ) ) ;
#1496 = ORIENTED_EDGE ( 'NONE', *, *, #1993, .T. ) ;
#1497 = VERTEX_POINT ( 'NONE', #4206 ) ;
#1498 = AXIS2_PLACEMENT_3D ( 'NONE', #204, #4616, #843 ) ;
#1499 = VECTOR ( 'NONE', #6713, 1000.000000000000000 ) ;
#1500 = FACE_BOUND ( 'NONE', #7922, .T. ) ;
#1501 =( GEOMETRIC_REPRESENTATION_CONTEXT ( 3 ) GLOBAL_UNCERTAINTY_ASSIGNED_CONTEXT ( ( #1567 ) ) GLOBAL_UNIT_ASSIGNED_CONTEXT ( ( #1803, #7400, #2354 ) ) REPRESENTATION_CONTEXT ( 'NONE', 'WORKASPACE' ) );
#1502 = CARTESIAN_POINT ( 'NONE',  ( 0.09366368176859943273, -0.01468276096489676448, -0.4999999999999998890 ) ) ;
#1503 = DIRECTION ( 'NONE',  ( 0.0000000000000000000, -0.0000000000000000000, 1.000000000000000000 ) ) ;
#1504 = DIRECTION ( 'NONE',  ( -1.000000000000000000, -0.0000000000000000000, -0.0000000000000000000 ) ) ;
#1505 = EDGE_CURVE ( 'NONE', #5483, #389, #4413, .T. ) ;
#1506 = CARTESIAN_POINT ( 'NONE',  ( -0.1380001337732157385, 0.009135284883410747792, -0.5000000000000000000 ) ) ;
#1507 = FILL_AREA_STYLE_COLOUR ( '', #1543 ) ;
#1508 = SURFACE_STYLE_FILL_AREA ( #7842 ) ;
#1509 = ORIENTED_EDGE ( 'NONE', *, *, #859, .T. ) ;
#1510 = EDGE_CURVE ( 'NONE', #8218, #5794, #4518, .T. ) ;
#1511 =( LENGTH_UNIT ( ) NAMED_UNIT ( * ) SI_UNIT ( .MILLI., .METRE. ) );
#1512 = DIRECTION ( 'NONE',  ( -1.000000000000000000, 0.0000000000000000000, -0.0000000000000000000 ) ) ;
#1513 = CYLINDRICAL_SURFACE ( 'NONE', #2469, 0.05000000000000002359 ) ;
#1514 = FILL_AREA_STYLE_COLOUR ( '', #5746 ) ;
#1515 = MECHANICAL_DESIGN_GEOMETRIC_PRESENTATION_REPRESENTATION (  '', ( #5722 ), #1623 ) ;
#1516 = CIRCLE ( 'NONE', #6839, 0.05000000000000002359 ) ;
#1517 =( NAMED_UNIT ( * ) SI_UNIT ( $, .STERADIAN. ) SOLID_ANGLE_UNIT ( ) );
#1518 = CARTESIAN_POINT ( 'NONE',  ( -0.1899717115166807690, 0.03955660350117540941, -0.4990000000000001101 ) ) ;
#1519 = SURFACE_STYLE_USAGE ( .BOTH. , #4659 ) ;
#1520 = VERTEX_POINT ( 'NONE', #1731 ) ;
#1521 = ADVANCED_FACE ( 'NONE', ( #1572 ), #3616, .F. ) ;
#1522 = SURFACE_SIDE_STYLE ('',( #7133 ) ) ;
#1523 = STYLED_ITEM ( 'NONE', ( #3334 ), #6044 ) ;
#1524 = CARTESIAN_POINT ( 'NONE',  ( -0.1017825597499552176, -0.03395792785625957599, -0.5000000000000001110 ) ) ;
#1525 = UNCERTAINTY_MEASURE_WITH_UNIT (LENGTH_MEASURE( 1.000000000000000082E-05 ), #2128, 'distance_accuracy_value', 'NONE');
#1526 = CARTESIAN_POINT ( 'NONE',  ( 0.06636548196983643733, 0.04211711137878980382, -0.5000000000000000000 ) ) ;
#1527 = CARTESIAN_POINT ( 'NONE',  ( -0.08673568068751291715, -0.04744490661289017114, -0.5000000000000000000 ) ) ;
#1528 = DIRECTION ( 'NONE',  ( -0.0000000000000000000, 0.06975647374412545509, 0.9975640502598241977 ) ) ;
#1529 = CARTESIAN_POINT ( 'NONE',  ( 0.5400000000000000355, 0.6200000000000012168, -0.04000000000000002859 ) ) ;
#1530 =( GEOMETRIC_REPRESENTATION_CONTEXT ( 3 ) GLOBAL_UNCERTAINTY_ASSIGNED_CONTEXT ( ( #5893 ) ) GLOBAL_UNIT_ASSIGNED_CONTEXT ( ( #8231, #4993, #7542 ) ) REPRESENTATION_CONTEXT ( 'NONE', 'WORKASPACE' ) );
#1531 = AXIS2_PLACEMENT_3D ( 'NONE', #8009, #6745, #4865 ) ;
#1532 = EDGE_CURVE ( 'NONE', #5382, #3972, #766, .T. ) ;
#1533 = DIRECTION ( 'NONE',  ( -0.06958737431666479900, -0.06958737431666479900, -0.9951458157835084695 ) ) ;
#1534 = CARTESIAN_POINT ( 'NONE',  ( -0.03324005411156334688, -0.002357585930993527645, -0.4989999999999999991 ) ) ;
#1535 = CARTESIAN_POINT ( 'NONE',  ( -0.1832400541115633552, 0.05252046284949429128, -0.4989999999999999991 ) ) ;
#1536 =( LENGTH_UNIT ( ) NAMED_UNIT ( * ) SI_UNIT ( .MILLI., .METRE. ) );
#1537 = EDGE_LOOP ( 'NONE', ( #5391, #1362, #7470, #3653 ) ) ;
#1538 = PLANE ( 'NONE',  #7315 ) ;
#1539 = PRODUCT_DEFINITION ( 'δ֪', '', #4895, #5469 ) ;
#1540 = AXIS2_PLACEMENT_3D ( 'NONE', #4947, #4283, #8129 ) ;
#1541 = SURFACE_SIDE_STYLE ('',( #2912 ) ) ;
#1542 = FILL_AREA_STYLE_COLOUR ( '', #1648 ) ;
#1543 = COLOUR_RGB ( '',0.0000000000000000000, 0.0000000000000000000, 0.0000000000000000000 ) ;
#1544 = CARTESIAN_POINT ( 'NONE',  ( -0.07104493216034385439, -0.03650392739440816436, -0.4989999999999999991 ) ) ;
#1545 = DIRECTION ( 'NONE',  ( -1.000000000000000000, -0.0000000000000000000, -0.0000000000000000000 ) ) ;
#1546 = ORIENTED_EDGE ( 'NONE', *, *, #3849, .T. ) ;
#1547 = LINE ( 'NONE', #3651, #5865 ) ;
#1548 = CARTESIAN_POINT ( 'NONE',  ( 0.07501436417528378753, -0.03514315076052923481, -0.5000000000000003331 ) ) ;
#1549 = CARTESIAN_POINT ( 'NONE',  ( -0.5400000000000000355, 0.6200000000000012168, -0.04000000000000002859 ) ) ;
#1550 = CARTESIAN_POINT ( 'NONE',  ( 0.1100000000000000006, -0.6200000000000012168, -0.04000000000000002859 ) ) ;
#1551 = DIRECTION ( 'NONE',  ( 3.032592056965570465E-16, -1.000000000000000000, -4.336808689942014581E-15 ) ) ;
#1552 = VECTOR ( 'NONE', #1419, 1000.000000000000000 ) ;
#1553 = ADVANCED_FACE ( 'NONE', ( #2229 ), #7514, .T. ) ;
#1554 = FILL_AREA_STYLE ('',( #1640 ) ) ;
#1555 = FILL_AREA_STYLE_COLOUR ( '', #991 ) ;
#1556 = ORIENTED_EDGE ( 'NONE', *, *, #7763, .F. ) ;
#1557 = CARTESIAN_POINT ( 'NONE',  ( 0.09202845565531925232, 0.02213537354562012185, -0.4989999999999999991 ) ) ;
#1558 = CARTESIAN_POINT ( 'NONE',  ( 0.06430377887285511351, -0.04866033363714254711, -0.5000000000000000000 ) ) ;
#1559 = VECTOR ( 'NONE', #1059, 1000.000000000000000 ) ;
#1560 = FACE_OUTER_BOUND ( 'NONE', #5451, .T. ) ;
#1561 = EDGE_CURVE ( 'NONE', #4959, #2419, #662, .T. ) ;
#1562 = CARTESIAN_POINT ( 'NONE',  ( 0.7599999999999998979, -0.6243137685856749997, 0.009813566431136535456 ) ) ;
#1563 = DIRECTION ( 'NONE',  ( 0.0000000000000000000, 1.000000000000000000, 6.023345402697245979E-16 ) ) ;
#1564 = CARTESIAN_POINT ( 'NONE',  ( -0.1100000000000000006, -0.6700000000000002620, -0.3499999999999993672 ) ) ;
#1565 = LINE ( 'NONE', #2057, #4214 ) ;
#1566 = CARTESIAN_POINT ( 'NONE',  ( 0.06820841523893550473, -0.03712057429452102902, -0.5000000000000002220 ) ) ;
#1567 = UNCERTAINTY_MEASURE_WITH_UNIT (LENGTH_MEASURE( 1.000000000000000082E-05 ), #1803, 'distance_accuracy_value', 'NONE');
#1568 = ORIENTED_EDGE ( 'NONE', *, *, #5299, .T. ) ;
#1569 = DIRECTION ( 'NONE',  ( 0.0000000000000000000, -1.000000000000000000, -6.023345402697246965E-16 ) ) ;
#1570 =( NAMED_UNIT ( * ) PLANE_ANGLE_UNIT ( ) SI_UNIT ( $, .RADIAN. ) );
#1571 = STYLED_ITEM ( 'NONE', ( #6430 ), #5751 ) ;
#1572 = FACE_OUTER_BOUND ( 'NONE', #1145, .T. ) ;
#1573 =( NAMED_UNIT ( * ) SI_UNIT ( $, .STERADIAN. ) SOLID_ANGLE_UNIT ( ) );
#1574 = AXIS2_PLACEMENT_3D ( 'NONE', #5815, #5228, #6517 ) ;
#1575 = PRESENTATION_LAYER_ASSIGNMENT (  '', '', ( #7534 ) ) ;
#1576 = SURFACE_STYLE_USAGE ( .BOTH. , #8050 ) ;
#1577 = ORIENTED_EDGE ( 'NONE', *, *, #5654, .T. ) ;
#1578 = CARTESIAN_POINT ( 'NONE',  ( 0.07688694746655591605, 0.03846404269315382984, -0.4999999999999998890 ) ) ;
#1579 = ORIENTED_EDGE ( 'NONE', *, *, #1602, .T. ) ;
#1580 =( NAMED_UNIT ( * ) PLANE_ANGLE_UNIT ( ) SI_UNIT ( $, .RADIAN. ) );
#1581 = VERTEX_POINT ( 'NONE', #520 ) ;
#1582 = EDGE_CURVE ( 'NONE', #2047, #5438, #5402, .T. ) ;
#1583 = VECTOR ( 'NONE', #4252, 1000.000000000000000 ) ;
#1584 = LINE ( 'NONE', #1931, #8039 ) ;
#1585 = CARTESIAN_POINT ( 'NONE',  ( 0.03594066737804180872, 0.03687794356327633860, -0.4989999999999999991 ) ) ;
#1586 = ORIENTED_EDGE ( 'NONE', *, *, #5741, .T. ) ;
#1587 =( GEOMETRIC_REPRESENTATION_CONTEXT ( 3 ) GLOBAL_UNCERTAINTY_ASSIGNED_CONTEXT ( ( #3204 ) ) GLOBAL_UNIT_ASSIGNED_CONTEXT ( ( #1341, #1966, #6436 ) ) REPRESENTATION_CONTEXT ( 'NONE', 'WORKASPACE' ) );
#1588 = VECTOR ( 'NONE', #1420, 1000.000000000000000 ) ;
#1589 = FILL_AREA_STYLE ('',( #4813 ) ) ;
#1590 = VERTEX_POINT ( 'NONE', #3769 ) ;
#1591 = CARTESIAN_POINT ( 'NONE',  ( -0.1323972363138644359, 0.02813100081424760660, -0.4999999999999998890 ) ) ;
#1592 = FACE_OUTER_BOUND ( 'NONE', #4401, .T. ) ;
#1593 = EDGE_LOOP ( 'NONE', ( #367, #6224, #5231, #8048 ) ) ;
#1594 = PRESENTATION_STYLE_ASSIGNMENT (( #3154 ) ) ;
#1595 = CARTESIAN_POINT ( 'NONE',  ( 0.06820841523893550473, -0.03712057429452102902, -0.4990000000000002212 ) ) ;
#1596 = AXIS2_PLACEMENT_3D ( 'NONE', #4528, #7755, #275 ) ;
#1597 = EDGE_CURVE ( 'NONE', #7936, #1327, #1951, .T. ) ;
#1598 = DIRECTION ( 'NONE',  ( -0.0000000000000000000, -0.0000000000000000000, -1.000000000000000000 ) ) ;
#1599 = CARTESIAN_POINT ( 'NONE',  ( 0.1063462246714602655, -0.01943862670377183299, -0.4999999999999998890 ) ) ;
#1600 = COLOUR_RGB ( '',0.0000000000000000000, 0.0000000000000000000, 0.0000000000000000000 ) ;
#1601 = ORIENTED_EDGE ( 'NONE', *, *, #6293, .T. ) ;
#1602 = EDGE_CURVE ( 'NONE', #5528, #2600, #4821, .T. ) ;
#1603 = VERTEX_POINT ( 'NONE', #4278 ) ;
#1604 = CARTESIAN_POINT ( 'NONE',  ( 1.024999999999999911, -0.6043691396444114128, -9.419006373467819770E-16 ) ) ;
#1605 = DIRECTION ( 'NONE',  ( -0.0000000000000000000, -1.000000000000000000, -0.0000000000000000000 ) ) ;
#1606 = CARTESIAN_POINT ( 'NONE',  ( -0.1879084992335145754, 0.03331314577632354251, -0.4989999999999999991 ) ) ;
#1607 = ADVANCED_FACE ( 'NONE', ( #1664 ), #6296, .F. ) ;
#1608 = CARTESIAN_POINT ( 'NONE',  ( -0.1888003692489944874, 0.03638315817511340866, -0.4990000000000001101 ) ) ;
#1609 =( NAMED_UNIT ( * ) SI_UNIT ( $, .STERADIAN. ) SOLID_ANGLE_UNIT ( ) );
#1610 = DIRECTION ( 'NONE',  ( 0.0000000000000000000, 1.000000000000000000, -6.023345402697246965E-16 ) ) ;
#1611 = ORIENTED_EDGE ( 'NONE', *, *, #81, .T. ) ;
#1612 = CARTESIAN_POINT ( 'NONE',  ( -0.1100000000000000006, -0.8700000000000002176, -0.3899999999999999578 ) ) ;
#1613 = CARTESIAN_POINT ( 'NONE',  ( 0.09599360712341904744, 0.002997998773044407549, -0.5000000000000001110 ) ) ;
#1614 = CARTESIAN_POINT ( 'NONE',  ( 0.1039079492774848401, 0.02691091480005550554, -0.5000000000000000000 ) ) ;
#1615 = VECTOR ( 'NONE', #5464, 1000.000000000000114 ) ;
#1616 = EDGE_CURVE ( 'NONE', #4621, #176, #7720, .T. ) ;
#1617 = VERTEX_POINT ( 'NONE', #2494 ) ;
#1618 = CARTESIAN_POINT ( 'NONE',  ( 0.04332373524178487201, 0.04030367772824312855, -0.4990000000000002212 ) ) ;
#1619 = FILL_AREA_STYLE ('',( #5410 ) ) ;
#1620 = CARTESIAN_POINT ( 'NONE',  ( 0.09602823857136350005, 0.001453389678762573084, -0.4989999999999999991 ) ) ;
#1621 = CARTESIAN_POINT ( 'NONE',  ( -0.1153303889809982608, 0.04513193977790567329, -0.4989999999999998881 ) ) ;
#1622 = CARTESIAN_POINT ( 'NONE',  ( 0.1045563225214993230, -0.02380314917250225815, -0.5000000000000000000 ) ) ;
#1623 =( GEOMETRIC_REPRESENTATION_CONTEXT ( 3 ) GLOBAL_UNCERTAINTY_ASSIGNED_CONTEXT ( ( #2772 ) ) GLOBAL_UNIT_ASSIGNED_CONTEXT ( ( #539, #1768, #6217 ) ) REPRESENTATION_CONTEXT ( 'NONE', 'WORKASPACE' ) );
#1624 =( NAMED_UNIT ( * ) PLANE_ANGLE_UNIT ( ) SI_UNIT ( $, .RADIAN. ) );
#1625 = CARTESIAN_POINT ( 'NONE',  ( 0.7600000000000000089, -0.6131124419696033501, 0.1699999999999999567 ) ) ;
#1626 =( NAMED_UNIT ( * ) SI_UNIT ( $, .STERADIAN. ) SOLID_ANGLE_UNIT ( ) );
#1627 = PRESENTATION_LAYER_ASSIGNMENT (  '', '', ( #6982 ) ) ;
#1628 = UNCERTAINTY_MEASURE_WITH_UNIT (LENGTH_MEASURE( 1.000000000000000082E-05 ), #3266, 'distance_accuracy_value', 'NONE');
#1629 = SURFACE_SIDE_STYLE ('',( #1220 ) ) ;
#1630 =( GEOMETRIC_REPRESENTATION_CONTEXT ( 3 ) GLOBAL_UNCERTAINTY_ASSIGNED_CONTEXT ( ( #7619 ) ) GLOBAL_UNIT_ASSIGNED_CONTEXT ( ( #5028, #2581, #2483 ) ) REPRESENTATION_CONTEXT ( 'NONE', 'WORKASPACE' ) );
#1631 = CARTESIAN_POINT ( 'NONE',  ( -0.1189075133937146783, -0.02022019053756687890, -0.5000000000000002220 ) ) ;
#1632 = CARTESIAN_POINT ( 'NONE',  ( 0.08594039495352898128, -0.04350289880386526420, -0.4989999999999999991 ) ) ;
#1633 = CARTESIAN_POINT ( 'NONE',  ( 0.09513647022960128319, 0.03919541217020888063, -0.5000000000000001110 ) ) ;
#1634 = ORIENTED_EDGE ( 'NONE', *, *, #3974, .T. ) ;
#1635 = DIRECTION ( 'NONE',  ( 1.000000000000000000, 0.0000000000000000000, 0.0000000000000000000 ) ) ;
#1636 = AXIS2_PLACEMENT_3D ( 'NONE', #3103, #5034, #8193 ) ;
#1637 = AXIS2_PLACEMENT_3D ( 'NONE', #3591, #6121, #445 ) ;
#1638 = ADVANCED_FACE ( 'NONE', ( #1560 ), #1199, .T. ) ;
#1639 = EDGE_CURVE ( 'NONE', #1927, #408, #4330, .T. ) ;
#1640 = FILL_AREA_STYLE_COLOUR ( '', #4424 ) ;
#1641 = ORIENTED_EDGE ( 'NONE', *, *, #7075, .T. ) ;
#1642 = VECTOR ( 'NONE', #1721, 1000.000000000000000 ) ;
#1643 = VERTEX_POINT ( 'NONE', #7587 ) ;
#1644 = DIRECTION ( 'NONE',  ( -0.0000000000000000000, -0.0000000000000000000, 1.000000000000000000 ) ) ;
#1645 = CARTESIAN_POINT ( 'NONE',  ( -0.1344932587429732429, 0.02380084702891684806, -0.5000000000000001110 ) ) ;
#1646 = CARTESIAN_POINT ( 'NONE',  ( 0.07171006227004821099, -0.03630563327983991201, -0.4989999999999998881 ) ) ;
#1647 = FACE_OUTER_BOUND ( 'NONE', #6851, .T. ) ;
#1648 = COLOUR_RGB ( '',0.0000000000000000000, 0.0000000000000000000, 0.0000000000000000000 ) ;
#1649 = LINE ( 'NONE', #8071, #8004 ) ;
#1650 = ORIENTED_EDGE ( 'NONE', *, *, #1734, .T. ) ;
#1651 = DIRECTION ( 'NONE',  ( -0.0000000000000000000, -0.0000000000000000000, -1.000000000000000000 ) ) ;
#1652 =( NAMED_UNIT ( * ) SI_UNIT ( $, .STERADIAN. ) SOLID_ANGLE_UNIT ( ) );
#1653 =( GEOMETRIC_REPRESENTATION_CONTEXT ( 3 ) GLOBAL_UNCERTAINTY_ASSIGNED_CONTEXT ( ( #758 ) ) GLOBAL_UNIT_ASSIGNED_CONTEXT ( ( #7871, #6616, #7809 ) ) REPRESENTATION_CONTEXT ( 'NONE', 'WORKASPACE' ) );
#1654 = CARTESIAN_POINT ( 'NONE',  ( 0.7599999999999998979, 0.8300000000000001821, -0.3499999999999998668 ) ) ;
#1655 = DIRECTION ( 'NONE',  ( 1.000000000000000000, -0.0000000000000000000, -0.0000000000000000000 ) ) ;
#1656 = DIRECTION ( 'NONE',  ( -1.000000000000000000, -0.0000000000000000000, -0.0000000000000000000 ) ) ;
#1657 = COLOUR_RGB ( '',0.2509803921568627416, 0.2509803921568627416, 0.2509803921568627416 ) ;
#1658 = EDGE_CURVE ( 'NONE', #3640, #2542, #4307, .T. ) ;
#1659 = ORIENTED_EDGE ( 'NONE', *, *, #1159, .F. ) ;
#1660 = EDGE_CURVE ( 'NONE', #1303, #3327, #5207, .T. ) ;
#1661 = CARTESIAN_POINT ( 'NONE',  ( -0.1233079153138167267, -0.009483856043712948769, -0.5000000000000000000 ) ) ;
#1662 =( NAMED_UNIT ( * ) PLANE_ANGLE_UNIT ( ) SI_UNIT ( $, .RADIAN. ) );
#1663 = CARTESIAN_POINT ( 'NONE',  ( 0.06393467211497082248, 0.05361551490543413345, -0.5000000000000002220 ) ) ;
#1664 = FACE_OUTER_BOUND ( 'NONE', #688, .T. ) ;
#1665 = LINE ( 'NONE', #2999, #8215 ) ;
#1666 = CARTESIAN_POINT ( 'NONE',  ( -0.1729885297213194506, -0.008455146906603282220, -0.4989999999999999991 ) ) ;
#1667 = DIRECTION ( 'NONE',  ( 1.000000000000000000, 0.0000000000000000000, -0.0000000000000000000 ) ) ;
#1668 = VECTOR ( 'NONE', #8097, 1000.000000000000000 ) ;
#1669 = ORIENTED_EDGE ( 'NONE', *, *, #7050, .F. ) ;
#1670 = DIRECTION ( 'NONE',  ( -1.000000000000000000, 0.0000000000000000000, 0.0000000000000000000 ) ) ;
#1671 = PRESENTATION_LAYER_ASSIGNMENT (  '', '', ( #4905 ) ) ;
#1672 =( LENGTH_UNIT ( ) NAMED_UNIT ( * ) SI_UNIT ( .MILLI., .METRE. ) );
#1673 = SURFACE_STYLE_USAGE ( .BOTH. , #2873 ) ;
#1674 = CARTESIAN_POINT ( 'NONE',  ( 0.03584864116633132425, 0.05009967937355724182, -0.4989999999999999991 ) ) ;
#1675 = SURFACE_STYLE_FILL_AREA ( #6801 ) ;
#1676 = UNCERTAINTY_MEASURE_WITH_UNIT (LENGTH_MEASURE( 1.000000000000000082E-05 ), #5914, 'distance_accuracy_value', 'NONE');
#1677 = ORIENTED_EDGE ( 'NONE', *, *, #7415, .F. ) ;
#1678 = PRESENTATION_STYLE_ASSIGNMENT (( #1186 ) ) ;
#1679 = ORIENTED_EDGE ( 'NONE', *, *, #7682, .F. ) ;
#1680 = SURFACE_STYLE_USAGE ( .BOTH. , #5449 ) ;
#1681 = SURFACE_STYLE_FILL_AREA ( #4058 ) ;
#1682 = CARTESIAN_POINT ( 'NONE',  ( 0.5400000000000000355, -0.6243137685856749997, 0.009813566431136535456 ) ) ;
#1683 = PLANE ( 'NONE',  #3095 ) ;
#1684 = CARTESIAN_POINT ( 'NONE',  ( 0.07006822128801376559, 0.04127781745556273474, -0.4999999999999998890 ) ) ;
#1685 = LINE ( 'NONE', #8070, #1967 ) ;
#1686 = ADVANCED_FACE ( 'NONE', ( #3114 ), #6371, .T. ) ;
#1687 = CARTESIAN_POINT ( 'NONE',  ( -0.5400000000000000355, 0.8700000000000001066, -0.3500000000000000333 ) ) ;
#1688 = STYLED_ITEM ( 'NONE', ( #4249 ), #5863 ) ;
#1689 = ORIENTED_EDGE ( 'NONE', *, *, #2570, .T. ) ;
#1690 = FACE_OUTER_BOUND ( 'NONE', #174, .T. ) ;
#1691 = APPLICATION_CONTEXT ( 'automotive_design' ) ;
#1692 = FACE_OUTER_BOUND ( 'NONE', #4360, .T. ) ;
#1693 = VERTEX_POINT ( 'NONE', #1403 ) ;
#1694 = PRESENTATION_LAYER_ASSIGNMENT (  '', '', ( #7044 ) ) ;
#1695 = PRESENTATION_STYLE_ASSIGNMENT (( #6401 ) ) ;
#1696 = LINE ( 'NONE', #12, #3057 ) ;
#1697 = MECHANICAL_DESIGN_GEOMETRIC_PRESENTATION_REPRESENTATION (  '', ( #4366 ), #4523 ) ;
#1698 = CARTESIAN_POINT ( 'NONE',  ( -0.08673568068751291715, -0.04744490661289017114, -0.4989999999999999991 ) ) ;
#1699 = CARTESIAN_POINT ( 'NONE',  ( 0.002125799546973263822, -0.002357585930993527645, -0.4989999999999999991 ) ) ;
#1700 = SURFACE_SIDE_STYLE ('',( #3389 ) ) ;
#1701 = CARTESIAN_POINT ( 'NONE',  ( 0.7599999999999998979, -1.050000000000000044, -0.5500000000000000444 ) ) ;
#1702 = ORIENTED_EDGE ( 'NONE', *, *, #7772, .T. ) ;
#1703 = ORIENTED_EDGE ( 'NONE', *, *, #1224, .T. ) ;
#1704 = ORIENTED_EDGE ( 'NONE', *, *, #567, .T. ) ;
#1705 = EDGE_LOOP ( 'NONE', ( #5054, #6514, #430, #2359 ) ) ;
#1706 = LINE ( 'NONE', #8105, #1499 ) ;
#1707 = SURFACE_STYLE_FILL_AREA ( #2543 ) ;
#1708 = FILL_AREA_STYLE_COLOUR ( '', #1163 ) ;
#1709 =( LENGTH_UNIT ( ) NAMED_UNIT ( * ) SI_UNIT ( .MILLI., .METRE. ) );
#1710 = FACE_OUTER_BOUND ( 'NONE', #6726, .T. ) ;
#1711 = CARTESIAN_POINT ( 'NONE',  ( -0.1099999999999999589, 0.6131124419696033501, 0.1699999999999999567 ) ) ;
#1712 = EDGE_LOOP ( 'NONE', ( #1897, #1641, #7228, #5898 ) ) ;
#1713 = DIRECTION ( 'NONE',  ( 1.000000000000000000, 0.0000000000000000000, 0.0000000000000000000 ) ) ;
#1714 = STYLED_ITEM ( 'NONE', ( #4108 ), #724 ) ;
#1715 = FILL_AREA_STYLE_COLOUR ( '', #3944 ) ;
#1716 = FACE_OUTER_BOUND ( 'NONE', #2643, .T. ) ;
#1717 = CYLINDRICAL_SURFACE ( 'NONE', #317, 0.1999999999999999278 ) ;
#1718 = PLANE ( 'NONE',  #6739 ) ;
#1719 = VERTEX_POINT ( 'NONE', #2645 ) ;
#1720 = DIRECTION ( 'NONE',  ( 0.0000000000000000000, 1.000000000000000000, -6.023345402697246965E-16 ) ) ;
#1721 = DIRECTION ( 'NONE',  ( -0.0000000000000000000, -0.0000000000000000000, -1.000000000000000000 ) ) ;
#1722 = CARTESIAN_POINT ( 'NONE',  ( 0.05982601012366819959, 0.04273523167992090976, -0.4990000000000001101 ) ) ;
#1723 = ORIENTED_EDGE ( 'NONE', *, *, #3086, .F. ) ;
#1724 = CARTESIAN_POINT ( 'NONE',  ( 0.07878733743898076736, 0.05018960563106498324, -0.4989999999999999991 ) ) ;
#1725 = EDGE_CURVE ( 'NONE', #8123, #205, #5491, .T. ) ;
#1726 = DIRECTION ( 'NONE',  ( -1.000000000000000000, -0.0000000000000000000, -0.0000000000000000000 ) ) ;
#1727 = SURFACE_SIDE_STYLE ('',( #515 ) ) ;
#1728 = MECHANICAL_DESIGN_GEOMETRIC_PRESENTATION_REPRESENTATION (  '', ( #6157 ), #5366 ) ;
#1729 = UNCERTAINTY_MEASURE_WITH_UNIT (LENGTH_MEASURE( 1.000000000000000082E-05 ), #3136, 'distance_accuracy_value', 'NONE');
#1730 = ADVANCED_FACE ( 'NONE', ( #264 ), #4095, .F. ) ;
#1731 = CARTESIAN_POINT ( 'NONE',  ( -0.2064298406969292121, -0.008455146906603268342, -0.5000000000000000000 ) ) ;
#1732 =( NAMED_UNIT ( * ) PLANE_ANGLE_UNIT ( ) SI_UNIT ( $, .RADIAN. ) );
#1733 = CARTESIAN_POINT ( 'NONE',  ( -0.1100000000000000006, -0.8700000000000001066, -0.3500000000000000333 ) ) ;
#1734 = EDGE_CURVE ( 'NONE', #1497, #194, #6182, .T. ) ;
#1735 = PLANE ( 'NONE',  #1038 ) ;
#1736 = CARTESIAN_POINT ( 'NONE',  ( 0.1100000000000000006, 1.050000000000000044, -0.3900000000000000688 ) ) ;
#1737 = ORIENTED_EDGE ( 'NONE', *, *, #8202, .T. ) ;
#1738 = STYLED_ITEM ( 'NONE', ( #6047 ), #5393 ) ;
#1739 = UNCERTAINTY_MEASURE_WITH_UNIT (LENGTH_MEASURE( 1.000000000000000082E-05 ), #5655, 'distance_accuracy_value', 'NONE');
#1740 = PLANE ( 'NONE',  #7172 ) ;
#1741 = FILL_AREA_STYLE_COLOUR ( '', #7790 ) ;
#1742 = PRESENTATION_LAYER_ASSIGNMENT (  '', '', ( #3500 ) ) ;
#1743 = CARTESIAN_POINT ( 'NONE',  ( 0.05847107393721714952, 0.04276436528851867286, -0.5000000000000000000 ) ) ;
#1744 = CARTESIAN_POINT ( 'NONE',  ( 0.1093993203721887048, 0.002579581033644717716, -0.4989999999999998881 ) ) ;
#1745 =( GEOMETRIC_REPRESENTATION_CONTEXT ( 3 ) GLOBAL_UNCERTAINTY_ASSIGNED_CONTEXT ( ( #1628 ) ) GLOBAL_UNIT_ASSIGNED_CONTEXT ( ( #3266, #2064, #3889 ) ) REPRESENTATION_CONTEXT ( 'NONE', 'WORKASPACE' ) );
#1746 = LINE ( 'NONE', #6050, #1642 ) ;
#1747 = ORIENTED_EDGE ( 'NONE', *, *, #2889, .T. ) ;
#1748 = EDGE_CURVE ( 'NONE', #1785, #205, #4500, .T. ) ;
#1749 = CIRCLE ( 'NONE', #4971, 0.03999999999999988981 ) ;
#1750 = LINE ( 'NONE', #7135, #5098 ) ;
#1751 = CARTESIAN_POINT ( 'NONE',  ( 0.1077410880133442550, -0.01480491514452331528, -0.4989999999999998881 ) ) ;
#1752 = SURFACE_SIDE_STYLE ('',( #5684 ) ) ;
#1753 = PRESENTATION_LAYER_ASSIGNMENT (  '', '', ( #1202 ) ) ;
#1754 = VERTEX_POINT ( 'NONE', #5817 ) ;
#1755 = MECHANICAL_DESIGN_GEOMETRIC_PRESENTATION_REPRESENTATION (  '', ( #573 ), #3254 ) ;
#1756 = PRESENTATION_LAYER_ASSIGNMENT (  '', '', ( #5690 ) ) ;
#1757 = SURFACE_STYLE_FILL_AREA ( #6787 ) ;
#1758 = PLANE ( 'NONE',  #2224 ) ;
#1759 = DIRECTION ( 'NONE',  ( 1.000000000000000000, 0.0000000000000000000, 0.0000000000000000000 ) ) ;
#1760 = CARTESIAN_POINT ( 'NONE',  ( 0.9970292752225955457, -0.5504035209157128739, 0.4000000000000000222 ) ) ;
#1761 = LINE ( 'NONE', #5172, #7416 ) ;
#1762 = EDGE_CURVE ( 'NONE', #984, #2848, #4715, .T. ) ;
#1763 = CARTESIAN_POINT ( 'NONE',  ( -0.1232807735844212438, 0.01634843631477013101, -0.5000000000000001110 ) ) ;
#1764 = CARTESIAN_POINT ( 'NONE',  ( -0.7599999999999998979, -0.8700000000000001066, -0.5499999999999999334 ) ) ;
#1765 = B_SPLINE_CURVE_WITH_KNOTS ( 'NONE', 3,
 ( #2930, #6114, #4226, #6772, #5475, #2967, #443, #466, #3567, #4939, #1143 ),
 .UNSPECIFIED., .F., .F.,
 ( 4, 1, 1, 1, 1, 1, 1, 1, 4 ),
 ( 0.0000000000000000000, 0.1252796967356259727, 0.2494199707420513001, 0.3733567994928199130, 0.4966812787822861286, 0.6202029157439825635, 0.7450863201614565945, 0.8712691950190978307, 1.000000000000000000 ),
 .UNSPECIFIED. ) ;
#1766 = SURFACE_STYLE_USAGE ( .BOTH. , #6241 ) ;
#1767 = MECHANICAL_DESIGN_GEOMETRIC_PRESENTATION_REPRESENTATION (  '', ( #488 ), #7285 ) ;
#1768 =( NAMED_UNIT ( * ) PLANE_ANGLE_UNIT ( ) SI_UNIT ( $, .RADIAN. ) );
#1769 = CARTESIAN_POINT ( 'NONE',  ( 0.05469396579352855253, -0.04833490368972732237, -0.4989999999999998881 ) ) ;
#1770 = ORIENTED_EDGE ( 'NONE', *, *, #3086, .T. ) ;
#1771 = DIRECTION ( 'NONE',  ( -0.0000000000000000000, -0.0000000000000000000, -1.000000000000000000 ) ) ;
#1772 = LINE ( 'NONE', #2862, #2628 ) ;
#1773 = EDGE_CURVE ( 'NONE', #4888, #1955, #1058, .T. ) ;
#1774 = EDGE_CURVE ( 'NONE', #1962, #3907, #8194, .T. ) ;
#1775 = PRESENTATION_STYLE_ASSIGNMENT (( #3590 ) ) ;
#1776 = ORIENTED_EDGE ( 'NONE', *, *, #1004, .T. ) ;
#1777 = CARTESIAN_POINT ( 'NONE',  ( 0.05742271714312773001, 0.05373164060105538320, -0.4999999999999998890 ) ) ;
#1778 = CARTESIAN_POINT ( 'NONE',  ( -0.9434108397213618602, -0.5434108397213617270, -0.5000000000000000000 ) ) ;
#1779 = CARTESIAN_POINT ( 'NONE',  ( -0.5400000000000000355, -1.050000000000000044, -0.5500000000000000444 ) ) ;
#1780 = SURFACE_STYLE_FILL_AREA ( #1554 ) ;
#1781 = DIRECTION ( 'NONE',  ( 0.3222024856061125875, -0.9466707760722534726, 0.0000000000000000000 ) ) ;
#1782 = UNCERTAINTY_MEASURE_WITH_UNIT (LENGTH_MEASURE( 1.000000000000000082E-05 ), #6874, 'distance_accuracy_value', 'NONE');
#1783 = ORIENTED_EDGE ( 'NONE', *, *, #6692, .F. ) ;
#1784 = MECHANICAL_DESIGN_GEOMETRIC_PRESENTATION_REPRESENTATION (  '', ( #652 ), #6764 ) ;
#1785 = VERTEX_POINT ( 'NONE', #5284 ) ;
#1786 = CARTESIAN_POINT ( 'NONE',  ( -0.5400000000000000355, -0.8700000000000001066, -0.5499999999999999334 ) ) ;
#1787 = VECTOR ( 'NONE', #1961, 1000.000000000000000 ) ;
#1788 = ORIENTED_EDGE ( 'NONE', *, *, #7699, .T. ) ;
#1789 = PRESENTATION_STYLE_ASSIGNMENT (( #6052 ) ) ;
#1790 = CARTESIAN_POINT ( 'NONE',  ( -0.08721733539074393027, 0.04151555367648728651, -0.5000000000000001110 ) ) ;
#1791 = PLANE ( 'NONE',  #1458 ) ;
#1792 = STYLED_ITEM ( 'NONE', ( #6888 ), #2116 ) ;
#1793 = VERTEX_POINT ( 'NONE', #755 ) ;
#1794 = LINE ( 'NONE', #3955, #4539 ) ;
#1795 = ORIENTED_EDGE ( 'NONE', *, *, #3798, .T. ) ;
#1796 =( NAMED_UNIT ( * ) PLANE_ANGLE_UNIT ( ) SI_UNIT ( $, .RADIAN. ) );
#1797 = COLOUR_RGB ( '',0.2509803921568627416, 0.2509803921568627416, 0.2509803921568627416 ) ;
#1798 = PRODUCT_DEFINITION_SHAPE ( 'NONE', 'NONE',  #1259 ) ;
#1799 = EDGE_LOOP ( 'NONE', ( #1135, #127, #1601, #4122 ) ) ;
#1800 = DIRECTION ( 'NONE',  ( 0.0000000000000000000, -0.0000000000000000000, 1.000000000000000000 ) ) ;
#1801 = AXIS2_PLACEMENT_3D ( 'NONE', #2589, #1367, #4495 ) ;
#1802 = VECTOR ( 'NONE', #3685, 1000.000000000000000 ) ;
#1803 =( LENGTH_UNIT ( ) NAMED_UNIT ( * ) SI_UNIT ( .MILLI., .METRE. ) );
#1804 = ORIENTED_EDGE ( 'NONE', *, *, #643, .F. ) ;
#1805 = PRESENTATION_LAYER_ASSIGNMENT (  '', '', ( #2510 ) ) ;
#1806 = ORIENTED_EDGE ( 'NONE', *, *, #8137, .T. ) ;
#1807 = MECHANICAL_DESIGN_GEOMETRIC_PRESENTATION_REPRESENTATION (  '', ( #7692 ), #6167 ) ;
#1808 = CARTESIAN_POINT ( 'NONE',  ( -0.9504035209157131181, 0.5504035209157126518, 0.3499999999999999778 ) ) ;
#1809 = FILL_AREA_STYLE ('',( #2496 ) ) ;
#1810 = EDGE_CURVE ( 'NONE', #5227, #5626, #3994, .T. ) ;
#1811 = DIRECTION ( 'NONE',  ( -0.9975640502598243087, 0.0000000000000000000, -0.06975647374412546897 ) ) ;
#1812 = VECTOR ( 'NONE', #569, 1000.000000000000000 ) ;
#1813 = PLANE ( 'NONE',  #723 ) ;
#1814 = ADVANCED_FACE ( 'NONE', ( #1248 ), #7805, .T. ) ;
#1815 = VECTOR ( 'NONE', #1132, 1000.000000000000000 ) ;
#1816 = CARTESIAN_POINT ( 'NONE',  ( 0.9693103244973878541, -0.5693103244973883870, 0.07962011199725570199 ) ) ;
#1817 = DIRECTION ( 'NONE',  ( 1.000000000000000000, 0.0000000000000000000, 0.0000000000000000000 ) ) ;
#1818 = DIRECTION ( 'NONE',  ( 1.000000000000000000, -2.173699367380202316E-15, 0.0000000000000000000 ) ) ;
#1819 = AXIS2_PLACEMENT_3D ( 'NONE', #3201, #118, #5164 ) ;
#1820 = CARTESIAN_POINT ( 'NONE',  ( -0.1381181028920511755, 0.003778084800713790541, -0.4989999999999999991 ) ) ;
#1821 = ORIENTED_EDGE ( 'NONE', *, *, #5386, .F. ) ;
#1822 = B_SPLINE_CURVE_WITH_KNOTS ( 'NONE', 3,
 ( #4998, #6870, #549, #2482, #3698, #1212, #1915 ),
 .UNSPECIFIED., .F., .F.,
 ( 4, 1, 1, 1, 4 ),
 ( 0.0000000000000000000, 0.3005411131585078444, 0.5677471464835985859, 0.8000336137369795653, 1.000000000000000000 ),
 .UNSPECIFIED. ) ;
#1823 = EDGE_CURVE ( 'NONE', #4954, #2142, #756, .T. ) ;
#1824 = DIRECTION ( 'NONE',  ( 0.0000000000000000000, -1.000000000000000000, 0.0000000000000000000 ) ) ;
#1825 = CARTESIAN_POINT ( 'NONE',  ( -0.2109267919164413974, -0.01943075666270084600, -0.4989999999999999991 ) ) ;
#1826 = DIRECTION ( 'NONE',  ( 0.0000000000000000000, 0.0000000000000000000, 1.000000000000000000 ) ) ;
#1827 = CARTESIAN_POINT ( 'NONE',  ( 0.09602823857136350005, 0.001453389678762573084, -0.4989999999999999991 ) ) ;
#1828 =( NAMED_UNIT ( * ) PLANE_ANGLE_UNIT ( ) SI_UNIT ( $, .RADIAN. ) );
#1829 = DIRECTION ( 'NONE',  ( 0.0000000000000000000, -1.000000000000000000, 0.0000000000000000000 ) ) ;
#1830 = UNCERTAINTY_MEASURE_WITH_UNIT (LENGTH_MEASURE( 1.000000000000000082E-05 ), #2535, 'distance_accuracy_value', 'NONE');
#1831 = CARTESIAN_POINT ( 'NONE',  ( 0.05858540320550985336, 0.05373997504461623664, -0.5000000000000000000 ) ) ;
#1832 = PRESENTATION_STYLE_ASSIGNMENT (( #4119 ) ) ;
#1833 = CARTESIAN_POINT ( 'NONE',  ( -0.09406198702470033868, 0.04101295253280457659, -0.5000000000000000000 ) ) ;
#1834 = DIRECTION ( 'NONE',  ( -1.000000000000000000, -0.0000000000000000000, -0.0000000000000000000 ) ) ;
#1835 = AXIS2_PLACEMENT_3D ( 'NONE', #7648, #6969, #31 ) ;
#1836 = ORIENTED_EDGE ( 'NONE', *, *, #8000, .F. ) ;
#1837 = SURFACE_STYLE_USAGE ( .BOTH. , #5026 ) ;
#1838 = SURFACE_SIDE_STYLE ('',( #3535 ) ) ;
#1839 = CARTESIAN_POINT ( 'NONE',  ( -0.1246706906874685689, 0.005024350143735386784, -0.5000000000000001110 ) ) ;
#1840 = CARTESIAN_POINT ( 'NONE',  ( -0.07104493216034385439, -0.03650392739440815743, -0.4990000000000169855 ) ) ;
#1841 =( GEOMETRIC_REPRESENTATION_CONTEXT ( 3 ) GLOBAL_UNCERTAINTY_ASSIGNED_CONTEXT ( ( #963 ) ) GLOBAL_UNIT_ASSIGNED_CONTEXT ( ( #1910, #1372, #2518 ) ) REPRESENTATION_CONTEXT ( 'NONE', 'WORKASPACE' ) );
#1842 = ORIENTED_EDGE ( 'NONE', *, *, #788, .F. ) ;
#1843 = VECTOR ( 'NONE', #4773, 1000.000000000000000 ) ;
#1844 = ORIENTED_EDGE ( 'NONE', *, *, #753, .T. ) ;
#1845 =( NAMED_UNIT ( * ) PLANE_ANGLE_UNIT ( ) SI_UNIT ( $, .RADIAN. ) );
#1846 = FILL_AREA_STYLE ('',( #4335 ) ) ;
#1847 = AXIS2_PLACEMENT_3D ( 'NONE', #5065, #7628, #5623 ) ;
#1848 = PLANE ( 'NONE',  #1008 ) ;
#1849 = STYLED_ITEM ( 'NONE', ( #4956 ), #2726 ) ;
#1850 = VECTOR ( 'NONE', #2485, 1000.000000000000000 ) ;
#1851 = FACE_OUTER_BOUND ( 'NONE', #4754, .T. ) ;
#1852 = FILL_AREA_STYLE_COLOUR ( '', #2139 ) ;
#1853 = CARTESIAN_POINT ( 'NONE',  ( 0.04332373524178487201, 0.04030367772824312855, -0.4990000000000002212 ) ) ;
#1854 = ORIENTED_EDGE ( 'NONE', *, *, #202, .T. ) ;
#1855 = EDGE_CURVE ( 'NONE', #2701, #7448, #3629, .T. ) ;
#1856 = DIRECTION ( 'NONE',  ( -1.000000000000000000, -0.0000000000000000000, -0.0000000000000000000 ) ) ;
#1857 =( NAMED_UNIT ( * ) SI_UNIT ( $, .STERADIAN. ) SOLID_ANGLE_UNIT ( ) );
#1858 = PRESENTATION_STYLE_ASSIGNMENT (( #5081 ) ) ;
#1859 = CARTESIAN_POINT ( 'NONE',  ( -0.1246706906874685689, 0.005024350143735386784, -0.4990000000000001101 ) ) ;
#1860 = MECHANICAL_DESIGN_GEOMETRIC_PRESENTATION_REPRESENTATION (  '', ( #6784 ), #2258 ) ;
#1861 = EDGE_LOOP ( 'NONE', ( #5666, #7851, #6191, #1509 ) ) ;
#1862 = MECHANICAL_DESIGN_GEOMETRIC_PRESENTATION_REPRESENTATION (  '', ( #3673 ), #6233 ) ;
#1863 = AXIS2_PLACEMENT_3D ( 'NONE', #1400, #2074, #225 ) ;
#1864 = FACE_OUTER_BOUND ( 'NONE', #2113, .T. ) ;
#1865 = SURFACE_STYLE_USAGE ( .BOTH. , #6976 ) ;
#1866 = CARTESIAN_POINT ( 'NONE',  ( 0.03505262881526593349, -0.03132100056513987402, -0.4989999999999999991 ) ) ;
#1867 = FILL_AREA_STYLE ('',( #2529 ) ) ;
#1868 = EDGE_CURVE ( 'NONE', #6178, #5288, #4605, .T. ) ;
#1869 = SURFACE_SIDE_STYLE ('',( #7901 ) ) ;
#1870 = ORIENTED_EDGE ( 'NONE', *, *, #6973, .F. ) ;
#1871 = VECTOR ( 'NONE', #1781, 1000.000000000000114 ) ;
#1872 = CARTESIAN_POINT ( 'NONE',  ( -0.03811810289205114916, -0.03650392739440816436, -0.4989999999999999991 ) ) ;
#1873 = LINE ( 'NONE', #4154, #1258 ) ;
#1874 = CARTESIAN_POINT ( 'NONE',  ( 1.025241530340738283, 0.5753633278277474616, 0.003454044793775286684 ) ) ;
#1875 = EDGE_LOOP ( 'NONE', ( #1934, #544, #2063, #1226 ) ) ;
#1876 = DIRECTION ( 'NONE',  ( 1.000000000000000000, 0.0000000000000000000, 0.0000000000000000000 ) ) ;
#1877 = DIRECTION ( 'NONE',  ( 0.0000000000000000000, 0.0000000000000000000, -1.000000000000000000 ) ) ;
#1878 = ORIENTED_EDGE ( 'NONE', *, *, #6665, .F. ) ;
#1879 = VECTOR ( 'NONE', #7721, 1000.000000000000000 ) ;
#1880 = ORIENTED_EDGE ( 'NONE', *, *, #3821, .F. ) ;
#1881 = CARTESIAN_POINT ( 'NONE',  ( 0.04864819864865738142, 0.05322295879619223097, -0.5000000000000000000 ) ) ;
#1882 = FILL_AREA_STYLE_COLOUR ( '', #1657 ) ;
#1883 = UNCERTAINTY_MEASURE_WITH_UNIT (LENGTH_MEASURE( 1.000000000000000082E-05 ), #5916, 'distance_accuracy_value', 'NONE');
#1884 = CARTESIAN_POINT ( 'NONE',  ( -0.1187366563310129491, 0.02666499783333415446, -0.5000000000000000000 ) ) ;
#1885 = EDGE_LOOP ( 'NONE', ( #7159, #3052, #4563, #2393 ) ) ;
#1886 = SURFACE_STYLE_FILL_AREA ( #433 ) ;
#1887 = EDGE_LOOP ( 'NONE', ( #7289, #4938, #5934, #2753 ) ) ;
#1888 = EDGE_CURVE ( 'NONE', #8013, #1303, #8094, .T. ) ;
#1889 = LINE ( 'NONE', #6899, #303 ) ;
#1890 = ORIENTED_EDGE ( 'NONE', *, *, #5561, .T. ) ;
#1891 = STYLED_ITEM ( 'NONE', ( #2384 ), #5830 ) ;
#1892 = DIRECTION ( 'NONE',  ( -1.000000000000000000, -0.0000000000000000000, -0.0000000000000000000 ) ) ;
#1893 = VERTEX_POINT ( 'NONE', #404 ) ;
#1894 = ORIENTED_EDGE ( 'NONE', *, *, #2982, .F. ) ;
#1895 = VERTEX_POINT ( 'NONE', #6046 ) ;
#1896 = CARTESIAN_POINT ( 'NONE',  ( 0.002125799546973263822, 0.008618023825104037874, -0.4989999999999999991 ) ) ;
#1897 = ORIENTED_EDGE ( 'NONE', *, *, #1207, .F. ) ;
#1898 = VECTOR ( 'NONE', #4235, 1000.000000000000000 ) ;
#1899 = PRESENTATION_LAYER_ASSIGNMENT (  '', '', ( #8011 ) ) ;
#1900 = FACE_OUTER_BOUND ( 'NONE', #1162, .T. ) ;
#1901 = CARTESIAN_POINT ( 'NONE',  ( 0.04090422169846837791, -0.04514530595897564558, -0.5000000000000000000 ) ) ;
#1902 = FILL_AREA_STYLE_COLOUR ( '', #7928 ) ;
#1903 = CARTESIAN_POINT ( 'NONE',  ( -0.5400000000000000355, -0.8700000000000001066, -0.3500000000000000333 ) ) ;
#1904 = ORIENTED_EDGE ( 'NONE', *, *, #7726, .T. ) ;
#1905 = SURFACE_SIDE_STYLE ('',( #5050 ) ) ;
#1906 = PRESENTATION_LAYER_ASSIGNMENT (  '', '', ( #3708 ) ) ;
#1907 = CARTESIAN_POINT ( 'NONE',  ( 0.7599999999999998979, -1.050000000000000044, -0.5500000000000000444 ) ) ;
#1908 = FACE_OUTER_BOUND ( 'NONE', #3610, .T. ) ;
#1909 = VERTEX_POINT ( 'NONE', #7208 ) ;
#1910 =( LENGTH_UNIT ( ) NAMED_UNIT ( * ) SI_UNIT ( .MILLI., .METRE. ) );
#1911 = PRESENTATION_LAYER_ASSIGNMENT (  '', '', ( #1321 ) ) ;
#1912 = PRESENTATION_LAYER_ASSIGNMENT (  '', '', ( #1012 ) ) ;
#1913 = DIRECTION ( 'NONE',  ( -1.000000000000000000, -0.0000000000000000000, -0.0000000000000000000 ) ) ;
#1914 = LINE ( 'NONE', #6368, #3167 ) ;
#1915 = CARTESIAN_POINT ( 'NONE',  ( -0.1879084992335145754, 0.03331314577632354251, -0.5000000000000000000 ) ) ;
#1916 = DIRECTION ( 'NONE',  ( 0.0000000000000000000, 0.0000000000000000000, 1.000000000000000000 ) ) ;
#1917 = CARTESIAN_POINT ( 'NONE',  ( -0.09657237979161849284, 0.05178932825878850704, -0.5000000000000001110 ) ) ;
#1918 = FILL_AREA_STYLE_COLOUR ( '', #4194 ) ;
#1919 = STYLED_ITEM ( 'NONE', ( #7035 ), #972 ) ;
#1920 = PRODUCT_RELATED_PRODUCT_CATEGORY ( 'part', '', ( #3104 ) ) ;
#1921 = EDGE_CURVE ( 'NONE', #5525, #3431, #7913, .T. ) ;
#1922 = CARTESIAN_POINT ( 'NONE',  ( 0.1086365725736170990, 0.01195491202821675342, -0.5000000000000001110 ) ) ;
#1923 = SURFACE_STYLE_USAGE ( .BOTH. , #73 ) ;
#1924 = EDGE_CURVE ( 'NONE', #6469, #4325, #7312, .T. ) ;
#1925 = UNCERTAINTY_MEASURE_WITH_UNIT (LENGTH_MEASURE( 1.000000000000000082E-05 ), #26, 'distance_accuracy_value', 'NONE');
#1926 = CARTESIAN_POINT ( 'NONE',  ( -0.07104493216034385439, 0.04154485309339672749, -0.4989999999999999991 ) ) ;
#1927 = VERTEX_POINT ( 'NONE', #374 ) ;
#1928 = ORIENTED_EDGE ( 'NONE', *, *, #5453, .F. ) ;
#1929 = AXIS2_PLACEMENT_3D ( 'NONE', #6857, #3684, #2989 ) ;
#1930 = CIRCLE ( 'NONE', #245, 0.1999999999999998723 ) ;
#1931 = CARTESIAN_POINT ( 'NONE',  ( -0.05763029801400236518, 0.05252046284949429128, -0.4989999999999999991 ) ) ;
#1932 = LINE ( 'NONE', #4079, #7407 ) ;
#1933 = CARTESIAN_POINT ( 'NONE',  ( -0.1110097902005171139, 0.04744260895042992643, -0.4989999999999999991 ) ) ;
#1934 = ORIENTED_EDGE ( 'NONE', *, *, #3479, .F. ) ;
#1935 = DIRECTION ( 'NONE',  ( -0.0000000000000000000, -0.0000000000000000000, -1.000000000000000000 ) ) ;
#1936 = PRESENTATION_LAYER_ASSIGNMENT (  '', '', ( #6926 ) ) ;
#1937 = DIRECTION ( 'NONE',  ( -0.0000000000000000000, 0.06975647374412545509, 0.9975640502598241977 ) ) ;
#1938 =( NAMED_UNIT ( * ) PLANE_ANGLE_UNIT ( ) SI_UNIT ( $, .RADIAN. ) );
#1939 = STYLED_ITEM ( 'NONE', ( #6797 ), #3513 ) ;
#1940 = CARTESIAN_POINT ( 'NONE',  ( -0.9434108397213618602, 0.5434108397213615049, -0.4500000000000000111 ) ) ;
#1941 = EDGE_CURVE ( 'NONE', #2648, #3920, #2624, .T. ) ;
#1942 = CARTESIAN_POINT ( 'NONE',  ( 0.7599999999999998979, -0.6200000000000012168, 0.1699999999999999845 ) ) ;
#1943 = VECTOR ( 'NONE', #2519, 1000.000000000000000 ) ;
#1944 = FACE_OUTER_BOUND ( 'NONE', #3445, .T. ) ;
#1945 = ORIENTED_EDGE ( 'NONE', *, *, #7292, .T. ) ;
#1946 = CARTESIAN_POINT ( 'NONE',  ( 0.1023504676637920358, -0.02788962293523656114, -0.5000000000000000000 ) ) ;
#1947 = VECTOR ( 'NONE', #4873, 1000.000000000000000 ) ;
#1948 = CARTESIAN_POINT ( 'NONE',  ( -0.08524081630668527143, -0.03650392739440816436, -0.4989999999999999991 ) ) ;
#1949 = DIRECTION ( 'NONE',  ( 0.0000000000000000000, -0.0000000000000000000, -1.000000000000000000 ) ) ;
#1950 =( GEOMETRIC_REPRESENTATION_CONTEXT ( 3 ) GLOBAL_UNCERTAINTY_ASSIGNED_CONTEXT ( ( #2010 ) ) GLOBAL_UNIT_ASSIGNED_CONTEXT ( ( #4288, #6867, #528 ) ) REPRESENTATION_CONTEXT ( 'NONE', 'WORKASPACE' ) );
#1951 = LINE ( 'NONE', #6221, #5013 ) ;
#1952 = LINE ( 'NONE', #2138, #4927 ) ;
#1953 = AXIS2_PLACEMENT_3D ( 'NONE', #7926, #2167, #2190 ) ;
#1954 = MECHANICAL_DESIGN_GEOMETRIC_PRESENTATION_REPRESENTATION (  '', ( #5645 ), #5347 ) ;
#1955 = VERTEX_POINT ( 'NONE', #6731 ) ;
#1956 = FACE_OUTER_BOUND ( 'NONE', #6308, .T. ) ;
#1957 = PLANE ( 'NONE',  #4819 ) ;
#1958 = CARTESIAN_POINT ( 'NONE',  ( 0.05515285085832809936, 0.05371536959458734356, -0.4990000000000001101 ) ) ;
#1959 = CARTESIAN_POINT ( 'NONE',  ( -0.1381181028920511755, 0.003778084800713790541, -0.4989999999999999991 ) ) ;
#1960 = VERTEX_POINT ( 'NONE', #6645 ) ;
#1961 = DIRECTION ( 'NONE',  ( -1.000000000000000000, 0.0000000000000000000, 0.0000000000000000000 ) ) ;
#1962 = VERTEX_POINT ( 'NONE', #7385 ) ;
#1963 = DIRECTION ( 'NONE',  ( -1.000000000000000000, 0.0000000000000000000, -0.0000000000000000000 ) ) ;
#1964 = COLOUR_RGB ( '',0.2509803921568627416, 0.2509803921568627416, 0.2509803921568627416 ) ;
#1965 = VERTEX_POINT ( 'NONE', #343 ) ;
#1966 =( NAMED_UNIT ( * ) PLANE_ANGLE_UNIT ( ) SI_UNIT ( $, .RADIAN. ) );
#1967 = VECTOR ( 'NONE', #6081, 1000.000000000000000 ) ;
#1968 = FACE_OUTER_BOUND ( 'NONE', #2011, .T. ) ;
#1969 = UNCERTAINTY_MEASURE_WITH_UNIT (LENGTH_MEASURE( 1.000000000000000082E-05 ), #7413, 'distance_accuracy_value', 'NONE');
#1970 = ORIENTED_EDGE ( 'NONE', *, *, #1941, .T. ) ;
#1971 = VECTOR ( 'NONE', #2321, 1000.000000000000000 ) ;
#1972 = ORIENTED_EDGE ( 'NONE', *, *, #742, .F. ) ;
#1973 = AXIS2_PLACEMENT_3D ( 'NONE', #5803, #6451, #2992 ) ;
#1974 =( LENGTH_UNIT ( ) NAMED_UNIT ( * ) SI_UNIT ( .MILLI., .METRE. ) );
#1975 = SURFACE_STYLE_USAGE ( .BOTH. , #4427 ) ;
#1976 = CARTESIAN_POINT ( 'NONE',  ( -0.9434108397213618602, -0.5434108397213617270, -0.4500000000000000111 ) ) ;
#1977 = DIRECTION ( 'NONE',  ( 0.0000000000000000000, -1.000000000000000000, 6.023345402697245979E-16 ) ) ;
#1978 = CIRCLE ( 'NONE', #4651, 0.05000000000000002359 ) ;
#1979 = ORIENTED_EDGE ( 'NONE', *, *, #29, .T. ) ;
#1980 = EDGE_CURVE ( 'NONE', #3739, #6175, #5876, .T. ) ;
#1981 = COLOUR_RGB ( '',0.0000000000000000000, 0.0000000000000000000, 0.0000000000000000000 ) ;
#1982 = ORIENTED_EDGE ( 'NONE', *, *, #5155, .T. ) ;
#1983 = MECHANICAL_DESIGN_GEOMETRIC_PRESENTATION_REPRESENTATION (  '', ( #6531 ), #4570 ) ;
#1984 = DIRECTION ( 'NONE',  ( -1.000000000000000000, 0.0000000000000000000, -0.0000000000000000000 ) ) ;
#1985 = DIRECTION ( 'NONE',  ( 0.0000000000000000000, -1.000000000000000000, 0.0000000000000000000 ) ) ;
#1986 = ORIENTED_EDGE ( 'NONE', *, *, #2623, .F. ) ;
#1987 = PRESENTATION_LAYER_ASSIGNMENT (  '', '', ( #3560 ) ) ;
#1988 = CARTESIAN_POINT ( 'NONE',  ( -0.7599999999999998979, -1.050000000000000044, -0.5500000000000000444 ) ) ;
#1989 =( NAMED_UNIT ( * ) PLANE_ANGLE_UNIT ( ) SI_UNIT ( $, .RADIAN. ) );
#1990 = CARTESIAN_POINT ( 'NONE',  ( 0.1691989702786806105, -0.04747953715050572815, -0.5000000000000000000 ) ) ;
#1991 = SURFACE_SIDE_STYLE ('',( #4980 ) ) ;
#1992 = PRESENTATION_STYLE_ASSIGNMENT (( #2092 ) ) ;
#1993 = EDGE_CURVE ( 'NONE', #7936, #4624, #4553, .T. ) ;
#1994 = EDGE_LOOP ( 'NONE', ( #6201, #251, #7874, #5796 ) ) ;
#1995 = CARTESIAN_POINT ( 'NONE',  ( -0.1140219747829661484, 0.03204842674962709442, -0.4990000000000002212 ) ) ;
#1996 =( GEOMETRIC_REPRESENTATION_CONTEXT ( 3 ) GLOBAL_UNCERTAINTY_ASSIGNED_CONTEXT ( ( #2610 ) ) GLOBAL_UNIT_ASSIGNED_CONTEXT ( ( #6407, #3791, #729 ) ) REPRESENTATION_CONTEXT ( 'NONE', 'WORKASPACE' ) );
#1997 = PLANE ( 'NONE',  #2929 ) ;
#1998 = PRESENTATION_LAYER_ASSIGNMENT (  '', '', ( #4104 ) ) ;
#1999 = EDGE_CURVE ( 'NONE', #3907, #2457, #7504, .T. ) ;
#2000 = DIRECTION ( 'NONE',  ( 0.0000000000000000000, 0.0000000000000000000, -1.000000000000000000 ) ) ;
#2001 = ADVANCED_FACE ( 'NONE', ( #5973, #4808, #7815, #862 ), #7329, .T. ) ;
#2002 = EDGE_CURVE ( 'NONE', #4138, #2782, #1547, .T. ) ;
#2003 = VECTOR ( 'NONE', #5425, 1000.000000000000000 ) ;
#2004 = DIRECTION ( 'NONE',  ( -0.0000000000000000000, -0.06975647374412545509, 0.9975640502598241977 ) ) ;
#2005 = CARTESIAN_POINT ( 'NONE',  ( 0.1100000000000000006, -0.6243137685856749997, 0.009813566431136535456 ) ) ;
#2006 = DIRECTION ( 'NONE',  ( 0.0000000000000000000, 6.023345402697246965E-16, -1.000000000000000000 ) ) ;
#2007 = CARTESIAN_POINT ( 'NONE',  ( -0.09128996537300529401, 0.05239922378308296824, -0.4989999999999999991 ) ) ;
#2008 = FILL_AREA_STYLE ('',( #2030 ) ) ;
#2009 =( NAMED_UNIT ( * ) PLANE_ANGLE_UNIT ( ) SI_UNIT ( $, .RADIAN. ) );
#2010 = UNCERTAINTY_MEASURE_WITH_UNIT (LENGTH_MEASURE( 1.000000000000000082E-05 ), #4288, 'distance_accuracy_value', 'NONE');
#2011 = EDGE_LOOP ( 'NONE', ( #5955, #355, #2568, #1296 ) ) ;
#2012 =( NAMED_UNIT ( * ) SI_UNIT ( $, .STERADIAN. ) SOLID_ANGLE_UNIT ( ) );
#2013 = CARTESIAN_POINT ( 'NONE',  ( 0.06256787271770497538, -0.04869904934562768045, -0.4989999999999999991 ) ) ;
#2014 =( NAMED_UNIT ( * ) SI_UNIT ( $, .STERADIAN. ) SOLID_ANGLE_UNIT ( ) );
#2015 = DIRECTION ( 'NONE',  ( 0.0000000000000000000, 0.0000000000000000000, 1.000000000000000000 ) ) ;
#2016 = SURFACE_SIDE_STYLE ('',( #3796 ) ) ;
#2017 = CARTESIAN_POINT ( 'NONE',  ( 0.1100000000000000006, -0.6700000000000002620, -0.3499999999999993672 ) ) ;
#2018 = ORIENTED_EDGE ( 'NONE', *, *, #2982, .T. ) ;
#2019 = VECTOR ( 'NONE', #5450, 1000.000000000000000 ) ;
#2020 = VERTEX_POINT ( 'NONE', #5569 ) ;
#2021 = DIRECTION ( 'NONE',  ( 0.0000000000000000000, -1.000000000000000000, 3.497426362856476362E-15 ) ) ;
#2022 = CARTESIAN_POINT ( 'NONE',  ( -0.1152829535915478876, -0.03969146747978020973, -0.4999999999999994449 ) ) ;
#2023 = AXIS2_PLACEMENT_3D ( 'NONE', #1699, #2282, #7433 ) ;
#2024 = ORIENTED_EDGE ( 'NONE', *, *, #4680, .F. ) ;
#2025 = PRESENTATION_LAYER_ASSIGNMENT (  '', '', ( #3968 ) ) ;
#2026 =( NAMED_UNIT ( * ) PLANE_ANGLE_UNIT ( ) SI_UNIT ( $, .RADIAN. ) );
#2027 = CARTESIAN_POINT ( 'NONE',  ( 0.7599999999999998979, -0.8300000000000011813, -0.04000000000000077105 ) ) ;
#2028 = CARTESIAN_POINT ( 'NONE',  ( 0.7599999999999998979, -0.8700000000000002176, -0.3899999999999999578 ) ) ;
#2029 = CARTESIAN_POINT ( 'NONE',  ( -0.1380781861026737223, 0.005590781457812206943, -0.5000000000000000000 ) ) ;
#2030 = FILL_AREA_STYLE_COLOUR ( '', #3779 ) ;
#2031 = CARTESIAN_POINT ( 'NONE',  ( -0.1966546882579048028, 0.05252046284949429128, -0.4989999999999999991 ) ) ;
#2032 = SURFACE_STYLE_FILL_AREA ( #642 ) ;
#2033 = ORIENTED_EDGE ( 'NONE', *, *, #3832, .T. ) ;
#2034 = AXIS2_PLACEMENT_3D ( 'NONE', #664, #1963, #5706 ) ;
#2035 = LINE ( 'NONE', #4231, #3606 ) ;
#2036 = ADVANCED_FACE ( 'NONE', ( #3395 ), #1735, .T. ) ;
#2037 = CARTESIAN_POINT ( 'NONE',  ( -0.03811810289205114916, -0.04747953715050572815, -0.4989999999999999991 ) ) ;
#2038 = MECHANICAL_DESIGN_GEOMETRIC_PRESENTATION_REPRESENTATION (  '', ( #7861 ), #2887 ) ;
#2039 = CARTESIAN_POINT ( 'NONE',  ( -0.5400000000000000355, -0.6700000000000012612, -0.04000000000000020900 ) ) ;
#2040 = PRESENTATION_LAYER_ASSIGNMENT (  '', '', ( #784 ) ) ;
#2041 = ORIENTED_EDGE ( 'NONE', *, *, #7415, .T. ) ;
#2042 = EDGE_CURVE ( 'NONE', #4348, #4739, #855, .T. ) ;
#2043 =( LENGTH_UNIT ( ) NAMED_UNIT ( * ) SI_UNIT ( .MILLI., .METRE. ) );
#2044 = VECTOR ( 'NONE', #3729, 1000.000000000000000 ) ;
#2045 = VECTOR ( 'NONE', #6962, 1000.000000000000000 ) ;
#2046 = CARTESIAN_POINT ( 'NONE',  ( 0.7599999999999998979, 1.050000000000000044, -0.5500000000000000444 ) ) ;
#2047 = VERTEX_POINT ( 'NONE', #1131 ) ;
#2048 = FILL_AREA_STYLE ('',( #7218 ) ) ;
#2049 = COLOUR_RGB ( '',0.0000000000000000000, 0.0000000000000000000, 0.0000000000000000000 ) ;
#2050 = VERTEX_POINT ( 'NONE', #6812 ) ;
#2051 = LINE ( 'NONE', #1988, #4933 ) ;
#2052 = ORIENTED_EDGE ( 'NONE', *, *, #248, .T. ) ;
#2053 = STYLED_ITEM ( 'NONE', ( #6320 ), #880 ) ;
#2054 = UNCERTAINTY_MEASURE_WITH_UNIT (LENGTH_MEASURE( 1.000000000000000082E-05 ), #6592, 'distance_accuracy_value', 'NONE');
#2055 = CARTESIAN_POINT ( 'NONE',  ( -0.08968696631828190768, -0.03640781695176718152, -0.5000000000000000000 ) ) ;
#2056 = ORIENTED_EDGE ( 'NONE', *, *, #5561, .F. ) ;
#2057 = CARTESIAN_POINT ( 'NONE',  ( 0.1100000000000000006, 0.6200000000000012168, 0.1699999999999999845 ) ) ;
#2058 = ORIENTED_EDGE ( 'NONE', *, *, #6100, .F. ) ;
#2059 = FILL_AREA_STYLE_COLOUR ( '', #438 ) ;
#2060 = EDGE_CURVE ( 'NONE', #1335, #1965, #6895, .T. ) ;
#2061 =( NAMED_UNIT ( * ) PLANE_ANGLE_UNIT ( ) SI_UNIT ( $, .RADIAN. ) );
#2062 = FACE_OUTER_BOUND ( 'NONE', #1086, .T. ) ;
#2063 = ORIENTED_EDGE ( 'NONE', *, *, #6524, .T. ) ;
#2064 =( NAMED_UNIT ( * ) PLANE_ANGLE_UNIT ( ) SI_UNIT ( $, .RADIAN. ) );
#2065 = CARTESIAN_POINT ( 'NONE',  ( 0.09602823857136350005, 0.001453389678762573084, -0.4989999999999999991 ) ) ;
#2066 = ORIENTED_EDGE ( 'NONE', *, *, #2593, .T. ) ;
#2068 = EDGE_CURVE ( 'NONE', #1893, #6709, #6790, .T. ) ;
#2067 = VECTOR ( 'NONE', #1913, 1000.000000000000000 ) ;
#2069 = VECTOR ( 'NONE', #2273, 1000.000000000000000 ) ;
#2070 = CARTESIAN_POINT ( 'NONE',  ( 0.05858540320550985336, 0.05373997504461623664, -0.4999999999999998890 ) ) ;
#2071 = UNCERTAINTY_MEASURE_WITH_UNIT (LENGTH_MEASURE( 1.000000000000000082E-05 ), #4166, 'distance_accuracy_value', 'NONE');
#2072 = ORIENTED_EDGE ( 'NONE', *, *, #5039, .F. ) ;
#2073 = ORIENTED_EDGE ( 'NONE', *, *, #2415, .T. ) ;
#2074 = DIRECTION ( 'NONE',  ( -1.000000000000000000, -0.0000000000000000000, -0.0000000000000000000 ) ) ;
#2075 = ORIENTED_EDGE ( 'NONE', *, *, #5667, .T. ) ;
#2076 = CARTESIAN_POINT ( 'NONE',  ( 0.1100000000000000006, -0.6200000000000012168, 0.1699999999999999845 ) ) ;
#2077 = ADVANCED_FACE ( 'NONE', ( #3296 ), #2342, .T. ) ;
#2078 = EDGE_LOOP ( 'NONE', ( #3137, #6622, #7748, #3913 ) ) ;
#2079 = DIRECTION ( 'NONE',  ( 0.0000000000000000000, 3.497426362856475968E-15, 1.000000000000000000 ) ) ;
#2080 = VECTOR ( 'NONE', #7167, 1000.000000000000000 ) ;
#2081 = CARTESIAN_POINT ( 'NONE',  ( -0.9504035209157130071, 0.5504035209157125408, 0.3499999999999999778 ) ) ;
#2082 =( GEOMETRIC_REPRESENTATION_CONTEXT ( 3 ) GLOBAL_UNCERTAINTY_ASSIGNED_CONTEXT ( ( #4647 ) ) GLOBAL_UNIT_ASSIGNED_CONTEXT ( ( #7563, #1196, #1222 ) ) REPRESENTATION_CONTEXT ( 'NONE', 'WORKASPACE' ) );
#2083 = ORIENTED_EDGE ( 'NONE', *, *, #4871, .T. ) ;
#2084 = SURFACE_SIDE_STYLE ('',( #1097 ) ) ;
#2085 = ADVANCED_FACE ( 'NONE', ( #5484 ), #786, .T. ) ;
#2086 = CARTESIAN_POINT ( 'NONE',  ( -0.1012040338619571711, -0.04561769411362923826, -0.4989999999999999991 ) ) ;
#2087 = EDGE_LOOP ( 'NONE', ( #3547, #576, #7703, #7556 ) ) ;
#2088 = ORIENTED_EDGE ( 'NONE', *, *, #6603, .T. ) ;
#2089 = AXIS2_PLACEMENT_3D ( 'NONE', #3253, #7731, #3179 ) ;
#2090 = CARTESIAN_POINT ( 'NONE',  ( 0.09060827664113135782, -0.02141019565791688062, -0.5000000000000000000 ) ) ;
#2091 = FILL_AREA_STYLE ('',( #2059 ) ) ;
#2092 = SURFACE_STYLE_USAGE ( .BOTH. , #7291 ) ;
#2093 = STYLED_ITEM ( 'NONE', ( #8212 ), #3388 ) ;
#2094 = AXIS2_PLACEMENT_3D ( 'NONE', #6091, #1045, #8083 ) ;
#2095 = CARTESIAN_POINT ( 'NONE',  ( 0.1100000000000000006, -0.8300000000000001821, -0.3499999999999998668 ) ) ;
#2096 = SURFACE_SIDE_STYLE ('',( #8116 ) ) ;
#2097 = FILL_AREA_STYLE ('',( #819 ) ) ;
#2098 = CARTESIAN_POINT ( 'NONE',  ( -0.1100000000000000006, -0.8700000000000001066, -0.3500000000000000333 ) ) ;
#2099 = CARTESIAN_POINT ( 'NONE',  ( 0.09019678563322351683, 0.02553799155439841900, -0.4989999999999999991 ) ) ;
#2100 = DIRECTION ( 'NONE',  ( -0.06958737431666450757, 0.06958737431666467410, -0.9951458157835085805 ) ) ;
#2101 =( GEOMETRIC_REPRESENTATION_CONTEXT ( 3 ) GLOBAL_UNCERTAINTY_ASSIGNED_CONTEXT ( ( #814 ) ) GLOBAL_UNIT_ASSIGNED_CONTEXT ( ( #4340, #1828, #4365 ) ) REPRESENTATION_CONTEXT ( 'NONE', 'WORKASPACE' ) );
#2102 = CARTESIAN_POINT ( 'NONE',  ( 0.06071954954697326295, -0.03772343958953011667, -0.5000000000000000000 ) ) ;
#2103 = FILL_AREA_STYLE ('',( #5870 ) ) ;
#2104 =( GEOMETRIC_REPRESENTATION_CONTEXT ( 3 ) GLOBAL_UNCERTAINTY_ASSIGNED_CONTEXT ( ( #6638 ) ) GLOBAL_UNIT_ASSIGNED_CONTEXT ( ( #3861, #98, #3281 ) ) REPRESENTATION_CONTEXT ( 'NONE', 'WORKASPACE' ) );
#2105 = SURFACE_STYLE_USAGE ( .BOTH. , #2786 ) ;
#2106 = CARTESIAN_POINT ( 'NONE',  ( 0.09602823857136350005, 0.001453389678762573084, -0.5000000000000000000 ) ) ;
#2107 = CARTESIAN_POINT ( 'NONE',  ( -0.1012040338619571711, -0.04561769411362923826, -0.4999999999999996669 ) ) ;
#2108 = LINE ( 'NONE', #5351, #2003 ) ;
#2109 = CARTESIAN_POINT ( 'NONE',  ( -0.1241281430496225385, -0.005391019721569164161, -0.5000000000000000000 ) ) ;
#2110 = UNCERTAINTY_MEASURE_WITH_UNIT (LENGTH_MEASURE( 1.000000000000000082E-05 ), #585, 'distance_accuracy_value', 'NONE');
#2111 =( NAMED_UNIT ( * ) PLANE_ANGLE_UNIT ( ) SI_UNIT ( $, .RADIAN. ) );
#2112 = CARTESIAN_POINT ( 'NONE',  ( 0.7599999999999998979, 0.6700000000000012612, -0.04000000000000020900 ) ) ;
#2113 = EDGE_LOOP ( 'NONE', ( #2280, #5328, #3999, #3219 ) ) ;
#2114 = FILL_AREA_STYLE ('',( #3429 ) ) ;
#2115 = SURFACE_STYLE_FILL_AREA ( #7631 ) ;
#2116 = ADVANCED_FACE ( 'NONE', ( #359, #4290 ), #6961, .T. ) ;
#2117 = COLOUR_RGB ( '',0.0000000000000000000, 0.0000000000000000000, 0.0000000000000000000 ) ;
#2118 = SURFACE_STYLE_USAGE ( .BOTH. , #2096 ) ;
#2119 = ORIENTED_EDGE ( 'NONE', *, *, #1207, .T. ) ;
#2120 = DIRECTION ( 'NONE',  ( 0.0000000000000000000, 0.0000000000000000000, 1.000000000000000000 ) ) ;
#2121 = STYLED_ITEM ( 'NONE', ( #2731 ), #1521 ) ;
#2122 = FACE_OUTER_BOUND ( 'NONE', #4125, .T. ) ;
#2123 = EDGE_CURVE ( 'NONE', #1284, #1369, #1443, .T. ) ;
#2124 = FILL_AREA_STYLE_COLOUR ( '', #1183 ) ;
#2125 = CARTESIAN_POINT ( 'NONE',  ( -0.1898330419164413752, 0.04032534089827476825, -0.4989999999999999991 ) ) ;
#2126 =( LENGTH_UNIT ( ) NAMED_UNIT ( * ) SI_UNIT ( .MILLI., .METRE. ) );
#2127 = APPLICATION_PROTOCOL_DEFINITION ( 'draft international standard', 'automotive_design', 1998, #874 ) ;
#2128 =( LENGTH_UNIT ( ) NAMED_UNIT ( * ) SI_UNIT ( .MILLI., .METRE. ) );
#2129 = CARTESIAN_POINT ( 'NONE',  ( 0.04074968879713008335, -0.03415502818134388135, -0.4989999999999998881 ) ) ;
#2130 = PRESENTATION_STYLE_ASSIGNMENT (( #731 ) ) ;
#2131 = MECHANICAL_DESIGN_GEOMETRIC_PRESENTATION_REPRESENTATION (  '', ( #1738 ), #7139 ) ;
#2132 =( GEOMETRIC_REPRESENTATION_CONTEXT ( 3 ) GLOBAL_UNCERTAINTY_ASSIGNED_CONTEXT ( ( #649 ) ) GLOBAL_UNIT_ASSIGNED_CONTEXT ( ( #6071, #6608, #2788 ) ) REPRESENTATION_CONTEXT ( 'NONE', 'WORKASPACE' ) );
#2133 = ORIENTED_EDGE ( 'NONE', *, *, #4598, .T. ) ;
#2134 = STYLED_ITEM ( 'NONE', ( #3686 ), #2164 ) ;
#2135 = CARTESIAN_POINT ( 'NONE',  ( -0.1143158024179719012, -0.02603171794524919425, -0.5000000000000000000 ) ) ;
#2136 = CARTESIAN_POINT ( 'NONE',  ( 0.09019678563322351683, 0.02553799155439841900, -0.5000000000000000000 ) ) ;
#2137 = CARTESIAN_POINT ( 'NONE',  ( 0.7599999999999998979, -0.8700000000000001066, -0.3500000000000000333 ) ) ;
#2138 = CARTESIAN_POINT ( 'NONE',  ( -0.1898330419164413752, 0.04032534089827476825, -0.4989999999999999991 ) ) ;
#2139 = COLOUR_RGB ( '',1.000000000000000000, 1.000000000000000000, 1.000000000000000000 ) ;
#2140 = DIRECTION ( 'NONE',  ( -1.000000000000000000, 0.0000000000000000000, -0.0000000000000000000 ) ) ;
#2141 = EDGE_CURVE ( 'NONE', #5515, #2878, #144, .T. ) ;
#2142 = VERTEX_POINT ( 'NONE', #6258 ) ;
#2143 = VECTOR ( 'NONE', #4438, 1000.000000000000000 ) ;
#2144 = CARTESIAN_POINT ( 'NONE',  ( 0.04332373524178487201, 0.04030367772824312855, -0.5000000000000002220 ) ) ;
#2145 =( NAMED_UNIT ( * ) SI_UNIT ( $, .STERADIAN. ) SOLID_ANGLE_UNIT ( ) );
#2146 = MECHANICAL_DESIGN_GEOMETRIC_PRESENTATION_REPRESENTATION (  '', ( #5948 ), #4698 ) ;
#2147 = LINE ( 'NONE', #5778, #6299 ) ;
#2148 = DIRECTION ( 'NONE',  ( -0.0000000000000000000, -0.0000000000000000000, -1.000000000000000000 ) ) ;
#2149 = ADVANCED_FACE ( 'NONE', ( #1647 ), #2704, .T. ) ;
#2150 = PRESENTATION_LAYER_ASSIGNMENT (  '', '', ( #5133 ) ) ;
#2151 = EDGE_CURVE ( 'NONE', #7738, #6737, #2814, .T. ) ;
#2152 = CIRCLE ( 'NONE', #6153, 0.1999999999999998723 ) ;
#2153 = CARTESIAN_POINT ( 'NONE',  ( 0.06769853833935704501, -0.04858462072058178371, -0.4999999999999998890 ) ) ;
#2154 = SURFACE_STYLE_FILL_AREA ( #1589 ) ;
#2155 = ORIENTED_EDGE ( 'NONE', *, *, #1561, .F. ) ;
#2156 = EDGE_CURVE ( 'NONE', #1927, #6705, #8204, .T. ) ;
#2157 = CARTESIAN_POINT ( 'NONE',  ( 0.03781823295164162685, -0.03287871934268581792, -0.4989999999999999991 ) ) ;
#2158 = ORIENTED_EDGE ( 'NONE', *, *, #3413, .T. ) ;
#2159 =( LENGTH_UNIT ( ) NAMED_UNIT ( * ) SI_UNIT ( .MILLI., .METRE. ) );
#2160 =( NAMED_UNIT ( * ) PLANE_ANGLE_UNIT ( ) SI_UNIT ( $, .RADIAN. ) );
#2161 = CARTESIAN_POINT ( 'NONE',  ( 0.09600045658635081303, -8.730890814550715040E-06, -0.4999999999999998890 ) ) ;
#2162 = PRESENTATION_STYLE_ASSIGNMENT (( #4386 ) ) ;
#2163 = UNCERTAINTY_MEASURE_WITH_UNIT (LENGTH_MEASURE( 1.000000000000000082E-05 ), #5989, 'distance_accuracy_value', 'NONE');
#2164 = ADVANCED_FACE ( 'NONE', ( #7089 ), #1389, .T. ) ;
#2165 = PLANE ( 'NONE',  #1531 ) ;
#2166 = EDGE_LOOP ( 'NONE', ( #1462, #6017, #7505, #866, #6917, #62 ) ) ;
#2167 = DIRECTION ( 'NONE',  ( -1.000000000000000000, -0.0000000000000000000, -0.0000000000000000000 ) ) ;
#2168 = ORIENTED_EDGE ( 'NONE', *, *, #3649, .F. ) ;
#2169 = FACE_OUTER_BOUND ( 'NONE', #5761, .T. ) ;
#2170 = CARTESIAN_POINT ( 'NONE',  ( 0.08860967486581730612, -0.02442208082135553793, -0.5000000000000000000 ) ) ;
#2171 = CARTESIAN_POINT ( 'NONE',  ( 0.09463120337214282751, 0.01454937813538304675, -0.5000000000000001110 ) ) ;
#2172 = SURFACE_SIDE_STYLE ('',( #6545 ) ) ;
#2173 = PRESENTATION_STYLE_ASSIGNMENT (( #6825 ) ) ;
#2174 = CARTESIAN_POINT ( 'NONE',  ( -0.1100000000000000006, -0.8700000000000001066, -0.3500000000000000333 ) ) ;
#2175 = ORIENTED_EDGE ( 'NONE', *, *, #4831, .T. ) ;
#2176 = CARTESIAN_POINT ( 'NONE',  ( 0.7599999999999998979, -0.6700000000000012612, -0.04000000000000020900 ) ) ;
#2177 = ORIENTED_EDGE ( 'NONE', *, *, #2907, .F. ) ;
#2178 = EDGE_CURVE ( 'NONE', #56, #2020, #2323, .T. ) ;
#2179 = CARTESIAN_POINT ( 'NONE',  ( 0.04919435189669527086, 0.04191109445333607297, -0.4990000000000001101 ) ) ;
#2180 = DIRECTION ( 'NONE',  ( 0.06958737431666466022, -0.06958737431666481288, -0.9951458157835085805 ) ) ;
#2181 = ORIENTED_EDGE ( 'NONE', *, *, #7870, .F. ) ;
#2182 = CARTESIAN_POINT ( 'NONE',  ( 0.09545111977509285195, 0.01039951666877732273, -0.4989999999999999991 ) ) ;
#2183 =( NAMED_UNIT ( * ) PLANE_ANGLE_UNIT ( ) SI_UNIT ( $, .RADIAN. ) );
#2184 = STYLED_ITEM ( 'NONE', ( #1775 ), #6902 ) ;
#2185 = SURFACE_STYLE_USAGE ( .BOTH. , #288 ) ;
#2186 = SURFACE_STYLE_USAGE ( .BOTH. , #962 ) ;
#2187 = CARTESIAN_POINT ( 'NONE',  ( -0.1247034687457096586, 0.003492261629982082970, -0.4989999999999999991 ) ) ;
#2188 = VERTEX_POINT ( 'NONE', #7178 ) ;
#2189 = FILL_AREA_STYLE_COLOUR ( '', #2852 ) ;
#2190 = DIRECTION ( 'NONE',  ( 0.0000000000000000000, 0.0000000000000000000, -1.000000000000000000 ) ) ;
#2191 = LINE ( 'NONE', #2031, #1415 ) ;
#2192 = PRESENTATION_LAYER_ASSIGNMENT (  '', '', ( #191 ) ) ;
#2193 = CARTESIAN_POINT ( 'NONE',  ( 0.08808450259967860740, 0.02873066262142286512, -0.4999999999999998890 ) ) ;
#2194 = PRESENTATION_LAYER_ASSIGNMENT (  '', '', ( #5217 ) ) ;
#2195 =( GEOMETRIC_REPRESENTATION_CONTEXT ( 3 ) GLOBAL_UNCERTAINTY_ASSIGNED_CONTEXT ( ( #6954 ) ) GLOBAL_UNIT_ASSIGNED_CONTEXT ( ( #2276, #378, #294 ) ) REPRESENTATION_CONTEXT ( 'NONE', 'WORKASPACE' ) );
#2196 = ADVANCED_FACE ( 'NONE', ( #7707 ), #187, .F. ) ;
#2197 = EDGE_CURVE ( 'NONE', #5474, #7445, #5185, .T. ) ;
#2198 = VECTOR ( 'NONE', #1610, 1000.000000000000000 ) ;
#2199 =( NAMED_UNIT ( * ) PLANE_ANGLE_UNIT ( ) SI_UNIT ( $, .RADIAN. ) );
#2200 =( NAMED_UNIT ( * ) PLANE_ANGLE_UNIT ( ) SI_UNIT ( $, .RADIAN. ) );
#2201 = CARTESIAN_POINT ( 'NONE',  ( 0.06200421704809496587, -0.03769032978114177784, -0.4989999999999999991 ) ) ;
#2202 = DIRECTION ( 'NONE',  ( -0.0000000000000000000, 0.06975647374412545509, 0.9975640502598241977 ) ) ;
#2203 = CARTESIAN_POINT ( 'NONE',  ( 0.1087165416958683906, -0.009897843501269673258, -0.5000000000000001110 ) ) ;
#2204 = VERTEX_POINT ( 'NONE', #7824 ) ;
#2205 = SURFACE_STYLE_USAGE ( .BOTH. , #3446 ) ;
#2206 = SURFACE_STYLE_USAGE ( .BOTH. , #1541 ) ;
#2207 =( LENGTH_UNIT ( ) NAMED_UNIT ( * ) SI_UNIT ( .MILLI., .METRE. ) );
#2208 = DIRECTION ( 'NONE',  ( -1.000000000000000000, -0.0000000000000000000, -0.0000000000000000000 ) ) ;
#2209 = EDGE_LOOP ( 'NONE', ( #8022, #7230, #3338, #1280, #5659 ) ) ;
#2210 = UNCERTAINTY_MEASURE_WITH_UNIT (LENGTH_MEASURE( 1.000000000000000082E-05 ), #6690, 'distance_accuracy_value', 'NONE');
#2211 = EDGE_CURVE ( 'NONE', #5515, #1785, #5407, .T. ) ;
#2212 = LINE ( 'NONE', #6082, #640 ) ;
#2213 = ORIENTED_EDGE ( 'NONE', *, *, #5783, .F. ) ;
#2214 = SURFACE_STYLE_USAGE ( .BOTH. , #1629 ) ;
#2215 = CARTESIAN_POINT ( 'NONE',  ( -0.1085679597408659991, -0.03064780593771735881, -0.5000000000000002220 ) ) ;
#2216 = CARTESIAN_POINT ( 'NONE',  ( 0.09602823857136350005, 0.001453389678762573084, -0.5000000000000000000 ) ) ;
#2217 = FILL_AREA_STYLE_COLOUR ( '', #5403 ) ;
#2218 = DIRECTION ( 'NONE',  ( -1.000000000000000000, -0.0000000000000000000, -0.0000000000000000000 ) ) ;
#2219 = DIRECTION ( 'NONE',  ( -0.0000000000000000000, -0.0000000000000000000, -1.000000000000000000 ) ) ;
#2220 = ORIENTED_EDGE ( 'NONE', *, *, #6541, .T. ) ;
#2221 = DIRECTION ( 'NONE',  ( -0.0000000000000000000, 1.000000000000000000, -0.0000000000000000000 ) ) ;
#2222 = CARTESIAN_POINT ( 'NONE',  ( -0.9434108397213619712, 0.5434108397213615049, -0.4500000000000000111 ) ) ;
#2223 = CARTESIAN_POINT ( 'NONE',  ( -0.1380781861026737223, 0.005590781457812206943, -0.5000000000000000000 ) ) ;
#2224 = AXIS2_PLACEMENT_3D ( 'NONE', #6152, #2890, #2977 ) ;
#2225 = ORIENTED_EDGE ( 'NONE', *, *, #859, .F. ) ;
#2226 = CARTESIAN_POINT ( 'NONE',  ( 0.08379513005064145870, -0.02965398195705942069, -0.4989999999999999991 ) ) ;
#2227 = CARTESIAN_POINT ( 'NONE',  ( 0.1023504676637920358, -0.02788962293523656114, -0.5000000000000000000 ) ) ;
#2228 = PRESENTATION_STYLE_ASSIGNMENT (( #2335 ) ) ;
#2229 = FACE_OUTER_BOUND ( 'NONE', #909, .T. ) ;
#2230 = DIRECTION ( 'NONE',  ( 1.000000000000000000, 0.0000000000000000000, 0.0000000000000000000 ) ) ;
#2231 = DIRECTION ( 'NONE',  ( -1.000000000000000000, 0.0000000000000000000, -0.0000000000000000000 ) ) ;
#2232 = VECTOR ( 'NONE', #6900, 1000.000000000000114 ) ;
#2233 = VERTEX_POINT ( 'NONE', #2635 ) ;
#2234 = ADVANCED_FACE ( 'NONE', ( #6354 ), #7503, .T. ) ;
#2235 = CARTESIAN_POINT ( 'NONE',  ( 0.9753633278277469287, 0.5753633278277474616, 0.006941868480981559612 ) ) ;
#2236 = AXIS2_PLACEMENT_3D ( 'NONE', #7100, #7189, #3989 ) ;
#2237 = SURFACE_STYLE_FILL_AREA ( #431 ) ;
#2238 = FILL_AREA_STYLE ('',( #381 ) ) ;
#2239 = ORIENTED_EDGE ( 'NONE', *, *, #467, .F. ) ;
#2240 = SURFACE_STYLE_FILL_AREA ( #6473 ) ;
#2241 = PRESENTATION_LAYER_ASSIGNMENT (  '', '', ( #7852 ) ) ;
#2242 = LINE ( 'NONE', #4554, #6303 ) ;
#2243 = MECHANICAL_DESIGN_GEOMETRIC_PRESENTATION_REPRESENTATION (  '', ( #3394 ), #6937 ) ;
#2244 = DIRECTION ( 'NONE',  ( -0.0000000000000000000, -0.0000000000000000000, -1.000000000000000000 ) ) ;
#2245 = VERTEX_POINT ( 'NONE', #6632 ) ;
#2246 = CARTESIAN_POINT ( 'NONE',  ( 0.1063462246714602655, -0.01943862670377183299, -0.4989999999999998881 ) ) ;
#2247 = CARTESIAN_POINT ( 'NONE',  ( 0.1014452577961634655, 0.03132109858944811392, -0.5000000000000000000 ) ) ;
#2248 = EDGE_LOOP ( 'NONE', ( #568, #3929, #1836, #5223, #4727, #2262, #4102, #993 ) ) ;
#2249 = CARTESIAN_POINT ( 'NONE',  ( 0.1691989702786806105, -0.04747953715050572815, -0.4989999999999999991 ) ) ;
#2250 = CARTESIAN_POINT ( 'NONE',  ( 0.9434108397213614161, -0.5434108397213617270, -0.4500000000000000111 ) ) ;
#2251 = PRESENTATION_STYLE_ASSIGNMENT (( #477 ) ) ;
#2252 = ORIENTED_EDGE ( 'NONE', *, *, #7279, .F. ) ;
#2253 = EDGE_CURVE ( 'NONE', #2419, #1617, #5961, .T. ) ;
#2254 = VECTOR ( 'NONE', #5466, 1000.000000000000000 ) ;
#2255 = CYLINDRICAL_SURFACE ( 'NONE', #2464, 0.05000000000000002359 ) ;
#2256 = CARTESIAN_POINT ( 'NONE',  ( 0.03770866776530956699, 0.03790528496822455351, -0.4989999999999999991 ) ) ;
#2257 = EDGE_LOOP ( 'NONE', ( #6300, #6104, #6128, #4321, #587 ) ) ;
#2258 =( GEOMETRIC_REPRESENTATION_CONTEXT ( 3 ) GLOBAL_UNCERTAINTY_ASSIGNED_CONTEXT ( ( #5205 ) ) GLOBAL_UNIT_ASSIGNED_CONTEXT ( ( #941, #5395, #1626 ) ) REPRESENTATION_CONTEXT ( 'NONE', 'WORKASPACE' ) );
#2259 = DIRECTION ( 'NONE',  ( -0.0000000000000000000, -0.0000000000000000000, 1.000000000000000000 ) ) ;
#2260 = ORIENTED_EDGE ( 'NONE', *, *, #4246, .F. ) ;
#2261 = CARTESIAN_POINT ( 'NONE',  ( -0.1194317793864625998, 0.04243541091801503878, -0.5000000000000001110 ) ) ;
#2262 = ORIENTED_EDGE ( 'NONE', *, *, #6293, .F. ) ;
#2263 = LINE ( 'NONE', #3992, #4339 ) ;
#2264 = CARTESIAN_POINT ( 'NONE',  ( 0.7599999999999998979, 0.8300000000000011813, -0.04000000000000077105 ) ) ;
#2265 = PRESENTATION_LAYER_ASSIGNMENT (  '', '', ( #3984 ) ) ;
#2266 = EDGE_CURVE ( 'NONE', #6930, #3723, #4282, .T. ) ;
#2267 = UNCERTAINTY_MEASURE_WITH_UNIT (LENGTH_MEASURE( 1.000000000000000082E-05 ), #3773, 'distance_accuracy_value', 'NONE');
#2268 = VECTOR ( 'NONE', #1771, 1000.000000000000000 ) ;
#2269 = ORIENTED_EDGE ( 'NONE', *, *, #2197, .F. ) ;
#2270 = EDGE_CURVE ( 'NONE', #6329, #165, #6880, .T. ) ;
#2271 = ORIENTED_EDGE ( 'NONE', *, *, #1334, .T. ) ;
#2272 = ORIENTED_EDGE ( 'NONE', *, *, #7110, .F. ) ;
#2273 = DIRECTION ( 'NONE',  ( -0.0000000000000000000, -0.0000000000000000000, -1.000000000000000000 ) ) ;
#2274 = CARTESIAN_POINT ( 'NONE',  ( 0.5400000000000000355, 0.8700000000000001066, -0.5499999999999999334 ) ) ;
#2275 = VERTEX_POINT ( 'NONE', #270 ) ;
#2276 =( LENGTH_UNIT ( ) NAMED_UNIT ( * ) SI_UNIT ( .MILLI., .METRE. ) );
#2277 = VECTOR ( 'NONE', #5106, 1000.000000000000000 ) ;
#2278 = CARTESIAN_POINT ( 'NONE',  ( 0.9504035209157122299, 0.5504035209157125408, 0.3499999999999999778 ) ) ;
#2279 = FACE_BOUND ( 'NONE', #1875, .T. ) ;
#2280 = ORIENTED_EDGE ( 'NONE', *, *, #6898, .F. ) ;
#2281 = CARTESIAN_POINT ( 'NONE',  ( -0.1344985269545220796, -0.01716919636507928740, -0.4990000000000002212 ) ) ;
#2282 = DIRECTION ( 'NONE',  ( 1.000000000000000000, 0.0000000000000000000, -0.0000000000000000000 ) ) ;
#2283 = VECTOR ( 'NONE', #8144, 1000.000000000000000 ) ;
#2284 = SURFACE_STYLE_USAGE ( .BOTH. , #4840 ) ;
#2285 = ORIENTED_EDGE ( 'NONE', *, *, #3004, .F. ) ;
#2286 = VECTOR ( 'NONE', #1119, 1000.000000000000000 ) ;
#2287 = ORIENTED_EDGE ( 'NONE', *, *, #6203, .F. ) ;
#2288 = ADVANCED_FACE ( 'NONE', ( #6458 ), #5097, .T. ) ;
#2289 = DIRECTION ( 'NONE',  ( 0.0000000000000000000, -3.497426362856476362E-15, 1.000000000000000000 ) ) ;
#2290 = SURFACE_STYLE_FILL_AREA ( #4705 ) ;
#2291 = DIRECTION ( 'NONE',  ( 1.000000000000000000, 0.0000000000000000000, 0.0000000000000000000 ) ) ;
#2292 = CARTESIAN_POINT ( 'NONE',  ( -1.025241530340739171, 0.5753633278277474616, 0.003454044793775288853 ) ) ;
#2293 = EDGE_CURVE ( 'NONE', #312, #694, #1749, .T. ) ;
#2294 = DIRECTION ( 'NONE',  ( 1.000000000000000000, 0.0000000000000000000, 0.0000000000000000000 ) ) ;
#2295 = CARTESIAN_POINT ( 'NONE',  ( -0.09657237979161849284, 0.05178932825878850704, -0.4990000000000001101 ) ) ;
#2296 = AXIS2_PLACEMENT_3D ( 'NONE', #7300, #4820, #323 ) ;
#2297 = CYLINDRICAL_SURFACE ( 'NONE', #4403, 0.03999999999999988981 ) ;
#2298 = CARTESIAN_POINT ( 'NONE',  ( -0.1879084992335145754, 0.03331314577632354251, -0.4989999999999999991 ) ) ;
#2299 = STYLED_ITEM ( 'NONE', ( #1285 ), #4955 ) ;
#2300 = PLANE ( 'NONE',  #3801 ) ;
#2301 = FILL_AREA_STYLE_COLOUR ( '', #2348 ) ;
#2302 = CARTESIAN_POINT ( 'NONE',  ( 0.1086365725736170990, 0.01195491202821675342, -0.4990000000000002212 ) ) ;
#2303 = MECHANICAL_DESIGN_GEOMETRIC_PRESENTATION_REPRESENTATION (  '', ( #1792 ), #1192 ) ;
#2304 = CARTESIAN_POINT ( 'NONE',  ( -0.9900365940282451760, 0.5932890422343527481, -0.4534878236872062485 ) ) ;
#2305 = EDGE_CURVE ( 'NONE', #5234, #3431, #41, .T. ) ;
#2306 = MECHANICAL_DESIGN_GEOMETRIC_PRESENTATION_REPRESENTATION (  '', ( #6989 ), #943 ) ;
#2307 = DIRECTION ( 'NONE',  ( -1.000000000000000000, 0.0000000000000000000, -0.0000000000000000000 ) ) ;
#2308 = CARTESIAN_POINT ( 'NONE',  ( 0.1093504554258878519, -0.004724296312714318206, -0.4989999999999999991 ) ) ;
#2309 = CARTESIAN_POINT ( 'NONE',  ( 0.1100000000000000006, -1.050000000000000044, -0.5500000000000000444 ) ) ;
#2310 = VERTEX_POINT ( 'NONE', #2865 ) ;
#2311 = CARTESIAN_POINT ( 'NONE',  ( -0.7599999999999998979, -1.050000000000000044, -0.5500000000000000444 ) ) ;
#2312 = DIRECTION ( 'NONE',  ( -0.0000000000000000000, -0.0000000000000000000, -1.000000000000000000 ) ) ;
#2313 = AXIS2_PLACEMENT_3D ( 'NONE', #924, #7882, #7267 ) ;
#2314 = UNCERTAINTY_MEASURE_WITH_UNIT (LENGTH_MEASURE( 1.000000000000000082E-05 ), #7872, 'distance_accuracy_value', 'NONE');
#2315 = PRESENTATION_LAYER_ASSIGNMENT (  '', '', ( #6130 ) ) ;
#2316 = MECHANICAL_DESIGN_GEOMETRIC_PRESENTATION_REPRESENTATION (  '', ( #1012 ), #5593 ) ;
#2317 = PLANE ( 'NONE',  #4504 ) ;
#2318 = VECTOR ( 'NONE', #7, 1000.000000000000114 ) ;
#2319 = ORIENTED_EDGE ( 'NONE', *, *, #6253, .F. ) ;
#2320 =( NAMED_UNIT ( * ) SI_UNIT ( $, .STERADIAN. ) SOLID_ANGLE_UNIT ( ) );
#2321 = DIRECTION ( 'NONE',  ( 1.000000000000000000, -0.0000000000000000000, -0.0000000000000000000 ) ) ;
#2322 = DIRECTION ( 'NONE',  ( -0.0000000000000000000, 1.000000000000000000, -0.0000000000000000000 ) ) ;
#2323 = LINE ( 'NONE', #3736, #1142 ) ;
#2324 = CARTESIAN_POINT ( 'NONE',  ( -0.5400000000000000355, 1.050000000000000044, -0.5500000000000000444 ) ) ;
#2325 = CARTESIAN_POINT ( 'NONE',  ( 0.01554043369331471747, -0.04747953715050572815, -0.4989999999999999991 ) ) ;
#2326 = PRESENTATION_LAYER_ASSIGNMENT (  '', '', ( #1919 ) ) ;
#2327 = DIRECTION ( 'NONE',  ( 0.06958737431666482676, -0.06958737431666481288, -0.9951458157835084695 ) ) ;
#2328 = CARTESIAN_POINT ( 'NONE',  ( 0.07357670441987596011, 0.04004944572767335509, -0.4990000000000001101 ) ) ;
#2329 = ADVANCED_FACE ( 'NONE', ( #3386 ), #7906, .T. ) ;
#2330 = FILL_AREA_STYLE ('',( #6111 ) ) ;
#2331 = AXIS2_PLACEMENT_3D ( 'NONE', #3193, #3935, #7781 ) ;
#2332 = EDGE_CURVE ( 'NONE', #6930, #3339, #7592, .T. ) ;
#2333 = DIRECTION ( 'NONE',  ( 0.0000000000000000000, 8.131516293641305343E-15, -1.000000000000000000 ) ) ;
#2334 = EDGE_CURVE ( 'NONE', #1486, #1754, #7643, .T. ) ;
#2335 = SURFACE_STYLE_USAGE ( .BOTH. , #4917 ) ;
#2336 = CARTESIAN_POINT ( 'NONE',  ( 0.07734941220391190753, -0.04688451400501312399, -0.4989999999999999991 ) ) ;
#2337 = LINE ( 'NONE', #7494, #7722 ) ;
#2338 = SURFACE_STYLE_USAGE ( .BOTH. , #1727 ) ;
#2339 = ORIENTED_EDGE ( 'NONE', *, *, #5538, .T. ) ;
#2340 = SURFACE_STYLE_USAGE ( .BOTH. , #1026 ) ;
#2341 =( LENGTH_UNIT ( ) NAMED_UNIT ( * ) SI_UNIT ( .MILLI., .METRE. ) );
#2342 = PLANE ( 'NONE',  #5677 ) ;
#2343 = CARTESIAN_POINT ( 'NONE',  ( -0.03567907850180723761, 0.05252046284949429128, -0.5000000000000000000 ) ) ;
#2344 = ORIENTED_EDGE ( 'NONE', *, *, #3832, .F. ) ;
#2345 = LINE ( 'NONE', #7327, #175 ) ;
#2346 = FILL_AREA_STYLE_COLOUR ( '', #5338 ) ;
#2347 = ORIENTED_EDGE ( 'NONE', *, *, #6958, .F. ) ;
#2348 = COLOUR_RGB ( '',0.2509803921568627416, 0.2509803921568627416, 0.2509803921568627416 ) ;
#2349 = FILL_AREA_STYLE ('',( #4969 ) ) ;
#2350 = DIRECTION ( 'NONE',  ( -2.168404344971007685E-15, 0.0000000000000000000, 1.000000000000000000 ) ) ;
#2351 = MECHANICAL_DESIGN_GEOMETRIC_PRESENTATION_REPRESENTATION (  '', ( #1523 ), #4626 ) ;
#2352 = EDGE_LOOP ( 'NONE', ( #7389, #3056, #4338, #2471 ) ) ;
#2353 = LINE ( 'NONE', #4357, #588 ) ;
#2354 =( NAMED_UNIT ( * ) SI_UNIT ( $, .STERADIAN. ) SOLID_ANGLE_UNIT ( ) );
#2355 = LINE ( 'NONE', #4785, #8046 ) ;
#2356 = ORIENTED_EDGE ( 'NONE', *, *, #629, .T. ) ;
#2357 = AXIS2_PLACEMENT_3D ( 'NONE', #6971, #3153, #1291 ) ;
#2358 = LINE ( 'NONE', #537, #6615 ) ;
#2359 = ORIENTED_EDGE ( 'NONE', *, *, #2748, .T. ) ;
#2360 = AXIS2_PLACEMENT_3D ( 'NONE', #5300, #2779, #860 ) ;
#2361 =( NAMED_UNIT ( * ) PLANE_ANGLE_UNIT ( ) SI_UNIT ( $, .RADIAN. ) );
#2362 = DIRECTION ( 'NONE',  ( -1.000000000000000000, -0.0000000000000000000, -0.0000000000000000000 ) ) ;
#2363 = EDGE_CURVE ( 'NONE', #5260, #3739, #5846, .T. ) ;
#2364 = CIRCLE ( 'NONE', #5277, 0.05000000000000001665 ) ;
#2365 = FILL_AREA_STYLE ('',( #8052 ) ) ;
#2366 = FILL_AREA_STYLE_COLOUR ( '', #5056 ) ;
#2367 = VERTEX_POINT ( 'NONE', #2311 ) ;
#2368 = SURFACE_STYLE_FILL_AREA ( #1619 ) ;
#2369 = ORIENTED_EDGE ( 'NONE', *, *, #7397, .T. ) ;
#2370 = VECTOR ( 'NONE', #6836, 1000.000000000000000 ) ;
#2371 = DIRECTION ( 'NONE',  ( 0.0000000000000000000, -1.000000000000000000, 0.0000000000000000000 ) ) ;
#2372 = UNCERTAINTY_MEASURE_WITH_UNIT (LENGTH_MEASURE( 1.000000000000000082E-05 ), #470, 'distance_accuracy_value', 'NONE');
#2373 = STYLED_ITEM ( 'NONE', ( #6122 ), #4744 ) ;
#2374 = LINE ( 'NONE', #1357, #5252 ) ;
#2375 = SURFACE_SIDE_STYLE ('',( #1886 ) ) ;
#2376 = ORIENTED_EDGE ( 'NONE', *, *, #6086, .F. ) ;
#2377 = FILL_AREA_STYLE_COLOUR ( '', #7344 ) ;
#2378 = VERTEX_POINT ( 'NONE', #2885 ) ;
#2379 = DIRECTION ( 'NONE',  ( 1.000000000000000000, 0.0000000000000000000, -0.0000000000000000000 ) ) ;
#2380 = AXIS2_PLACEMENT_3D ( 'NONE', #5742, #53, #4479 ) ;
#2381 = AXIS2_PLACEMENT_3D ( 'NONE', #1816, #7663, #4552 ) ;
#2382 = PLANE ( 'NONE',  #4136 ) ;
#2383 = B_SPLINE_CURVE_WITH_KNOTS ( 'NONE', 3,
 ( #7881, #388, #7227, #1024, #7933, #5433, #1614, #2247, #6594, #1633, #7351, #5355, #6631, #6034, #4124, #4036, #1663, #2829, #7288 ),
 .UNSPECIFIED., .F., .F.,
 ( 4, 1, 1, 1, 1, 1, 1, 1, 1, 1, 1, 1, 1, 1, 1, 1, 4 ),
 ( 0.0000000000000000000, 0.07064371857535413357, 0.1382567155089046429, 0.2033641242175800723, 0.2663240938030566052, 0.3279047615429893092, 0.3887377151730921909, 0.4494235281093022505, 0.5108610114593156171, 0.5720793960475145656, 0.6317344287314451412, 0.6911172105788376818, 0.7503600294901705547, 0.8100329005312619790, 0.8713624508287362014, 0.9344271412311534464, 1.000000000000000000 ),
 .UNSPECIFIED. ) ;
#2384 = PRESENTATION_STYLE_ASSIGNMENT (( #6250 ) ) ;
#2385 = COLOUR_RGB ( '',0.2509803921568627416, 0.2509803921568627416, 0.2509803921568627416 ) ;
#2386 = ORIENTED_EDGE ( 'NONE', *, *, #3382, .T. ) ;
#2387 =( NAMED_UNIT ( * ) PLANE_ANGLE_UNIT ( ) SI_UNIT ( $, .RADIAN. ) );
#2388 = CARTESIAN_POINT ( 'NONE',  ( -0.5400000000000000355, -0.8700000000000001066, -0.3500000000000000333 ) ) ;
#2389 = DIRECTION ( 'NONE',  ( 0.0000000000000000000, 1.000000000000000000, 0.0000000000000000000 ) ) ;
#2390 = EDGE_CURVE ( 'NONE', #1239, #4384, #1706, .T. ) ;
#2391 = FILL_AREA_STYLE_COLOUR ( '', #6437 ) ;
#2392 = FACE_OUTER_BOUND ( 'NONE', #1447, .T. ) ;
#2393 = ORIENTED_EDGE ( 'NONE', *, *, #1582, .F. ) ;
#2394 = CARTESIAN_POINT ( 'NONE',  ( -0.1880596416264953552, 0.03376893357699976145, -0.4989999999999999991 ) ) ;
#2395 = CARTESIAN_POINT ( 'NONE',  ( 0.002125799546973263822, 0.04154485309339672749, -0.5000000000000000000 ) ) ;
#2396 = CARTESIAN_POINT ( 'NONE',  ( -0.1100000000000000006, 1.050000000000000044, -0.3900000000000000688 ) ) ;
#2397 = SURFACE_STYLE_FILL_AREA ( #2587 ) ;
#2398 = STYLED_ITEM ( 'NONE', ( #5499 ), #1638 ) ;
#2399 = DIRECTION ( 'NONE',  ( -0.0000000000000000000, 0.0000000000000000000, 1.000000000000000000 ) ) ;
#2400 = DIRECTION ( 'NONE',  ( 0.0000000000000000000, 0.0000000000000000000, 1.000000000000000000 ) ) ;
#2401 = EDGE_CURVE ( 'NONE', #2142, #7357, #7144, .T. ) ;
#2402 =( LENGTH_UNIT ( ) NAMED_UNIT ( * ) SI_UNIT ( .MILLI., .METRE. ) );
#2403 = FILL_AREA_STYLE ('',( #1715 ) ) ;
#2404 = COLOUR_RGB ( '',1.000000000000000000, 1.000000000000000000, 1.000000000000000000 ) ;
#2405 = PRESENTATION_LAYER_ASSIGNMENT (  '', '', ( #1571 ) ) ;
#2406 = CARTESIAN_POINT ( 'NONE',  ( 1.024999999999999467, 0.6249999999999998890, 0.0000000000000000000 ) ) ;
#2407 =( NAMED_UNIT ( * ) SI_UNIT ( $, .STERADIAN. ) SOLID_ANGLE_UNIT ( ) );
#2408 =( GEOMETRIC_REPRESENTATION_CONTEXT ( 3 ) GLOBAL_UNCERTAINTY_ASSIGNED_CONTEXT ( ( #6060 ) ) GLOBAL_UNIT_ASSIGNED_CONTEXT ( ( #6285, #614, #634 ) ) REPRESENTATION_CONTEXT ( 'NONE', 'WORKASPACE' ) );
#2409 =( NAMED_UNIT ( * ) PLANE_ANGLE_UNIT ( ) SI_UNIT ( $, .RADIAN. ) );
#2410 =( NAMED_UNIT ( * ) PLANE_ANGLE_UNIT ( ) SI_UNIT ( $, .RADIAN. ) );
#2411 = AXIS2_PLACEMENT_3D ( 'NONE', #60, #4483, #739 ) ;
#2412 = SURFACE_STYLE_FILL_AREA ( #757 ) ;
#2413 = ORIENTED_EDGE ( 'NONE', *, *, #380, .F. ) ;
#2414 =( LENGTH_UNIT ( ) NAMED_UNIT ( * ) SI_UNIT ( .MILLI., .METRE. ) );
#2415 = EDGE_CURVE ( 'NONE', #2968, #5616, #603, .T. ) ;
#2416 = UNCERTAINTY_MEASURE_WITH_UNIT (LENGTH_MEASURE( 1.000000000000000082E-05 ), #5057, 'distance_accuracy_value', 'NONE');
#2417 = FILL_AREA_STYLE ('',( #8230 ) ) ;
#2418 = DIRECTION ( 'NONE',  ( -1.000000000000000000, -0.0000000000000000000, -0.0000000000000000000 ) ) ;
#2419 = VERTEX_POINT ( 'NONE', #6124 ) ;
#2420 =( NAMED_UNIT ( * ) PLANE_ANGLE_UNIT ( ) SI_UNIT ( $, .RADIAN. ) );
#2421 = LINE ( 'NONE', #2441, #2318 ) ;
#2422 = STYLED_ITEM ( 'NONE', ( #6423 ), #4784 ) ;
#2423 = EDGE_LOOP ( 'NONE', ( #4021, #5409, #4844, #3916 ) ) ;
#2424 =( GEOMETRIC_REPRESENTATION_CONTEXT ( 3 ) GLOBAL_UNCERTAINTY_ASSIGNED_CONTEXT ( ( #456 ) ) GLOBAL_UNIT_ASSIGNED_CONTEXT ( ( #6572, #4674, #2145 ) ) REPRESENTATION_CONTEXT ( 'NONE', 'WORKASPACE' ) );
#2425 = EDGE_CURVE ( 'NONE', #3689, #5483, #200, .T. ) ;
#2426 = VECTOR ( 'NONE', #68, 1000.000000000000000 ) ;
#2427 = COLOUR_RGB ( '',0.2509803921568627416, 0.2509803921568627416, 0.2509803921568627416 ) ;
#2428 = CARTESIAN_POINT ( 'NONE',  ( -0.1898330419164413752, 0.04032534089827476825, -0.4989999999999999991 ) ) ;
#2429 = EDGE_CURVE ( 'NONE', #5382, #7143, #414, .T. ) ;
#2430 = EDGE_LOOP ( 'NONE', ( #2269, #4395, #7458, #198 ) ) ;
#2431 = SURFACE_SIDE_STYLE ('',( #1757 ) ) ;
#2432 = DIRECTION ( 'NONE',  ( -0.0000000000000000000, -0.0000000000000000000, -1.000000000000000000 ) ) ;
#2433 = B_SPLINE_CURVE_WITH_KNOTS ( 'NONE', 3,
 ( #6033, #4173, #4780, #5400, #2336, #3571, #1632, #6775, #1102, #4899, #7375, #424, #5504, #2246, #1751, #4837, #2308, #6148, #6756 ),
 .UNSPECIFIED., .F., .F.,
 ( 4, 1, 1, 1, 1, 1, 1, 1, 1, 1, 1, 1, 1, 1, 1, 1, 4 ),
 ( 0.0000000000000000000, 0.06783324845577361206, 0.1326555365079041815, 0.1950508840508279329, 0.2555829330687772738, 0.3147998341472899586, 0.3736004728263744856, 0.4325455953267435261, 0.4924306292835654575, 0.5526712559629696209, 0.6125130441881164733, 0.6726102503570065005, 0.7338383693139460817, 0.7965942385677740045, 0.8614497992905733037, 0.9291989423509054991, 1.000000000000000000 ),
 .UNSPECIFIED. ) ;
#2434 = FACE_OUTER_BOUND ( 'NONE', #4909, .T. ) ;
#2435 = FILL_AREA_STYLE ('',( #8150 ) ) ;
#2436 = CARTESIAN_POINT ( 'NONE',  ( -1.019188527010379541, -0.5693103244973883870, -0.08310793568446193935 ) ) ;
#2437 = CARTESIAN_POINT ( 'NONE',  ( 0.03505262881526593349, 0.03636192626412842327, -0.4989999999999999991 ) ) ;
#2438 =( NAMED_UNIT ( * ) SI_UNIT ( $, .STERADIAN. ) SOLID_ANGLE_UNIT ( ) );
#2439 = ORIENTED_EDGE ( 'NONE', *, *, #4269, .T. ) ;
#2440 = CARTESIAN_POINT ( 'NONE',  ( -0.08482160898961210727, -0.04747953715050572815, -0.4989999999999999991 ) ) ;
#2441 = CARTESIAN_POINT ( 'NONE',  ( -0.5399999999999999245, 0.6250000000000001110, 0.0000000000000000000 ) ) ;
#2442 = FACE_OUTER_BOUND ( 'NONE', #3175, .T. ) ;
#2443 = CARTESIAN_POINT ( 'NONE',  ( -1.025241530340739171, 0.5753633278277474616, -0.003454044793775287985 ) ) ;
#2444 = ORIENTED_EDGE ( 'NONE', *, *, #7971, .F. ) ;
#2445 = CARTESIAN_POINT ( 'NONE',  ( 0.03584864116633132425, 0.05009967937355724182, -0.5000000000000000000 ) ) ;
#2446 = CYLINDRICAL_SURFACE ( 'NONE', #2381, 0.05000000000000002359 ) ;
#2447 = DIRECTION ( 'NONE',  ( 1.000000000000000000, -0.0000000000000000000, 0.0000000000000000000 ) ) ;
#2448 = FACE_OUTER_BOUND ( 'NONE', #7754, .T. ) ;
#2449 = ORIENTED_EDGE ( 'NONE', *, *, #2686, .T. ) ;
#2450 = STYLED_ITEM ( 'NONE', ( #6093 ), #7072 ) ;
#2451 =( LENGTH_UNIT ( ) NAMED_UNIT ( * ) SI_UNIT ( .MILLI., .METRE. ) );
#2452 = VERTEX_POINT ( 'NONE', #2972 ) ;
#2453 =( LENGTH_UNIT ( ) NAMED_UNIT ( * ) SI_UNIT ( .MILLI., .METRE. ) );
#2454 = ORIENTED_EDGE ( 'NONE', *, *, #6007, .F. ) ;
#2455 = CARTESIAN_POINT ( 'NONE',  ( -0.1246069935091715097, 0.008001638014469529894, -0.5000000000000001110 ) ) ;
#2456 =( GEOMETRIC_REPRESENTATION_CONTEXT ( 3 ) GLOBAL_UNCERTAINTY_ASSIGNED_CONTEXT ( ( #4394 ) ) GLOBAL_UNIT_ASSIGNED_CONTEXT ( ( #5114, #4379, #5674 ) ) REPRESENTATION_CONTEXT ( 'NONE', 'WORKASPACE' ) );
#2457 = VERTEX_POINT ( 'NONE', #4203 ) ;
#2458 = VECTOR ( 'NONE', #4885, 1000.000000000000000 ) ;
#2459 = LINE ( 'NONE', #2642, #792 ) ;
#2460 = VERTEX_POINT ( 'NONE', #1074 ) ;
#2461 = ORIENTED_EDGE ( 'NONE', *, *, #5945, .T. ) ;
#2462 = FACE_OUTER_BOUND ( 'NONE', #4334, .T. ) ;
#2463 = FILL_AREA_STYLE ('',( #3636 ) ) ;
#2464 = AXIS2_PLACEMENT_3D ( 'NONE', #6344, #5647, #65 ) ;
#2465 = LINE ( 'NONE', #6903, #1802 ) ;
#2466 = CARTESIAN_POINT ( 'NONE',  ( 0.04919435189669527086, 0.04191109445333607297, -0.4990000000000001101 ) ) ;
#2467 = ORIENTED_EDGE ( 'NONE', *, *, #3205, .F. ) ;
#2468 = LINE ( 'NONE', #3767, #6849 ) ;
#2469 = AXIS2_PLACEMENT_3D ( 'NONE', #4877, #3593, #6886 ) ;
#2470 = ORIENTED_EDGE ( 'NONE', *, *, #2332, .F. ) ;
#2471 = ORIENTED_EDGE ( 'NONE', *, *, #5710, .F. ) ;
#2472 = MECHANICAL_DESIGN_GEOMETRIC_PRESENTATION_REPRESENTATION (  '', ( #784 ), #3716 ) ;
#2473 = VERTEX_POINT ( 'NONE', #4839 ) ;
#2474 = LINE ( 'NONE', #4978, #5629 ) ;
#2475 =( LENGTH_UNIT ( ) NAMED_UNIT ( * ) SI_UNIT ( .MILLI., .METRE. ) );
#2476 = EDGE_CURVE ( 'NONE', #616, #4739, #6944, .T. ) ;
#2477 = LINE ( 'NONE', #4617, #2080 ) ;
#2478 = UNCERTAINTY_MEASURE_WITH_UNIT (LENGTH_MEASURE( 1.000000000000000082E-05 ), #5974, 'distance_accuracy_value', 'NONE');
#2479 = CARTESIAN_POINT ( 'NONE',  ( -0.08721733539074393027, 0.04151555367648728651, -0.4990000000000001101 ) ) ;
#2480 = VERTEX_POINT ( 'NONE', #5480 ) ;
#2481 = VECTOR ( 'NONE', #1598, 1000.000000000000000 ) ;
#2482 = CARTESIAN_POINT ( 'NONE',  ( -0.1888003692489944874, 0.03638315817511340866, -0.5000000000000001110 ) ) ;
#2483 =( NAMED_UNIT ( * ) SI_UNIT ( $, .STERADIAN. ) SOLID_ANGLE_UNIT ( ) );
#2484 =( NAMED_UNIT ( * ) PLANE_ANGLE_UNIT ( ) SI_UNIT ( $, .RADIAN. ) );
#2485 = DIRECTION ( 'NONE',  ( 1.000000000000000000, 0.0000000000000000000, 0.0000000000000000000 ) ) ;
#2486 = EDGE_LOOP ( 'NONE', ( #6404, #4965, #1181, #6641 ) ) ;
#2487 = EDGE_CURVE ( 'NONE', #7843, #5616, #695, .T. ) ;
#2488 = DIRECTION ( 'NONE',  ( 0.0000000000000000000, -0.0000000000000000000, 1.000000000000000000 ) ) ;
#2489 = CARTESIAN_POINT ( 'NONE',  ( 0.1100000000000000006, -0.8700000000000002176, -0.3899999999999999578 ) ) ;
#2490 = CARTESIAN_POINT ( 'NONE',  ( 0.09599360712341904744, 0.002997998773044407549, -0.5000000000000001110 ) ) ;
#2491 = PRESENTATION_STYLE_ASSIGNMENT (( #3865 ) ) ;
#2492 = EDGE_CURVE ( 'NONE', #2310, #2630, #1096, .T. ) ;
#2493 = SURFACE_SIDE_STYLE ('',( #407 ) ) ;
#2494 = CARTESIAN_POINT ( 'NONE',  ( -0.7599999999999998979, 0.8700000000000002176, -0.3899999999999999578 ) ) ;
#2495 =( NAMED_UNIT ( * ) PLANE_ANGLE_UNIT ( ) SI_UNIT ( $, .RADIAN. ) );
#2496 = FILL_AREA_STYLE_COLOUR ( '', #7662 ) ;
#2497 =( NAMED_UNIT ( * ) PLANE_ANGLE_UNIT ( ) SI_UNIT ( $, .RADIAN. ) );
#2498 = CARTESIAN_POINT ( 'NONE',  ( -0.1165463296255964121, 0.02951746950985125253, -0.4989999999999998881 ) ) ;
#2499 = AXIS2_PLACEMENT_3D ( 'NONE', #7583, #4496, #6932 ) ;
#2500 = ORIENTED_EDGE ( 'NONE', *, *, #7772, .F. ) ;
#2501 =( LENGTH_UNIT ( ) NAMED_UNIT ( * ) SI_UNIT ( .MILLI., .METRE. ) );
#2502 = FILL_AREA_STYLE_COLOUR ( '', #6113 ) ;
#2503 = CARTESIAN_POINT ( 'NONE',  ( 0.04562407351459989852, 0.05277329662259958032, -0.4989999999999999991 ) ) ;
#2504 =( NAMED_UNIT ( * ) PLANE_ANGLE_UNIT ( ) SI_UNIT ( $, .RADIAN. ) );
#2505 = VECTOR ( 'NONE', #5404, 1000.000000000000000 ) ;
#2506 = LINE ( 'NONE', #2274, #5573 ) ;
#2507 = ORIENTED_EDGE ( 'NONE', *, *, #2907, .T. ) ;
#2508 =( LENGTH_UNIT ( ) NAMED_UNIT ( * ) SI_UNIT ( .MILLI., .METRE. ) );
#2509 = DIRECTION ( 'NONE',  ( -0.3635424856527063042, -0.9315776194850602376, 0.0000000000000000000 ) ) ;
#2510 = STYLED_ITEM ( 'NONE', ( #7303 ), #3467 ) ;
#2511 = CARTESIAN_POINT ( 'NONE',  ( 0.09592616804333839453, 0.006005872326861980831, -0.5000000000000001110 ) ) ;
#2512 = CARTESIAN_POINT ( 'NONE',  ( 0.1691989702786806105, -0.04747953715050572815, -0.4989999999999999991 ) ) ;
#2513 = DIRECTION ( 'NONE',  ( -1.000000000000000000, -0.0000000000000000000, -0.0000000000000000000 ) ) ;
#2514 = STYLED_ITEM ( 'NONE', ( #1594 ), #2738 ) ;
#2515 = UNCERTAINTY_MEASURE_WITH_UNIT (LENGTH_MEASURE( 1.000000000000000082E-05 ), #2747, 'distance_accuracy_value', 'NONE');
#2516 =( LENGTH_UNIT ( ) NAMED_UNIT ( * ) SI_UNIT ( .MILLI., .METRE. ) );
#2517 = VERTEX_POINT ( 'NONE', #6805 ) ;
#2518 =( NAMED_UNIT ( * ) SI_UNIT ( $, .STERADIAN. ) SOLID_ANGLE_UNIT ( ) );
#2519 = DIRECTION ( 'NONE',  ( 0.0000000000000000000, -3.497426362856476757E-15, -1.000000000000000000 ) ) ;
#2520 = COLOUR_RGB ( '',0.0000000000000000000, 0.0000000000000000000, 0.0000000000000000000 ) ;
#2521 = FILL_AREA_STYLE ('',( #7681 ) ) ;
#2522 = PRESENTATION_LAYER_ASSIGNMENT (  '', '', ( #3936 ) ) ;
#2523 = PRESENTATION_STYLE_ASSIGNMENT (( #2118 ) ) ;
#2524 =( GEOMETRIC_REPRESENTATION_CONTEXT ( 3 ) GLOBAL_UNCERTAINTY_ASSIGNED_CONTEXT ( ( #2163 ) ) GLOBAL_UNIT_ASSIGNED_CONTEXT ( ( #5989, #6681, #2906 ) ) REPRESENTATION_CONTEXT ( 'NONE', 'WORKASPACE' ) );
#2525 = MECHANICAL_DESIGN_GEOMETRIC_PRESENTATION_REPRESENTATION (  '', ( #1714 ), #2954 ) ;
#2526 = VECTOR ( 'NONE', #4164, 1000.000000000000000 ) ;
#2527 = VECTOR ( 'NONE', #4090, 1000.000000000000000 ) ;
#2528 = PLANE ( 'NONE',  #30 ) ;
#2529 = FILL_AREA_STYLE_COLOUR ( '', #7636 ) ;
#2530 = CARTESIAN_POINT ( 'NONE',  ( -0.1016119640926019391, 0.05073096127790734794, -0.4989999999999998881 ) ) ;
#2531 = CARTESIAN_POINT ( 'NONE',  ( 0.05742271714312773001, 0.05373164060105538320, -0.4999999999999998890 ) ) ;
#2532 = ORIENTED_EDGE ( 'NONE', *, *, #4974, .F. ) ;
#2533 = CARTESIAN_POINT ( 'NONE',  ( 0.05857349268664344133, -0.04865220199086858766, -0.5000000000000001110 ) ) ;
#2534 = VECTOR ( 'NONE', #3371, 1000.000000000000000 ) ;
#2535 =( LENGTH_UNIT ( ) NAMED_UNIT ( * ) SI_UNIT ( .MILLI., .METRE. ) );
#2536 =( NAMED_UNIT ( * ) PLANE_ANGLE_UNIT ( ) SI_UNIT ( $, .RADIAN. ) );
#2537 = LINE ( 'NONE', #4758, #4835 ) ;
#2538 = ORIENTED_EDGE ( 'NONE', *, *, #4765, .F. ) ;
#2539 = CARTESIAN_POINT ( 'NONE',  ( -0.1909668398357772245, 0.03462288038032478033, -0.4990000000000002212 ) ) ;
#2540 = CARTESIAN_POINT ( 'NONE',  ( -0.9753633278277478169, -0.6252415303407389269, 0.003454044793775288419 ) ) ;
#2541 = LINE ( 'NONE', #2948, #2143 ) ;
#2542 = VERTEX_POINT ( 'NONE', #3573 ) ;
#2543 = FILL_AREA_STYLE ('',( #7018 ) ) ;
#2544 = VECTOR ( 'NONE', #6499, 1000.000000000000000 ) ;
#2545 = CARTESIAN_POINT ( 'NONE',  ( -0.5400000000000000355, 0.8700000000000001066, -0.5499999999999999334 ) ) ;
#2546 = FILL_AREA_STYLE_COLOUR ( '', #5818 ) ;
#2547 = ORIENTED_EDGE ( 'NONE', *, *, #2842, .F. ) ;
#2548 = EDGE_CURVE ( 'NONE', #3972, #6329, #4032, .T. ) ;
#2549 = EDGE_LOOP ( 'NONE', ( #7452, #691, #3947, #3695, #196, #7234 ) ) ;
#2550 = FACE_OUTER_BOUND ( 'NONE', #1712, .T. ) ;
#2551 = PRESENTATION_LAYER_ASSIGNMENT (  '', '', ( #6531 ) ) ;
#2552 = CARTESIAN_POINT ( 'NONE',  ( -0.08674757318384257454, -0.03647135650272924356, -0.4989999999999999991 ) ) ;
#2553 = FILL_AREA_STYLE ('',( #5755 ) ) ;
#2554 = ORIENTED_EDGE ( 'NONE', *, *, #6898, .T. ) ;
#2555 = LINE ( 'NONE', #2292, #6413 ) ;
#2556 = CARTESIAN_POINT ( 'NONE',  ( -0.08768775881088124169, 0.05247951365423604575, -0.4989999999999999991 ) ) ;
#2557 = COLOUR_RGB ( '',1.000000000000000000, 1.000000000000000000, 1.000000000000000000 ) ;
#2558 = ORIENTED_EDGE ( 'NONE', *, *, #29, .F. ) ;
#2559 = SURFACE_STYLE_USAGE ( .BOTH. , #1869 ) ;
#2560 = SURFACE_STYLE_USAGE ( .BOTH. , #1305 ) ;
#2561 = PRESENTATION_LAYER_ASSIGNMENT (  '', '', ( #2707 ) ) ;
#2562 = UNCERTAINTY_MEASURE_WITH_UNIT (LENGTH_MEASURE( 1.000000000000000082E-05 ), #5224, 'distance_accuracy_value', 'NONE');
#2563 = VECTOR ( 'NONE', #4805, 1000.000000000000000 ) ;
#2564 = STYLED_ITEM ( 'NONE', ( #3226 ), #2783 ) ;
#2565 =( NAMED_UNIT ( * ) SI_UNIT ( $, .STERADIAN. ) SOLID_ANGLE_UNIT ( ) );
#2566 = PLANE ( 'NONE',  #2499 ) ;
#2567 = SURFACE_STYLE_USAGE ( .BOTH. , #1991 ) ;
#2568 = ORIENTED_EDGE ( 'NONE', *, *, #7447, .T. ) ;
#2569 = DIRECTION ( 'NONE',  ( -0.0000000000000000000, -0.06975647374412545509, 0.9975640502598241977 ) ) ;
#2570 = EDGE_CURVE ( 'NONE', #1327, #2204, #3740, .T. ) ;
#2571 = CARTESIAN_POINT ( 'NONE',  ( 0.1100000000000000006, 0.8700000000000001066, -0.3500000000000000333 ) ) ;
#2572 = CARTESIAN_POINT ( 'NONE',  ( -0.1165463296255964121, 0.02951746950985125253, -0.4989999999999998881 ) ) ;
#2573 = UNCERTAINTY_MEASURE_WITH_UNIT (LENGTH_MEASURE( 1.000000000000000082E-05 ), #2760, 'distance_accuracy_value', 'NONE');
#2574 = VERTEX_POINT ( 'NONE', #5506 ) ;
#2575 = CARTESIAN_POINT ( 'NONE',  ( 0.07265778452590448966, -0.04794776549468757892, -0.5000000000000001110 ) ) ;
#2576 = EDGE_CURVE ( 'NONE', #2737, #190, #2964, .T. ) ;
#2577 =( NAMED_UNIT ( * ) PLANE_ANGLE_UNIT ( ) SI_UNIT ( $, .RADIAN. ) );
#2578 = EDGE_CURVE ( 'NONE', #2968, #273, #5339, .T. ) ;
#2579 = ORIENTED_EDGE ( 'NONE', *, *, #7005, .T. ) ;
#2580 = DIRECTION ( 'NONE',  ( 0.0000000000000000000, 0.9975640502598243087, -0.06975647374412546897 ) ) ;
#2581 =( NAMED_UNIT ( * ) PLANE_ANGLE_UNIT ( ) SI_UNIT ( $, .RADIAN. ) );
#2582 = DIRECTION ( 'NONE',  ( -1.000000000000000000, 0.0000000000000000000, -0.0000000000000000000 ) ) ;
#2583 =( NAMED_UNIT ( * ) PLANE_ANGLE_UNIT ( ) SI_UNIT ( $, .RADIAN. ) );
#2584 = PRESENTATION_STYLE_ASSIGNMENT (( #5881 ) ) ;
#2585 = CARTESIAN_POINT ( 'NONE',  ( 0.03505262881526593349, 0.04977656041046989166, -0.5000000000000000000 ) ) ;
#2586 = AXIS2_PLACEMENT_3D ( 'NONE', #5527, #3079, #2488 ) ;
#2587 = FILL_AREA_STYLE ('',( #7690 ) ) ;
#2588 = CARTESIAN_POINT ( 'NONE',  ( 0.002125799546973263822, 0.04154485309339672749, -0.5000000000000000000 ) ) ;
#2589 = CARTESIAN_POINT ( 'NONE',  ( -1.025000000000000355, -0.5434108397213617270, -0.4500000000000000111 ) ) ;
#2590 = SURFACE_SIDE_STYLE ('',( #5008 ) ) ;
#2591 = CARTESIAN_POINT ( 'NONE',  ( 0.05857349268664344133, -0.04865220199086858766, -0.5000000000000001110 ) ) ;
#2592 = CARTESIAN_POINT ( 'NONE',  ( 0.7599999999999998979, 1.050000000000000044, -0.5500000000000000444 ) ) ;
#2593 = EDGE_CURVE ( 'NONE', #8226, #162, #4147, .T. ) ;
#2594 = DIRECTION ( 'NONE',  ( -1.000000000000000000, -0.0000000000000000000, -0.0000000000000000000 ) ) ;
#2595 = VECTOR ( 'NONE', #5287, 999.9999999999998863 ) ;
#2596 = CARTESIAN_POINT ( 'NONE',  ( -0.08999595294116541355, 0.04145837951056664111, -0.4990000000000001101 ) ) ;
#2597 = CARTESIAN_POINT ( 'NONE',  ( 0.1087165416958683906, -0.009897843501269673258, -0.5000000000000001110 ) ) ;
#2598 = CARTESIAN_POINT ( 'NONE',  ( 0.1179794580835586415, -0.04747953715050572815, -0.5000000000000000000 ) ) ;
#2599 = LINE ( 'NONE', #1942, #1032 ) ;
#2600 = VERTEX_POINT ( 'NONE', #1150 ) ;
#2601 = AXIS2_PLACEMENT_3D ( 'NONE', #387, #4875, #998 ) ;
#2602 = PRESENTATION_LAYER_ASSIGNMENT (  '', '', ( #2134 ) ) ;
#2603 = ORIENTED_EDGE ( 'NONE', *, *, #1734, .F. ) ;
#2604 = CARTESIAN_POINT ( 'NONE',  ( -0.08968696631828190768, -0.03640781695176718152, -0.4989999999999999991 ) ) ;
#2605 = CARTESIAN_POINT ( 'NONE',  ( 0.5400000000000000355, -0.4833137806490306332, 0.1699999999999999567 ) ) ;
#2606 = CARTESIAN_POINT ( 'NONE',  ( -0.1323993183434976351, -0.02171256390002437864, -0.5000000000000000000 ) ) ;
#2607 = CARTESIAN_POINT ( 'NONE',  ( 0.5400000000000000355, 0.8300000000000011813, -0.04000000000000077105 ) ) ;
#2608 = EDGE_LOOP ( 'NONE', ( #5138, #7659, #3496, #7114 ) ) ;
#2609 = STYLED_ITEM ( 'NONE', ( #3909 ), #6220 ) ;
#2610 = UNCERTAINTY_MEASURE_WITH_UNIT (LENGTH_MEASURE( 1.000000000000000082E-05 ), #6407, 'distance_accuracy_value', 'NONE');
#2611 = ADVANCED_FACE ( 'NONE', ( #4449 ), #6249, .T. ) ;
#2612 = SPHERICAL_SURFACE ( 'NONE', #4636, 0.05000000000000000278 ) ;
#2613 =( NAMED_UNIT ( * ) PLANE_ANGLE_UNIT ( ) SI_UNIT ( $, .RADIAN. ) );
#2614 = CARTESIAN_POINT ( 'NONE',  ( -0.9434108397213618602, 0.5434108397213615049, -0.4500000000000000111 ) ) ;
#2615 = DIRECTION ( 'NONE',  ( -1.000000000000000000, 0.0000000000000000000, 0.0000000000000000000 ) ) ;
#2616 = LINE ( 'NONE', #6456, #6579 ) ;
#2617 = MECHANICAL_DESIGN_GEOMETRIC_PRESENTATION_REPRESENTATION (  '', ( #1939 ), #7796 ) ;
#2618 = CARTESIAN_POINT ( 'NONE',  ( 0.06122067335434576429, -0.04868324896458837980, -0.5000000000000000000 ) ) ;
#2619 = ORIENTED_EDGE ( 'NONE', *, *, #639, .T. ) ;
#2620 = DIRECTION ( 'NONE',  ( -1.000000000000000000, -0.0000000000000000000, -0.0000000000000000000 ) ) ;
#2621 = MECHANICAL_DESIGN_GEOMETRIC_PRESENTATION_REPRESENTATION (  '', ( #6600 ), #6774 ) ;
#2622 = CARTESIAN_POINT ( 'NONE',  ( 0.03505262881526593349, 0.04977656041046989166, -0.4989999999999999991 ) ) ;
#2623 = EDGE_CURVE ( 'NONE', #4845, #3675, #3829, .T. ) ;
#2624 = LINE ( 'NONE', #6072, #3885 ) ;
#2625 = CARTESIAN_POINT ( 'NONE',  ( -0.08579340777009993035, 0.04154485309339672749, -0.4989999999999999991 ) ) ;
#2626 = ORIENTED_EDGE ( 'NONE', *, *, #1660, .F. ) ;
#2627 = CARTESIAN_POINT ( 'NONE',  ( 0.05847107393721714952, 0.04276436528851867286, -0.5000000000000000000 ) ) ;
#2628 = VECTOR ( 'NONE', #7317, 1000.000000000000000 ) ;
#2629 = CARTESIAN_POINT ( 'NONE',  ( -0.1100000000000000006, -0.6200000000000012168, -0.04000000000000002859 ) ) ;
#2630 = VERTEX_POINT ( 'NONE', #8133 ) ;
#2631 = CARTESIAN_POINT ( 'NONE',  ( -0.1454351760627828616, -0.04747953715050572815, -0.4989999999999999991 ) ) ;
#2632 = EDGE_CURVE ( 'NONE', #2768, #1107, #6129, .T. ) ;
#2633 = FILL_AREA_STYLE ('',( #2301 ) ) ;
#2634 = LINE ( 'NONE', #6312, #4425 ) ;
#2635 = CARTESIAN_POINT ( 'NONE',  ( 0.5400000000000000355, 0.6700000000000012612, -0.04000000000000020900 ) ) ;
#2636 = PLANE ( 'NONE',  #6878 ) ;
#2637 = ORIENTED_EDGE ( 'NONE', *, *, #1221, .F. ) ;
#2638 = CARTESIAN_POINT ( 'NONE',  ( 0.09513647022960128319, 0.03919541217020888063, -0.5000000000000000000 ) ) ;
#2639 = ORIENTED_EDGE ( 'NONE', *, *, #4710, .F. ) ;
#2640 = SURFACE_SIDE_STYLE ('',( #7520 ) ) ;
#2641 = CARTESIAN_POINT ( 'NONE',  ( 0.05857349268664344133, -0.04865220199086858766, -0.4990000000000001101 ) ) ;
#2642 = CARTESIAN_POINT ( 'NONE',  ( -0.1966546882579048028, 0.05252046284949429128, -0.4989999999999999991 ) ) ;
#2643 = EDGE_LOOP ( 'NONE', ( #3428, #3710, #2818, #6722 ) ) ;
#2644 = LINE ( 'NONE', #3474, #7125 ) ;
#2645 = CARTESIAN_POINT ( 'NONE',  ( 0.1100000000000000006, -1.050000000000000044, -0.3900000000000000688 ) ) ;
#2646 = SURFACE_STYLE_FILL_AREA ( #2553 ) ;
#2647 = DIRECTION ( 'NONE',  ( 0.0000000000000000000, 0.9975640502598243087, 0.06975647374412530244 ) ) ;
#2648 = VERTEX_POINT ( 'NONE', #6885 ) ;
#2649 = CIRCLE ( 'NONE', #6534, 0.2100000000000000477 ) ;
#2650 = EDGE_LOOP ( 'NONE', ( #1189, #4838 ) ) ;
#2651 = STYLED_ITEM ( 'NONE', ( #1365 ), #1553 ) ;
#2652 = ORIENTED_EDGE ( 'NONE', *, *, #1725, .T. ) ;
#2653 = FACE_OUTER_BOUND ( 'NONE', #3622, .T. ) ;
#2654 =( NAMED_UNIT ( * ) SI_UNIT ( $, .STERADIAN. ) SOLID_ANGLE_UNIT ( ) );
#2655 = DIRECTION ( 'NONE',  ( 0.0000000000000000000, -1.000000000000000000, 3.497426362856476362E-15 ) ) ;
#2656 = COLOUR_RGB ( '',1.000000000000000000, 1.000000000000000000, 1.000000000000000000 ) ;
#2657 = ADVANCED_FACE ( 'NONE', ( #7242 ), #1813, .T. ) ;
#2658 = CARTESIAN_POINT ( 'NONE',  ( -0.1323993183434976351, -0.02171256390002437864, -0.4999999999999996669 ) ) ;
#2659 = ORIENTED_EDGE ( 'NONE', *, *, #6203, .T. ) ;
#2660 = ORIENTED_EDGE ( 'NONE', *, *, #5855, .F. ) ;
#2661 = VERTEX_POINT ( 'NONE', #4399 ) ;
#2662 = ORIENTED_EDGE ( 'NONE', *, *, #2728, .F. ) ;
#2663 = STYLED_ITEM ( 'NONE', ( #2755 ), #6096 ) ;
#2664 = SURFACE_STYLE_USAGE ( .BOTH. , #7743 ) ;
#2665 = DIRECTION ( 'NONE',  ( 0.0000000000000000000, 1.000000000000000000, -6.023345402697245979E-16 ) ) ;
#2666 = VECTOR ( 'NONE', #2208, 1000.000000000000000 ) ;
#2667 = DIRECTION ( 'NONE',  ( -1.000000000000000000, 0.0000000000000000000, -0.0000000000000000000 ) ) ;
#2668 = PRESENTATION_LAYER_ASSIGNMENT (  '', '', ( #562 ) ) ;
#2669 = VECTOR ( 'NONE', #6732, 1000.000000000000000 ) ;
#2670 = CARTESIAN_POINT ( 'NONE',  ( 0.1039079492774848401, 0.02691091480005550554, -0.4989999999999999991 ) ) ;
#2671 =( BOUNDED_CURVE ( )  B_SPLINE_CURVE ( 3, ( #715, #7108, #149, #6425 ),
 .UNSPECIFIED., .F., .F. ) 
 B_SPLINE_CURVE_WITH_KNOTS ( ( 4, 4 ),
 ( 5.500220136198056053, 7.066150478161116411 ),
 .UNSPECIFIED. ) 
 CURVE ( )  GEOMETRIC_REPRESENTATION_ITEM ( )  RATIONAL_B_SPLINE_CURVE ( ( 1.000000000000000000, 0.8058833813892017917, 0.8058833813892017917, 1.000000000000000000 ) ) 
 REPRESENTATION_ITEM ( '' )  );
#2672 = FILL_AREA_STYLE_COLOUR ( '', #6999 ) ;
#2673 = CARTESIAN_POINT ( 'NONE',  ( -0.9751217974870091121, -0.6250000000000001110, 0.0000000000000000000 ) ) ;
#2674 = PLANE ( 'NONE',  #322 ) ;
#2675 = CARTESIAN_POINT ( 'NONE',  ( 0.1557843361323391351, -0.03650392739440816436, -0.4989999999999999991 ) ) ;
#2676 = EDGE_CURVE ( 'NONE', #4436, #1719, #2474, .T. ) ;
#2677 = ORIENTED_EDGE ( 'NONE', *, *, #6882, .T. ) ;
#2678 = DIRECTION ( 'NONE',  ( 1.000000000000000000, 0.0000000000000000000, 0.0000000000000000000 ) ) ;
#2679 = PRODUCT_CONTEXT ( 'NONE', #1691, 'mechanical' ) ;
#2680 = AXIS2_PLACEMENT_3D ( 'NONE', #5533, #2389, #7533 ) ;
#2681 = CIRCLE ( 'NONE', #1636, 0.2100000000000000477 ) ;
#2682 = SURFACE_STYLE_USAGE ( .BOTH. , #6464 ) ;
#2683 = MECHANICAL_DESIGN_GEOMETRIC_PRESENTATION_REPRESENTATION (  '', ( #6130 ), #3576 ) ;
#2684 = EDGE_CURVE ( 'NONE', #6709, #5260, #3933, .T. ) ;
#2685 = CARTESIAN_POINT ( 'NONE',  ( -0.1344985269545220796, -0.01716919636507928740, -0.4999999999999998890 ) ) ;
#2686 = EDGE_CURVE ( 'NONE', #8069, #1927, #1696, .T. ) ;
#2687 = CARTESIAN_POINT ( 'NONE',  ( -0.1247034687457096586, 0.003492261629982082970, -0.4989999999999999991 ) ) ;
#2688 = FILL_AREA_STYLE ('',( #5166 ) ) ;
#2689 =( NAMED_UNIT ( * ) SI_UNIT ( $, .STERADIAN. ) SOLID_ANGLE_UNIT ( ) );
#2690 =( LENGTH_UNIT ( ) NAMED_UNIT ( * ) SI_UNIT ( .MILLI., .METRE. ) );
#2691 =( NAMED_UNIT ( * ) PLANE_ANGLE_UNIT ( ) SI_UNIT ( $, .RADIAN. ) );
#2692 = ADVANCED_FACE ( 'NONE', ( #4851 ), #8239, .T. ) ;
#2693 = VECTOR ( 'NONE', #134, 1000.000000000000000 ) ;
#2694 = EDGE_LOOP ( 'NONE', ( #1346, #4857, #4576, #2386 ) ) ;
#2695 = CARTESIAN_POINT ( 'NONE',  ( 0.1059339182993407624, 0.02221740084168064358, -0.5000000000000000000 ) ) ;
#2696 = CARTESIAN_POINT ( 'NONE',  ( 0.09602823857136350005, 0.001453389678762573084, -0.4989999999999999991 ) ) ;
#2697 = CARTESIAN_POINT ( 'NONE',  ( 0.1100000000000000422, -0.6131124419696033501, 0.1699999999999999567 ) ) ;
#2698 = DIRECTION ( 'NONE',  ( 0.0000000000000000000, -1.000000000000000000, 0.0000000000000000000 ) ) ;
#2699 = CARTESIAN_POINT ( 'NONE',  ( -0.1247034687457096586, 0.003492261629982082970, -0.4989999999999999991 ) ) ;
#2700 = CARTESIAN_POINT ( 'NONE',  ( 0.07734941220391190753, -0.04688451400501312399, -0.4989999999999999991 ) ) ;
#2701 = VERTEX_POINT ( 'NONE', #1948 ) ;
#2702 = EDGE_CURVE ( 'NONE', #7535, #110, #6730, .T. ) ;
#2703 = CARTESIAN_POINT ( 'NONE',  ( 0.09600045658635081303, -8.730890814550715040E-06, -0.4989999999999998881 ) ) ;
#2704 = CYLINDRICAL_SURFACE ( 'NONE', #2881, 0.05000000000000002359 ) ;
#2705 = SURFACE_STYLE_USAGE ( .BOTH. , #1522 ) ;
#2706 = MECHANICAL_DESIGN_GEOMETRIC_PRESENTATION_REPRESENTATION (  '', ( #1891 ), #877 ) ;
#2707 = STYLED_ITEM ( 'NONE', ( #5040 ), #5278 ) ;
#2708 = CARTESIAN_POINT ( 'NONE',  ( -0.1143158024179719012, -0.02603171794524919425, -0.4989999999999999991 ) ) ;
#2709 = UNCERTAINTY_MEASURE_WITH_UNIT (LENGTH_MEASURE( 1.000000000000000082E-05 ), #5394, 'distance_accuracy_value', 'NONE');
#2710 = FACE_OUTER_BOUND ( 'NONE', #1091, .T. ) ;
#2711 = DIRECTION ( 'NONE',  ( -4.910211476552319206E-15, 2.202967291917165577E-13, -1.000000000000000000 ) ) ;
#2712 = SURFACE_SIDE_STYLE ('',( #2987 ) ) ;
#2713 = SURFACE_SIDE_STYLE ('',( #5215 ) ) ;
#2714 = DIRECTION ( 'NONE',  ( -1.000000000000000000, 0.0000000000000000000, 0.0000000000000000000 ) ) ;
#2715 = SURFACE_SIDE_STYLE ('',( #5549 ) ) ;
#2716 = LINE ( 'NONE', #1534, #4187 ) ;
#2717 = ORIENTED_EDGE ( 'NONE', *, *, #1422, .T. ) ;
#2718 = EDGE_CURVE ( 'NONE', #5334, #7711, #6118, .T. ) ;
#2719 = STYLED_ITEM ( 'NONE', ( #3039 ), #6465 ) ;
#2720 = CARTESIAN_POINT ( 'NONE',  ( 0.07407381330550553977, 0.05177333191753711455, -0.5000000000000001110 ) ) ;
#2721 =( NAMED_UNIT ( * ) SI_UNIT ( $, .STERADIAN. ) SOLID_ANGLE_UNIT ( ) );
#2722 = AXIS2_PLACEMENT_3D ( 'NONE', #5405, #1667, #2886 ) ;
#2723 =( NAMED_UNIT ( * ) SI_UNIT ( $, .STERADIAN. ) SOLID_ANGLE_UNIT ( ) );
#2724 = CARTESIAN_POINT ( 'NONE',  ( 0.9504035209157122299, 0.6002817234287037840, 0.3534878236872062707 ) ) ;
#2725 = COLOUR_RGB ( '',0.0000000000000000000, 0.0000000000000000000, 0.0000000000000000000 ) ;
#2726 = ADVANCED_FACE ( 'NONE', ( #2952 ), #3539, .T. ) ;
#2727 = AXIS2_PLACEMENT_3D ( 'NONE', #3320, #5258, #4643 ) ;
#2728 = EDGE_CURVE ( 'NONE', #2985, #6079, #8157, .T. ) ;
#2729 = FILL_AREA_STYLE ('',( #1514 ) ) ;
#2730 = SURFACE_STYLE_FILL_AREA ( #1068 ) ;
#2731 = PRESENTATION_STYLE_ASSIGNMENT (( #1126 ) ) ;
#2732 = VECTOR ( 'NONE', #4804, 1000.000000000000000 ) ;
#2733 = CARTESIAN_POINT ( 'NONE',  ( 0.1100000000000000006, -1.050000000000000044, -0.5500000000000000444 ) ) ;
#2734 = CARTESIAN_POINT ( 'NONE',  ( -0.1454351760627828616, -0.04747953715050572815, -0.5000000000000000000 ) ) ;
#2735 = SURFACE_STYLE_USAGE ( .BOTH. , #5372 ) ;
#2736 = CIRCLE ( 'NONE', #507, 0.05000000000000001665 ) ;
#2737 = VERTEX_POINT ( 'NONE', #6972 ) ;
#2738 = ADVANCED_FACE ( 'NONE', ( #2462 ), #3350, .T. ) ;
#2739 = DIRECTION ( 'NONE',  ( 0.0000000000000000000, 0.0000000000000000000, 1.000000000000000000 ) ) ;
#2740 = ORIENTED_EDGE ( 'NONE', *, *, #132, .T. ) ;
#2741 = ORIENTED_EDGE ( 'NONE', *, *, #4400, .F. ) ;
#2742 = VECTOR ( 'NONE', #8175, 1000.000000000000000 ) ;
#2743 = AXIS2_PLACEMENT_3D ( 'NONE', #7701, #112, #2647 ) ;
#2744 = CARTESIAN_POINT ( 'NONE',  ( 0.08106355425665727477, -0.03182632798931127327, -0.5000000000000000000 ) ) ;
#2745 = DIRECTION ( 'NONE',  ( 0.0000000000000000000, 0.0000000000000000000, -1.000000000000000000 ) ) ;
#2746 = ORIENTED_EDGE ( 'NONE', *, *, #3589, .F. ) ;
#2747 =( LENGTH_UNIT ( ) NAMED_UNIT ( * ) SI_UNIT ( .MILLI., .METRE. ) );
#2748 = EDGE_CURVE ( 'NONE', #1002, #4029, #1087, .T. ) ;
#2749 = DIRECTION ( 'NONE',  ( 0.0000000000000000000, 3.497426362856475968E-15, 1.000000000000000000 ) ) ;
#2750 = ORIENTED_EDGE ( 'NONE', *, *, #7571, .T. ) ;
#2751 = CARTESIAN_POINT ( 'NONE',  ( -0.7599999999999998979, 0.6200000000000012168, -0.04000000000000002859 ) ) ;
#2752 = DIRECTION ( 'NONE',  ( -1.000000000000000000, -0.0000000000000000000, -0.0000000000000000000 ) ) ;
#2753 = ORIENTED_EDGE ( 'NONE', *, *, #4896, .T. ) ;
#2754 = EDGE_CURVE ( 'NONE', #3972, #4975, #2263, .T. ) ;
#2755 = PRESENTATION_STYLE_ASSIGNMENT (( #2186 ) ) ;
#2756 = VECTOR ( 'NONE', #3, 1000.000000000000114 ) ;
#2757 = CARTESIAN_POINT ( 'NONE',  ( 0.04048941092668955494, 0.03918966391083420625, -0.5000000000000000000 ) ) ;
#2758 = VERTEX_POINT ( 'NONE', #1432 ) ;
#2759 = SURFACE_SIDE_STYLE ('',( #6367 ) ) ;
#2760 =( LENGTH_UNIT ( ) NAMED_UNIT ( * ) SI_UNIT ( .MILLI., .METRE. ) );
#2761 = EDGE_LOOP ( 'NONE', ( #5852, #2347, #6498, #6785 ) ) ;
#2762 =( LENGTH_UNIT ( ) NAMED_UNIT ( * ) SI_UNIT ( .MILLI., .METRE. ) );
#2763 = ORIENTED_EDGE ( 'NONE', *, *, #3061, .F. ) ;
#2764 = CARTESIAN_POINT ( 'NONE',  ( -0.1017825597499552176, -0.03395792785625957599, -0.4990000000000001101 ) ) ;
#2765 = SURFACE_STYLE_USAGE ( .BOTH. , #3412 ) ;
#2766 = STYLED_ITEM ( 'NONE', ( #1261 ), #6781 ) ;
#2767 = COLOUR_RGB ( '',1.000000000000000000, 1.000000000000000000, 1.000000000000000000 ) ;
#2768 = VERTEX_POINT ( 'NONE', #876 ) ;
#2769 = SURFACE_SIDE_STYLE ('',( #7951 ) ) ;
#2770 = CARTESIAN_POINT ( 'NONE',  ( -0.1898330419164413752, 0.04032534089827476825, -0.4999999999999998890 ) ) ;
#2771 = CARTESIAN_POINT ( 'NONE',  ( 0.08632818488607700569, -0.02718041674604462429, -0.5000000000000000000 ) ) ;
#2772 = UNCERTAINTY_MEASURE_WITH_UNIT (LENGTH_MEASURE( 1.000000000000000082E-05 ), #539, 'distance_accuracy_value', 'NONE');
#2773 = CARTESIAN_POINT ( 'NONE',  ( -0.5400000000000000355, 1.050000000000000044, -0.3900000000000000688 ) ) ;
#2774 = ORIENTED_EDGE ( 'NONE', *, *, #6665, .T. ) ;
#2775 = ADVANCED_FACE ( 'NONE', ( #2653 ), #6003, .F. ) ;
#2776 = STYLED_ITEM ( 'NONE', ( #893 ), #6051 ) ;
#2777 = CARTESIAN_POINT ( 'NONE',  ( 0.05982601012366819959, 0.04273523167992090976, -0.5000000000000001110 ) ) ;
#2778 = DIRECTION ( 'NONE',  ( 0.0000000000000000000, 0.0000000000000000000, 1.000000000000000000 ) ) ;
#2779 = DIRECTION ( 'NONE',  ( 1.000000000000000000, 0.0000000000000000000, 0.0000000000000000000 ) ) ;
#2780 =( NAMED_UNIT ( * ) SI_UNIT ( $, .STERADIAN. ) SOLID_ANGLE_UNIT ( ) );
#2781 =( GEOMETRIC_REPRESENTATION_CONTEXT ( 3 ) GLOBAL_UNCERTAINTY_ASSIGNED_CONTEXT ( ( #2372 ) ) GLOBAL_UNIT_ASSIGNED_CONTEXT ( ( #470, #6192, #4900 ) ) REPRESENTATION_CONTEXT ( 'NONE', 'WORKASPACE' ) );
#2782 = VERTEX_POINT ( 'NONE', #2773 ) ;
#2783 = ADVANCED_FACE ( 'NONE', ( #77 ), #3819, .T. ) ;
#2784 = EDGE_CURVE ( 'NONE', #5525, #1485, #3908, .T. ) ;
#2785 = CARTESIAN_POINT ( 'NONE',  ( 0.03505262881526593349, 0.03636192626412842327, -0.4989999999999999991 ) ) ;
#2786 = SURFACE_SIDE_STYLE ('',( #5859 ) ) ;
#2787 = FILL_AREA_STYLE_COLOUR ( '', #6724 ) ;
#2788 =( NAMED_UNIT ( * ) SI_UNIT ( $, .STERADIAN. ) SOLID_ANGLE_UNIT ( ) );
#2789 = PRESENTATION_STYLE_ASSIGNMENT (( #3236 ) ) ;
#2790 =( LENGTH_UNIT ( ) NAMED_UNIT ( * ) SI_UNIT ( .MILLI., .METRE. ) );
#2791 = CARTESIAN_POINT ( 'NONE',  ( 0.05951200749039761012, -0.03770758553478806979, -0.4989999999999999991 ) ) ;
#2792 =( LENGTH_UNIT ( ) NAMED_UNIT ( * ) SI_UNIT ( .MILLI., .METRE. ) );
#2793 = STYLED_ITEM ( 'NONE', ( #740 ), #7884 ) ;
#2794 = AXIS2_PLACEMENT_3D ( 'NONE', #3008, #1082, #6154 ) ;
#2795 = CARTESIAN_POINT ( 'NONE',  ( 0.06820841523893550473, -0.03712057429452102902, -0.4990000000000002212 ) ) ;
#2796 = FILL_AREA_STYLE_COLOUR ( '', #4220 ) ;
#2797 = CARTESIAN_POINT ( 'NONE',  ( -0.9504035209157130071, -0.5504035209157127628, 0.3499999999999999778 ) ) ;
#2798 = CARTESIAN_POINT ( 'NONE',  ( -0.08674757318384257454, -0.03647135650272924356, -0.5000000000000000000 ) ) ;
#2799 = CARTESIAN_POINT ( 'NONE',  ( -0.1898330419164413752, 0.04032534089827476825, -0.4989999999999999991 ) ) ;
#2800 = DIRECTION ( 'NONE',  ( 0.3363908276654490881, -0.9417224702971432881, 0.0000000000000000000 ) ) ;
#2801 = EDGE_CURVE ( 'NONE', #4739, #8123, #7123, .T. ) ;
#2802 = DIRECTION ( 'NONE',  ( 0.0000000000000000000, -1.000000000000000000, 3.497426362856475968E-15 ) ) ;
#2803 = ORIENTED_EDGE ( 'NONE', *, *, #1999, .T. ) ;
#2804 = DIRECTION ( 'NONE',  ( -1.000000000000000000, -0.0000000000000000000, -0.0000000000000000000 ) ) ;
#2805 = FACE_OUTER_BOUND ( 'NONE', #5878, .T. ) ;
#2806 = CARTESIAN_POINT ( 'NONE',  ( 0.05741586096627490643, 0.04274841122888480005, -0.4990000000000001101 ) ) ;
#2807 = EDGE_LOOP ( 'NONE', ( #4798, #147, #6255, #8161 ) ) ;
#2808 =( NAMED_UNIT ( * ) SI_UNIT ( $, .STERADIAN. ) SOLID_ANGLE_UNIT ( ) );
#2809 = DIRECTION ( 'NONE',  ( -0.9406672605435402179, 0.3393303772748785252, 0.0000000000000000000 ) ) ;
#2810 = ADVANCED_FACE ( 'NONE', ( #7937 ), #5420, .F. ) ;
#2811 =( GEOMETRIC_REPRESENTATION_CONTEXT ( 3 ) GLOBAL_UNCERTAINTY_ASSIGNED_CONTEXT ( ( #3523 ) ) GLOBAL_UNIT_ASSIGNED_CONTEXT ( ( #7359, #3514, #4161 ) ) REPRESENTATION_CONTEXT ( 'NONE', 'WORKASPACE' ) );
#2812 = CARTESIAN_POINT ( 'NONE',  ( -0.08674757318384257454, -0.03647135650272924356, -0.4989999999999999991 ) ) ;
#2813 = CARTESIAN_POINT ( 'NONE',  ( -0.08585057240424628922, 0.05252046284949429128, -0.4989999999999999991 ) ) ;
#2814 = LINE ( 'NONE', #3283, #7301 ) ;
#2815 = CARTESIAN_POINT ( 'NONE',  ( -0.7599999999999998979, -0.6700000000000002620, -0.3499999999999993672 ) ) ;
#2816 = EDGE_CURVE ( 'NONE', #2542, #4592, #4532, .T. ) ;
#2817 = LINE ( 'NONE', #2696, #1144 ) ;
#2818 = ORIENTED_EDGE ( 'NONE', *, *, #2842, .T. ) ;
#2819 = CARTESIAN_POINT ( 'NONE',  ( -0.1100000000000000006, -0.8300000000000011813, -0.04000000000000077105 ) ) ;
#2820 = ADVANCED_FACE ( 'NONE', ( #4326, #6717, #3321, #6405, #3623, #8227 ), #6700, .F. ) ;
#2821 = CARTESIAN_POINT ( 'NONE',  ( 0.9751217974870085570, -0.6250000000000001110, 0.0000000000000000000 ) ) ;
#2822 = VECTOR ( 'NONE', #2894, 1000.000000000000000 ) ;
#2823 =( GEOMETRIC_REPRESENTATION_CONTEXT ( 3 ) GLOBAL_UNCERTAINTY_ASSIGNED_CONTEXT ( ( #5496 ) ) GLOBAL_UNIT_ASSIGNED_CONTEXT ( ( #3652, #6853, #8092 ) ) REPRESENTATION_CONTEXT ( 'NONE', 'WORKASPACE' ) );
#2824 = PLANE ( 'NONE',  #3625 ) ;
#2825 =( GEOMETRIC_REPRESENTATION_CONTEXT ( 3 ) GLOBAL_UNCERTAINTY_ASSIGNED_CONTEXT ( ( #6420 ) ) GLOBAL_UNIT_ASSIGNED_CONTEXT ( ( #6642, #2200, #7361 ) ) REPRESENTATION_CONTEXT ( 'NONE', 'WORKASPACE' ) );
#2826 = ORIENTED_EDGE ( 'NONE', *, *, #8049, .F. ) ;
#2827 = MECHANICAL_DESIGN_GEOMETRIC_PRESENTATION_REPRESENTATION (  '', ( #562 ), #4687 ) ;
#2828 = CARTESIAN_POINT ( 'NONE',  ( -0.1206956644095727588, -0.01689826098845342156, -0.5000000000000000000 ) ) ;
#2829 = CARTESIAN_POINT ( 'NONE',  ( 0.06039152090248124660, 0.05369795254327091455, -0.5000000000000000000 ) ) ;
#2830 = DIRECTION ( 'NONE',  ( 0.0000000000000000000, 0.0000000000000000000, 1.000000000000000000 ) ) ;
#2831 = FILL_AREA_STYLE_COLOUR ( '', #6037 ) ;
#2832 = LINE ( 'NONE', #557, #5017 ) ;
#2833 = EDGE_CURVE ( 'NONE', #273, #1391, #7017, .T. ) ;
#2834 = ORIENTED_EDGE ( 'NONE', *, *, #4117, .F. ) ;
#2835 = LINE ( 'NONE', #1328, #1465 ) ;
#2836 = CARTESIAN_POINT ( 'NONE',  ( -0.7599999999999998979, 0.8700000000000001066, -0.3500000000000000333 ) ) ;
#2837 = PRESENTATION_LAYER_ASSIGNMENT (  '', '', ( #6068 ) ) ;
#2838 = CARTESIAN_POINT ( 'NONE',  ( 0.002125799546973263822, -0.03650392739440816436, -0.4989999999999999991 ) ) ;
#2839 = EDGE_LOOP ( 'NONE', ( #5521, #5136, #3135, #5162 ) ) ;
#2840 = CARTESIAN_POINT ( 'NONE',  ( 0.07501436417528378753, -0.03514315076052923481, -0.4990000000000003322 ) ) ;
#2841 =( GEOMETRIC_REPRESENTATION_CONTEXT ( 3 ) GLOBAL_UNCERTAINTY_ASSIGNED_CONTEXT ( ( #3609 ) ) GLOBAL_UNIT_ASSIGNED_CONTEXT ( ( #3990, #2160, #5290 ) ) REPRESENTATION_CONTEXT ( 'NONE', 'WORKASPACE' ) );
#2842 = EDGE_CURVE ( 'NONE', #6469, #6815, #4493, .T. ) ;
#2843 = CARTESIAN_POINT ( 'NONE',  ( -0.1110097902005171139, 0.04744260895042992643, -0.4989999999999999991 ) ) ;
#2844 = COLOUR_RGB ( '',1.000000000000000000, 1.000000000000000000, 1.000000000000000000 ) ;
#2845 = CARTESIAN_POINT ( 'NONE',  ( 0.08983362780166123662, -0.04116950576441349985, -0.4989999999999998881 ) ) ;
#2846 = EDGE_LOOP ( 'NONE', ( #6415, #3588, #4129, #7653 ) ) ;
#2847 = VECTOR ( 'NONE', #577, 1000.000000000000000 ) ;
#2848 = VERTEX_POINT ( 'NONE', #4116 ) ;
#2849 = EDGE_CURVE ( 'NONE', #4621, #5894, #4731, .T. ) ;
#2850 = CARTESIAN_POINT ( 'NONE',  ( 0.03505262881526593349, -0.03132100056513987402, -0.4989999999999999991 ) ) ;
#2851 = EDGE_LOOP ( 'NONE', ( #791, #7829, #1737, #7207 ) ) ;
#2852 = COLOUR_RGB ( '',0.2509803921568627416, 0.2509803921568627416, 0.2509803921568627416 ) ;
#2853 = CARTESIAN_POINT ( 'NONE',  ( -0.1909668398357772245, 0.03462288038032478033, -0.4990000000000002212 ) ) ;
#2854 = CARTESIAN_POINT ( 'NONE',  ( -1.675000000000000266, -0.6131124419696033501, 0.1699999999999999567 ) ) ;
#2855 =( NAMED_UNIT ( * ) PLANE_ANGLE_UNIT ( ) SI_UNIT ( $, .RADIAN. ) );
#2856 = DIRECTION ( 'NONE',  ( -1.000000000000000000, 0.0000000000000000000, -0.0000000000000000000 ) ) ;
#2857 = ORIENTED_EDGE ( 'NONE', *, *, #5286, .T. ) ;
#2858 = PRESENTATION_STYLE_ASSIGNMENT (( #5889 ) ) ;
#2859 = EDGE_LOOP ( 'NONE', ( #7771, #7399, #5984, #3331 ) ) ;
#2860 = ORIENTED_EDGE ( 'NONE', *, *, #7614, .T. ) ;
#2861 = FACE_OUTER_BOUND ( 'NONE', #3452, .T. ) ;
#2862 = CARTESIAN_POINT ( 'NONE',  ( 0.5400000000000000355, 0.6700000000000012612, -0.04000000000000020900 ) ) ;
#2863 = FILL_AREA_STYLE ('',( #6662 ) ) ;
#2864 = VECTOR ( 'NONE', #7512, 1000.000000000000000 ) ;
#2865 = CARTESIAN_POINT ( 'NONE',  ( 0.5400000000000000355, -0.8700000000000001066, -0.5499999999999999334 ) ) ;
#2866 = EDGE_LOOP ( 'NONE', ( #3641, #3818, #5027, #2677 ) ) ;
#2867 = CARTESIAN_POINT ( 'NONE',  ( 1.000281723428703584, -0.5970292752225959676, 0.3534878236872062707 ) ) ;
#2868 = COLOUR_RGB ( '',0.0000000000000000000, 0.0000000000000000000, 0.0000000000000000000 ) ;
#2869 = ORIENTED_EDGE ( 'NONE', *, *, #4382, .T. ) ;
#2870 = ADVANCED_FACE ( 'NONE', ( #6820 ), #2165, .T. ) ;
#2871 = DIRECTION ( 'NONE',  ( -0.3635424856527063042, -0.9315776194850602376, 0.0000000000000000000 ) ) ;
#2872 = SURFACE_STYLE_FILL_AREA ( #410 ) ;
#2873 = SURFACE_SIDE_STYLE ('',( #2368 ) ) ;
#2874 = CARTESIAN_POINT ( 'NONE',  ( 0.1077410880133442550, -0.01480491514452331528, -0.4999999999999998890 ) ) ;
#2875 = UNCERTAINTY_MEASURE_WITH_UNIT (LENGTH_MEASURE( 1.000000000000000082E-05 ), #3669, 'distance_accuracy_value', 'NONE');
#2876 = STYLED_ITEM ( 'NONE', ( #824 ), #5512 ) ;
#2877 = CARTESIAN_POINT ( 'NONE',  ( 0.1100000000000000006, 0.8700000000000002176, -0.3899999999999999578 ) ) ;
#2878 = VERTEX_POINT ( 'NONE', #2821 ) ;
#2879 = CARTESIAN_POINT ( 'NONE',  ( -0.1883863551900803734, 0.03475417705277631525, -0.4989999999999999991 ) ) ;
#2880 = DIRECTION ( 'NONE',  ( -0.0000000000000000000, -0.0000000000000000000, 1.000000000000000000 ) ) ;
#2881 = AXIS2_PLACEMENT_3D ( 'NONE', #748, #7062, #3313 ) ;
#2882 = SURFACE_STYLE_FILL_AREA ( #6794 ) ;
#2883 = MECHANICAL_DESIGN_GEOMETRIC_PRESENTATION_REPRESENTATION (  '', ( #2719 ), #8179 ) ;
#2884 = CARTESIAN_POINT ( 'NONE',  ( -0.05763029801400236518, -0.04747953715050572815, -0.4989999999999999991 ) ) ;
#2885 = CARTESIAN_POINT ( 'NONE',  ( 0.9434108397213614161, -0.5434108397213617270, -0.5000000000000000000 ) ) ;
#2886 = DIRECTION ( 'NONE',  ( -0.0000000000000000000, 0.0000000000000000000, -1.000000000000000000 ) ) ;
#2887 =( GEOMETRIC_REPRESENTATION_CONTEXT ( 3 ) GLOBAL_UNCERTAINTY_ASSIGNED_CONTEXT ( ( #1057 ) ) GLOBAL_UNIT_ASSIGNED_CONTEXT ( ( #8106, #1151, #4902 ) ) REPRESENTATION_CONTEXT ( 'NONE', 'WORKASPACE' ) );
#2888 = MECHANICAL_DESIGN_GEOMETRIC_PRESENTATION_REPRESENTATION (  '', ( #246 ), #2195 ) ;
#2889 = EDGE_CURVE ( 'NONE', #3800, #2701, #7529, .T. ) ;
#2890 = DIRECTION ( 'NONE',  ( 0.0000000000000000000, -1.000000000000000000, 3.497426362856476362E-15 ) ) ;
#2891 =( NAMED_UNIT ( * ) SI_UNIT ( $, .STERADIAN. ) SOLID_ANGLE_UNIT ( ) );
#2892 = SURFACE_SIDE_STYLE ('',( #7943 ) ) ;
#2893 = ADVANCED_FACE ( 'NONE', ( #5509 ), #5130, .T. ) ;
#2894 = DIRECTION ( 'NONE',  ( -1.000000000000000000, 0.0000000000000000000, -0.0000000000000000000 ) ) ;
#2895 = CARTESIAN_POINT ( 'NONE',  ( -0.03567907850180723761, 0.04154485309339672749, -0.4989999999999999991 ) ) ;
#2896 = EDGE_LOOP ( 'NONE', ( #2356, #3631, #2454, #3348 ) ) ;
#2897 =( NAMED_UNIT ( * ) PLANE_ANGLE_UNIT ( ) SI_UNIT ( $, .RADIAN. ) );
#2898 = MECHANICAL_DESIGN_GEOMETRIC_PRESENTATION_REPRESENTATION (  '', ( #7003 ), #3305 ) ;
#2899 = DIRECTION ( 'NONE',  ( 0.0000000000000000000, 0.0000000000000000000, 1.000000000000000000 ) ) ;
#2900 = ADVANCED_FACE ( 'NONE', ( #7832 ), #7629, .T. ) ;
#2901 = CARTESIAN_POINT ( 'NONE',  ( 0.0000000000000000000, 0.0000000000000000000, -0.5000000000000000000 ) ) ;
#2902 = CARTESIAN_POINT ( 'NONE',  ( 0.09144867475734205775, 0.04261276282033241852, -0.4989999999999999991 ) ) ;
#2903 = EDGE_CURVE ( 'NONE', #8218, #5535, #2634, .T. ) ;
#2904 = VECTOR ( 'NONE', #2231, 1000.000000000000000 ) ;
#2905 = EDGE_LOOP ( 'NONE', ( #2532, #3927, #7991, #7818 ) ) ;
#2906 =( NAMED_UNIT ( * ) SI_UNIT ( $, .STERADIAN. ) SOLID_ANGLE_UNIT ( ) );
#2907 = EDGE_CURVE ( 'NONE', #3431, #5528, #5786, .T. ) ;
#2908 = CARTESIAN_POINT ( 'NONE',  ( -0.1115789629327052501, -0.02849922401646069747, -0.4999999999999998890 ) ) ;
#2909 = CARTESIAN_POINT ( 'NONE',  ( 0.03505262881526593349, -0.03132100056513987402, -0.5000000000000001110 ) ) ;
#2910 = DIRECTION ( 'NONE',  ( -0.0000000000000000000, -0.0000000000000000000, -1.000000000000000000 ) ) ;
#2911 = DIRECTION ( 'NONE',  ( 0.0000000000000000000, 3.497426362856476362E-15, -1.000000000000000000 ) ) ;
#2912 = SURFACE_STYLE_FILL_AREA ( #5314 ) ;
#2913 = EDGE_LOOP ( 'NONE', ( #6324, #5517, #6295, #135 ) ) ;
#2914 = SURFACE_STYLE_FILL_AREA ( #3493 ) ;
#2915 = FILL_AREA_STYLE ('',( #1708 ) ) ;
#2916 = PRESENTATION_LAYER_ASSIGNMENT (  '', '', ( #2766 ) ) ;
#2917 = CARTESIAN_POINT ( 'NONE',  ( -0.1100000000000000006, -0.8300000000000001821, -0.3499999999999998668 ) ) ;
#2918 = SURFACE_STYLE_USAGE ( .BOTH. , #6727 ) ;
#2919 = COLOUR_RGB ( '',1.000000000000000000, 1.000000000000000000, 1.000000000000000000 ) ;
#2920 = ORIENTED_EDGE ( 'NONE', *, *, #580, .T. ) ;
#2921 = DIRECTION ( 'NONE',  ( -0.0000000000000000000, -0.0000000000000000000, -1.000000000000000000 ) ) ;
#2922 = UNCERTAINTY_MEASURE_WITH_UNIT (LENGTH_MEASURE( 1.000000000000000082E-05 ), #2341, 'distance_accuracy_value', 'NONE');
#2923 = CARTESIAN_POINT ( 'NONE',  ( -1.000281723428704250, 0.5970292752225957456, 0.3534878236872062707 ) ) ;
#2924 =( LENGTH_UNIT ( ) NAMED_UNIT ( * ) SI_UNIT ( .MILLI., .METRE. ) );
#2925 = CARTESIAN_POINT ( 'NONE',  ( 0.09019678563322351683, 0.02553799155439841900, -0.4989999999999999991 ) ) ;
#2926 = EDGE_LOOP ( 'NONE', ( #6762, #304, #2449, #7761 ) ) ;
#2927 = CARTESIAN_POINT ( 'NONE',  ( 0.0000000000000000000, 0.5504035209157126518, 0.3499999999999999778 ) ) ;
#2928 = CARTESIAN_POINT ( 'NONE',  ( 0.05858540320550985336, 0.05373997504461623664, -0.4989999999999999991 ) ) ;
#2929 = AXIS2_PLACEMENT_3D ( 'NONE', #7678, #6376, #5104 ) ;
#2930 = CARTESIAN_POINT ( 'NONE',  ( 0.03505262881526593349, 0.03636192626412842327, -0.5000000000000000000 ) ) ;
#2931 = MECHANICAL_DESIGN_GEOMETRIC_PRESENTATION_REPRESENTATION (  '', ( #2510 ), #5632 ) ;
#2932 = MECHANICAL_DESIGN_GEOMETRIC_PRESENTATION_REPRESENTATION (  '', ( #8223 ), #3349 ) ;
#2933 = DIRECTION ( 'NONE',  ( -1.000000000000000000, -0.0000000000000000000, -0.0000000000000000000 ) ) ;
#2934 = EDGE_LOOP ( 'NONE', ( #1842, #3828, #5869, #4684 ) ) ;
#2935 = CARTESIAN_POINT ( 'NONE',  ( -0.05763029801400236518, 0.05252046284949429128, -0.5000000000000000000 ) ) ;
#2936 =( NAMED_UNIT ( * ) PLANE_ANGLE_UNIT ( ) SI_UNIT ( $, .RADIAN. ) );
#2937 = ORIENTED_EDGE ( 'NONE', *, *, #2548, .T. ) ;
#2938 = FILL_AREA_STYLE_COLOUR ( '', #7258 ) ;
#2939 = VECTOR ( 'NONE', #4128, 1000.000000000000000 ) ;
#2940 = VERTEX_POINT ( 'NONE', #1358 ) ;
#2941 = PRESENTATION_STYLE_ASSIGNMENT (( #4363 ) ) ;
#2942 = ADVANCED_FACE ( 'NONE', ( #4120 ), #6135, .T. ) ;
#2943 =( NAMED_UNIT ( * ) SI_UNIT ( $, .STERADIAN. ) SOLID_ANGLE_UNIT ( ) );
#2944 = ORIENTED_EDGE ( 'NONE', *, *, #2334, .T. ) ;
#2945 = VERTEX_POINT ( 'NONE', #7177 ) ;
#2946 = MECHANICAL_DESIGN_GEOMETRIC_PRESENTATION_REPRESENTATION (  '', ( #6068 ), #8235 ) ;
#2947 = SURFACE_STYLE_FILL_AREA ( #4700 ) ;
#2948 = CARTESIAN_POINT ( 'NONE',  ( -0.1898330419164413752, 0.04032534089827476825, -0.5000000000000000000 ) ) ;
#2949 = EDGE_LOOP ( 'NONE', ( #4990, #2660, #982, #3906 ) ) ;
#2950 =( NAMED_UNIT ( * ) PLANE_ANGLE_UNIT ( ) SI_UNIT ( $, .RADIAN. ) );
#2951 = VERTEX_POINT ( 'NONE', #3951 ) ;
#2952 = FACE_OUTER_BOUND ( 'NONE', #5406, .T. ) ;
#2953 = CARTESIAN_POINT ( 'NONE',  ( 0.09227987124970571386, -0.01815886157254992944, -0.4990000000000001101 ) ) ;
#2954 =( GEOMETRIC_REPRESENTATION_CONTEXT ( 3 ) GLOBAL_UNCERTAINTY_ASSIGNED_CONTEXT ( ( #1475 ) ) GLOBAL_UNIT_ASSIGNED_CONTEXT ( ( #5966, #2361, #469 ) ) REPRESENTATION_CONTEXT ( 'NONE', 'WORKASPACE' ) );
#2955 = FACE_OUTER_BOUND ( 'NONE', #3408, .T. ) ;
#2956 = VERTEX_POINT ( 'NONE', #5882 ) ;
#2957 = LINE ( 'NONE', #1535, #6212 ) ;
#2958 = PRESENTATION_STYLE_ASSIGNMENT (( #6014 ) ) ;
#2959 = DIRECTION ( 'NONE',  ( 0.0000000000000000000, 0.0000000000000000000, -1.000000000000000000 ) ) ;
#2960 = ORIENTED_EDGE ( 'NONE', *, *, #50, .T. ) ;
#2961 = CARTESIAN_POINT ( 'NONE',  ( 0.9434108397213615271, -0.5434108397213617270, -0.4500000000000000111 ) ) ;
#2962 = CARTESIAN_POINT ( 'NONE',  ( 0.07999607986642810753, 0.03651566196194285657, -0.4989999999999999991 ) ) ;
#2963 = ORIENTED_EDGE ( 'NONE', *, *, #7523, .F. ) ;
#2964 = LINE ( 'NONE', #7353, #6746 ) ;
#2965 = SURFACE_SIDE_STYLE ('',( #1184 ) ) ;
#2966 = COLOUR_RGB ( '',1.000000000000000000, 1.000000000000000000, 1.000000000000000000 ) ;
#2967 = CARTESIAN_POINT ( 'NONE',  ( 0.04623148239727685460, 0.04119297781121149943, -0.4999999999999997780 ) ) ;
#2968 = VERTEX_POINT ( 'NONE', #184 ) ;
#2969 = CARTESIAN_POINT ( 'NONE',  ( 0.7599999999999998979, -0.8300000000000011813, -0.04000000000000077105 ) ) ;
#2970 = CARTESIAN_POINT ( 'NONE',  ( 0.03505262881526593349, 0.04977656041046989166, -0.5000000000000000000 ) ) ;
#2971 = FACE_OUTER_BOUND ( 'NONE', #2926, .T. ) ;
#2972 = CARTESIAN_POINT ( 'NONE',  ( -0.9434108397213618602, -0.5932890422343529702, -0.4534878236872062485 ) ) ;
#2973 = DIRECTION ( 'NONE',  ( -1.000000000000000000, 0.0000000000000000000, -0.0000000000000000000 ) ) ;
#2974 = LINE ( 'NONE', #4783, #3946 ) ;
#2975 = EDGE_LOOP ( 'NONE', ( #6223, #7269, #7432, #2659 ) ) ;
#2976 = MECHANICAL_DESIGN_GEOMETRIC_PRESENTATION_REPRESENTATION (  '', ( #7677 ), #9 ) ;
#2977 = DIRECTION ( 'NONE',  ( 0.0000000000000000000, 3.497426362856476362E-15, 1.000000000000000000 ) ) ;
#2978 = UNCERTAINTY_MEASURE_WITH_UNIT (LENGTH_MEASURE( 1.000000000000000082E-05 ), #4459, 'distance_accuracy_value', 'NONE');
#2979 = FACE_OUTER_BOUND ( 'NONE', #4907, .T. ) ;
#2980 = SURFACE_STYLE_USAGE ( .BOTH. , #2375 ) ;
#2981 =( NAMED_UNIT ( * ) SI_UNIT ( $, .STERADIAN. ) SOLID_ANGLE_UNIT ( ) );
#2982 = EDGE_CURVE ( 'NONE', #5142, #6743, #4834, .T. ) ;
#2983 = LINE ( 'NONE', #5732, #3172 ) ;
#2984 = FILL_AREA_STYLE_COLOUR ( '', #7410 ) ;
#2985 = VERTEX_POINT ( 'NONE', #241 ) ;
#2986 = AXIS2_PLACEMENT_3D ( 'NONE', #5121, #7697, #5174 ) ;
#2987 = SURFACE_STYLE_FILL_AREA ( #2091 ) ;
#2988 = DIRECTION ( 'NONE',  ( 0.0000000000000000000, -1.000000000000000000, 0.0000000000000000000 ) ) ;
#2989 = DIRECTION ( 'NONE',  ( 0.0000000000000000000, 0.0000000000000000000, 1.000000000000000000 ) ) ;
#2990 =( GEOMETRIC_REPRESENTATION_CONTEXT ( 3 ) GLOBAL_UNCERTAINTY_ASSIGNED_CONTEXT ( ( #5071 ) ) GLOBAL_UNIT_ASSIGNED_CONTEXT ( ( #1421, #7205, #252 ) ) REPRESENTATION_CONTEXT ( 'NONE', 'WORKASPACE' ) );
#2991 = SURFACE_STYLE_USAGE ( .BOTH. , #3635 ) ;
#2992 = DIRECTION ( 'NONE',  ( 0.0000000000000000000, 0.0000000000000000000, 1.000000000000000000 ) ) ;
#2993 = ADVANCED_FACE ( 'NONE', ( #663 ), #5251, .T. ) ;
#2994 = CARTESIAN_POINT ( 'NONE',  ( 0.08324712104886702879, 0.04811487999005707727, -0.4990000000000001101 ) ) ;
#2995 = MECHANICAL_DESIGN_GEOMETRIC_PRESENTATION_REPRESENTATION (  '', ( #2564 ), #7262 ) ;
#2996 = CARTESIAN_POINT ( 'NONE',  ( -0.1729885297213194506, -0.008455146906603282220, -0.4989999999999999991 ) ) ;
#2997 = EDGE_CURVE ( 'NONE', #2878, #4739, #6384, .T. ) ;
#2998 = SURFACE_SIDE_STYLE ('',( #1675 ) ) ;
#2999 = CARTESIAN_POINT ( 'NONE',  ( -0.08579340777009993035, 0.04154485309339672749, -0.4989999999999999991 ) ) ;
#3000 = VERTEX_POINT ( 'NONE', #7111 ) ;
#3001 = DIRECTION ( 'NONE',  ( 0.3393303772748785807, 0.9406672605435402179, 0.0000000000000000000 ) ) ;
#3002 = AXIS2_PLACEMENT_3D ( 'NONE', #4694, #5326, #7378 ) ;
#3003 = PRESENTATION_LAYER_ASSIGNMENT (  '', '', ( #4266 ) ) ;
#3004 = EDGE_CURVE ( 'NONE', #836, #6095, #6595, .T. ) ;
#3005 = DIRECTION ( 'NONE',  ( -0.0000000000000000000, -0.0000000000000000000, -1.000000000000000000 ) ) ;
#3006 = LINE ( 'NONE', #2540, #6254 ) ;
#3007 = ORIENTED_EDGE ( 'NONE', *, *, #2156, .F. ) ;
#3008 = CARTESIAN_POINT ( 'NONE',  ( 0.1100000000000000006, -0.8700000000000002176, -0.3899999999999999578 ) ) ;
#3009 = EDGE_CURVE ( 'NONE', #7644, #4512, #7007, .T. ) ;
#3010 = CARTESIAN_POINT ( 'NONE',  ( -0.1140219747829661484, 0.03204842674962709442, -0.5000000000000002220 ) ) ;
#3011 = CARTESIAN_POINT ( 'NONE',  ( -0.03567907850180723761, 0.04154485309339672749, -0.4989999999999999991 ) ) ;
#3012 = VECTOR ( 'NONE', #5772, 1000.000000000000000 ) ;
#3013 = LINE ( 'NONE', #21, #4488 ) ;
#3014 = ORIENTED_EDGE ( 'NONE', *, *, #1312, .F. ) ;
#3015 = DIRECTION ( 'NONE',  ( 1.000000000000000000, 0.0000000000000000000, 0.0000000000000000000 ) ) ;
#3016 =( LENGTH_UNIT ( ) NAMED_UNIT ( * ) SI_UNIT ( .MILLI., .METRE. ) );
#3017 = MECHANICAL_DESIGN_GEOMETRIC_PRESENTATION_REPRESENTATION (  '', ( #2053 ), #5146 ) ;
#3018 = CARTESIAN_POINT ( 'NONE',  ( -0.03811810289205114916, -0.03650392739440816436, -0.4989999999999999991 ) ) ;
#3019 = CARTESIAN_POINT ( 'NONE',  ( 0.07006822128801376559, 0.04127781745556273474, -0.4989999999999998881 ) ) ;
#3020 =( LENGTH_UNIT ( ) NAMED_UNIT ( * ) SI_UNIT ( .MILLI., .METRE. ) );
#3021 = EDGE_CURVE ( 'NONE', #1122, #5227, #5312, .T. ) ;
#3022 = UNCERTAINTY_MEASURE_WITH_UNIT (LENGTH_MEASURE( 1.000000000000000082E-05 ), #7175, 'distance_accuracy_value', 'NONE');
#3023 = CARTESIAN_POINT ( 'NONE',  ( 0.03505262881526593349, 0.04977656041046989166, -0.5000000000000000000 ) ) ;
#3024 = SURFACE_STYLE_USAGE ( .BOTH. , #570 ) ;
#3025 = FILL_AREA_STYLE_COLOUR ( '', #6523 ) ;
#3026 = EDGE_LOOP ( 'NONE', ( #4075, #6287, #4020, #5043 ) ) ;
#3027 = VECTOR ( 'NONE', #7286, 1000.000000000000000 ) ;
#3028 = VECTOR ( 'NONE', #5078, 1000.000000000000000 ) ;
#3029 = AXIS2_PLACEMENT_3D ( 'NONE', #7714, #2711, #5825 ) ;
#3030 = CARTESIAN_POINT ( 'NONE',  ( 0.7599999999999998979, 0.8700000000000001066, -0.5499999999999999334 ) ) ;
#3031 = CARTESIAN_POINT ( 'NONE',  ( 0.5400000000000001465, 0.6243137685856746666, 0.009813566431136516374 ) ) ;
#3032 = CARTESIAN_POINT ( 'NONE',  ( 0.7599999999999998979, -0.8300000000000001821, -0.3499999999999998668 ) ) ;
#3033 = ORIENTED_EDGE ( 'NONE', *, *, #2676, .T. ) ;
#3034 = STYLED_ITEM ( 'NONE', ( #3597 ), #2036 ) ;
#3035 = SURFACE_STYLE_FILL_AREA ( #3228 ) ;
#3036 = DIRECTION ( 'NONE',  ( 0.9975640502598243087, 3.460995553552448467E-16, -0.06975647374412546897 ) ) ;
#3037 = CARTESIAN_POINT ( 'NONE',  ( 0.01554043369331471747, 0.05252046284949429128, -0.4989999999999999991 ) ) ;
#3038 = DIRECTION ( 'NONE',  ( -1.000000000000000000, -0.0000000000000000000, -0.0000000000000000000 ) ) ;
#3039 = PRESENTATION_STYLE_ASSIGNMENT (( #5602 ) ) ;
#3040 = FILL_AREA_STYLE ('',( #3707 ) ) ;
#3041 = PRESENTATION_LAYER_ASSIGNMENT (  '', '', ( #468 ) ) ;
#3042 = ORIENTED_EDGE ( 'NONE', *, *, #6850, .F. ) ;
#3043 = CARTESIAN_POINT ( 'NONE',  ( -0.5400000000000000355, 0.8700000000000001066, -0.3500000000000000333 ) ) ;
#3044 = DIRECTION ( 'NONE',  ( 1.000000000000000000, 0.0000000000000000000, 0.0000000000000000000 ) ) ;
#3045 = ORIENTED_EDGE ( 'NONE', *, *, #4896, .F. ) ;
#3046 = EDGE_LOOP ( 'NONE', ( #2740, #6699, #10, #5696 ) ) ;
#3047 = STYLED_ITEM ( 'NONE', ( #5119 ), #3065 ) ;
#3048 = PLANE ( 'NONE',  #5472 ) ;
#3049 = EDGE_CURVE ( 'NONE', #5894, #5525, #3607, .T. ) ;
#3050 = DIRECTION ( 'NONE',  ( 0.0000000000000000000, 0.0000000000000000000, -1.000000000000000000 ) ) ;
#3051 = FILL_AREA_STYLE_COLOUR ( '', #3342 ) ;
#3052 = ORIENTED_EDGE ( 'NONE', *, *, #5370, .T. ) ;
#3053 = FACE_OUTER_BOUND ( 'NONE', #2087, .T. ) ;
#3054 = ORIENTED_EDGE ( 'NONE', *, *, #2270, .F. ) ;
#3055 = ORIENTED_EDGE ( 'NONE', *, *, #476, .T. ) ;
#3056 = ORIENTED_EDGE ( 'NONE', *, *, #5741, .F. ) ;
#3057 = VECTOR ( 'NONE', #6382, 999.9999999999998863 ) ;
#3058 = EDGE_LOOP ( 'NONE', ( #8142, #7334, #6281, #6146 ) ) ;
#3059 = ORIENTED_EDGE ( 'NONE', *, *, #3432, .F. ) ;
#3060 =( NAMED_UNIT ( * ) SI_UNIT ( $, .STERADIAN. ) SOLID_ANGLE_UNIT ( ) );
#3061 = EDGE_CURVE ( 'NONE', #408, #6469, #1952, .T. ) ;
#3062 = COLOUR_RGB ( '',0.0000000000000000000, 0.0000000000000000000, 0.0000000000000000000 ) ;
#3063 =( LENGTH_UNIT ( ) NAMED_UNIT ( * ) SI_UNIT ( .MILLI., .METRE. ) );
#3064 =( NAMED_UNIT ( * ) PLANE_ANGLE_UNIT ( ) SI_UNIT ( $, .RADIAN. ) );
#3065 = ADVANCED_FACE ( 'NONE', ( #3207 ), #4573, .T. ) ;
#3066 = LINE ( 'NONE', #5489, #1615 ) ;
#3067 = CARTESIAN_POINT ( 'NONE',  ( -0.7599999999999998979, -0.6200000000000012168, -0.04000000000000002859 ) ) ;
#3068 = EDGE_LOOP ( 'NONE', ( #3813, #4230, #2470, #2413 ) ) ;
#3069 = CARTESIAN_POINT ( 'NONE',  ( 0.1100000000000000006, 0.6700000000000002620, -0.3499999999999993672 ) ) ;
#3070 = PLANE ( 'NONE',  #7488 ) ;
#3071 = UNCERTAINTY_MEASURE_WITH_UNIT (LENGTH_MEASURE( 1.000000000000000082E-05 ), #1511, 'distance_accuracy_value', 'NONE');
#3072 = CARTESIAN_POINT ( 'NONE',  ( -0.1140219747829661484, 0.03204842674962709442, -0.4990000000000002212 ) ) ;
#3073 = LINE ( 'NONE', #5675, #4163 ) ;
#3074 = PRESENTATION_LAYER_ASSIGNMENT (  '', '', ( #7947 ) ) ;
#3075 = FILL_AREA_STYLE ('',( #6956 ) ) ;
#3076 =( NAMED_UNIT ( * ) SI_UNIT ( $, .STERADIAN. ) SOLID_ANGLE_UNIT ( ) );
#3077 = DIRECTION ( 'NONE',  ( 0.0000000000000000000, -1.000000000000000000, 6.023345402697246965E-16 ) ) ;
#3078 = MECHANICAL_DESIGN_GEOMETRIC_PRESENTATION_REPRESENTATION (  '', ( #2663 ), #3763 ) ;
#3079 = DIRECTION ( 'NONE',  ( 0.0000000000000000000, 1.000000000000000000, 0.0000000000000000000 ) ) ;
#3080 = SURFACE_SIDE_STYLE ('',( #3997 ) ) ;
#3081 = MECHANICAL_DESIGN_GEOMETRIC_PRESENTATION_REPRESENTATION (  '', ( #4254 ), #461 ) ;
#3082 = DIRECTION ( 'NONE',  ( 1.000000000000000000, 0.0000000000000000000, 0.0000000000000000000 ) ) ;
#3083 = MECHANICAL_DESIGN_GEOMETRIC_PRESENTATION_REPRESENTATION (  '', ( #1849 ), #7373 ) ;
#3084 = VERTEX_POINT ( 'NONE', #5942 ) ;
#3085 =( LENGTH_UNIT ( ) NAMED_UNIT ( * ) SI_UNIT ( .MILLI., .METRE. ) );
#3086 = EDGE_CURVE ( 'NONE', #3277, #7827, #6915, .T. ) ;
#3087 = CARTESIAN_POINT ( 'NONE',  ( 0.05182292636146099141, 0.05351132966800815211, -0.5000000000000000000 ) ) ;
#3088 = FILL_AREA_STYLE ('',( #6331 ) ) ;
#3089 = EDGE_LOOP ( 'NONE', ( #7910, #901, #8250, #8189 ) ) ;
#3090 = CARTESIAN_POINT ( 'NONE',  ( -0.1112255722988035878, 0.03427350342864646238, -0.4989999999999998881 ) ) ;
#3091 = SURFACE_SIDE_STYLE ('',( #6959 ) ) ;
#3092 = VECTOR ( 'NONE', #4113, 1000.000000000000000 ) ;
#3093 = AXIS2_PLACEMENT_3D ( 'NONE', #3174, #5076, #5757 ) ;
#3094 = VERTEX_POINT ( 'NONE', #946 ) ;
#3095 = AXIS2_PLACEMENT_3D ( 'NONE', #207, #1829, #6270 ) ;
#3096 = EDGE_CURVE ( 'NONE', #7099, #7634, #6706, .T. ) ;
#3097 =( LENGTH_UNIT ( ) NAMED_UNIT ( * ) SI_UNIT ( .MILLI., .METRE. ) );
#3098 = SURFACE_STYLE_USAGE ( .BOTH. , #613 ) ;
#3099 = SURFACE_STYLE_USAGE ( .BOTH. , #1215 ) ;
#3100 = CIRCLE ( 'NONE', #7550, 0.05000000000000002359 ) ;
#3101 = EDGE_CURVE ( 'NONE', #7623, #4030, #1873, .T. ) ;
#3102 = ORIENTED_EDGE ( 'NONE', *, *, #2151, .F. ) ;
#3103 = CARTESIAN_POINT ( 'NONE',  ( 0.5400000000000000355, -0.6200000000000012168, -0.04000000000000002859 ) ) ;
#3104 = PRODUCT ( 'SOT-363_L2.1-W1.3-P0.65-LS2.1-BL', 'SOT-363_L2.1-W1.3-P0.65-LS2.1-BL', '', ( #2679 ) ) ;
#3105 = VECTOR ( 'NONE', #6883, 1000.000000000000000 ) ;
#3106 = DIRECTION ( 'NONE',  ( -0.9975640502598243087, 0.0000000000000000000, 0.06975647374412542734 ) ) ;
#3107 = DIRECTION ( 'NONE',  ( -1.000000000000000000, -0.0000000000000000000, -0.0000000000000000000 ) ) ;
#3108 = FILL_AREA_STYLE ('',( #6292 ) ) ;
#3109 = CIRCLE ( 'NONE', #8168, 0.1999999999999998723 ) ;
#3110 = CARTESIAN_POINT ( 'NONE',  ( 0.04090422169846837791, -0.04514530595897564558, -0.4989999999999999991 ) ) ;
#3111 = ORIENTED_EDGE ( 'NONE', *, *, #2833, .F. ) ;
#3112 = UNCERTAINTY_MEASURE_WITH_UNIT (LENGTH_MEASURE( 1.000000000000000082E-05 ), #6968, 'distance_accuracy_value', 'NONE');
#3113 = CARTESIAN_POINT ( 'NONE',  ( 0.5400000000000000355, 0.8700000000000001066, -0.3500000000000000333 ) ) ;
#3114 = FACE_OUTER_BOUND ( 'NONE', #6617, .T. ) ;
#3115 = CARTESIAN_POINT ( 'NONE',  ( -0.9932890422343532144, 0.5434108397213615049, -0.4534878236872062485 ) ) ;
#3116 = SURFACE_STYLE_FILL_AREA ( #6822 ) ;
#3117 = VERTEX_POINT ( 'NONE', #4065 ) ;
#3118 = SURFACE_SIDE_STYLE ('',( #97 ) ) ;
#3119 = CARTESIAN_POINT ( 'NONE',  ( 0.1100000000000000006, 0.8300000000000011813, -0.04000000000000077105 ) ) ;
#3120 = CARTESIAN_POINT ( 'NONE',  ( -0.1049968549009148849, 0.03787584447887150374, -0.4990000000000002212 ) ) ;
#3121 = VECTOR ( 'NONE', #5213, 1000.000000000000114 ) ;
#3122 = EDGE_CURVE ( 'NONE', #6095, #2517, #7622, .T. ) ;
#3123 = ORIENTED_EDGE ( 'NONE', *, *, #3677, .T. ) ;
#3124 =( NAMED_UNIT ( * ) PLANE_ANGLE_UNIT ( ) SI_UNIT ( $, .RADIAN. ) );
#3125 = EDGE_LOOP ( 'NONE', ( #3055, #1669, #7544, #3280 ) ) ;
#3126 = DIRECTION ( 'NONE',  ( -1.000000000000000000, 0.0000000000000000000, 0.0000000000000000000 ) ) ;
#3127 = COLOUR_RGB ( '',0.0000000000000000000, 0.0000000000000000000, 0.0000000000000000000 ) ;
#3128 = PLANE ( 'NONE',  #6476 ) ;
#3129 =( GEOMETRIC_REPRESENTATION_CONTEXT ( 3 ) GLOBAL_UNCERTAINTY_ASSIGNED_CONTEXT ( ( #7573 ) ) GLOBAL_UNIT_ASSIGNED_CONTEXT ( ( #3956, #783, #4676 ) ) REPRESENTATION_CONTEXT ( 'NONE', 'WORKASPACE' ) );
#3130 = LINE ( 'NONE', #8119, #7741 ) ;
#3131 = PRESENTATION_LAYER_ASSIGNMENT (  '', '', ( #7580 ) ) ;
#3132 = ORIENTED_EDGE ( 'NONE', *, *, #2903, .T. ) ;
#3133 = EDGE_LOOP ( 'NONE', ( #2075, #331, #5808, #7831 ) ) ;
#3134 = CARTESIAN_POINT ( 'NONE',  ( 0.1094428727177049754, 0.0006340299226650141992, -0.4999999999999998890 ) ) ;
#3135 = ORIENTED_EDGE ( 'NONE', *, *, #3649, .T. ) ;
#3136 =( LENGTH_UNIT ( ) NAMED_UNIT ( * ) SI_UNIT ( .MILLI., .METRE. ) );
#3137 = ORIENTED_EDGE ( 'NONE', *, *, #1174, .F. ) ;
#3138 = SURFACE_STYLE_FILL_AREA ( #3833 ) ;
#3139 = EDGE_CURVE ( 'NONE', #7349, #6614, #4415, .T. ) ;
#3140 = PRESENTATION_LAYER_ASSIGNMENT (  '', '', ( #360 ) ) ;
#3141 = COLOUR_RGB ( '',0.2509803921568627416, 0.2509803921568627416, 0.2509803921568627416 ) ;
#3142 = SURFACE_STYLE_USAGE ( .BOTH. , #8225 ) ;
#3143 = ORIENTED_EDGE ( 'NONE', *, *, #7105, .T. ) ;
#3144 = VECTOR ( 'NONE', #4646, 1000.000000000000000 ) ;
#3145 = PRESENTATION_LAYER_ASSIGNMENT (  '', '', ( #366 ) ) ;
#3146 = FACE_OUTER_BOUND ( 'NONE', #7499, .T. ) ;
#3147 = ORIENTED_EDGE ( 'NONE', *, *, #5783, .T. ) ;
#3148 = ORIENTED_EDGE ( 'NONE', *, *, #7110, .T. ) ;
#3149 = VECTOR ( 'NONE', #7468, 1000.000000000000000 ) ;
#3150 =( NAMED_UNIT ( * ) SI_UNIT ( $, .STERADIAN. ) SOLID_ANGLE_UNIT ( ) );
#3151 = AXIS2_PLACEMENT_3D ( 'NONE', #898, #7235, #6582 ) ;
#3152 = STYLED_ITEM ( 'NONE', ( #4238 ), #91 ) ;
#3153 = DIRECTION ( 'NONE',  ( -1.000000000000000000, -0.0000000000000000000, -0.0000000000000000000 ) ) ;
#3154 = SURFACE_STYLE_USAGE ( .BOTH. , #3882 ) ;
#3155 = COLOUR_RGB ( '',1.000000000000000000, 1.000000000000000000, 1.000000000000000000 ) ;
#3156 = ORIENTED_EDGE ( 'NONE', *, *, #7343, .F. ) ;
#3157 = DIRECTION ( 'NONE',  ( 0.0000000000000000000, -1.000000000000000000, 0.0000000000000000000 ) ) ;
#3158 = CARTESIAN_POINT ( 'NONE',  ( 0.7599999999999998979, 0.6700000000000012612, -0.04000000000000020900 ) ) ;
#3159 = CARTESIAN_POINT ( 'NONE',  ( 0.7599999999999998979, 1.050000000000000044, -0.5500000000000000444 ) ) ;
#3160 = CARTESIAN_POINT ( 'NONE',  ( -1.025000000000000355, 0.6249999999999998890, 0.0000000000000000000 ) ) ;
#3161 = ORIENTED_EDGE ( 'NONE', *, *, #7279, .T. ) ;
#3162 = DIRECTION ( 'NONE',  ( -0.0000000000000000000, -0.0000000000000000000, -1.000000000000000000 ) ) ;
#3163 = UNCERTAINTY_MEASURE_WITH_UNIT (LENGTH_MEASURE( 1.000000000000000082E-05 ), #5152, 'distance_accuracy_value', 'NONE');
#3164 = B_SPLINE_CURVE_WITH_KNOTS ( 'NONE', 3,
 ( #3453, #4779, #5399, #5993, #3540, #2281, #7929, #1043, #6661, #335, #4757, #385, #4720, #6032, #5456, #4153, #944, #1698, #306 ),
 .UNSPECIFIED., .F., .F.,
 ( 4, 1, 1, 1, 1, 1, 1, 1, 1, 1, 1, 1, 1, 1, 1, 1, 4 ),
 ( 0.0000000000000000000, 0.06806869584499403159, 0.1334274328189550551, 0.1961460338131564562, 0.2570485924493126073, 0.3168826631591618592, 0.3761872086663213821, 0.4359603353635462253, 0.4965352368627260482, 0.5574653434807329555, 0.6176868634101468913, 0.6779436406969059359, 0.7388052848060400191, 0.8009493367665837527, 0.8648146674702262837, 0.9310247810786568268, 1.000000000000000000 ),
 .UNSPECIFIED. ) ;
#3165 = PRESENTATION_LAYER_ASSIGNMENT (  '', '', ( #2793 ) ) ;
#3166 = EDGE_CURVE ( 'NONE', #5687, #3512, #2383, .T. ) ;
#3167 = VECTOR ( 'NONE', #7725, 1000.000000000000000 ) ;
#3168 = CARTESIAN_POINT ( 'NONE',  ( -0.5400000000000000355, -1.050000000000000044, -0.5500000000000000444 ) ) ;
#3169 =( NAMED_UNIT ( * ) SI_UNIT ( $, .STERADIAN. ) SOLID_ANGLE_UNIT ( ) );
#3170 = DIRECTION ( 'NONE',  ( -1.000000000000000000, -0.0000000000000000000, -0.0000000000000000000 ) ) ;
#3171 = CARTESIAN_POINT ( 'NONE',  ( 0.04090422169846837791, -0.04514530595897564558, -0.5000000000000000000 ) ) ;
#3172 = VECTOR ( 'NONE', #5750, 1000.000000000000000 ) ;
#3173 = EDGE_CURVE ( 'NONE', #5616, #1391, #4309, .T. ) ;
#3174 = CARTESIAN_POINT ( 'NONE',  ( -0.1898330419164413752, 0.04032534089827476825, -0.4989999999999999991 ) ) ;
#3175 = EDGE_LOOP ( 'NONE', ( #4692, #2052, #5124, #5551, #7347, #1452, #769, #5316, #88, #7224, #4633 ) ) ;
#3176 = DIRECTION ( 'NONE',  ( -0.0000000000000000000, 0.0000000000000000000, -1.000000000000000000 ) ) ;
#3177 = DIRECTION ( 'NONE',  ( 0.0000000000000000000, 1.000000000000000000, -6.023345402697245979E-16 ) ) ;
#3178 = UNCERTAINTY_MEASURE_WITH_UNIT (LENGTH_MEASURE( 1.000000000000000082E-05 ), #4653, 'distance_accuracy_value', 'NONE');
#3179 = DIRECTION ( 'NONE',  ( 0.0000000000000000000, 0.0000000000000000000, -1.000000000000000000 ) ) ;
#3180 = SURFACE_STYLE_USAGE ( .BOTH. , #4369 ) ;
#3181 = SURFACE_SIDE_STYLE ('',( #3138 ) ) ;
#3182 = MECHANICAL_DESIGN_GEOMETRIC_PRESENTATION_REPRESENTATION (  '', ( #7736 ), #4614 ) ;
#3183 = SURFACE_STYLE_USAGE ( .BOTH. , #744 ) ;
#3184 =( NAMED_UNIT ( * ) SI_UNIT ( $, .STERADIAN. ) SOLID_ANGLE_UNIT ( ) );
#3185 = CARTESIAN_POINT ( 'NONE',  ( 0.0000000000000000000, 0.0000000000000000000, 0.4000000000000000222 ) ) ;
#3186 = CARTESIAN_POINT ( 'NONE',  ( -0.07104493216034385439, -0.03650392739440816436, -0.5000000000000000000 ) ) ;
#3187 = EDGE_LOOP ( 'NONE', ( #8139, #2637, #4994, #1703 ) ) ;
#3188 = AXIS2_PLACEMENT_3D ( 'NONE', #5058, #6251, #1229 ) ;
#3189 = CARTESIAN_POINT ( 'NONE',  ( -0.7599999999999998979, -0.8700000000000002176, -0.3899999999999999578 ) ) ;
#3190 = FILL_AREA_STYLE_COLOUR ( '', #3546 ) ;
#3191 = STYLED_ITEM ( 'NONE', ( #4519 ), #2870 ) ;
#3192 = EDGE_CURVE ( 'NONE', #5794, #5383, #7617, .T. ) ;
#3193 = CARTESIAN_POINT ( 'NONE',  ( 0.7599999999999998979, -0.8700000000000001066, -0.3500000000000000333 ) ) ;
#3194 = VECTOR ( 'NONE', #6528, 1000.000000000000000 ) ;
#3195 = ORIENTED_EDGE ( 'NONE', *, *, #6406, .F. ) ;
#3196 = CARTESIAN_POINT ( 'NONE',  ( 0.08983362780166123662, -0.04116950576441349985, -0.4999999999999998890 ) ) ;
#3197 = CARTESIAN_POINT ( 'NONE',  ( -0.7599999999999998979, 0.4833137806490306332, 0.1699999999999999567 ) ) ;
#3198 = DIRECTION ( 'NONE',  ( 0.9975640502598243087, 0.0000000000000000000, 0.06975647374412544122 ) ) ;
#3199 = AXIS2_PLACEMENT_3D ( 'NONE', #6460, #4536, #7097 ) ;
#3200 = PRESENTATION_LAYER_ASSIGNMENT (  '', '', ( #4212 ) ) ;
#3201 = CARTESIAN_POINT ( 'NONE',  ( -0.9504035209157131181, -0.5504035209157128739, 0.3499999999999999778 ) ) ;
#3202 = DIRECTION ( 'NONE',  ( -1.000000000000000000, -0.0000000000000000000, -0.0000000000000000000 ) ) ;
#3203 = DIRECTION ( 'NONE',  ( 0.0000000000000000000, 0.0000000000000000000, 1.000000000000000000 ) ) ;
#3204 = UNCERTAINTY_MEASURE_WITH_UNIT (LENGTH_MEASURE( 1.000000000000000082E-05 ), #1341, 'distance_accuracy_value', 'NONE');
#3205 = EDGE_CURVE ( 'NONE', #694, #4512, #3304, .T. ) ;
#3206 =( NAMED_UNIT ( * ) PLANE_ANGLE_UNIT ( ) SI_UNIT ( $, .RADIAN. ) );
#3207 = FACE_OUTER_BOUND ( 'NONE', #2949, .T. ) ;
#3208 = FILL_AREA_STYLE_COLOUR ( '', #7222 ) ;
#3209 = SURFACE_SIDE_STYLE ('',( #1361 ) ) ;
#3210 = DIRECTION ( 'NONE',  ( -0.06958737431666482676, 0.06958737431666482676, -0.9951458157835086915 ) ) ;
#3211 =( NAMED_UNIT ( * ) SI_UNIT ( $, .STERADIAN. ) SOLID_ANGLE_UNIT ( ) );
#3212 = ORIENTED_EDGE ( 'NONE', *, *, #2363, .F. ) ;
#3213 = DIRECTION ( 'NONE',  ( 0.0000000000000000000, 0.0000000000000000000, 1.000000000000000000 ) ) ;
#3214 = PRESENTATION_STYLE_ASSIGNMENT (( #2664 ) ) ;
#3215 = LINE ( 'NONE', #3270, #1879 ) ;
#3216 = PRESENTATION_LAYER_ASSIGNMENT (  '', '', ( #6157 ) ) ;
#3217 = CARTESIAN_POINT ( 'NONE',  ( 0.06256787271770497538, -0.04869904934562768045, -0.5000000000000000000 ) ) ;
#3218 = SURFACE_STYLE_USAGE ( .BOTH. , #5105 ) ;
#3219 = ORIENTED_EDGE ( 'NONE', *, *, #6832, .T. ) ;
#3220 = ADVANCED_FACE ( 'NONE', ( #7203 ), #970, .T. ) ;
#3221 = DIRECTION ( 'NONE',  ( -0.06958737431666482676, 0.06958737431666482676, 0.9951458157835086915 ) ) ;
#3222 = ORIENTED_EDGE ( 'NONE', *, *, #1639, .T. ) ;
#3223 = EDGE_CURVE ( 'NONE', #4436, #7644, #3894, .T. ) ;
#3224 = VECTOR ( 'NONE', #7694, 1000.000000000000114 ) ;
#3225 = ORIENTED_EDGE ( 'NONE', *, *, #5386, .T. ) ;
#3226 = PRESENTATION_STYLE_ASSIGNMENT (( #5985 ) ) ;
#3227 = CIRCLE ( 'NONE', #4098, 0.05000000000000001665 ) ;
#3228 = FILL_AREA_STYLE ('',( #5798 ) ) ;
#3229 = DIRECTION ( 'NONE',  ( 0.0000000000000000000, 0.0000000000000000000, 1.000000000000000000 ) ) ;
#3230 = VERTEX_POINT ( 'NONE', #425 ) ;
#3231 = CARTESIAN_POINT ( 'NONE',  ( -0.1344985269545220796, -0.01716919636507928740, -0.5000000000000002220 ) ) ;
#3232 = FILL_AREA_STYLE ('',( #7060 ) ) ;
#3233 = CIRCLE ( 'NONE', #574, 0.09847727585952090190 ) ;
#3234 = ORIENTED_EDGE ( 'NONE', *, *, #7461, .T. ) ;
#3235 = DIRECTION ( 'NONE',  ( -0.0000000000000000000, -0.0000000000000000000, -1.000000000000000000 ) ) ;
#3236 = SURFACE_STYLE_USAGE ( .BOTH. , #1413 ) ;
#3237 = PRESENTATION_LAYER_ASSIGNMENT (  '', '', ( #302 ) ) ;
#3238 = ORIENTED_EDGE ( 'NONE', *, *, #5123, .F. ) ;
#3239 = PRESENTATION_LAYER_ASSIGNMENT (  '', '', ( #124 ) ) ;
#3240 = FACE_OUTER_BOUND ( 'NONE', #2608, .T. ) ;
#3241 = CARTESIAN_POINT ( 'NONE',  ( -0.08482160898961210727, -0.04747953715050572815, -0.5000000000000000000 ) ) ;
#3242 = CLOSED_SHELL ( 'NONE', ( #4303, #2820, #2001, #5990, #1018, #3388, #3302, #474, #2870, #2900, #2116, #7340, #5791, #6381, #4784, #262, #848, #3220, #7194, #839, #2288, #1431, #6744, #4660, #1607, #6044, #5278, #7719, #4525, #6654, #3963, #763, #2234, #6142, #5317, #4265, #6006, #7072, #7200, #4224, #6051, #3423, #7169, #1638, #5160, #5873, #1393, #7846, #2810, #1521, #3672, #8059, #6429, #1686, #3065, #7293, #7039, #1473, #6547, #1730, #2196, #6602, #6096, #3513, #315, #4094, #2993, #3269, #5306, #3477, #171, #3880, #3351, #3434, #1211, #895, #2657, #7884, #1814, #4604, #724, #5962, #2775, #222, #7115, #7254, #7973, #4988, #4828, #5360, #4568, #5238, #3922, #6220, #5751, #1553, #5863, #4696, #7423, #5830, #4955, #2329, #3843, #2942, #2738, #6688, #1049, #2611, #518, #393, #2036, #939, #6781, #91, #972, #4011, #3998, #880, #2077, #8099, #7798, #6902, #3596, #301, #6643, #5440, #8008, #1167, #2085, #5470, #1348, #5428, #3563, #815, #382, #352, #5393, #7471, #7161, #2164, #4880, #125, #6869, #5920, #2893, #7923, #4482, #5512, #2149, #7768, #7380, #4145, #2692, #253, #4744, #2783, #6555, #4178, #1095, #440, #6465, #3340, #2726, #5587, #5191, #3467, #4057, #6508 ) ) ;
#3243 =( LENGTH_UNIT ( ) NAMED_UNIT ( * ) SI_UNIT ( .MILLI., .METRE. ) );
#3244 = ORIENTED_EDGE ( 'NONE', *, *, #7247, .F. ) ;
#3245 = FILL_AREA_STYLE ('',( #5781 ) ) ;
#3246 = EDGE_CURVE ( 'NONE', #1793, #4448, #1665, .T. ) ;
#3247 = DIRECTION ( 'NONE',  ( -0.0000000000000000000, -0.0000000000000000000, -1.000000000000000000 ) ) ;
#3248 = PRESENTATION_STYLE_ASSIGNMENT (( #3627 ) ) ;
#3249 = STYLED_ITEM ( 'NONE', ( #2173 ), #4482 ) ;
#3250 = FACE_OUTER_BOUND ( 'NONE', #6112, .T. ) ;
#3251 = ORIENTED_EDGE ( 'NONE', *, *, #3122, .F. ) ;
#3252 = LINE ( 'NONE', #4219, #3938 ) ;
#3253 = CARTESIAN_POINT ( 'NONE',  ( -0.5400000000000000355, 0.6200000000000012168, -0.04000000000000002859 ) ) ;
#3254 =( GEOMETRIC_REPRESENTATION_CONTEXT ( 3 ) GLOBAL_UNCERTAINTY_ASSIGNED_CONTEXT ( ( #6459 ) ) GLOBAL_UNIT_ASSIGNED_CONTEXT ( ( #232, #937, #4618 ) ) REPRESENTATION_CONTEXT ( 'NONE', 'WORKASPACE' ) );
#3255 = MECHANICAL_DESIGN_GEOMETRIC_PRESENTATION_REPRESENTATION (  '', ( #5690 ), #4704 ) ;
#3256 =( LENGTH_UNIT ( ) NAMED_UNIT ( * ) SI_UNIT ( .MILLI., .METRE. ) );
#3257 = FILL_AREA_STYLE_COLOUR ( '', #4755 ) ;
#3258 = LINE ( 'NONE', #3494, #4051 ) ;
#3259 = EDGE_CURVE ( 'NONE', #3689, #1590, #865, .T. ) ;
#3260 = COLOUR_RGB ( '',0.0000000000000000000, 0.0000000000000000000, 0.0000000000000000000 ) ;
#3261 = ORIENTED_EDGE ( 'NONE', *, *, #1888, .T. ) ;
#3262 = UNCERTAINTY_MEASURE_WITH_UNIT (LENGTH_MEASURE( 1.000000000000000082E-05 ), #4501, 'distance_accuracy_value', 'NONE');
#3263 = CARTESIAN_POINT ( 'NONE',  ( -0.5400000000000000355, 0.6700000000000012612, -0.04000000000000020900 ) ) ;
#3264 = CARTESIAN_POINT ( 'NONE',  ( 0.1179794580835586415, -0.03650392739440816436, -0.4989999999999999991 ) ) ;
#3265 = CARTESIAN_POINT ( 'NONE',  ( -0.1361207575879066212, 0.01919076078681835815, -0.4989999999999997771 ) ) ;
#3266 =( LENGTH_UNIT ( ) NAMED_UNIT ( * ) SI_UNIT ( .MILLI., .METRE. ) );
#3267 = DIRECTION ( 'NONE',  ( 0.0000000000000000000, -1.000000000000000000, 0.0000000000000000000 ) ) ;
#3268 = LINE ( 'NONE', #7558, #5557 ) ;
#3269 = ADVANCED_FACE ( 'NONE', ( #1459 ), #4876, .T. ) ;
#3270 = CARTESIAN_POINT ( 'NONE',  ( 0.1100000000000000006, -0.8700000000000002176, -0.3899999999999999578 ) ) ;
#3271 = DIRECTION ( 'NONE',  ( -1.000000000000000000, -0.0000000000000000000, -0.0000000000000000000 ) ) ;
#3272 = DIRECTION ( 'NONE',  ( 0.0000000000000000000, 0.0000000000000000000, 1.000000000000000000 ) ) ;
#3273 = CARTESIAN_POINT ( 'NONE',  ( -0.1232807735844212438, 0.01634843631477013101, -0.4990000000000001101 ) ) ;
#3274 = DIRECTION ( 'NONE',  ( 0.0000000000000000000, 1.000000000000000000, -6.023345402697246965E-16 ) ) ;
#3275 = CARTESIAN_POINT ( 'NONE',  ( -0.1194104372195649438, -0.03679878625378924656, -0.5000000000000000000 ) ) ;
#3276 = VECTOR ( 'NONE', #823, 1000.000000000000000 ) ;
#3277 = VERTEX_POINT ( 'NONE', #8104 ) ;
#3278 = STYLED_ITEM ( 'NONE', ( #5270 ), #5317 ) ;
#3279 = AXIS2_PLACEMENT_3D ( 'NONE', #280, #1713, #6669 ) ;
#3280 = ORIENTED_EDGE ( 'NONE', *, *, #4961, .F. ) ;
#3281 =( NAMED_UNIT ( * ) SI_UNIT ( $, .STERADIAN. ) SOLID_ANGLE_UNIT ( ) );
#3282 = ORIENTED_EDGE ( 'NONE', *, *, #4005, .T. ) ;
#3283 = CARTESIAN_POINT ( 'NONE',  ( 0.03505262881526593349, -0.04229661032123743086, -0.4989999999999999991 ) ) ;
#3284 =( NAMED_UNIT ( * ) PLANE_ANGLE_UNIT ( ) SI_UNIT ( $, .RADIAN. ) );
#3285 = LINE ( 'NONE', #3197, #4391 ) ;
#3286 = CARTESIAN_POINT ( 'NONE',  ( 0.09144867475734205775, 0.04261276282033241852, -0.4989999999999999991 ) ) ;
#3287 = DIRECTION ( 'NONE',  ( 0.0000000000000000000, 1.000000000000000000, 6.023345402697246965E-16 ) ) ;
#3288 = VECTOR ( 'NONE', #4712, 1000.000000000000000 ) ;
#3289 = MECHANICAL_DESIGN_GEOMETRIC_PRESENTATION_REPRESENTATION (  '', ( #4157 ), #7157 ) ;
#3290 = CARTESIAN_POINT ( 'NONE',  ( 0.05098182486999375262, -0.04785288335105057633, -0.5000000000000000000 ) ) ;
#3291 = VERTEX_POINT ( 'NONE', #2395 ) ;
#3292 = CARTESIAN_POINT ( 'NONE',  ( -0.1100000000000000006, 0.8700000000000001066, -0.5499999999999999334 ) ) ;
#3293 = STYLED_ITEM ( 'NONE', ( #6106 ), #2893 ) ;
#3294 = DIRECTION ( 'NONE',  ( 0.0000000000000000000, -8.131516293641305343E-15, -1.000000000000000000 ) ) ;
#3295 = EDGE_CURVE ( 'NONE', #1617, #1170, #2337, .T. ) ;
#3296 = FACE_OUTER_BOUND ( 'NONE', #3026, .T. ) ;
#3297 =( NAMED_UNIT ( * ) PLANE_ANGLE_UNIT ( ) SI_UNIT ( $, .RADIAN. ) );
#3298 = PRESENTATION_STYLE_ASSIGNMENT (( #1148 ) ) ;
#3299 = VERTEX_POINT ( 'NONE', #1778 ) ;
#3300 = DIRECTION ( 'NONE',  ( 0.0000000000000000000, -0.06975647374412545509, -0.9975640502598241977 ) ) ;
#3301 = CARTESIAN_POINT ( 'NONE',  ( 0.06200421704809496587, -0.03769032978114177784, -0.5000000000000000000 ) ) ;
#3302 = ADVANCED_FACE ( 'NONE', ( #7919 ), #6802, .T. ) ;
#3303 = CARTESIAN_POINT ( 'NONE',  ( -0.1380777161717866852, 0.001889326350078834177, -0.4989999999999999991 ) ) ;
#3304 = LINE ( 'NONE', #7967, #5015 ) ;
#3305 =( GEOMETRIC_REPRESENTATION_CONTEXT ( 3 ) GLOBAL_UNCERTAINTY_ASSIGNED_CONTEXT ( ( #4921 ) ) GLOBAL_UNIT_ASSIGNED_CONTEXT ( ( #5417, #1035, #3557 ) ) REPRESENTATION_CONTEXT ( 'NONE', 'WORKASPACE' ) );
#3306 = FACE_OUTER_BOUND ( 'NONE', #4115, .T. ) ;
#3307 = VERTEX_POINT ( 'NONE', #6149 ) ;
#3308 = CARTESIAN_POINT ( 'NONE',  ( 0.09602823857136350005, 0.001453389678762573084, -0.5000000000000000000 ) ) ;
#3309 = UNCERTAINTY_MEASURE_WITH_UNIT (LENGTH_MEASURE( 1.000000000000000082E-05 ), #6782, 'distance_accuracy_value', 'NONE');
#3310 = CARTESIAN_POINT ( 'NONE',  ( -0.7599999999999998979, -0.8300000000000011813, -0.04000000000000077105 ) ) ;
#3311 = EDGE_CURVE ( 'NONE', #1590, #961, #3506, .T. ) ;
#3312 =( NAMED_UNIT ( * ) PLANE_ANGLE_UNIT ( ) SI_UNIT ( $, .RADIAN. ) );
#3313 = DIRECTION ( 'NONE',  ( 0.0000000000000000000, 0.0000000000000000000, -1.000000000000000000 ) ) ;
#3314 =( NAMED_UNIT ( * ) SI_UNIT ( $, .STERADIAN. ) SOLID_ANGLE_UNIT ( ) );
#3315 = EDGE_CURVE ( 'NONE', #6023, #698, #6897, .T. ) ;
#3316 = LINE ( 'NONE', #2969, #3417 ) ;
#3317 = VERTEX_POINT ( 'NONE', #1121 ) ;
#3318 = CARTESIAN_POINT ( 'NONE',  ( -0.7599999999999998979, 1.050000000000000044, -0.3900000000000000688 ) ) ;
#3319 = ORIENTED_EDGE ( 'NONE', *, *, #4076, .T. ) ;
#3320 = CARTESIAN_POINT ( 'NONE',  ( -0.1966546882579048028, 0.05252046284949429128, -0.4989999999999999991 ) ) ;
#3321 = FACE_BOUND ( 'NONE', #2257, .T. ) ;
#3322 = SURFACE_SIDE_STYLE ('',( #4139 ) ) ;
#3323 = LINE ( 'NONE', #1825, #497 ) ;
#3324 = CARTESIAN_POINT ( 'NONE',  ( -0.1052949984481046652, -0.03245336578534707694, -0.4989999999999998881 ) ) ;
#3325 =( LENGTH_UNIT ( ) NAMED_UNIT ( * ) SI_UNIT ( .MILLI., .METRE. ) );
#3326 = ORIENTED_EDGE ( 'NONE', *, *, #7840, .F. ) ;
#3327 = VERTEX_POINT ( 'NONE', #2970 ) ;
#3328 = PRESENTATION_LAYER_ASSIGNMENT (  '', '', ( #2184 ) ) ;
#3329 = CYLINDRICAL_SURFACE ( 'NONE', #4105, 0.09847727585952090190 ) ;
#3330 = EDGE_LOOP ( 'NONE', ( #3834, #2225, #6127, #6011 ) ) ;
#3331 = ORIENTED_EDGE ( 'NONE', *, *, #6144, .T. ) ;
#3332 = SURFACE_STYLE_USAGE ( .BOTH. , #2769 ) ;
#3333 = CARTESIAN_POINT ( 'NONE',  ( 0.09366368176859943273, -0.01468276096489676448, -0.4999999999999998890 ) ) ;
#3334 = PRESENTATION_STYLE_ASSIGNMENT (( #3903 ) ) ;
#3335 = CARTESIAN_POINT ( 'NONE',  ( -0.1379985506120829097, -0.001812995079102227560, -0.4999999999999996669 ) ) ;
#3336 = PRESENTATION_STYLE_ASSIGNMENT (( #6936 ) ) ;
#3337 = ORIENTED_EDGE ( 'NONE', *, *, #6078, .T. ) ;
#3338 = ORIENTED_EDGE ( 'NONE', *, *, #5648, .F. ) ;
#3339 = VERTEX_POINT ( 'NONE', #1104 ) ;
#3340 = ADVANCED_FACE ( 'NONE', ( #375 ), #1355, .T. ) ;
#3341 = ORIENTED_EDGE ( 'NONE', *, *, #1422, .F. ) ;
#3342 = COLOUR_RGB ( '',1.000000000000000000, 1.000000000000000000, 1.000000000000000000 ) ;
#3343 = PRESENTATION_LAYER_ASSIGNMENT (  '', '', ( #2663 ) ) ;
#3344 = CARTESIAN_POINT ( 'NONE',  ( -0.09800230848691784957, -0.03509297733882719289, -0.4999999999999998890 ) ) ;
#3345 =( LENGTH_UNIT ( ) NAMED_UNIT ( * ) SI_UNIT ( .MILLI., .METRE. ) );
#3346 =( NAMED_UNIT ( * ) SI_UNIT ( $, .STERADIAN. ) SOLID_ANGLE_UNIT ( ) );
#3347 = MECHANICAL_DESIGN_GEOMETRIC_PRESENTATION_REPRESENTATION (  '', ( #4199 ), #5476 ) ;
#3348 = ORIENTED_EDGE ( 'NONE', *, *, #4533, .T. ) ;
#3349 =( GEOMETRIC_REPRESENTATION_CONTEXT ( 3 ) GLOBAL_UNCERTAINTY_ASSIGNED_CONTEXT ( ( #1525 ) ) GLOBAL_UNIT_ASSIGNED_CONTEXT ( ( #2128, #7170, #5792 ) ) REPRESENTATION_CONTEXT ( 'NONE', 'WORKASPACE' ) );
#3350 = B_SPLINE_SURFACE_WITH_KNOTS ( 'NONE', 3, 1, ( 
 ( #5766, #828 ),
 ( #3303, #3943 ),
 ( #798, #3335 ),
 ( #3390, #7814 ),
 ( #172, #4661 ),
 ( #6466, #2685 ),
 ( #5874, #2658 ),
 ( #5182, #5239 ),
 ( #1495, #7104 ),
 ( #764, #7137 ),
 ( #4569, #3275 ),
 ( #7847, #2022 ),
 ( #7193, #5268 ),
 ( #3367, #6445 ),
 ( #2086, #2107 ),
 ( #850, #3964 ),
 ( #1455, #4590 ),
 ( #5904, #209 ),
 ( #5840, #5206 ) ),
 .UNSPECIFIED., .F., .F., .F.,
 ( 4, 1, 1, 1, 1, 1, 1, 1, 1, 1, 1, 1, 1, 1, 1, 1, 4 ),
 ( 2, 2 ),
 ( 0.0000000000000000000, 0.06806869584499403159, 0.1334274328189550551, 0.1961460338131564562, 0.2570485924493126073, 0.3168826631591618592, 0.3761872086663213821, 0.4359603353635462253, 0.4965352368627260482, 0.5574653434807329555, 0.6176868634101468913, 0.6779436406969059359, 0.7388052848060400191, 0.8009493367665837527, 0.8648146674702262837, 0.9310247810786568268, 1.000000000000000000 ),
 ( 0.0000000000000000000, 1.000000000000000000 ),
 .UNSPECIFIED. ) ;
#3351 = ADVANCED_FACE ( 'NONE', ( #768 ), #3070, .F. ) ;
#3352 = FACE_OUTER_BOUND ( 'NONE', #7408, .T. ) ;
#3353 = DIRECTION ( 'NONE',  ( -1.000000000000000000, -0.0000000000000000000, -0.0000000000000000000 ) ) ;
#3354 = FILL_AREA_STYLE ('',( #107 ) ) ;
#3355 = CARTESIAN_POINT ( 'NONE',  ( 0.0000000000000000000, 0.0000000000000000000, -0.4989999999999999991 ) ) ;
#3356 = CARTESIAN_POINT ( 'NONE',  ( -0.08585057240424628922, 0.05252046284949429128, -0.4989999999999999991 ) ) ;
#3357 = ORIENTED_EDGE ( 'NONE', *, *, #3049, .F. ) ;
#3358 = SURFACE_SIDE_STYLE ('',( #126 ) ) ;
#3359 = AXIS2_PLACEMENT_3D ( 'NONE', #4026, #2880, #6655 ) ;
#3360 = PRESENTATION_STYLE_ASSIGNMENT (( #2284 ) ) ;
#3361 = CARTESIAN_POINT ( 'NONE',  ( 0.04694276349334379483, -0.03616203457708058733, -0.4989999999999998881 ) ) ;
#3362 =( GEOMETRIC_REPRESENTATION_CONTEXT ( 3 ) GLOBAL_UNCERTAINTY_ASSIGNED_CONTEXT ( ( #864 ) ) GLOBAL_UNIT_ASSIGNED_CONTEXT ( ( #5539, #8163, #1101 ) ) REPRESENTATION_CONTEXT ( 'NONE', 'WORKASPACE' ) );
#3363 = CARTESIAN_POINT ( 'NONE',  ( 0.1100000000000000699, 0.6250000000000001110, 0.0000000000000000000 ) ) ;
#3364 = CARTESIAN_POINT ( 'NONE',  ( 0.06200421704809496587, -0.03769032978114177784, -0.4989999999999999991 ) ) ;
#3365 = APPLICATION_PROTOCOL_DEFINITION ( 'draft international standard', 'automotive_design', 1998, #5292 ) ;
#3366 = UNCERTAINTY_MEASURE_WITH_UNIT (LENGTH_MEASURE( 1.000000000000000082E-05 ), #2508, 'distance_accuracy_value', 'NONE');
#3367 = CARTESIAN_POINT ( 'NONE',  ( -0.1061567250193031636, -0.04405861880730076174, -0.4989999999999999991 ) ) ;
#3368 = CARTESIAN_POINT ( 'NONE',  ( -0.08524081630668527143, -0.03650392739440816436, -0.5000000000000000000 ) ) ;
#3369 = CARTESIAN_POINT ( 'NONE',  ( 0.08562364362209338997, 0.03162697299907754611, -0.5000000000000001110 ) ) ;
#3370 = PLANE ( 'NONE',  #7685 ) ;
#3371 = DIRECTION ( 'NONE',  ( 0.0000000000000000000, 0.0000000000000000000, 1.000000000000000000 ) ) ;
#3372 = DIRECTION ( 'NONE',  ( -1.000000000000000000, 0.0000000000000000000, 0.0000000000000000000 ) ) ;
#3373 = PRESENTATION_STYLE_ASSIGNMENT (( #7278 ) ) ;
#3374 = EDGE_LOOP ( 'NONE', ( #4946, #632, #4236, #1476 ) ) ;
#3375 = CARTESIAN_POINT ( 'NONE',  ( 0.05532632053750066031, 0.04271681888352317491, -0.4990000000000001101 ) ) ;
#3376 = DIRECTION ( 'NONE',  ( 1.000000000000000000, 0.0000000000000000000, 0.0000000000000000000 ) ) ;
#3377 = CARTESIAN_POINT ( 'NONE',  ( -0.9434108397213618602, -0.5434108397213617270, -0.4500000000000000111 ) ) ;
#3378 =( GEOMETRIC_REPRESENTATION_CONTEXT ( 3 ) GLOBAL_UNCERTAINTY_ASSIGNED_CONTEXT ( ( #7000 ) ) GLOBAL_UNIT_ASSIGNED_CONTEXT ( ( #2516, #6905, #6990 ) ) REPRESENTATION_CONTEXT ( 'NONE', 'WORKASPACE' ) );
#3379 = DIRECTION ( 'NONE',  ( 1.000000000000000000, 0.0000000000000000000, 0.0000000000000000000 ) ) ;
#3380 = FACE_OUTER_BOUND ( 'NONE', #1593, .T. ) ;
#3381 = ORIENTED_EDGE ( 'NONE', *, *, #2492, .T. ) ;
#3382 = EDGE_CURVE ( 'NONE', #1895, #265, #150, .T. ) ;
#3383 = CARTESIAN_POINT ( 'NONE',  ( 0.03781823295164162685, -0.03287871934268581792, -0.5000000000000000000 ) ) ;
#3384 = CARTESIAN_POINT ( 'NONE',  ( 0.1100000000000000006, 0.8700000000000002176, -0.3899999999999999578 ) ) ;
#3385 = CARTESIAN_POINT ( 'NONE',  ( 0.1094428727177049754, 0.0006340299226650141992, -0.4989999999999999991 ) ) ;
#3386 = FACE_OUTER_BOUND ( 'NONE', #5413, .T. ) ;
#3387 = B_SPLINE_SURFACE_WITH_KNOTS ( 'NONE', 3, 1, ( 
 ( #4620, #2106 ),
 ( #2703, #2161 ),
 ( #4588, #6583 ),
 ( #911, #7253 ),
 ( #7894, #6554 ),
 ( #847, #3333 ),
 ( #5839, #7191 ),
 ( #873, #7873 ),
 ( #169, #5315 ),
 ( #5291, #2771 ),
 ( #7216, #7168 ),
 ( #6529, #938 ),
 ( #5902, #6489 ),
 ( #5267, #4024 ),
 ( #261, #827 ),
 ( #2795, #1566 ),
 ( #4713, #3991 ),
 ( #3364, #3301 ),
 ( #233, #7782 ) ),
 .UNSPECIFIED., .F., .F., .F.,
 ( 4, 1, 1, 1, 1, 1, 1, 1, 1, 1, 1, 1, 1, 1, 1, 1, 4 ),
 ( 2, 2 ),
 ( 0.0000000000000000000, 0.07377411937406359865, 0.1440791147260413463, 0.2113485183089115205, 0.2760768857398838150, 0.3385209158196766377, 0.3998851166931335910, 0.4602540674652130792, 0.5205889643912479103, 0.5802076845630441682, 0.6386329085525457305, 0.6963645494905238431, 0.7540017746600127246, 0.8128056813744979348, 0.8727544255255603733, 0.9351819969782670938, 1.000000000000000000 ),
 ( 0.0000000000000000000, 1.000000000000000000 ),
 .UNSPECIFIED. ) ;
#3388 = ADVANCED_FACE ( 'NONE', ( #3692 ), #4977, .T. ) ;
#3389 = SURFACE_STYLE_FILL_AREA ( #7376 ) ;
#3390 = CARTESIAN_POINT ( 'NONE',  ( -0.1372749727488802030, -0.007216214586975051339, -0.4989999999999999991 ) ) ;
#3391 = MECHANICAL_DESIGN_GEOMETRIC_PRESENTATION_REPRESENTATION (  '', ( #2876 ), #5669 ) ;
#3392 = SURFACE_STYLE_FILL_AREA ( #4741 ) ;
#3393 = ORIENTED_EDGE ( 'NONE', *, *, #3677, .F. ) ;
#3394 = STYLED_ITEM ( 'NONE', ( #5816 ), #2611 ) ;
#3395 = FACE_OUTER_BOUND ( 'NONE', #7056, .T. ) ;
#3396 = CARTESIAN_POINT ( 'NONE',  ( 0.08379513005064145870, -0.02965398195705942069, -0.5000000000000000000 ) ) ;
#3397 = PRESENTATION_STYLE_ASSIGNMENT (( #3180 ) ) ;
#3398 = FILL_AREA_STYLE ('',( #2217 ) ) ;
#3399 =( NAMED_UNIT ( * ) SI_UNIT ( $, .STERADIAN. ) SOLID_ANGLE_UNIT ( ) );
#3400 = DIRECTION ( 'NONE',  ( 0.0000000000000000000, -1.000000000000000000, -6.023345402697245979E-16 ) ) ;
#3401 = FACE_OUTER_BOUND ( 'NONE', #5925, .T. ) ;
#3402 = EDGE_CURVE ( 'NONE', #5255, #5047, #4595, .T. ) ;
#3403 = DIRECTION ( 'NONE',  ( 0.0000000000000000000, 0.0000000000000000000, 1.000000000000000000 ) ) ;
#3404 = VECTOR ( 'NONE', #6277, 1000.000000000000000 ) ;
#3405 = MECHANICAL_DESIGN_GEOMETRIC_PRESENTATION_REPRESENTATION (  '', ( #1202 ), #6715 ) ;
#3406 = CARTESIAN_POINT ( 'NONE',  ( -0.9504035209157130071, -0.5504035209157127628, 0.3499999999999999778 ) ) ;
#3407 = CARTESIAN_POINT ( 'NONE',  ( -0.09128996537300529401, 0.05239922378308296824, -0.5000000000000000000 ) ) ;
#3408 = EDGE_LOOP ( 'NONE', ( #7030, #7051, #6831, #1904 ) ) ;
#3409 = CARTESIAN_POINT ( 'NONE',  ( 0.08292319597213373972, 0.03424607672448810175, -0.4989999999999997771 ) ) ;
#3410 = MECHANICAL_DESIGN_GEOMETRIC_PRESENTATION_REPRESENTATION (  '', ( #5385 ), #1428 ) ;
#3411 = EDGE_CURVE ( 'NONE', #7549, #984, #6804, .T. ) ;
#3412 = SURFACE_SIDE_STYLE ('',( #6974 ) ) ;
#3413 = EDGE_CURVE ( 'NONE', #8151, #5052, #5112, .T. ) ;
#3414 = CARTESIAN_POINT ( 'NONE',  ( 0.05361986145688712319, -0.03735552798077820813, -0.5000000000000001110 ) ) ;
#3415 = CARTESIAN_POINT ( 'NONE',  ( 0.7599999999999998979, -0.8300000000000011813, -0.04000000000000077105 ) ) ;
#3416 = FILL_AREA_STYLE_COLOUR ( '', #458 ) ;
#3417 = VECTOR ( 'NONE', #2362, 1000.000000000000000 ) ;
#3418 = ORIENTED_EDGE ( 'NONE', *, *, #5598, .F. ) ;
#3419 = SURFACE_SIDE_STYLE ('',( #4944 ) ) ;
#3420 = VECTOR ( 'NONE', #6447, 1000.000000000000000 ) ;
#3421 = UNCERTAINTY_MEASURE_WITH_UNIT (LENGTH_MEASURE( 1.000000000000000082E-05 ), #4987, 'distance_accuracy_value', 'NONE');
#3422 = DIRECTION ( 'NONE',  ( 0.3222024856061125875, -0.9466707760722534726, 0.0000000000000000000 ) ) ;
#3423 = ADVANCED_FACE ( 'NONE', ( #2434 ), #7808, .T. ) ;
#3424 = SURFACE_STYLE_FILL_AREA ( #6471 ) ;
#3425 = CARTESIAN_POINT ( 'NONE',  ( 0.09472491593837077672, -0.01097265784693760710, -0.5000000000000001110 ) ) ;
#3426 = ORIENTED_EDGE ( 'NONE', *, *, #4984, .F. ) ;
#3427 = DIRECTION ( 'NONE',  ( -0.9975640502598243087, 0.0000000000000000000, 0.06975647374412530244 ) ) ;
#3428 = ORIENTED_EDGE ( 'NONE', *, *, #383, .F. ) ;
#3429 = FILL_AREA_STYLE_COLOUR ( '', #4794 ) ;
#3430 = CARTESIAN_POINT ( 'NONE',  ( -0.9434108397213619712, -0.5434108397213619490, -0.4500000000000000111 ) ) ;
#3431 = VERTEX_POINT ( 'NONE', #7518 ) ;
#3432 = EDGE_CURVE ( 'NONE', #6087, #7957, #5867, .T. ) ;
#3433 = LINE ( 'NONE', #2489, #685 ) ;
#3434 = ADVANCED_FACE ( 'NONE', ( #2122 ), #6911, .F. ) ;
#3435 = LINE ( 'NONE', #5711, #4437 ) ;
#3436 = ORIENTED_EDGE ( 'NONE', *, *, #6882, .F. ) ;
#3437 = LINE ( 'NONE', #401, #6625 ) ;
#3438 = FILL_AREA_STYLE ('',( #3895 ) ) ;
#3439 = VERTEX_POINT ( 'NONE', #3666 ) ;
#3440 = CARTESIAN_POINT ( 'NONE',  ( -0.1380001337732157385, 0.009135284883410747792, -0.5000000000000000000 ) ) ;
#3441 = CARTESIAN_POINT ( 'NONE',  ( -0.1115789629327052501, -0.02849922401646069747, -0.4989999999999998881 ) ) ;
#3442 =( NAMED_UNIT ( * ) SI_UNIT ( $, .STERADIAN. ) SOLID_ANGLE_UNIT ( ) );
#3443 = ORIENTED_EDGE ( 'NONE', *, *, #965, .T. ) ;
#3444 = PRESENTATION_STYLE_ASSIGNMENT (( #5305 ) ) ;
#3445 = EDGE_LOOP ( 'NONE', ( #3054, #4375, #502, #484 ) ) ;
#3446 = SURFACE_SIDE_STYLE ('',( #6207 ) ) ;
#3447 = DIRECTION ( 'NONE',  ( -0.0000000000000000000, -0.06975647374412545509, 0.9975640502598241977 ) ) ;
#3448 =( LENGTH_UNIT ( ) NAMED_UNIT ( * ) SI_UNIT ( .MILLI., .METRE. ) );
#3449 = CARTESIAN_POINT ( 'NONE',  ( -0.9970292752225959898, -0.6002817234287040060, 0.3534878236872062707 ) ) ;
#3450 =( LENGTH_UNIT ( ) NAMED_UNIT ( * ) SI_UNIT ( .MILLI., .METRE. ) );
#3451 = AXIS2_PLACEMENT_3D ( 'NONE', #5198, #3213, #5125 ) ;
#3452 = EDGE_LOOP ( 'NONE', ( #947, #3562, #5242, #598 ) ) ;
#3453 = CARTESIAN_POINT ( 'NONE',  ( -0.1381181028920511755, 0.003778084800713790541, -0.4989999999999999991 ) ) ;
#3454 = DIRECTION ( 'NONE',  ( -0.0000000000000000000, -1.000000000000000000, -0.0000000000000000000 ) ) ;
#3455 =( NAMED_UNIT ( * ) PLANE_ANGLE_UNIT ( ) SI_UNIT ( $, .RADIAN. ) );
#3456 = SURFACE_STYLE_FILL_AREA ( #5341 ) ;
#3457 = CARTESIAN_POINT ( 'NONE',  ( -0.5400000000000000355, 0.8700000000000002176, -0.3899999999999999578 ) ) ;
#3458 = AXIS2_PLACEMENT_3D ( 'NONE', #5237, #1454, #1493 ) ;
#3459 = SURFACE_STYLE_FILL_AREA ( #7322 ) ;
#3460 = AXIS2_PLACEMENT_3D ( 'NONE', #2112, #7822, #2749 ) ;
#3461 = ORIENTED_EDGE ( 'NONE', *, *, #6144, .F. ) ;
#3462 = EDGE_CURVE ( 'NONE', #3327, #7634, #4088, .T. ) ;
#3463 = CARTESIAN_POINT ( 'NONE',  ( 0.05532632053750066031, 0.04271681888352317491, -0.5000000000000001110 ) ) ;
#3464 = COLOUR_RGB ( '',0.0000000000000000000, 0.0000000000000000000, 0.0000000000000000000 ) ;
#3465 =( NAMED_UNIT ( * ) PLANE_ANGLE_UNIT ( ) SI_UNIT ( $, .RADIAN. ) );
#3466 = CARTESIAN_POINT ( 'NONE',  ( 0.01554043369331471747, 0.05252046284949429128, -0.4989999999999999991 ) ) ;
#3467 = ADVANCED_FACE ( 'NONE', ( #6364 ), #2612, .T. ) ;
#3468 = VECTOR ( 'NONE', #105, 1000.000000000000000 ) ;
#3469 = CARTESIAN_POINT ( 'NONE',  ( 0.09548004036269795713, -0.007031985662470596754, -0.4989999999999998881 ) ) ;
#3470 = CARTESIAN_POINT ( 'NONE',  ( -0.2109267919164413974, -0.01943075666270084600, -0.4989999999999999991 ) ) ;
#3471 = CARTESIAN_POINT ( 'NONE',  ( 0.09342572666881880650, -0.03837205122638081417, -0.4990000000000003322 ) ) ;
#3472 = UNCERTAINTY_MEASURE_WITH_UNIT (LENGTH_MEASURE( 1.000000000000000082E-05 ), #6036, 'distance_accuracy_value', 'NONE');
#3473 = FILL_AREA_STYLE ('',( #2346 ) ) ;
#3474 = CARTESIAN_POINT ( 'NONE',  ( -0.1879084992335145754, 0.03331314577632354251, -0.4989999999999999991 ) ) ;
#3475 = PRESENTATION_LAYER_ASSIGNMENT (  '', '', ( #1714 ) ) ;
#3476 = CARTESIAN_POINT ( 'NONE',  ( 0.7599999999999998979, -0.6700000000000012612, -0.04000000000000020900 ) ) ;
#3477 = ADVANCED_FACE ( 'NONE', ( #2710 ), #6379, .F. ) ;
#3478 = CARTESIAN_POINT ( 'NONE',  ( 0.7599999999999998979, 0.8300000000000011813, -0.04000000000000077105 ) ) ;
#3479 = EDGE_CURVE ( 'NONE', #6117, #86, #8112, .T. ) ;
#3480 = DIRECTION ( 'NONE',  ( 0.0000000000000000000, -8.131516293641305343E-15, -1.000000000000000000 ) ) ;
#3481 = CARTESIAN_POINT ( 'NONE',  ( -0.1017825597499552176, -0.03395792785625957599, -0.5000000000000001110 ) ) ;
#3482 = CARTESIAN_POINT ( 'NONE',  ( 0.05847107393721714952, 0.04276436528851867286, -0.5000000000000000000 ) ) ;
#3483 = ORIENTED_EDGE ( 'NONE', *, *, #1224, .F. ) ;
#3484 =( NAMED_UNIT ( * ) PLANE_ANGLE_UNIT ( ) SI_UNIT ( $, .RADIAN. ) );
#3485 = CARTESIAN_POINT ( 'NONE',  ( -0.5400000000000000355, -0.8300000000000001821, -0.3499999999999998668 ) ) ;
#3486 = DIRECTION ( 'NONE',  ( 1.000000000000000000, -0.0000000000000000000, 0.0000000000000000000 ) ) ;
#3487 = ORIENTED_EDGE ( 'NONE', *, *, #7429, .T. ) ;
#3488 = PRESENTATION_STYLE_ASSIGNMENT (( #3142 ) ) ;
#3489 = EDGE_LOOP ( 'NONE', ( #3726, #5190, #7438, #1586 ) ) ;
#3490 = CARTESIAN_POINT ( 'NONE',  ( -0.2356790785018072487, -0.04747953715050572815, -0.5000000000000000000 ) ) ;
#3491 = CARTESIAN_POINT ( 'NONE',  ( -0.1100000000000000006, 0.8700000000000001066, -0.3500000000000000333 ) ) ;
#3492 = PRESENTATION_LAYER_ASSIGNMENT (  '', '', ( #6518 ) ) ;
#3493 = FILL_AREA_STYLE ('',( #7417 ) ) ;
#3494 = CARTESIAN_POINT ( 'NONE',  ( -0.5400000000000000355, -0.6700000000000012612, -0.04000000000000020900 ) ) ;
#3495 = CIRCLE ( 'NONE', #4372, 0.03999999999999988981 ) ;
#3496 = ORIENTED_EDGE ( 'NONE', *, *, #6649, .T. ) ;
#3497 = FILL_AREA_STYLE_COLOUR ( '', #7938 ) ;
#3498 = DIRECTION ( 'NONE',  ( 0.06958737431666479900, 0.06958737431666482676, 0.9951458157835086915 ) ) ;
#3499 = AXIS2_PLACEMENT_3D ( 'NONE', #6049, #3529, #6676 ) ;
#3500 = STYLED_ITEM ( 'NONE', ( #3444 ), #4880 ) ;
#3501 = ORIENTED_EDGE ( 'NONE', *, *, #1748, .F. ) ;
#3502 = AXIS2_PLACEMENT_3D ( 'NONE', #2629, #711, #7073 ) ;
#3503 = VECTOR ( 'NONE', #6147, 1000.000000000000000 ) ;
#3504 = CARTESIAN_POINT ( 'NONE',  ( -0.7599999999999998979, 0.8700000000000001066, -0.5499999999999999334 ) ) ;
#3505 = VECTOR ( 'NONE', #3247, 1000.000000000000000 ) ;
#3506 = LINE ( 'NONE', #8082, #159 ) ;
#3507 = DIRECTION ( 'NONE',  ( 0.0000000000000000000, -1.000000000000000000, 0.0000000000000000000 ) ) ;
#3508 =( NAMED_UNIT ( * ) SI_UNIT ( $, .STERADIAN. ) SOLID_ANGLE_UNIT ( ) );
#3509 = PRESENTATION_STYLE_ASSIGNMENT (( #4935 ) ) ;
#3510 = EDGE_CURVE ( 'NONE', #6712, #7143, #4708, .T. ) ;
#3511 = UNCERTAINTY_MEASURE_WITH_UNIT (LENGTH_MEASURE( 1.000000000000000082E-05 ), #4489, 'distance_accuracy_value', 'NONE');
#3512 = VERTEX_POINT ( 'NONE', #90 ) ;
#3513 = ADVANCED_FACE ( 'NONE', ( #1052 ), #7679, .T. ) ;
#3514 =( NAMED_UNIT ( * ) PLANE_ANGLE_UNIT ( ) SI_UNIT ( $, .RADIAN. ) );
#3515 = AXIS2_PLACEMENT_3D ( 'NONE', #3377, #1480, #2120 ) ;
#3516 = DIRECTION ( 'NONE',  ( 1.000000000000000000, 0.0000000000000000000, 0.0000000000000000000 ) ) ;
#3517 = VECTOR ( 'NONE', #5968, 1000.000000000000000 ) ;
#3518 = CARTESIAN_POINT ( 'NONE',  ( -0.08482160898961210727, -0.04747953715050572815, -0.4989999999999999991 ) ) ;
#3519 = CARTESIAN_POINT ( 'NONE',  ( -0.1895091089896121239, 0.04032534089827476825, -0.4989999999999999991 ) ) ;
#3520 = STYLED_ITEM ( 'NONE', ( #4585 ), #7768 ) ;
#3521 = PRESENTATION_LAYER_ASSIGNMENT (  '', '', ( #6953 ) ) ;
#3522 = VERTEX_POINT ( 'NONE', #6351 ) ;
#3523 = UNCERTAINTY_MEASURE_WITH_UNIT (LENGTH_MEASURE( 1.000000000000000082E-05 ), #7359, 'distance_accuracy_value', 'NONE');
#3524 = ORIENTED_EDGE ( 'NONE', *, *, #3101, .F. ) ;
#3525 = EDGE_CURVE ( 'NONE', #386, #6863, #1444, .T. ) ;
#3526 = COLOUR_RGB ( '',1.000000000000000000, 1.000000000000000000, 1.000000000000000000 ) ;
#3527 = FILL_AREA_STYLE_COLOUR ( '', #7962 ) ;
#3528 = ORIENTED_EDGE ( 'NONE', *, *, #1066, .T. ) ;
#3529 = DIRECTION ( 'NONE',  ( 0.0000000000000000000, -6.023345402697246965E-16, -1.000000000000000000 ) ) ;
#3530 = DIRECTION ( 'NONE',  ( -1.000000000000000000, 0.0000000000000000000, 0.0000000000000000000 ) ) ;
#3531 = DIRECTION ( 'NONE',  ( -0.0000000000000000000, 0.0000000000000000000, 1.000000000000000000 ) ) ;
#3532 = DIRECTION ( 'NONE',  ( 1.000000000000000000, -0.0000000000000000000, 0.0000000000000000000 ) ) ;
#3533 = SURFACE_STYLE_FILL_AREA ( #6284 ) ;
#3534 = VERTEX_POINT ( 'NONE', #5871 ) ;
#3535 = SURFACE_STYLE_FILL_AREA ( #7576 ) ;
#3536 = DIRECTION ( 'NONE',  ( 1.000000000000000000, 0.0000000000000000000, -0.0000000000000000000 ) ) ;
#3537 = VECTOR ( 'NONE', #3551, 1000.000000000000000 ) ;
#3538 = ORIENTED_EDGE ( 'NONE', *, *, #3525, .T. ) ;
#3539 = CYLINDRICAL_SURFACE ( 'NONE', #2411, 0.05000000000000002359 ) ;
#3540 = CARTESIAN_POINT ( 'NONE',  ( -0.1361199031405308513, -0.01233591788120192920, -0.4989999999999999991 ) ) ;
#3541 =( NAMED_UNIT ( * ) SI_UNIT ( $, .STERADIAN. ) SOLID_ANGLE_UNIT ( ) );
#3542 =( NAMED_UNIT ( * ) SI_UNIT ( $, .STERADIAN. ) SOLID_ANGLE_UNIT ( ) );
#3543 = LINE ( 'NONE', #442, #2268 ) ;
#3544 = DIRECTION ( 'NONE',  ( -0.0000000000000000000, -0.0000000000000000000, -1.000000000000000000 ) ) ;
#3545 = ORIENTED_EDGE ( 'NONE', *, *, #35, .F. ) ;
#3546 = COLOUR_RGB ( '',1.000000000000000000, 1.000000000000000000, 1.000000000000000000 ) ;
#3547 = ORIENTED_EDGE ( 'NONE', *, *, #4171, .F. ) ;
#3548 = VERTEX_POINT ( 'NONE', #2627 ) ;
#3549 = ORIENTED_EDGE ( 'NONE', *, *, #1921, .T. ) ;
#3550 = CIRCLE ( 'NONE', #3776, 0.03999999999999988981 ) ;
#3551 = DIRECTION ( 'NONE',  ( 0.0000000000000000000, -1.000000000000000000, 0.0000000000000000000 ) ) ;
#3552 =( LENGTH_UNIT ( ) NAMED_UNIT ( * ) SI_UNIT ( .MILLI., .METRE. ) );
#3553 = EDGE_CURVE ( 'NONE', #2020, #4760, #1930, .T. ) ;
#3554 = ORIENTED_EDGE ( 'NONE', *, *, #6030, .F. ) ;
#3555 = CARTESIAN_POINT ( 'NONE',  ( 0.09600045658635081303, -8.730890814550715040E-06, -0.4989999999999998881 ) ) ;
#3556 = PRESENTATION_LAYER_ASSIGNMENT (  '', '', ( #1738 ) ) ;
#3557 =( NAMED_UNIT ( * ) SI_UNIT ( $, .STERADIAN. ) SOLID_ANGLE_UNIT ( ) );
#3558 = ORIENTED_EDGE ( 'NONE', *, *, #7594, .F. ) ;
#3559 = CARTESIAN_POINT ( 'NONE',  ( -0.1832400541115633552, 0.05252046284949429128, -0.5000000000000000000 ) ) ;
#3560 = STYLED_ITEM ( 'NONE', ( #6513 ), #5160 ) ;
#3561 = CARTESIAN_POINT ( 'NONE',  ( 0.09202845565531925232, 0.02213537354562012185, -0.4989999999999999991 ) ) ;
#3562 = ORIENTED_EDGE ( 'NONE', *, *, #492, .F. ) ;
#3563 = ADVANCED_FACE ( 'NONE', ( #1851 ), #3387, .T. ) ;
#3564 = DIRECTION ( 'NONE',  ( -1.000000000000000000, 0.0000000000000000000, -0.0000000000000000000 ) ) ;
#3565 = PRESENTATION_LAYER_ASSIGNMENT (  '', '', ( #3034 ) ) ;
#3566 = SURFACE_STYLE_FILL_AREA ( #3706 ) ;
#3567 = CARTESIAN_POINT ( 'NONE',  ( 0.05532632053750066031, 0.04271681888352317491, -0.5000000000000001110 ) ) ;
#3568 = FACE_OUTER_BOUND ( 'NONE', #7325, .T. ) ;
#3569 = EDGE_CURVE ( 'NONE', #4448, #3800, #6570, .T. ) ;
#3570 =( GEOMETRIC_REPRESENTATION_CONTEXT ( 3 ) GLOBAL_UNCERTAINTY_ASSIGNED_CONTEXT ( ( #7095 ) ) GLOBAL_UNIT_ASSIGNED_CONTEXT ( ( #5094, #1989, #2565 ) ) REPRESENTATION_CONTEXT ( 'NONE', 'WORKASPACE' ) );
#3571 = CARTESIAN_POINT ( 'NONE',  ( 0.08177179182764149346, -0.04539060657381969316, -0.4990000000000001101 ) ) ;
#3572 = SURFACE_STYLE_USAGE ( .BOTH. , #1752 ) ;
#3573 = CARTESIAN_POINT ( 'NONE',  ( -0.9434108397213618602, 0.5434108397213615049, -0.5000000000000000000 ) ) ;
#3574 = SURFACE_STYLE_USAGE ( .BOTH. , #1025 ) ;
#3575 = STYLED_ITEM ( 'NONE', ( #1992 ), #3998 ) ;
#3576 =( GEOMETRIC_REPRESENTATION_CONTEXT ( 3 ) GLOBAL_UNCERTAINTY_ASSIGNED_CONTEXT ( ( #5695 ) ) GLOBAL_UNIT_ASSIGNED_CONTEXT ( ( #6991, #6328, #4991 ) ) REPRESENTATION_CONTEXT ( 'NONE', 'WORKASPACE' ) );
#3577 = EDGE_CURVE ( 'NONE', #139, #2050, #1750, .T. ) ;
#3578 = CARTESIAN_POINT ( 'NONE',  ( -0.5400000000000000355, -0.6200000000000012168, 0.1699999999999999845 ) ) ;
#3579 = UNCERTAINTY_MEASURE_WITH_UNIT (LENGTH_MEASURE( 1.000000000000000082E-05 ), #2762, 'distance_accuracy_value', 'NONE');
#3580 = CARTESIAN_POINT ( 'NONE',  ( 0.09060827664113135782, -0.02141019565791688062, -0.4989999999999999991 ) ) ;
#3581 = DIRECTION ( 'NONE',  ( 0.0000000000000000000, 3.497426362856476362E-15, -1.000000000000000000 ) ) ;
#3582 = DIRECTION ( 'NONE',  ( -0.0000000000000000000, 0.0000000000000000000, 1.000000000000000000 ) ) ;
#3583 =( GEOMETRIC_REPRESENTATION_CONTEXT ( 3 ) GLOBAL_UNCERTAINTY_ASSIGNED_CONTEXT ( ( #6123 ) ) GLOBAL_UNIT_ASSIGNED_CONTEXT ( ( #3063, #1845, #1194 ) ) REPRESENTATION_CONTEXT ( 'NONE', 'WORKASPACE' ) );
#3584 = DIRECTION ( 'NONE',  ( -0.0000000000000000000, -0.0000000000000000000, -1.000000000000000000 ) ) ;
#3585 = SURFACE_SIDE_STYLE ('',( #6868 ) ) ;
#3586 = CARTESIAN_POINT ( 'NONE',  ( 0.1059339182993407624, 0.02221740084168064358, -0.4990000000000001101 ) ) ;
#3587 = EDGE_CURVE ( 'NONE', #5910, #7711, #849, .T. ) ;
#3588 = ORIENTED_EDGE ( 'NONE', *, *, #6603, .F. ) ;
#3589 = EDGE_CURVE ( 'NONE', #3339, #3675, #3285, .T. ) ;
#3590 = SURFACE_STYLE_USAGE ( .BOTH. , #2998 ) ;
#3591 = CARTESIAN_POINT ( 'NONE',  ( 0.1100000000000000006, -0.8700000000000001066, -0.5499999999999999334 ) ) ;
#3592 = CARTESIAN_POINT ( 'NONE',  ( -0.5400000000000000355, -0.6200000000000012168, 0.1699999999999999845 ) ) ;
#3593 = DIRECTION ( 'NONE',  ( 0.06958737431666479900, 0.06958737431666482676, -0.9951458157835086915 ) ) ;
#3594 = LINE ( 'NONE', #4683, #4806 ) ;
#3595 = ORIENTED_EDGE ( 'NONE', *, *, #368, .T. ) ;
#3596 = ADVANCED_FACE ( 'NONE', ( #5668 ), #3128, .T. ) ;
#3597 = PRESENTATION_STYLE_ASSIGNMENT (( #1111 ) ) ;
#3598 = FILL_AREA_STYLE ('',( #8087 ) ) ;
#3599 = PRESENTATION_STYLE_ASSIGNMENT (( #129 ) ) ;
#3600 = CARTESIAN_POINT ( 'NONE',  ( -0.9434108397213618602, 0.5900365940282445987, -0.5000000000000000000 ) ) ;
#3601 =( NAMED_UNIT ( * ) SI_UNIT ( $, .STERADIAN. ) SOLID_ANGLE_UNIT ( ) );
#3602 = FILL_AREA_STYLE_COLOUR ( '', #7817 ) ;
#3603 = CARTESIAN_POINT ( 'NONE',  ( 0.06256787271770497538, -0.04869904934562768045, -0.4989999999999999991 ) ) ;
#3604 = CARTESIAN_POINT ( 'NONE',  ( 0.1100000000000000006, 0.6700000000000002620, -0.3499999999999993672 ) ) ;
#3605 = AXIS2_PLACEMENT_3D ( 'NONE', #206, #4542, #3960 ) ;
#3606 = VECTOR ( 'NONE', #7490, 1000.000000000000114 ) ;
#3607 = CIRCLE ( 'NONE', #5018, 0.2100000000000000477 ) ;
#3608 =( GEOMETRIC_REPRESENTATION_CONTEXT ( 3 ) GLOBAL_UNCERTAINTY_ASSIGNED_CONTEXT ( ( #7166 ) ) GLOBAL_UNIT_ASSIGNED_CONTEXT ( ( #1062, #7395, #441 ) ) REPRESENTATION_CONTEXT ( 'NONE', 'WORKASPACE' ) );
#3609 = UNCERTAINTY_MEASURE_WITH_UNIT (LENGTH_MEASURE( 1.000000000000000082E-05 ), #3990, 'distance_accuracy_value', 'NONE');
#3610 = EDGE_LOOP ( 'NONE', ( #4010, #6792, #5503, #7758 ) ) ;
#3611 = DIRECTION ( 'NONE',  ( 0.0000000000000000000, 3.497426362856476362E-15, -1.000000000000000000 ) ) ;
#3612 = EDGE_CURVE ( 'NONE', #7567, #2940, #3013, .T. ) ;
#3613 = DIRECTION ( 'NONE',  ( 0.0000000000000000000, 0.0000000000000000000, 1.000000000000000000 ) ) ;
#3614 = DIRECTION ( 'NONE',  ( -0.0000000000000000000, -0.06975647374412545509, 0.9975640502598241977 ) ) ;
#3615 = DIRECTION ( 'NONE',  ( 0.0000000000000000000, 1.000000000000000000, 0.0000000000000000000 ) ) ;
#3616 = PLANE ( 'NONE',  #1973 ) ;
#3617 = VERTEX_POINT ( 'NONE', #3787 ) ;
#3618 = SURFACE_STYLE_FILL_AREA ( #4244 ) ;
#3619 = CARTESIAN_POINT ( 'NONE',  ( -0.1912516965260535884, 0.03371212922163458608, -0.5000000000000001110 ) ) ;
#3620 = ORIENTED_EDGE ( 'NONE', *, *, #1774, .F. ) ;
#3621 = DIRECTION ( 'NONE',  ( 1.000000000000000000, -0.0000000000000000000, -0.0000000000000000000 ) ) ;
#3622 = EDGE_LOOP ( 'NONE', ( #3867, #2376, #4827, #578 ) ) ;
#3623 = FACE_BOUND ( 'NONE', #7750, .T. ) ;
#3624 =( LENGTH_UNIT ( ) NAMED_UNIT ( * ) SI_UNIT ( .MILLI., .METRE. ) );
#3625 = AXIS2_PLACEMENT_3D ( 'NONE', #4833, #3536, #7259 ) ;
#3626 =( GEOMETRIC_REPRESENTATION_CONTEXT ( 3 ) GLOBAL_UNCERTAINTY_ASSIGNED_CONTEXT ( ( #2922 ) ) GLOBAL_UNIT_ASSIGNED_CONTEXT ( ( #2341, #478, #7474 ) ) REPRESENTATION_CONTEXT ( 'NONE', 'WORKASPACE' ) );
#3627 = SURFACE_STYLE_USAGE ( .BOTH. , #6206 ) ;
#3628 = LINE ( 'NONE', #936, #785 ) ;
#3629 = B_SPLINE_CURVE_WITH_KNOTS ( 'NONE', 3,
 ( #7889, #2812, #7274, #5340, #5891, #2764, #3324, #7865, #3441, #4070, #320, #4733, #956, #254, #5835, #6482, #867, #4611, #2699 ),
 .UNSPECIFIED., .F., .F.,
 ( 4, 1, 1, 1, 1, 1, 1, 1, 1, 1, 1, 1, 1, 1, 1, 1, 4 ),
 ( 0.0000000000000000000, 0.07082657255516341954, 0.1381690332798000131, 0.2024753315338422566, 0.2639737544135198899, 0.3233803205980371187, 0.3817976227131855138, 0.4393900745193890511, 0.4969027245459974873, 0.5546621696093702036, 0.6127418784921975226, 0.6715388363911724001, 0.7316557220901981351, 0.7942978116139531863, 0.8594822049793585661, 0.9276813254527899177, 1.000000000000000000 ),
 .UNSPECIFIED. ) ;
#3630 = VECTOR ( 'NONE', #5698, 1000.000000000000000 ) ;
#3631 = ORIENTED_EDGE ( 'NONE', *, *, #2178, .F. ) ;
#3632 = VECTOR ( 'NONE', #4848, 1000.000000000000000 ) ;
#3633 = ORIENTED_EDGE ( 'NONE', *, *, #7883, .F. ) ;
#3634 = SURFACE_STYLE_USAGE ( .BOTH. , #6821 ) ;
#3635 = SURFACE_SIDE_STYLE ('',( #2882 ) ) ;
#3636 = FILL_AREA_STYLE_COLOUR ( '', #311 ) ;
#3637 = COLOUR_RGB ( '',1.000000000000000000, 1.000000000000000000, 1.000000000000000000 ) ;
#3638 = LINE ( 'NONE', #7460, #799 ) ;
#3639 = SURFACE_STYLE_USAGE ( .BOTH. , #6189 ) ;
#3640 = VERTEX_POINT ( 'NONE', #8253 ) ;
#3641 = ORIENTED_EDGE ( 'NONE', *, *, #3835, .T. ) ;
#3642 = CARTESIAN_POINT ( 'NONE',  ( -0.1879084992335145754, 0.03331314577632354251, -0.5000000000000000000 ) ) ;
#3643 =( NAMED_UNIT ( * ) SI_UNIT ( $, .STERADIAN. ) SOLID_ANGLE_UNIT ( ) );
#3644 = CARTESIAN_POINT ( 'NONE',  ( -0.08579340777009993035, 0.04154485309339672749, -0.4989999999999999991 ) ) ;
#3645 = SURFACE_STYLE_USAGE ( .BOTH. , #6174 ) ;
#3646 = ORIENTED_EDGE ( 'NONE', *, *, #2632, .F. ) ;
#3647 = PRESENTATION_LAYER_ASSIGNMENT (  '', '', ( #2651 ) ) ;
#3648 = LINE ( 'NONE', #6694, #3844 ) ;
#3649 = EDGE_CURVE ( 'NONE', #1581, #5382, #5293, .T. ) ;
#3650 = CIRCLE ( 'NONE', #5542, 0.2100000000000000477 ) ;
#3651 = CARTESIAN_POINT ( 'NONE',  ( -0.5400000000000000355, 1.050000000000000044, -0.5500000000000000444 ) ) ;
#3652 =( LENGTH_UNIT ( ) NAMED_UNIT ( * ) SI_UNIT ( .MILLI., .METRE. ) );
#3653 = ORIENTED_EDGE ( 'NONE', *, *, #6119, .T. ) ;
#3654 = PRESENTATION_LAYER_ASSIGNMENT (  '', '', ( #2876 ) ) ;
#3655 = FILL_AREA_STYLE_COLOUR ( '', #7348 ) ;
#3656 = DIRECTION ( 'NONE',  ( 0.0000000000000000000, 1.000000000000000000, 0.0000000000000000000 ) ) ;
#3657 = FILL_AREA_STYLE ('',( #3602 ) ) ;
#3658 = MECHANICAL_DESIGN_GEOMETRIC_PRESENTATION_REPRESENTATION (  '', ( #302 ), #2132 ) ;
#3659 = CARTESIAN_POINT ( 'NONE',  ( 0.08292319597213373972, 0.03424607672448810175, -0.4999999999999997780 ) ) ;
#3660 = CARTESIAN_POINT ( 'NONE',  ( -0.1100000000000000006, -1.050000000000000044, -0.3900000000000000688 ) ) ;
#3661 = MECHANICAL_DESIGN_GEOMETRIC_PRESENTATION_REPRESENTATION (  '', ( #7534 ), #5375 ) ;
#3662 = EDGE_CURVE ( 'NONE', #4975, #165, #1342, .T. ) ;
#3663 = CARTESIAN_POINT ( 'NONE',  ( -0.08524081630668527143, -0.03650392739440816436, -0.4989999999999999991 ) ) ;
#3664 = SURFACE_STYLE_USAGE ( .BOTH. , #3118 ) ;
#3665 = PRESENTATION_STYLE_ASSIGNMENT (( #2765 ) ) ;
#3666 = CARTESIAN_POINT ( 'NONE',  ( 0.7599999999999998979, -0.8300000000000001821, -0.3499999999999998668 ) ) ;
#3667 = UNCERTAINTY_MEASURE_WITH_UNIT (LENGTH_MEASURE( 1.000000000000000082E-05 ), #6042, 'distance_accuracy_value', 'NONE');
#3668 = SURFACE_SIDE_STYLE ('',( #4866 ) ) ;
#3669 =( LENGTH_UNIT ( ) NAMED_UNIT ( * ) SI_UNIT ( .MILLI., .METRE. ) );
#3670 = PRESENTATION_LAYER_ASSIGNMENT (  '', '', ( #5486 ) ) ;
#3671 = B_SPLINE_SURFACE_WITH_KNOTS ( 'NONE', 3, 1, ( 
 ( #5495, #1278 ),
 ( #559, #5604 ),
 ( #6934, #8201 ),
 ( #3110, #3171 ),
 ( #7584, #7642 ),
 ( #4454, #4474 ),
 ( #7119, #3290 ),
 ( #5194, #3816 ),
 ( #2641, #2591 ),
 ( #130, #2618 ),
 ( #2013, #4561 ) ),
 .UNSPECIFIED., .F., .F., .F.,
 ( 4, 1, 1, 1, 1, 1, 1, 1, 4 ),
 ( 2, 2 ),
 ( 0.0000000000000000000, 0.1124483899088010164, 0.2265276752126777204, 0.3444019493260284670, 0.4658649724874589504, 0.5916594493521171172, 0.7221684870248873400, 0.8586063875549265756, 1.000000000000000000 ),
 ( 0.0000000000000000000, 1.000000000000000000 ),
 .UNSPECIFIED. ) ;
#3672 = ADVANCED_FACE ( 'NONE', ( #2805 ), #7605, .F. ) ;
#3673 = STYLED_ITEM ( 'NONE', ( #2523 ), #7293 ) ;
#3674 = MECHANICAL_DESIGN_GEOMETRIC_PRESENTATION_REPRESENTATION (  '', ( #6997 ), #5951 ) ;
#3675 = VERTEX_POINT ( 'NONE', #3761 ) ;
#3676 = CARTESIAN_POINT ( 'NONE',  ( -0.07104493216034385439, 0.04154485309339672749, -0.4989999999999999991 ) ) ;
#3677 = EDGE_CURVE ( 'NONE', #4592, #2378, #868, .T. ) ;
#3678 = CARTESIAN_POINT ( 'NONE',  ( -0.07104493216034385439, 0.04154485309339672749, -0.4989999999999999991 ) ) ;
#3679 = PRESENTATION_STYLE_ASSIGNMENT (( #5275 ) ) ;
#3680 = ORIENTED_EDGE ( 'NONE', *, *, #6225, .F. ) ;
#3681 = LINE ( 'NONE', #565, #1232 ) ;
#3682 = ORIENTED_EDGE ( 'NONE', *, *, #1505, .T. ) ;
#3683 = DIRECTION ( 'NONE',  ( 0.0000000000000000000, -1.000000000000000000, 6.023345402697245979E-16 ) ) ;
#3684 = DIRECTION ( 'NONE',  ( -1.000000000000000000, 0.0000000000000000000, -0.0000000000000000000 ) ) ;
#3685 = DIRECTION ( 'NONE',  ( -1.000000000000000000, 0.0000000000000000000, -0.0000000000000000000 ) ) ;
#3686 = PRESENTATION_STYLE_ASSIGNMENT (( #7773 ) ) ;
#3687 = SURFACE_STYLE_USAGE ( .BOTH. , #563 ) ;
#3688 = DIRECTION ( 'NONE',  ( 1.000000000000000000, 0.0000000000000000000, 0.0000000000000000000 ) ) ;
#3689 = VERTEX_POINT ( 'NONE', #4986 ) ;
#3690 = CARTESIAN_POINT ( 'NONE',  ( -0.1099999999999999589, 0.6243137685856746666, 0.009813566431136516374 ) ) ;
#3691 = FILL_AREA_STYLE ('',( #5022 ) ) ;
#3692 = FACE_OUTER_BOUND ( 'NONE', #1092, .T. ) ;
#3693 = CARTESIAN_POINT ( 'NONE',  ( -0.09791512443462548065, 0.04028119243909578095, -0.5000000000000001110 ) ) ;
#3694 = DIRECTION ( 'NONE',  ( 0.0000000000000000000, 0.0000000000000000000, -1.000000000000000000 ) ) ;
#3695 = ORIENTED_EDGE ( 'NONE', *, *, #338, .T. ) ;
#3696 = VECTOR ( 'NONE', #8180, 1000.000000000000000 ) ;
#3697 =( GEOMETRIC_REPRESENTATION_CONTEXT ( 3 ) GLOBAL_UNCERTAINTY_ASSIGNED_CONTEXT ( ( #2515 ) ) GLOBAL_UNIT_ASSIGNED_CONTEXT ( ( #2747, #4035, #6472 ) ) REPRESENTATION_CONTEXT ( 'NONE', 'WORKASPACE' ) );
#3698 = CARTESIAN_POINT ( 'NONE',  ( -0.1883863551900803734, 0.03475417705277631525, -0.5000000000000000000 ) ) ;
#3699 = CARTESIAN_POINT ( 'NONE',  ( -0.1187366563310129491, 0.02666499783333415446, -0.5000000000000000000 ) ) ;
#3700 = CARTESIAN_POINT ( 'NONE',  ( 0.1557843361323391351, 0.05252046284949429128, -0.4989999999999999991 ) ) ;
#3701 = CYLINDRICAL_SURFACE ( 'NONE', #1929, 0.2100000000000000200 ) ;
#3702 = ORIENTED_EDGE ( 'NONE', *, *, #3587, .T. ) ;
#3703 =( GEOMETRIC_REPRESENTATION_CONTEXT ( 3 ) GLOBAL_UNCERTAINTY_ASSIGNED_CONTEXT ( ( #612 ) ) GLOBAL_UNIT_ASSIGNED_CONTEXT ( ( #6179, #4296, #3060 ) ) REPRESENTATION_CONTEXT ( 'NONE', 'WORKASPACE' ) );
#3704 = ORIENTED_EDGE ( 'NONE', *, *, #5767, .F. ) ;
#3705 = SURFACE_SIDE_STYLE ('',( #3116 ) ) ;
#3706 = FILL_AREA_STYLE ('',( #6323 ) ) ;
#3707 = FILL_AREA_STYLE_COLOUR ( '', #82 ) ;
#3708 = STYLED_ITEM ( 'NONE', ( #394 ), #6555 ) ;
#3709 = UNCERTAINTY_MEASURE_WITH_UNIT (LENGTH_MEASURE( 1.000000000000000082E-05 ), #7774, 'distance_accuracy_value', 'NONE');
#3710 = ORIENTED_EDGE ( 'NONE', *, *, #1924, .F. ) ;
#3711 = FILL_AREA_STYLE ('',( #5100 ) ) ;
#3712 = ORIENTED_EDGE ( 'NONE', *, *, #742, .T. ) ;
#3713 =( GEOMETRIC_REPRESENTATION_CONTEXT ( 3 ) GLOBAL_UNCERTAINTY_ASSIGNED_CONTEXT ( ( #7930 ) ) GLOBAL_UNIT_ASSIGNED_CONTEXT ( ( #5917, #4635, #7825 ) ) REPRESENTATION_CONTEXT ( 'NONE', 'WORKASPACE' ) );
#3714 = VECTOR ( 'NONE', #7974, 1000.000000000000000 ) ;
#3715 = EDGE_LOOP ( 'NONE', ( #7106, #3102, #3225, #5038 ) ) ;
#3716 =( GEOMETRIC_REPRESENTATION_CONTEXT ( 3 ) GLOBAL_UNCERTAINTY_ASSIGNED_CONTEXT ( ( #307 ) ) GLOBAL_UNIT_ASSIGNED_CONTEXT ( ( #5479, #2936, #3542 ) ) REPRESENTATION_CONTEXT ( 'NONE', 'WORKASPACE' ) );
#3717 = CARTESIAN_POINT ( 'NONE',  ( -1.675000000000000266, 0.6131124419696033501, 0.1699999999999999567 ) ) ;
#3718 = EDGE_CURVE ( 'NONE', #2737, #139, #7560, .T. ) ;
#3719 = LINE ( 'NONE', #3730, #7939 ) ;
#3720 = SURFACE_STYLE_USAGE ( .BOTH. , #6228 ) ;
#3721 = EDGE_LOOP ( 'NONE', ( #2175, #5763, #1168, #6336 ) ) ;
#3722 = CARTESIAN_POINT ( 'NONE',  ( -0.1140219747829661484, 0.03204842674962709442, -0.5000000000000002220 ) ) ;
#3723 = VERTEX_POINT ( 'NONE', #1269 ) ;
#3724 = SURFACE_STYLE_USAGE ( .BOTH. , #3091 ) ;
#3725 = PRESENTATION_STYLE_ASSIGNMENT (( #3099 ) ) ;
#3726 = ORIENTED_EDGE ( 'NONE', *, *, #4110, .T. ) ;
#3727 = ORIENTED_EDGE ( 'NONE', *, *, #6493, .F. ) ;
#3728 = LINE ( 'NONE', #3384, #596 ) ;
#3729 = DIRECTION ( 'NONE',  ( -0.0000000000000000000, -0.0000000000000000000, -1.000000000000000000 ) ) ;
#3730 = CARTESIAN_POINT ( 'NONE',  ( 0.7599999999999998979, 0.8700000000000002176, -0.3899999999999999578 ) ) ;
#3731 = ORIENTED_EDGE ( 'NONE', *, *, #1014, .T. ) ;
#3732 = DIRECTION ( 'NONE',  ( 0.3390537954853694580, 0.9407669869669987861, 0.0000000000000000000 ) ) ;
#3733 = VECTOR ( 'NONE', #5890, 1000.000000000000000 ) ;
#3734 = ORIENTED_EDGE ( 'NONE', *, *, #8141, .T. ) ;
#3735 = EDGE_LOOP ( 'NONE', ( #1496, #4038, #6901, #794 ) ) ;
#3736 = CARTESIAN_POINT ( 'NONE',  ( 0.7599999999999998979, 0.6700000000000002620, -0.3499999999999993672 ) ) ;
#3737 =( GEOMETRIC_REPRESENTATION_CONTEXT ( 3 ) GLOBAL_UNCERTAINTY_ASSIGNED_CONTEXT ( ( #3178 ) ) GLOBAL_UNIT_ASSIGNED_CONTEXT ( ( #4653, #5289, #1517 ) ) REPRESENTATION_CONTEXT ( 'NONE', 'WORKASPACE' ) );
#3738 = CARTESIAN_POINT ( 'NONE',  ( 0.002125799546973263822, -0.03650392739440816436, -0.4989999999999999991 ) ) ;
#3739 = VERTEX_POINT ( 'NONE', #3186 ) ;
#3740 = CIRCLE ( 'NONE', #996, 0.05000000000000002359 ) ;
#3741 = SURFACE_STYLE_FILL_AREA ( #5158 ) ;
#3742 = EDGE_CURVE ( 'NONE', #190, #2050, #5208, .T. ) ;
#3743 = FILL_AREA_STYLE_COLOUR ( '', #1175 ) ;
#3744 = VECTOR ( 'NONE', #3581, 1000.000000000000000 ) ;
#3745 =( NAMED_UNIT ( * ) SI_UNIT ( $, .STERADIAN. ) SOLID_ANGLE_UNIT ( ) );
#3746 = EDGE_LOOP ( 'NONE', ( #3891, #2213, #1113, #3731 ) ) ;
#3747 = EDGE_CURVE ( 'NONE', #6095, #5142, #3073, .T. ) ;
#3748 = SURFACE_STYLE_USAGE ( .BOTH. , #2493 ) ;
#3749 = FACE_OUTER_BOUND ( 'NONE', #7117, .T. ) ;
#3750 = VECTOR ( 'NONE', #3001, 1000.000000000000114 ) ;
#3751 = EDGE_LOOP ( 'NONE', ( #7507, #4547, #7597, #2444 ) ) ;
#3752 = SHAPE_DEFINITION_REPRESENTATION ( #1382, #5595 ) ;
#3753 = ORIENTED_EDGE ( 'NONE', *, *, #6236, .T. ) ;
#3754 = DIRECTION ( 'NONE',  ( -0.9407669869669988971, 0.3390537954853694025, 0.0000000000000000000 ) ) ;
#3755 = CARTESIAN_POINT ( 'NONE',  ( -0.09406198702470033868, 0.04101295253280457659, -0.4989999999999999991 ) ) ;
#3756 = COLOUR_RGB ( '',0.0000000000000000000, 0.0000000000000000000, 0.0000000000000000000 ) ;
#3757 = AXIS2_PLACEMENT_3D ( 'NONE', #6161, #6184, #592 ) ;
#3758 = FILL_AREA_STYLE ('',( #1214 ) ) ;
#3759 = SURFACE_SIDE_STYLE ('',( #7443 ) ) ;
#3760 = CARTESIAN_POINT ( 'NONE',  ( 0.05858540320550985336, 0.05373997504461623664, -0.4989999999999999991 ) ) ;
#3761 = CARTESIAN_POINT ( 'NONE',  ( -0.7599999999999998979, 0.6200000000000012168, 0.1699999999999999845 ) ) ;
#3762 = UNCERTAINTY_MEASURE_WITH_UNIT (LENGTH_MEASURE( 1.000000000000000082E-05 ), #4655, 'distance_accuracy_value', 'NONE');
#3763 =( GEOMETRIC_REPRESENTATION_CONTEXT ( 3 ) GLOBAL_UNCERTAINTY_ASSIGNED_CONTEXT ( ( #7729 ) ) GLOBAL_UNIT_ASSIGNED_CONTEXT ( ( #2159, #4682, #1652 ) ) REPRESENTATION_CONTEXT ( 'NONE', 'WORKASPACE' ) );
#3764 =( NAMED_UNIT ( * ) PLANE_ANGLE_UNIT ( ) SI_UNIT ( $, .RADIAN. ) );
#3765 =( NAMED_UNIT ( * ) SI_UNIT ( $, .STERADIAN. ) SOLID_ANGLE_UNIT ( ) );
#3766 = CARTESIAN_POINT ( 'NONE',  ( 0.09602823857136350005, 0.001453389678762573084, -0.5000000000000000000 ) ) ;
#3767 = CARTESIAN_POINT ( 'NONE',  ( 0.05858540320550985336, 0.05373997504461623664, -0.4989999999999999991 ) ) ;
#3768 = PRESENTATION_LAYER_ASSIGNMENT (  '', '', ( #4802 ) ) ;
#3769 = CARTESIAN_POINT ( 'NONE',  ( 0.002125799546973263822, 0.008618023825104037874, -0.5000000000000000000 ) ) ;
#3770 = LINE ( 'NONE', #5837, #7069 ) ;
#3771 = APPLICATION_PROTOCOL_DEFINITION ( 'draft international standard', 'automotive_design', 1998, #1691 ) ;
#3772 = CARTESIAN_POINT ( 'NONE',  ( 0.09676422446799098909, -0.03522330212310037512, -0.4999999999999998890 ) ) ;
#3773 =( LENGTH_UNIT ( ) NAMED_UNIT ( * ) SI_UNIT ( .MILLI., .METRE. ) );
#3774 =( NAMED_UNIT ( * ) PLANE_ANGLE_UNIT ( ) SI_UNIT ( $, .RADIAN. ) );
#3775 = VECTOR ( 'NONE', #4144, 1000.000000000000000 ) ;
#3776 = AXIS2_PLACEMENT_3D ( 'NONE', #5319, #3993, #4662 ) ;
#3777 = ORIENTED_EDGE ( 'NONE', *, *, #5123, .T. ) ;
#3778 = STYLED_ITEM ( 'NONE', ( #1255 ), #393 ) ;
#3779 = COLOUR_RGB ( '',0.0000000000000000000, 0.0000000000000000000, 0.0000000000000000000 ) ;
#3780 =( NAMED_UNIT ( * ) PLANE_ANGLE_UNIT ( ) SI_UNIT ( $, .RADIAN. ) );
#3781 = FILL_AREA_STYLE_COLOUR ( '', #5611 ) ;
#3782 = CARTESIAN_POINT ( 'NONE',  ( -0.07104493216034385439, 0.04154485309339672749, -0.4999999999999997780 ) ) ;
#3783 = PRESENTATION_STYLE_ASSIGNMENT (( #2105 ) ) ;
#3784 = CARTESIAN_POINT ( 'NONE',  ( -0.1194317793864625998, 0.04243541091801503878, -0.4990000000000001101 ) ) ;
#3785 = VERTEX_POINT ( 'NONE', #5594 ) ;
#3786 = CARTESIAN_POINT ( 'NONE',  ( 0.05742271714312773001, 0.05373164060105538320, -0.4989999999999998881 ) ) ;
#3787 = CARTESIAN_POINT ( 'NONE',  ( 0.1100000000000000006, 0.8700000000000001066, -0.5499999999999999334 ) ) ;
#3788 = DIRECTION ( 'NONE',  ( -0.06958737431666482676, -0.06958737431666482676, -0.9951458157835086915 ) ) ;
#3789 = DIRECTION ( 'NONE',  ( 0.0000000000000000000, 8.131516293641305343E-15, -1.000000000000000000 ) ) ;
#3790 = LINE ( 'NONE', #1446, #6799 ) ;
#3791 =( NAMED_UNIT ( * ) PLANE_ANGLE_UNIT ( ) SI_UNIT ( $, .RADIAN. ) );
#3792 = FILL_AREA_STYLE_COLOUR ( '', #8188 ) ;
#3793 =( GEOMETRIC_REPRESENTATION_CONTEXT ( 3 ) GLOBAL_UNCERTAINTY_ASSIGNED_CONTEXT ( ( #1739 ) ) GLOBAL_UNIT_ASSIGNED_CONTEXT ( ( #5655, #2613, #7581 ) ) REPRESENTATION_CONTEXT ( 'NONE', 'WORKASPACE' ) );
#3794 = ORIENTED_EDGE ( 'NONE', *, *, #730, .F. ) ;
#3795 = LINE ( 'NONE', #7988, #6097 ) ;
#3796 = SURFACE_STYLE_FILL_AREA ( #5740 ) ;
#3797 = COLOUR_RGB ( '',1.000000000000000000, 1.000000000000000000, 1.000000000000000000 ) ;
#3798 = EDGE_CURVE ( 'NONE', #8032, #4422, #2681, .T. ) ;
#3799 = FACE_OUTER_BOUND ( 'NONE', #1994, .T. ) ;
#3800 = VERTEX_POINT ( 'NONE', #1840 ) ;
#3801 = AXIS2_PLACEMENT_3D ( 'NONE', #4936, #1093, #5556 ) ;
#3802 = COLOUR_RGB ( '',1.000000000000000000, 1.000000000000000000, 1.000000000000000000 ) ;
#3803 = CARTESIAN_POINT ( 'NONE',  ( -0.1064225767956497454, 0.04928711140494596021, -0.5000000000000000000 ) ) ;
#3804 = VECTOR ( 'NONE', #3893, 1000.000000000000000 ) ;
#3805 = CARTESIAN_POINT ( 'NONE',  ( 0.05858540320550985336, 0.05373997504461623664, -0.5000000000000000000 ) ) ;
#3806 = DIRECTION ( 'NONE',  ( 0.0000000000000000000, -1.000000000000000000, 0.0000000000000000000 ) ) ;
#3807 = AXIS2_PLACEMENT_3D ( 'NONE', #2675, #2698, #7093 ) ;
#3808 = LINE ( 'NONE', #591, #490 ) ;
#3809 = AXIS2_PLACEMENT_3D ( 'NONE', #145, #7783, #2739 ) ;
#3810 = UNCERTAINTY_MEASURE_WITH_UNIT (LENGTH_MEASURE( 1.000000000000000082E-05 ), #6475, 'distance_accuracy_value', 'NONE');
#3811 = LINE ( 'NONE', #4294, #4846 ) ;
#3812 = DIRECTION ( 'NONE',  ( -1.000000000000000000, -0.0000000000000000000, -0.0000000000000000000 ) ) ;
#3813 = ORIENTED_EDGE ( 'NONE', *, *, #7763, .T. ) ;
#3814 = SURFACE_SIDE_STYLE ('',( #686 ) ) ;
#3815 = SURFACE_STYLE_USAGE ( .BOTH. , #2590 ) ;
#3816 = CARTESIAN_POINT ( 'NONE',  ( 0.05469396579352855253, -0.04833490368972732237, -0.4999999999999998890 ) ) ;
#3817 = COLOUR_RGB ( '',0.0000000000000000000, 0.0000000000000000000, 0.0000000000000000000 ) ;
#3818 = ORIENTED_EDGE ( 'NONE', *, *, #5681, .F. ) ;
#3819 = CYLINDRICAL_SURFACE ( 'NONE', #668, 0.05000000000000002359 ) ;
#3820 = DIRECTION ( 'NONE',  ( -0.0000000000000000000, -0.0000000000000000000, -1.000000000000000000 ) ) ;
#3821 = EDGE_CURVE ( 'NONE', #1002, #4436, #3853, .T. ) ;
#3822 = LINE ( 'NONE', #2325, #1481 ) ;
#3823 = CARTESIAN_POINT ( 'NONE',  ( -1.019188527010379541, -0.5693103244973881649, 0.08310793568446192547 ) ) ;
#3824 = CARTESIAN_POINT ( 'NONE',  ( -0.1205926394810327290, 0.02352374499042471367, -0.4990000000000001101 ) ) ;
#3825 = ORIENTED_EDGE ( 'NONE', *, *, #5179, .T. ) ;
#3826 = VECTOR ( 'NONE', #8140, 1000.000000000000000 ) ;
#3827 = STYLED_ITEM ( 'NONE', ( #3360 ), #4057 ) ;
#3828 = ORIENTED_EDGE ( 'NONE', *, *, #81, .F. ) ;
#3829 = LINE ( 'NONE', #5023, #2370 ) ;
#3830 = CARTESIAN_POINT ( 'NONE',  ( 0.1045563225214993230, -0.02380314917250225815, -0.5000000000000000000 ) ) ;
#3831 = PRESENTATION_LAYER_ASSIGNMENT (  '', '', ( #573 ) ) ;
#3832 = EDGE_CURVE ( 'NONE', #7802, #6477, #3268, .T. ) ;
#3833 = FILL_AREA_STYLE ('',( #6304 ) ) ;
#3834 = ORIENTED_EDGE ( 'NONE', *, *, #8248, .F. ) ;
#3835 = EDGE_CURVE ( 'NONE', #4422, #4799, #113, .T. ) ;
#3836 = ORIENTED_EDGE ( 'NONE', *, *, #1810, .F. ) ;
#3837 = DIRECTION ( 'NONE',  ( 0.0000000000000000000, 0.06975647374412545509, 0.9975640502598241977 ) ) ;
#3838 = DIRECTION ( 'NONE',  ( 0.0000000000000000000, -3.497426362856476757E-15, -1.000000000000000000 ) ) ;
#3839 =( NAMED_UNIT ( * ) PLANE_ANGLE_UNIT ( ) SI_UNIT ( $, .RADIAN. ) );
#3840 =( NAMED_UNIT ( * ) SI_UNIT ( $, .STERADIAN. ) SOLID_ANGLE_UNIT ( ) );
#3841 = STYLED_ITEM ( 'NONE', ( #1293 ), #848 ) ;
#3842 = DIRECTION ( 'NONE',  ( -0.0000000000000000000, -0.0000000000000000000, -1.000000000000000000 ) ) ;
#3843 = ADVANCED_FACE ( 'NONE', ( #6045 ), #7795, .T. ) ;
#3844 = VECTOR ( 'NONE', #2202, 1000.000000000000114 ) ;
#3845 = DIRECTION ( 'NONE',  ( 0.0000000000000000000, -1.000000000000000000, 0.0000000000000000000 ) ) ;
#3846 =( NAMED_UNIT ( * ) SI_UNIT ( $, .STERADIAN. ) SOLID_ANGLE_UNIT ( ) );
#3847 = CARTESIAN_POINT ( 'NONE',  ( -0.1966546882579048028, 0.05252046284949429128, -0.5000000000000000000 ) ) ;
#3848 =( NAMED_UNIT ( * ) PLANE_ANGLE_UNIT ( ) SI_UNIT ( $, .RADIAN. ) );
#3849 = EDGE_CURVE ( 'NONE', #5047, #6837, #2191, .T. ) ;
#3850 = SURFACE_SIDE_STYLE ('',( #8053 ) ) ;
#3851 = ORIENTED_EDGE ( 'NONE', *, *, #5455, .F. ) ;
#3852 = CARTESIAN_POINT ( 'NONE',  ( -0.1241113720890326955, 0.01231973880118791831, -0.4989999999999997771 ) ) ;
#3853 = LINE ( 'NONE', #6237, #4061 ) ;
#3854 = CARTESIAN_POINT ( 'NONE',  ( 0.1094116178685246160, -0.001178116647020536643, -0.5000000000000001110 ) ) ;
#3855 = FILL_AREA_STYLE ('',( #5765 ) ) ;
#3856 =( NAMED_UNIT ( * ) SI_UNIT ( $, .STERADIAN. ) SOLID_ANGLE_UNIT ( ) );
#3857 = MECHANICAL_DESIGN_GEOMETRIC_PRESENTATION_REPRESENTATION (  '', ( #2766 ), #5566 ) ;
#3858 = UNCERTAINTY_MEASURE_WITH_UNIT (LENGTH_MEASURE( 1.000000000000000082E-05 ), #647, 'distance_accuracy_value', 'NONE');
#3859 = LINE ( 'NONE', #5374, #2198 ) ;
#3860 = AXIS2_PLACEMENT_3D ( 'NONE', #2571, #2678, #3294 ) ;
#3861 =( LENGTH_UNIT ( ) NAMED_UNIT ( * ) SI_UNIT ( .MILLI., .METRE. ) );
#3862 = SURFACE_SIDE_STYLE ('',( #6398 ) ) ;
#3863 =( LENGTH_UNIT ( ) NAMED_UNIT ( * ) SI_UNIT ( .MILLI., .METRE. ) );
#3864 = CARTESIAN_POINT ( 'NONE',  ( 0.1557843361323391351, 0.05252046284949429128, -0.4989999999999999991 ) ) ;
#3865 = SURFACE_STYLE_USAGE ( .BOTH. , #7113 ) ;
#3866 = PRESENTATION_LAYER_ASSIGNMENT (  '', '', ( #7586 ) ) ;
#3867 = ORIENTED_EDGE ( 'NONE', *, *, #8115, .F. ) ;
#3868 = PLANE ( 'NONE',  #2727 ) ;
#3869 = PRESENTATION_LAYER_ASSIGNMENT (  '', '', ( #666 ) ) ;
#3870 = DIRECTION ( 'NONE',  ( 0.0000000000000000000, -1.000000000000000000, -6.023345402697246965E-16 ) ) ;
#3871 = CARTESIAN_POINT ( 'NONE',  ( -0.7665313082195535088, -0.3440386105051373988, 0.3990000000000000213 ) ) ;
#3872 = PRESENTATION_LAYER_ASSIGNMENT (  '', '', ( #3047 ) ) ;
#3873 = VECTOR ( 'NONE', #2140, 1000.000000000000000 ) ;
#3874 = EDGE_CURVE ( 'NONE', #2940, #5613, #7064, .T. ) ;
#3875 = CARTESIAN_POINT ( 'NONE',  ( -0.1246069935091715097, 0.008001638014469529894, -0.4990000000000001101 ) ) ;
#3876 = VERTEX_POINT ( 'NONE', #3890 ) ;
#3877 = LINE ( 'NONE', #3476, #3092 ) ;
#3878 = EDGE_LOOP ( 'NONE', ( #4672, #5062, #289, #1677 ) ) ;
#3879 =( LENGTH_UNIT ( ) NAMED_UNIT ( * ) SI_UNIT ( .MILLI., .METRE. ) );
#3880 = ADVANCED_FACE ( 'NONE', ( #722 ), #5169, .F. ) ;
#3881 = VECTOR ( 'NONE', #5720, 1000.000000000000000 ) ;
#3882 = SURFACE_SIDE_STYLE ('',( #7645 ) ) ;
#3883 = VERTEX_POINT ( 'NONE', #5168 ) ;
#3884 = MECHANICAL_DESIGN_GEOMETRIC_PRESENTATION_REPRESENTATION (  '', ( #684 ), #3362 ) ;
#3885 = VECTOR ( 'NONE', #2294, 1000.000000000000000 ) ;
#3886 =( NAMED_UNIT ( * ) PLANE_ANGLE_UNIT ( ) SI_UNIT ( $, .RADIAN. ) );
#3887 = EDGE_CURVE ( 'NONE', #2940, #2574, #7572, .T. ) ;
#3888 = DIRECTION ( 'NONE',  ( -1.000000000000000000, -0.0000000000000000000, -0.0000000000000000000 ) ) ;
#3889 =( NAMED_UNIT ( * ) SI_UNIT ( $, .STERADIAN. ) SOLID_ANGLE_UNIT ( ) );
#3890 = CARTESIAN_POINT ( 'NONE',  ( 0.1100000000000000006, -0.6700000000000002620, -0.3499999999999993672 ) ) ;
#3891 = ORIENTED_EDGE ( 'NONE', *, *, #326, .F. ) ;
#3892 = LINE ( 'NONE', #2884, #3027 ) ;
#3893 = DIRECTION ( 'NONE',  ( 1.000000000000000000, 0.0000000000000000000, 0.0000000000000000000 ) ) ;
#3894 = LINE ( 'NONE', #2309, #7321 ) ;
#3895 = FILL_AREA_STYLE_COLOUR ( '', #2557 ) ;
#3896 = SURFACE_STYLE_USAGE ( .BOTH. , #7804 ) ;
#3897 = ORIENTED_EDGE ( 'NONE', *, *, #5836, .T. ) ;
#3898 =( NAMED_UNIT ( * ) PLANE_ANGLE_UNIT ( ) SI_UNIT ( $, .RADIAN. ) );
#3899 = CARTESIAN_POINT ( 'NONE',  ( -0.9900365940282451760, -0.5434108397213617270, -0.5000000000000000000 ) ) ;
#3900 = CIRCLE ( 'NONE', #1819, 0.05000000000000002359 ) ;
#3901 = COLOUR_RGB ( '',1.000000000000000000, 1.000000000000000000, 1.000000000000000000 ) ;
#3902 = PRESENTATION_LAYER_ASSIGNMENT (  '', '', ( #1125 ) ) ;
#3903 = SURFACE_STYLE_USAGE ( .BOTH. , #7766 ) ;
#3904 =( LENGTH_UNIT ( ) NAMED_UNIT ( * ) SI_UNIT ( .MILLI., .METRE. ) );
#3905 = EDGE_LOOP ( 'NONE', ( #2461, #1441, #4131, #7296 ) ) ;
#3906 = ORIENTED_EDGE ( 'NONE', *, *, #2390, .T. ) ;
#3907 = VERTEX_POINT ( 'NONE', #2065 ) ;
#3908 = LINE ( 'NONE', #3478, #583 ) ;
#3909 = PRESENTATION_STYLE_ASSIGNMENT (( #3634 ) ) ;
#3910 = CYLINDRICAL_SURFACE ( 'NONE', #2034, 0.03999999999999988981 ) ;
#3911 = UNCERTAINTY_MEASURE_WITH_UNIT (LENGTH_MEASURE( 1.000000000000000082E-05 ), #3097, 'distance_accuracy_value', 'NONE');
#3912 = DIRECTION ( 'NONE',  ( -0.0000000000000000000, -0.0000000000000000000, -1.000000000000000000 ) ) ;
#3913 = ORIENTED_EDGE ( 'NONE', *, *, #6385, .T. ) ;
#3914 = COLOUR_RGB ( '',0.2509803921568627416, 0.2509803921568627416, 0.2509803921568627416 ) ;
#3915 = COLOUR_RGB ( '',0.0000000000000000000, 0.0000000000000000000, 0.0000000000000000000 ) ;
#3916 = ORIENTED_EDGE ( 'NONE', *, *, #7050, .T. ) ;
#3917 =( LENGTH_UNIT ( ) NAMED_UNIT ( * ) SI_UNIT ( .MILLI., .METRE. ) );
#3918 =( NAMED_UNIT ( * ) PLANE_ANGLE_UNIT ( ) SI_UNIT ( $, .RADIAN. ) );
#3919 =( GEOMETRIC_REPRESENTATION_CONTEXT ( 3 ) GLOBAL_UNCERTAINTY_ASSIGNED_CONTEXT ( ( #1256 ) ) GLOBAL_UNIT_ASSIGNED_CONTEXT ( ( #1218, #5089, #617 ) ) REPRESENTATION_CONTEXT ( 'NONE', 'WORKASPACE' ) );
#3920 = VERTEX_POINT ( 'NONE', #7063 ) ;
#3921 = COLOUR_RGB ( '',1.000000000000000000, 1.000000000000000000, 1.000000000000000000 ) ;
#3922 = ADVANCED_FACE ( 'NONE', ( #1022 ), #2636, .T. ) ;
#3923 = FACE_OUTER_BOUND ( 'NONE', #5565, .T. ) ;
#3924 = CARTESIAN_POINT ( 'NONE',  ( 0.06912860192740723220, 0.05291072206630367813, -0.4999999999999997780 ) ) ;
#3925 = VERTEX_POINT ( 'NONE', #1959 ) ;
#3926 =( NAMED_UNIT ( * ) SI_UNIT ( $, .STERADIAN. ) SOLID_ANGLE_UNIT ( ) );
#3927 = ORIENTED_EDGE ( 'NONE', *, *, #7201, .F. ) ;
#3928 = SURFACE_STYLE_USAGE ( .BOTH. , #780 ) ;
#3929 = ORIENTED_EDGE ( 'NONE', *, *, #3402, .F. ) ;
#3930 =( NAMED_UNIT ( * ) SI_UNIT ( $, .STERADIAN. ) SOLID_ANGLE_UNIT ( ) );
#3931 = EDGE_CURVE ( 'NONE', #4030, #6558, #2983, .T. ) ;
#3932 = ORIENTED_EDGE ( 'NONE', *, *, #7464, .T. ) ;
#3933 = LINE ( 'NONE', #5721, #2277 ) ;
#3934 = DIRECTION ( 'NONE',  ( 0.0000000000000000000, -1.000000000000000000, 0.0000000000000000000 ) ) ;
#3935 = DIRECTION ( 'NONE',  ( -1.000000000000000000, -0.0000000000000000000, -0.0000000000000000000 ) ) ;
#3936 = STYLED_ITEM ( 'NONE', ( #7232 ), #4604 ) ;
#3937 = VECTOR ( 'NONE', #2856, 1000.000000000000000 ) ;
#3938 = VECTOR ( 'NONE', #1651, 1000.000000000000000 ) ;
#3939 = EDGE_LOOP ( 'NONE', ( #7180, #212, #4637, #4133, #3897, #7626, #7306, #4430, #1704, #2554 ) ) ;
#3940 = AXIS2_PLACEMENT_3D ( 'NONE', #6248, #8206, #4393 ) ;
#3941 = MECHANICAL_DESIGN_GEOMETRIC_PRESENTATION_REPRESENTATION (  '', ( #4373 ), #6487 ) ;
#3942 = DIRECTION ( 'NONE',  ( 0.0000000000000000000, -1.000000000000000000, 0.0000000000000000000 ) ) ;
#3943 = CARTESIAN_POINT ( 'NONE',  ( -0.1380777161717866852, 0.001889326350078834177, -0.4999999999999996669 ) ) ;
#3944 = COLOUR_RGB ( '',0.0000000000000000000, 0.0000000000000000000, 0.0000000000000000000 ) ;
#3945 = EDGE_CURVE ( 'NONE', #3094, #7549, #3650, .T. ) ;
#3946 = VECTOR ( 'NONE', #2219, 1000.000000000000000 ) ;
#3947 = ORIENTED_EDGE ( 'NONE', *, *, #314, .T. ) ;
#3948 = CARTESIAN_POINT ( 'NONE',  ( -0.1246689571436699895, 0.001954007479582790807, -0.4989999999999998881 ) ) ;
#3949 =( NAMED_UNIT ( * ) SI_UNIT ( $, .STERADIAN. ) SOLID_ANGLE_UNIT ( ) );
#3950 = DIRECTION ( 'NONE',  ( -1.000000000000000000, 0.0000000000000000000, 0.0000000000000000000 ) ) ;
#3951 = CARTESIAN_POINT ( 'NONE',  ( -0.5400000000000000355, 0.8300000000000011813, -0.04000000000000077105 ) ) ;
#3952 = FILL_AREA_STYLE_COLOUR ( '', #7076 ) ;
#3953 = CARTESIAN_POINT ( 'NONE',  ( 0.5400000000000000355, -0.8300000000000011813, -0.04000000000000077105 ) ) ;
#3954 = CARTESIAN_POINT ( 'NONE',  ( 0.1075248867332714992, 0.01723431157373626552, -0.4999999999999997780 ) ) ;
#3955 = CARTESIAN_POINT ( 'NONE',  ( 0.1557843361323391351, 0.05252046284949429128, -0.5000000000000000000 ) ) ;
#3956 =( LENGTH_UNIT ( ) NAMED_UNIT ( * ) SI_UNIT ( .MILLI., .METRE. ) );
#3957 = CARTESIAN_POINT ( 'NONE',  ( 0.09463120337214282751, 0.01454937813538304675, -0.4990000000000001101 ) ) ;
#3958 = FILL_AREA_STYLE_COLOUR ( '', #7683 ) ;
#3959 = EDGE_CURVE ( 'NONE', #1793, #6709, #6650, .T. ) ;
#3960 = DIRECTION ( 'NONE',  ( 0.0000000000000000000, 0.0000000000000000000, 1.000000000000000000 ) ) ;
#3961 =( NAMED_UNIT ( * ) SI_UNIT ( $, .STERADIAN. ) SOLID_ANGLE_UNIT ( ) );
#3962 = UNCERTAINTY_MEASURE_WITH_UNIT (LENGTH_MEASURE( 1.000000000000000082E-05 ), #3904, 'distance_accuracy_value', 'NONE');
#3963 = ADVANCED_FACE ( 'NONE', ( #6861 ), #1470, .T. ) ;
#3964 = CARTESIAN_POINT ( 'NONE',  ( -0.09597289808867809358, -0.04667919195923683762, -0.4999999999999997780 ) ) ;
#3965 = ORIENTED_EDGE ( 'NONE', *, *, #951, .T. ) ;
#3966 = STYLED_ITEM ( 'NONE', ( #620 ), #5428 ) ;
#3967 = PRESENTATION_LAYER_ASSIGNMENT (  '', '', ( #2422 ) ) ;
#3968 = STYLED_ITEM ( 'NONE', ( #2130 ), #1730 ) ;
#3969 = CARTESIAN_POINT ( 'NONE',  ( 0.09227987124970571386, -0.01815886157254992944, -0.5000000000000001110 ) ) ;
#3970 =( NAMED_UNIT ( * ) PLANE_ANGLE_UNIT ( ) SI_UNIT ( $, .RADIAN. ) );
#3971 = CARTESIAN_POINT ( 'NONE',  ( -0.1061567250193031636, -0.04405861880730076174, -0.5000000000000000000 ) ) ;
#3972 = VERTEX_POINT ( 'NONE', #69 ) ;
#3973 = CARTESIAN_POINT ( 'NONE',  ( -0.1100000000000000006, -0.6700000000000012612, -0.04000000000000020900 ) ) ;
#3974 = EDGE_CURVE ( 'NONE', #6477, #3299, #1516, .T. ) ;
#3975 =( GEOMETRIC_REPRESENTATION_CONTEXT ( 3 ) GLOBAL_UNCERTAINTY_ASSIGNED_CONTEXT ( ( #3511 ) ) GLOBAL_UNIT_ASSIGNED_CONTEXT ( ( #4489, #4377, #1237 ) ) REPRESENTATION_CONTEXT ( 'NONE', 'WORKASPACE' ) );
#3976 = CARTESIAN_POINT ( 'NONE',  ( 0.09513647022960128319, 0.03919541217020888063, -0.4990000000000001101 ) ) ;
#3977 =( NAMED_UNIT ( * ) SI_UNIT ( $, .STERADIAN. ) SOLID_ANGLE_UNIT ( ) );
#3978 = CYLINDRICAL_SURFACE ( 'NONE', #1596, 0.05000000000000000971 ) ;
#3979 = PRESENTATION_LAYER_ASSIGNMENT (  '', '', ( #4157 ) ) ;
#3980 = ORIENTED_EDGE ( 'NONE', *, *, #6563, .T. ) ;
#3981 = DIRECTION ( 'NONE',  ( 0.0000000000000000000, -1.000000000000000000, 0.0000000000000000000 ) ) ;
#3982 = DIRECTION ( 'NONE',  ( -1.000000000000000000, 2.168404344971007685E-15, 0.0000000000000000000 ) ) ;
#3983 = DIRECTION ( 'NONE',  ( 1.000000000000000000, 0.0000000000000000000, 0.0000000000000000000 ) ) ;
#3984 = STYLED_ITEM ( 'NONE', ( #3783 ), #7380 ) ;
#3985 = EDGE_CURVE ( 'NONE', #4029, #7644, #8076, .T. ) ;
#3986 = DIRECTION ( 'NONE',  ( 0.0000000000000000000, -0.9975640502598243087, -0.06975647374412530244 ) ) ;
#3987 = COLOUR_RGB ( '',1.000000000000000000, 1.000000000000000000, 1.000000000000000000 ) ;
#3988 = SURFACE_SIDE_STYLE ('',( #1508 ) ) ;
#3989 = DIRECTION ( 'NONE',  ( -1.000000000000000000, 0.0000000000000000000, 0.0000000000000000000 ) ) ;
#3990 =( LENGTH_UNIT ( ) NAMED_UNIT ( * ) SI_UNIT ( .MILLI., .METRE. ) );
#3991 = CARTESIAN_POINT ( 'NONE',  ( 0.06452617463037439716, -0.03762533122529765350, -0.4999999999999998890 ) ) ;
#3992 = CARTESIAN_POINT ( 'NONE',  ( 0.1691989702786806105, 0.05252046284949429128, -0.4989999999999999991 ) ) ;
#3993 = DIRECTION ( 'NONE',  ( -1.000000000000000000, -0.0000000000000000000, -0.0000000000000000000 ) ) ;
#3994 = LINE ( 'NONE', #4678, #6282 ) ;
#3995 = SURFACE_STYLE_FILL_AREA ( #2365 ) ;
#3996 = MECHANICAL_DESIGN_GEOMETRIC_PRESENTATION_REPRESENTATION (  '', ( #44 ), #4445 ) ;
#3997 = SURFACE_STYLE_FILL_AREA ( #7531 ) ;
#3998 = ADVANCED_FACE ( 'NONE', ( #14 ), #6540, .T. ) ;
#3999 = ORIENTED_EDGE ( 'NONE', *, *, #4258, .T. ) ;
#4000 = COLOUR_RGB ( '',1.000000000000000000, 1.000000000000000000, 1.000000000000000000 ) ;
#4001 = STYLED_ITEM ( 'NONE', ( #3665 ), #8008 ) ;
#4002 = CARTESIAN_POINT ( 'NONE',  ( 0.09594619902502823927, -0.002864217870188354598, -0.5000000000000001110 ) ) ;
#4003 = SURFACE_SIDE_STYLE ('',( #6599 ) ) ;
#4004 = DIRECTION ( 'NONE',  ( -1.000000000000000000, 0.0000000000000000000, -0.0000000000000000000 ) ) ;
#4005 = EDGE_CURVE ( 'NONE', #616, #4348, #5737, .T. ) ;
#4006 = CARTESIAN_POINT ( 'NONE',  ( -0.1381181028920511755, 0.003778084800713790541, -0.5000000000000000000 ) ) ;
#4007 = DIRECTION ( 'NONE',  ( -1.000000000000000000, -0.0000000000000000000, -0.0000000000000000000 ) ) ;
#4008 = EDGE_CURVE ( 'NONE', #7448, #1893, #6767, .T. ) ;
#4009 = FACE_OUTER_BOUND ( 'NONE', #2846, .T. ) ;
#4010 = ORIENTED_EDGE ( 'NONE', *, *, #3553, .T. ) ;
#4011 = ADVANCED_FACE ( 'NONE', ( #2392 ), #8019, .T. ) ;
#4012 = CARTESIAN_POINT ( 'NONE',  ( -0.5400000000000000355, -0.8700000000000002176, -0.3899999999999999578 ) ) ;
#4013 = CARTESIAN_POINT ( 'NONE',  ( 0.1100000000000000006, -0.8300000000000001821, -0.3499999999999998668 ) ) ;
#4014 = DIRECTION ( 'NONE',  ( 1.000000000000000000, 0.0000000000000000000, 0.0000000000000000000 ) ) ;
#4015 = PLANE ( 'NONE',  #3807 ) ;
#4016 =( BOUNDED_CURVE ( )  B_SPLINE_CURVE ( 3, ( #6618, #1604, #6027, #4022 ),
 .UNSPECIFIED., .F., .F. ) 
 B_SPLINE_CURVE_WITH_KNOTS ( ( 4, 4 ),
 ( 5.500220136198054277, 7.066150478161120851 ),
 .UNSPECIFIED. ) 
 CURVE ( )  GEOMETRIC_REPRESENTATION_ITEM ( )  RATIONAL_B_SPLINE_CURVE ( ( 1.000000000000000000, 0.8058833813892003484, 0.8058833813892003484, 1.000000000000000000 ) ) 
 REPRESENTATION_ITEM ( '' )  );
#4017 = FACE_BOUND ( 'NONE', #660, .T. ) ;
#4018 = PRESENTATION_STYLE_ASSIGNMENT (( #17 ) ) ;
#4019 = MECHANICAL_DESIGN_GEOMETRIC_PRESENTATION_REPRESENTATION (  '', ( #4905 ), #7473 ) ;
#4020 = ORIENTED_EDGE ( 'NONE', *, *, #2425, .T. ) ;
#4021 = ORIENTED_EDGE ( 'NONE', *, *, #4871, .F. ) ;
#4022 = CARTESIAN_POINT ( 'NONE',  ( 0.9751217974870085570, -0.6250000000000001110, 0.0000000000000000000 ) ) ;
#4023 = DIRECTION ( 'NONE',  ( 1.000000000000000000, 0.0000000000000000000, 0.0000000000000000000 ) ) ;
#4024 = CARTESIAN_POINT ( 'NONE',  ( 0.07501436417528378753, -0.03514315076052923481, -0.5000000000000003331 ) ) ;
#4025 = DIRECTION ( 'NONE',  ( -1.000000000000000000, 0.0000000000000000000, 0.0000000000000000000 ) ) ;
#4026 = CARTESIAN_POINT ( 'NONE',  ( -0.6680540323600325792, -0.3440386105051373988, 0.3990000000000000213 ) ) ;
#4027 = FACE_OUTER_BOUND ( 'NONE', #3878, .T. ) ;
#4028 = PRESENTATION_STYLE_ASSIGNMENT (( #5122 ) ) ;
#4029 = VERTEX_POINT ( 'NONE', #8056 ) ;
#4030 = VERTEX_POINT ( 'NONE', #3485 ) ;
#4031 = ORIENTED_EDGE ( 'NONE', *, *, #4510, .T. ) ;
#4032 = LINE ( 'NONE', #6065, #3149 ) ;
#4033 = CARTESIAN_POINT ( 'NONE',  ( -0.09397062197273219064, -0.03590323679047346950, -0.4989999999999999991 ) ) ;
#4034 = DIRECTION ( 'NONE',  ( -1.000000000000000000, -0.0000000000000000000, -0.0000000000000000000 ) ) ;
#4035 =( NAMED_UNIT ( * ) PLANE_ANGLE_UNIT ( ) SI_UNIT ( $, .RADIAN. ) );
#4036 = CARTESIAN_POINT ( 'NONE',  ( 0.06912860192740723220, 0.05291072206630367813, -0.4999999999999998890 ) ) ;
#4037 =( NAMED_UNIT ( * ) SI_UNIT ( $, .STERADIAN. ) SOLID_ANGLE_UNIT ( ) );
#4038 = ORIENTED_EDGE ( 'NONE', *, *, #6441, .F. ) ;
#4039 = SURFACE_STYLE_FILL_AREA ( #7759 ) ;
#4040 = PRESENTATION_LAYER_ASSIGNMENT (  '', '', ( #2093 ) ) ;
#4041 = ORIENTED_EDGE ( 'NONE', *, *, #4897, .F. ) ;
#4042 =( GEOMETRIC_REPRESENTATION_CONTEXT ( 3 ) GLOBAL_UNCERTAINTY_ASSIGNED_CONTEXT ( ( #6683 ) ) GLOBAL_UNIT_ASSIGNED_CONTEXT ( ( #1301, #3839, #4490 ) ) REPRESENTATION_CONTEXT ( 'NONE', 'WORKASPACE' ) );
#4043 = EDGE_CURVE ( 'NONE', #5102, #1693, #4460, .T. ) ;
#4044 = LINE ( 'NONE', #3600, #5350 ) ;
#4045 = CARTESIAN_POINT ( 'NONE',  ( 0.03505262881526593349, 0.03636192626412842327, -0.5000000000000000000 ) ) ;
#4046 = SURFACE_STYLE_USAGE ( .BOTH. , #2759 ) ;
#4047 = VECTOR ( 'NONE', #1075, 1000.000000000000000 ) ;
#4048 = PLANE ( 'NONE',  #123 ) ;
#4049 = CARTESIAN_POINT ( 'NONE',  ( 0.09599360712341904744, 0.002997998773044407549, -0.4990000000000001101 ) ) ;
#4050 = DIRECTION ( 'NONE',  ( 0.0000000000000000000, 0.0000000000000000000, -1.000000000000000000 ) ) ;
#4051 = VECTOR ( 'NONE', #5952, 1000.000000000000000 ) ;
#4052 = SURFACE_STYLE_FILL_AREA ( #889 ) ;
#4053 =( GEOMETRIC_REPRESENTATION_CONTEXT ( 3 ) GLOBAL_UNCERTAINTY_ASSIGNED_CONTEXT ( ( #7368 ) ) GLOBAL_UNIT_ASSIGNED_CONTEXT ( ( #2043, #1317, #1425 ) ) REPRESENTATION_CONTEXT ( 'NONE', 'WORKASPACE' ) );
#4054 = PRESENTATION_LAYER_ASSIGNMENT (  '', '', ( #684 ) ) ;
#4055 = CARTESIAN_POINT ( 'NONE',  ( -0.1899717115166807690, 0.03955660350117540941, -0.5000000000000000000 ) ) ;
#4056 = VERTEX_POINT ( 'NONE', #6761 ) ;
#4057 = ADVANCED_FACE ( 'NONE', ( #3568 ), #6138, .T. ) ;
#4058 = FILL_AREA_STYLE ('',( #2189 ) ) ;
#4059 = FILL_AREA_STYLE ('',( #2546 ) ) ;
#4060 = CARTESIAN_POINT ( 'NONE',  ( 0.1179794580835586415, -0.03650392739440816436, -0.5000000000000000000 ) ) ;
#4061 = VECTOR ( 'NONE', #6259, 1000.000000000000000 ) ;
#4062 = CARTESIAN_POINT ( 'NONE',  ( 0.06071954954697326295, -0.03772343958953011667, -0.5000000000000000000 ) ) ;
#4063 = CARTESIAN_POINT ( 'NONE',  ( 0.06248333419868624256, 0.04267809434733423057, -0.5000000000000001110 ) ) ;
#4064 = CARTESIAN_POINT ( 'NONE',  ( -0.08482160898961210727, -0.04747953715050572815, -0.5000000000000000000 ) ) ;
#4065 = CARTESIAN_POINT ( 'NONE',  ( -0.7599999999999998979, 0.8300000000000001821, -0.3499999999999998668 ) ) ;
#4066 = CARTESIAN_POINT ( 'NONE',  ( 0.1691989702786806105, 0.05252046284949429128, -0.5000000000000000000 ) ) ;
#4067 = CARTESIAN_POINT ( 'NONE',  ( 0.04919435189669527086, 0.04191109445333607297, -0.5000000000000001110 ) ) ;
#4068 = DIRECTION ( 'NONE',  ( 0.0000000000000000000, -1.000000000000000000, 0.0000000000000000000 ) ) ;
#4069 = AXIS2_PLACEMENT_3D ( 'NONE', #3043, #1247, #5049 ) ;
#4070 = CARTESIAN_POINT ( 'NONE',  ( -0.1143158024179719012, -0.02603171794524919425, -0.4989999999999999991 ) ) ;
#4071 = CARTESIAN_POINT ( 'NONE',  ( 0.1179794580835586415, -0.03650392739440816436, -0.4989999999999999991 ) ) ;
#4072 = CARTESIAN_POINT ( 'NONE',  ( 0.08177179182764149346, -0.04539060657381969316, -0.5000000000000001110 ) ) ;
#4073 = UNCERTAINTY_MEASURE_WITH_UNIT (LENGTH_MEASURE( 1.000000000000000082E-05 ), #1292, 'distance_accuracy_value', 'NONE');
#4074 = FACE_OUTER_BOUND ( 'NONE', #2694, .T. ) ;
#4075 = ORIENTED_EDGE ( 'NONE', *, *, #3311, .F. ) ;
#4076 = EDGE_CURVE ( 'NONE', #1581, #6712, #2974, .T. ) ;
#4077 = CARTESIAN_POINT ( 'NONE',  ( 0.04694276349334379483, -0.03616203457708058733, -0.4999999999999998890 ) ) ;
#4078 = CARTESIAN_POINT ( 'NONE',  ( -0.5400000000000000355, 0.8300000000000001821, -0.3499999999999998668 ) ) ;
#4079 = CARTESIAN_POINT ( 'NONE',  ( 0.9900365940282442878, -0.5932890422343529702, -0.4534878236872062485 ) ) ;
#4080 = PRESENTATION_STYLE_ASSIGNMENT (( #4759 ) ) ;
#4081 = CARTESIAN_POINT ( 'NONE',  ( 0.03597186182814957750, -0.03183875598294361869, -0.4989999999999999991 ) ) ;
#4082 = PRESENTATION_LAYER_ASSIGNMENT (  '', '', ( #7419 ) ) ;
#4083 = ORIENTED_EDGE ( 'NONE', *, *, #146, .F. ) ;
#4084 = EDGE_LOOP ( 'NONE', ( #6613, #6693, #4349 ) ) ;
#4085 = CARTESIAN_POINT ( 'NONE',  ( 0.1094116178685246160, -0.001178116647020536643, -0.4990000000000001101 ) ) ;
#4086 = AXIS2_PLACEMENT_3D ( 'NONE', #1359, #7794, #2714 ) ;
#4087 = CARTESIAN_POINT ( 'NONE',  ( -0.1246018998551949725, -0.001034875858625423136, -0.5000000000000000000 ) ) ;
#4088 = LINE ( 'NONE', #4567, #3881 ) ;
#4089 = CARTESIAN_POINT ( 'NONE',  ( 0.07999607986642810753, 0.03651566196194285657, -0.5000000000000000000 ) ) ;
#4090 = DIRECTION ( 'NONE',  ( 0.0000000000000000000, -1.000000000000000000, 0.0000000000000000000 ) ) ;
#4091 = DIRECTION ( 'NONE',  ( -1.000000000000000000, -0.0000000000000000000, -0.0000000000000000000 ) ) ;
#4092 = ORIENTED_EDGE ( 'NONE', *, *, #6549, .F. ) ;
#4093 = EDGE_CURVE ( 'NONE', #8069, #1520, #318, .T. ) ;
#4094 = ADVANCED_FACE ( 'NONE', ( #1908 ), #1717, .T. ) ;
#4095 = CYLINDRICAL_SURFACE ( 'NONE', #4411, 0.05000000000000000971 ) ;
#4096 = B_SPLINE_SURFACE_WITH_KNOTS ( 'NONE', 3, 1, ( 
 ( #4679, #906 ),
 ( #7890, #1558 ),
 ( #5928, #2153 ),
 ( #6576, #4706 ),
 ( #2700, #933 ),
 ( #5342, #4072 ),
 ( #4734, #6647 ),
 ( #2845, #7302 ),
 ( #3471, #7952 ),
 ( #5369, #5388 ),
 ( #4107, #345 ),
 ( #4769, #2227 ),
 ( #981, #1622 ),
 ( #6021, #1599 ),
 ( #6671, #2874 ),
 ( #5978, #2203 ),
 ( #959, #358 ),
 ( #4085, #7961 ),
 ( #4751, #966 ) ),
 .UNSPECIFIED., .F., .F., .F.,
 ( 4, 1, 1, 1, 1, 1, 1, 1, 1, 1, 1, 1, 1, 1, 1, 1, 4 ),
 ( 2, 2 ),
 ( 0.0000000000000000000, 0.06783324845577361206, 0.1326555365079041815, 0.1950508840508279329, 0.2555829330687772738, 0.3147998341472899586, 0.3736004728263744856, 0.4325455953267435261, 0.4924306292835654575, 0.5526712559629696209, 0.6125130441881164733, 0.6726102503570065005, 0.7338383693139460817, 0.7965942385677740045, 0.8614497992905733037, 0.9291989423509054991, 1.000000000000000000 ),
 ( 0.0000000000000000000, 1.000000000000000000 ),
 .UNSPECIFIED. ) ;
#4097 =( NAMED_UNIT ( * ) PLANE_ANGLE_UNIT ( ) SI_UNIT ( $, .RADIAN. ) );
#4098 = AXIS2_PLACEMENT_3D ( 'NONE', #8124, #2513, #6859 ) ;
#4099 = CARTESIAN_POINT ( 'NONE',  ( -0.1099999999999999589, -0.6131124419696033501, 0.1699999999999999567 ) ) ;
#4100 = DIRECTION ( 'NONE',  ( -0.3393303772748785252, -0.9406672605435402179, 0.0000000000000000000 ) ) ;
#4101 = CYLINDRICAL_SURFACE ( 'NONE', #6670, 0.1999999999999999278 ) ;
#4102 = ORIENTED_EDGE ( 'NONE', *, *, #3874, .F. ) ;
#4103 = CARTESIAN_POINT ( 'NONE',  ( 0.9751217974870081129, 0.6249999999999998890, 0.0000000000000000000 ) ) ;
#4104 = STYLED_ITEM ( 'NONE', ( #5774 ), #7200 ) ;
#4105 = AXIS2_PLACEMENT_3D ( 'NONE', #6640, #2259, #3516 ) ;
#4106 =( NAMED_UNIT ( * ) SI_UNIT ( $, .STERADIAN. ) SOLID_ANGLE_UNIT ( ) );
#4107 = CARTESIAN_POINT ( 'NONE',  ( 0.09974305963148616394, -0.03170029141699257091, -0.4990000000000001101 ) ) ;
#4108 = PRESENTATION_STYLE_ASSIGNMENT (( #1576 ) ) ;
#4109 = SURFACE_STYLE_FILL_AREA ( #6800 ) ;
#4110 = EDGE_CURVE ( 'NONE', #6635, #616, #1015, .T. ) ;
#4111 = SURFACE_STYLE_USAGE ( .BOTH. , #7956 ) ;
#4112 = CARTESIAN_POINT ( 'NONE',  ( 0.1100000000000000006, -0.6243137685856749997, 0.009813566431136535456 ) ) ;
#4113 = DIRECTION ( 'NONE',  ( -1.000000000000000000, -0.0000000000000000000, -0.0000000000000000000 ) ) ;
#4114 = CIRCLE ( 'NONE', #3757, 0.1999999999999998723 ) ;
#4115 = EDGE_LOOP ( 'NONE', ( #1650, #7739 ) ) ;
#4116 = CARTESIAN_POINT ( 'NONE',  ( 0.1100000000000000006, 0.8700000000000002176, -0.3899999999999999578 ) ) ;
#4117 = EDGE_CURVE ( 'NONE', #5535, #5886, #5729, .T. ) ;
#4118 = CYLINDRICAL_SURFACE ( 'NONE', #5511, 0.03999999999999988981 ) ;
#4119 = SURFACE_STYLE_USAGE ( .BOTH. , #6704 ) ;
#4120 = FACE_OUTER_BOUND ( 'NONE', #1887, .T. ) ;
#4121 = CARTESIAN_POINT ( 'NONE',  ( -0.1052949984481046652, -0.03245336578534707694, -0.4999999999999998890 ) ) ;
#4122 = ORIENTED_EDGE ( 'NONE', *, *, #4043, .T. ) ;
#4123 = SURFACE_STYLE_USAGE ( .BOTH. , #5322 ) ;
#4124 = CARTESIAN_POINT ( 'NONE',  ( 0.07407381330550553977, 0.05177333191753711455, -0.5000000000000002220 ) ) ;
#4125 = EDGE_LOOP ( 'NONE', ( #6204, #7092, #2869, #775, #7972, #6542, #2155, #5068, #459, #4346, #1556 ) ) ;
#4126 = LINE ( 'NONE', #5072, #1787 ) ;
#4127 = ORIENTED_EDGE ( 'NONE', *, *, #3411, .T. ) ;
#4128 = DIRECTION ( 'NONE',  ( -1.000000000000000000, 0.0000000000000000000, -0.0000000000000000000 ) ) ;
#4129 = ORIENTED_EDGE ( 'NONE', *, *, #2123, .T. ) ;
#4130 = FACE_OUTER_BOUND ( 'NONE', #4664, .T. ) ;
#4131 = ORIENTED_EDGE ( 'NONE', *, *, #2390, .F. ) ;
#4132 = CARTESIAN_POINT ( 'NONE',  ( -0.1297926302799978782, 0.03215789127454207752, -0.5000000000000001110 ) ) ;
#4133 = ORIENTED_EDGE ( 'NONE', *, *, #3166, .T. ) ;
#4134 = CARTESIAN_POINT ( 'NONE',  ( 0.04003886187039865097, 0.05154026283087177751, -0.4989999999999999991 ) ) ;
#4135 = CARTESIAN_POINT ( 'NONE',  ( 0.9654364023659578464, -0.5654364023659580463, -0.1350197795033275527 ) ) ;
#4136 = AXIS2_PLACEMENT_3D ( 'NONE', #4297, #7478, #5570 ) ;
#4137 = UNCERTAINTY_MEASURE_WITH_UNIT (LENGTH_MEASURE( 1.000000000000000082E-05 ), #971, 'distance_accuracy_value', 'NONE');
#4138 = VERTEX_POINT ( 'NONE', #7435 ) ;
#4139 = SURFACE_STYLE_FILL_AREA ( #6481 ) ;
#4140 = ORIENTED_EDGE ( 'NONE', *, *, #712, .F. ) ;
#4141 = SURFACE_STYLE_USAGE ( .BOTH. , #4890 ) ;
#4142 = ORIENTED_EDGE ( 'NONE', *, *, #6171, .T. ) ;
#4143 =( NAMED_UNIT ( * ) SI_UNIT ( $, .STERADIAN. ) SOLID_ANGLE_UNIT ( ) );
#4144 = DIRECTION ( 'NONE',  ( -1.000000000000000000, 0.0000000000000000000, -0.0000000000000000000 ) ) ;
#4145 = ADVANCED_FACE ( 'NONE', ( #5067 ), #1513, .T. ) ;
#4146 = DIRECTION ( 'NONE',  ( 1.000000000000000000, 0.0000000000000000000, 0.0000000000000000000 ) ) ;
#4147 = LINE ( 'NONE', #1666, #5247 ) ;
#4148 =( NAMED_UNIT ( * ) SI_UNIT ( $, .STERADIAN. ) SOLID_ANGLE_UNIT ( ) );
#4149 = MECHANICAL_DESIGN_GEOMETRIC_PRESENTATION_REPRESENTATION (  '', ( #4298 ), #2456 ) ;
#4150 = SURFACE_STYLE_FILL_AREA ( #1809 ) ;
#4151 = CARTESIAN_POINT ( 'NONE',  ( -0.2064298406969292121, -0.008455146906603282220, -0.4989999999999999991 ) ) ;
#4152 = PRESENTATION_LAYER_ASSIGNMENT (  '', '', ( #6989 ) ) ;
#4153 = CARTESIAN_POINT ( 'NONE',  ( -0.09597289808867809358, -0.04667919195923683762, -0.4990000000000001101 ) ) ;
#4154 = CARTESIAN_POINT ( 'NONE',  ( -0.5400000000000000355, -0.8300000000000011813, -0.04000000000000077105 ) ) ;
#4155 = CARTESIAN_POINT ( 'NONE',  ( 0.7599999999999998979, -0.8700000000000002176, -0.3899999999999999578 ) ) ;
#4156 =( NAMED_UNIT ( * ) SI_UNIT ( $, .STERADIAN. ) SOLID_ANGLE_UNIT ( ) );
#4157 = STYLED_ITEM ( 'NONE', ( #6434 ), #4011 ) ;
#4158 = SURFACE_STYLE_FILL_AREA ( #7487 ) ;
#4159 = ORIENTED_EDGE ( 'NONE', *, *, #6449, .T. ) ;
#4160 = EDGE_CURVE ( 'NONE', #2142, #6079, #818, .T. ) ;
#4161 =( NAMED_UNIT ( * ) SI_UNIT ( $, .STERADIAN. ) SOLID_ANGLE_UNIT ( ) );
#4162 = CARTESIAN_POINT ( 'NONE',  ( -0.5400000000000000355, 0.8300000000000001821, -0.3499999999999998668 ) ) ;
#4163 = VECTOR ( 'NONE', #5627, 1000.000000000000000 ) ;
#4164 = DIRECTION ( 'NONE',  ( -1.000000000000000000, 0.0000000000000000000, 0.0000000000000000000 ) ) ;
#4165 = VECTOR ( 'NONE', #831, 1000.000000000000000 ) ;
#4166 =( LENGTH_UNIT ( ) NAMED_UNIT ( * ) SI_UNIT ( .MILLI., .METRE. ) );
#4167 = CARTESIAN_POINT ( 'NONE',  ( -0.1100000000000000006, 1.050000000000000044, -0.5500000000000000444 ) ) ;
#4168 = AXIS2_PLACEMENT_3D ( 'NONE', #2733, #2988, #4858 ) ;
#4169 = EDGE_CURVE ( 'NONE', #56, #1122, #615, .T. ) ;
#4170 = CARTESIAN_POINT ( 'NONE',  ( -0.7599999999999998979, 0.8700000000000001066, -0.3500000000000000333 ) ) ;
#4171 = EDGE_CURVE ( 'NONE', #2574, #3230, #5638, .T. ) ;
#4172 = CARTESIAN_POINT ( 'NONE',  ( -0.1221764134310956845, -0.01332473205395326606, -0.5000000000000001110 ) ) ;
#4173 = CARTESIAN_POINT ( 'NONE',  ( 0.06430377887285511351, -0.04866033363714254711, -0.4989999999999999991 ) ) ;
#4174 = COLOUR_RGB ( '',1.000000000000000000, 1.000000000000000000, 1.000000000000000000 ) ;
#4175 = ORIENTED_EDGE ( 'NONE', *, *, #1130, .T. ) ;
#4176 = CARTESIAN_POINT ( 'NONE',  ( 0.1100000000000000006, -0.8300000000000011813, -0.04000000000000077105 ) ) ;
#4177 =( NAMED_UNIT ( * ) PLANE_ANGLE_UNIT ( ) SI_UNIT ( $, .RADIAN. ) );
#4178 = ADVANCED_FACE ( 'NONE', ( #7364 ), #6950, .T. ) ;
#4179 = SURFACE_STYLE_USAGE ( .BOTH. , #1108 ) ;
#4180 = UNCERTAINTY_MEASURE_WITH_UNIT (LENGTH_MEASURE( 1.000000000000000082E-05 ), #656, 'distance_accuracy_value', 'NONE');
#4181 = LINE ( 'NONE', #3559, #4383 ) ;
#4182 = VERTEX_POINT ( 'NONE', #1106 ) ;
#4183 = PRESENTATION_LAYER_ASSIGNMENT (  '', '', ( #7736 ) ) ;
#4184 =( NAMED_UNIT ( * ) SI_UNIT ( $, .STERADIAN. ) SOLID_ANGLE_UNIT ( ) );
#4185 = CARTESIAN_POINT ( 'NONE',  ( 1.004369139644410325, 0.6249999999999998890, 1.646632049462359859E-15 ) ) ;
#4186 = CARTESIAN_POINT ( 'NONE',  ( -0.1232605906332365220, 0.03934717408962737362, -0.4989999999999999991 ) ) ;
#4187 = VECTOR ( 'NONE', #3376, 1000.000000000000000 ) ;
#4188 = ORIENTED_EDGE ( 'NONE', *, *, #338, .F. ) ;
#4189 = DIRECTION ( 'NONE',  ( -3.469446951953614189E-16, 1.000000000000000000, -0.0000000000000000000 ) ) ;
#4190 = CARTESIAN_POINT ( 'NONE',  ( -0.1100000000000000006, 0.6700000000000002620, -0.3499999999999993672 ) ) ;
#4191 = CARTESIAN_POINT ( 'NONE',  ( 0.06636548196983643733, 0.04211711137878980382, -0.4989999999999999991 ) ) ;
#4192 = SURFACE_STYLE_USAGE ( .BOTH. , #8037 ) ;
#4193 = CARTESIAN_POINT ( 'NONE',  ( 0.08746955903968285650, 0.04559480510109203272, -0.4990000000000001101 ) ) ;
#4194 = COLOUR_RGB ( '',0.0000000000000000000, 0.0000000000000000000, 0.0000000000000000000 ) ;
#4195 =( GEOMETRIC_REPRESENTATION_CONTEXT ( 3 ) GLOBAL_UNCERTAINTY_ASSIGNED_CONTEXT ( ( #6742 ) ) GLOBAL_UNIT_ASSIGNED_CONTEXT ( ( #6527, #826, #2654 ) ) REPRESENTATION_CONTEXT ( 'NONE', 'WORKASPACE' ) );
#4196 = SURFACE_STYLE_FILL_AREA ( #3088 ) ;
#4197 = DIRECTION ( 'NONE',  ( -0.0000000000000000000, 1.000000000000000000, -0.0000000000000000000 ) ) ;
#4198 = COLOUR_RGB ( '',1.000000000000000000, 1.000000000000000000, 1.000000000000000000 ) ;
#4199 = STYLED_ITEM ( 'NONE', ( #7412 ), #3477 ) ;
#4200 = PRESENTATION_LAYER_ASSIGNMENT (  '', '', ( #1849 ) ) ;
#4201 = CARTESIAN_POINT ( 'NONE',  ( 0.05021883857870547418, -0.03687270604927537360, -0.5000000000000000000 ) ) ;
#4202 =( NAMED_UNIT ( * ) PLANE_ANGLE_UNIT ( ) SI_UNIT ( $, .RADIAN. ) );
#4203 = CARTESIAN_POINT ( 'NONE',  ( 0.06071954954697326295, -0.03772343958953011667, -0.4989999999999999991 ) ) ;
#4204 = CARTESIAN_POINT ( 'NONE',  ( -0.2064298406969292121, -0.008455146906603282220, -0.4989999999999999991 ) ) ;
#4205 = VERTEX_POINT ( 'NONE', #2396 ) ;
#4206 = CARTESIAN_POINT ( 'NONE',  ( -0.5695767565005116495, -0.3440386105051373988, 0.3990000000000000213 ) ) ;
#4207 = PRESENTATION_LAYER_ASSIGNMENT (  '', '', ( #6784 ) ) ;
#4208 = SURFACE_SIDE_STYLE ('',( #3618 ) ) ;
#4209 = DIRECTION ( 'NONE',  ( 0.0000000000000000000, 0.0000000000000000000, -1.000000000000000000 ) ) ;
#4210 = CARTESIAN_POINT ( 'NONE',  ( 0.08632818488607700569, -0.02718041674604462429, -0.4989999999999999991 ) ) ;
#4211 = STYLED_ITEM ( 'NONE', ( #7784 ), #7923 ) ;
#4212 = STYLED_ITEM ( 'NONE', ( #7925 ), #518 ) ;
#4213 = CARTESIAN_POINT ( 'NONE',  ( -0.1297926302799978782, 0.03215789127454207752, -0.4990000000000001101 ) ) ;
#4214 = VECTOR ( 'NONE', #1984, 1000.000000000000000 ) ;
#4215 = EDGE_LOOP ( 'NONE', ( #8130, #4350, #7997, #2944 ) ) ;
#4216 = VECTOR ( 'NONE', #7575, 1000.000000000000000 ) ;
#4217 = ORIENTED_EDGE ( 'NONE', *, *, #580, .F. ) ;
#4218 = LINE ( 'NONE', #1007, #6494 ) ;
#4219 = CARTESIAN_POINT ( 'NONE',  ( 0.1557843361323391351, -0.03650392739440816436, -0.4989999999999999991 ) ) ;
#4220 = COLOUR_RGB ( '',0.2509803921568627416, 0.2509803921568627416, 0.2509803921568627416 ) ;
#4221 = DIRECTION ( 'NONE',  ( 1.000000000000000000, 0.0000000000000000000, 0.0000000000000000000 ) ) ;
#4222 = CARTESIAN_POINT ( 'NONE',  ( 0.03505262881526593349, 0.03636192626412842327, -0.5000000000000000000 ) ) ;
#4223 = CARTESIAN_POINT ( 'NONE',  ( 0.04745177623869637623, -0.04714124177614193584, -0.4989999999999999991 ) ) ;
#4224 = ADVANCED_FACE ( 'NONE', ( #4556 ), #1124, .T. ) ;
#4225 = CARTESIAN_POINT ( 'NONE',  ( 0.1094428727177049754, 0.0006340299226650141992, -0.4989999999999999991 ) ) ;
#4226 = CARTESIAN_POINT ( 'NONE',  ( 0.03770866776530956699, 0.03790528496822455351, -0.5000000000000000000 ) ) ;
#4227 = PRESENTATION_STYLE_ASSIGNMENT (( #1009 ) ) ;
#4228 = ORIENTED_EDGE ( 'NONE', *, *, #7075, .F. ) ;
#4229 = PRESENTATION_STYLE_ASSIGNMENT (( #4452 ) ) ;
#4230 = ORIENTED_EDGE ( 'NONE', *, *, #5850, .T. ) ;
#4231 = CARTESIAN_POINT ( 'NONE',  ( 0.5400000000000000355, 0.6250000000000001110, 0.0000000000000000000 ) ) ;
#4232 = UNCERTAINTY_MEASURE_WITH_UNIT (LENGTH_MEASURE( 1.000000000000000082E-05 ), #4515, 'distance_accuracy_value', 'NONE');
#4233 = LINE ( 'NONE', #2436, #6397 ) ;
#4234 = FILL_AREA_STYLE_COLOUR ( '', #7313 ) ;
#4235 = DIRECTION ( 'NONE',  ( -1.000000000000000000, 0.0000000000000000000, 0.0000000000000000000 ) ) ;
#4236 = ORIENTED_EDGE ( 'NONE', *, *, #536, .T. ) ;
#4237 = CIRCLE ( 'NONE', #4968, 0.05000000000000002359 ) ;
#4238 = PRESENTATION_STYLE_ASSIGNMENT (( #3928 ) ) ;
#4239 = ORIENTED_EDGE ( 'NONE', *, *, #4169, .T. ) ;
#4240 = MECHANICAL_DESIGN_GEOMETRIC_PRESENTATION_REPRESENTATION (  '', ( #7770 ), #3793 ) ;
#4241 = ORIENTED_EDGE ( 'NONE', *, *, #7131, .T. ) ;
#4242 = DIRECTION ( 'NONE',  ( -1.000000000000000000, -0.0000000000000000000, -0.0000000000000000000 ) ) ;
#4243 = SURFACE_STYLE_FILL_AREA ( #7960 ) ;
#4244 = FILL_AREA_STYLE ('',( #6574 ) ) ;
#4245 = SURFACE_STYLE_USAGE ( .BOTH. , #6786 ) ;
#4246 = EDGE_CURVE ( 'NONE', #1955, #7004, #810, .T. ) ;
#4247 = ORIENTED_EDGE ( 'NONE', *, *, #5441, .F. ) ;
#4248 = CARTESIAN_POINT ( 'NONE',  ( -0.1323972363138644359, 0.02813100081424760660, -0.4989999999999998881 ) ) ;
#4249 = PRESENTATION_STYLE_ASSIGNMENT (( #3664 ) ) ;
#4250 =( GEOMETRIC_REPRESENTATION_CONTEXT ( 3 ) GLOBAL_UNCERTAINTY_ASSIGNED_CONTEXT ( ( #6310 ) ) GLOBAL_UNIT_ASSIGNED_CONTEXT ( ( #8221, #1223, #2438 ) ) REPRESENTATION_CONTEXT ( 'NONE', 'WORKASPACE' ) );
#4251 = ORIENTED_EDGE ( 'NONE', *, *, #1532, .T. ) ;
#4252 = DIRECTION ( 'NONE',  ( 0.0000000000000000000, -1.000000000000000000, 0.0000000000000000000 ) ) ;
#4253 =( NAMED_UNIT ( * ) PLANE_ANGLE_UNIT ( ) SI_UNIT ( $, .RADIAN. ) );
#4254 = STYLED_ITEM ( 'NONE', ( #7676 ), #5306 ) ;
#4255 = CARTESIAN_POINT ( 'NONE',  ( 0.1093140841421993970, 0.006387216190503474354, -0.4989999999999999991 ) ) ;
#4256 = AXIS2_PLACEMENT_3D ( 'NONE', #1550, #4091, #5943 ) ;
#4257 = CARTESIAN_POINT ( 'NONE',  ( 0.0000000000000000000, 0.0000000000000000000, 0.0000000000000000000 ) ) ;
#4258 = EDGE_CURVE ( 'NONE', #2457, #1436, #6342, .T. ) ;
#4259 = ORIENTED_EDGE ( 'NONE', *, *, #6568, .T. ) ;
#4260 = DIRECTION ( 'NONE',  ( 0.0000000000000000000, 0.0000000000000000000, 1.000000000000000000 ) ) ;
#4261 = CARTESIAN_POINT ( 'NONE',  ( 0.7599999999999998979, -0.6700000000000012612, -0.04000000000000020900 ) ) ;
#4262 =( LENGTH_UNIT ( ) NAMED_UNIT ( * ) SI_UNIT ( .MILLI., .METRE. ) );
#4263 = MECHANICAL_DESIGN_GEOMETRIC_PRESENTATION_REPRESENTATION (  '', ( #366 ), #7702 ) ;
#4264 = SURFACE_STYLE_FILL_AREA ( #1390 ) ;
#4265 = ADVANCED_FACE ( 'NONE', ( #3250 ), #103, .F. ) ;
#4266 = STYLED_ITEM ( 'NONE', ( #7899 ), #7471 ) ;
#4267 = AXIS2_PLACEMENT_3D ( 'NONE', #3355, #7862, #4014 ) ;
#4268 = CARTESIAN_POINT ( 'NONE',  ( -0.1909668398357772245, 0.03462288038032478033, -0.5000000000000002220 ) ) ;
#4269 = EDGE_CURVE ( 'NONE', #1335, #170, #4963, .T. ) ;
#4270 =( NAMED_UNIT ( * ) PLANE_ANGLE_UNIT ( ) SI_UNIT ( $, .RADIAN. ) );
#4271 = DIRECTION ( 'NONE',  ( 0.06958737431666477125, 0.06958737431666479900, -0.9951458157835084695 ) ) ;
#4272 = CARTESIAN_POINT ( 'NONE',  ( -0.03324005411156334688, 0.008618023825104037874, -0.5000000000000000000 ) ) ;
#4273 = DIRECTION ( 'NONE',  ( -1.000000000000000000, -0.0000000000000000000, -0.0000000000000000000 ) ) ;
#4274 = MECHANICAL_DESIGN_GEOMETRIC_PRESENTATION_REPRESENTATION (  '', ( #3841 ), #3737 ) ;
#4275 = CARTESIAN_POINT ( 'NONE',  ( -0.9504035209157131181, -0.5504035209157128739, 0.4000000000000000222 ) ) ;
#4276 = CARTESIAN_POINT ( 'NONE',  ( 0.07357670441987596011, 0.04004944572767335509, -0.5000000000000001110 ) ) ;
#4277 =( NAMED_UNIT ( * ) SI_UNIT ( $, .STERADIAN. ) SOLID_ANGLE_UNIT ( ) );
#4278 = CARTESIAN_POINT ( 'NONE',  ( -0.7665313082195535088, -0.3440386105051373988, 0.4000000000000000222 ) ) ;
#4279 = CIRCLE ( 'NONE', #2743, 0.05000000000000002359 ) ;
#4280 = ORIENTED_EDGE ( 'NONE', *, *, #1370, .T. ) ;
#4281 = EDGE_CURVE ( 'NONE', #5725, #4205, #7360, .T. ) ;
#4282 = CIRCLE ( 'NONE', #1246, 0.05000000000000001665 ) ;
#4283 = DIRECTION ( 'NONE',  ( 1.000000000000000000, 0.0000000000000000000, 0.0000000000000000000 ) ) ;
#4284 = CARTESIAN_POINT ( 'NONE',  ( -0.1883863551900803734, 0.03475417705277631525, -0.5000000000000000000 ) ) ;
#4285 = DIRECTION ( 'NONE',  ( -0.06975647374412545509, 0.0000000000000000000, 0.9975640502598241977 ) ) ;
#4286 = UNCERTAINTY_MEASURE_WITH_UNIT (LENGTH_MEASURE( 1.000000000000000082E-05 ), #7472, 'distance_accuracy_value', 'NONE');
#4287 = FILL_AREA_STYLE ('',( #2366 ) ) ;
#4288 =( LENGTH_UNIT ( ) NAMED_UNIT ( * ) SI_UNIT ( .MILLI., .METRE. ) );
#4289 = ORIENTED_EDGE ( 'NONE', *, *, #4456, .T. ) ;
#4290 = FACE_BOUND ( 'NONE', #2650, .T. ) ;
#4291 = SURFACE_STYLE_FILL_AREA ( #3855 ) ;
#4292 = PRESENTATION_LAYER_ASSIGNMENT (  '', '', ( #1351 ) ) ;
#4293 =( NAMED_UNIT ( * ) SI_UNIT ( $, .STERADIAN. ) SOLID_ANGLE_UNIT ( ) );
#4294 = CARTESIAN_POINT ( 'NONE',  ( 0.7599999999999998979, -0.8300000000000011813, -0.04000000000000077105 ) ) ;
#4295 = ORIENTED_EDGE ( 'NONE', *, *, #1340, .T. ) ;
#4296 =( NAMED_UNIT ( * ) PLANE_ANGLE_UNIT ( ) SI_UNIT ( $, .RADIAN. ) );
#4297 = CARTESIAN_POINT ( 'NONE',  ( -0.1729885297213194506, -0.008455146906603282220, -0.4989999999999999991 ) ) ;
#4298 = STYLED_ITEM ( 'NONE', ( #8110 ), #2085 ) ;
#4299 =( NAMED_UNIT ( * ) PLANE_ANGLE_UNIT ( ) SI_UNIT ( $, .RADIAN. ) );
#4300 = FILL_AREA_STYLE_COLOUR ( '', #2725 ) ;
#4301 = PRESENTATION_STYLE_ASSIGNMENT (( #7696 ) ) ;
#4302 = CARTESIAN_POINT ( 'NONE',  ( 0.08808450259967860740, 0.02873066262142286512, -0.4989999999999998881 ) ) ;
#4303 = ADVANCED_FACE ( 'NONE', ( #6231 ), #7953, .F. ) ;
#4304 = CARTESIAN_POINT ( 'NONE',  ( 0.9434108397213609720, 0.5434108397213615049, -0.5000000000000000000 ) ) ;
#4305 = MECHANICAL_DESIGN_GEOMETRIC_PRESENTATION_REPRESENTATION (  '', ( #468 ), #4756 ) ;
#4306 = VECTOR ( 'NONE', #2244, 1000.000000000000000 ) ;
#4307 = CIRCLE ( 'NONE', #977, 0.05000000000000002359 ) ;
#4308 = DIRECTION ( 'NONE',  ( 0.0000000000000000000, 0.0000000000000000000, 1.000000000000000000 ) ) ;
#4309 = LINE ( 'NONE', #6063, #7522 ) ;
#4310 = AXIS2_PLACEMENT_3D ( 'NONE', #2046, #58, #2000 ) ;
#4311 = VECTOR ( 'NONE', #6751, 1000.000000000000000 ) ;
#4312 = MECHANICAL_DESIGN_GEOMETRIC_PRESENTATION_REPRESENTATION (  '', ( #3047 ), #1203 ) ;
#4313 = ORIENTED_EDGE ( 'NONE', *, *, #8162, .F. ) ;
#4314 =( NAMED_UNIT ( * ) PLANE_ANGLE_UNIT ( ) SI_UNIT ( $, .RADIAN. ) );
#4315 = EDGE_CURVE ( 'NONE', #7357, #39, #3550, .T. ) ;
#4316 =( NAMED_UNIT ( * ) PLANE_ANGLE_UNIT ( ) SI_UNIT ( $, .RADIAN. ) );
#4317 = COLOUR_RGB ( '',0.0000000000000000000, 0.0000000000000000000, 0.0000000000000000000 ) ;
#4318 = CARTESIAN_POINT ( 'NONE',  ( -0.1247034687457096586, 0.003492261629982082970, -0.5000000000000000000 ) ) ;
#4319 =( NAMED_UNIT ( * ) PLANE_ANGLE_UNIT ( ) SI_UNIT ( $, .RADIAN. ) );
#4320 = SURFACE_STYLE_FILL_AREA ( #413 ) ;
#4321 = ORIENTED_EDGE ( 'NONE', *, *, #4919, .T. ) ;
#4322 = PLANE ( 'NONE',  #4657 ) ;
#4323 = ORIENTED_EDGE ( 'NONE', *, *, #3945, .T. ) ;
#4324 = FACE_OUTER_BOUND ( 'NONE', #2486, .T. ) ;
#4325 = VERTEX_POINT ( 'NONE', #7341 ) ;
#4326 = FACE_OUTER_BOUND ( 'NONE', #897, .T. ) ;
#4327 = SURFACE_STYLE_USAGE ( .BOTH. , #512 ) ;
#4328 = MECHANICAL_DESIGN_GEOMETRIC_PRESENTATION_REPRESENTATION (  '', ( #4772 ), #7502 ) ;
#4329 = CARTESIAN_POINT ( 'NONE',  ( -0.1361207575879066212, 0.01919076078681835815, -0.4989999999999997771 ) ) ;
#4330 = B_SPLINE_CURVE_WITH_KNOTS ( 'NONE', 3,
 ( #7565, #4343, #2539, #7615, #670, #1316, #5635 ),
 .UNSPECIFIED., .F., .F.,
 ( 4, 1, 1, 1, 4 ),
 ( 0.0000000000000000000, 0.1744817153170503676, 0.3982857591281118714, 0.6738978473986658724, 0.9999999999999998890 ),
 .UNSPECIFIED. ) ;
#4331 = EDGE_LOOP ( 'NONE', ( #5790, #4807, #4497, #3549 ) ) ;
#4332 = EDGE_CURVE ( 'NONE', #8047, #2768, #6750, .T. ) ;
#4333 = PLANE ( 'NONE',  #917 ) ;
#4334 = EDGE_LOOP ( 'NONE', ( #8043, #3045, #5673, #2774 ) ) ;
#4335 = FILL_AREA_STYLE_COLOUR ( '', #1090 ) ;
#4336 = PLANE ( 'NONE',  #825 ) ;
#4337 = CARTESIAN_POINT ( 'NONE',  ( 0.09545111977509285195, 0.01039951666877732273, -0.5000000000000000000 ) ) ;
#4338 = ORIENTED_EDGE ( 'NONE', *, *, #1993, .F. ) ;
#4339 = VECTOR ( 'NONE', #235, 1000.000000000000000 ) ;
#4340 =( LENGTH_UNIT ( ) NAMED_UNIT ( * ) SI_UNIT ( .MILLI., .METRE. ) );
#4341 = CIRCLE ( 'NONE', #554, 0.03999999999999988981 ) ;
#4342 = UNCERTAINTY_MEASURE_WITH_UNIT (LENGTH_MEASURE( 1.000000000000000082E-05 ), #3020, 'distance_accuracy_value', 'NONE');
#4343 = CARTESIAN_POINT ( 'NONE',  ( -0.1912516965260535884, 0.03371212922163458608, -0.4990000000000001101 ) ) ;
#4344 = CIRCLE ( 'NONE', #6484, 0.1999999999999998723 ) ;
#4345 = CARTESIAN_POINT ( 'NONE',  ( 0.05741586096627490643, 0.04274841122888480005, -0.4990000000000001101 ) ) ;
#4346 = ORIENTED_EDGE ( 'NONE', *, *, #8196, .F. ) ;
#4347 = FACE_OUTER_BOUND ( 'NONE', #3330, .T. ) ;
#4348 = VERTEX_POINT ( 'NONE', #7310 ) ;
#4349 = ORIENTED_EDGE ( 'NONE', *, *, #6541, .F. ) ;
#4350 = ORIENTED_EDGE ( 'NONE', *, *, #525, .F. ) ;
#4351 = CARTESIAN_POINT ( 'NONE',  ( -0.1893925007423664653, 0.03961325166945268289, -0.4999999999999998890 ) ) ;
#4352 = SURFACE_SIDE_STYLE ('',( #4502 ) ) ;
#4353 = CIRCLE ( 'NONE', #1034, 0.05000000000000001665 ) ;
#4354 = CARTESIAN_POINT ( 'NONE',  ( -0.1241113720890326955, 0.01231973880118791831, -0.4989999999999997771 ) ) ;
#4355 = MECHANICAL_DESIGN_GEOMETRIC_PRESENTATION_REPRESENTATION (  '', ( #1125 ), #7409 ) ;
#4356 = FILL_AREA_STYLE ('',( #5621 ) ) ;
#4357 = CARTESIAN_POINT ( 'NONE',  ( -0.5400000000000000355, 1.050000000000000044, -0.5500000000000000444 ) ) ;
#4358 = VECTOR ( 'NONE', #428, 1000.000000000000000 ) ;
#4359 = CARTESIAN_POINT ( 'NONE',  ( -0.1165463296255964121, 0.02951746950985125253, -0.4999999999999998890 ) ) ;
#4360 = EDGE_LOOP ( 'NONE', ( #6313, #1094, #6125 ) ) ;
#4361 =( GEOMETRIC_REPRESENTATION_CONTEXT ( 3 ) GLOBAL_UNCERTAINTY_ASSIGNED_CONTEXT ( ( #2416 ) ) GLOBAL_UNIT_ASSIGNED_CONTEXT ( ( #5057, #1320, #3150 ) ) REPRESENTATION_CONTEXT ( 'NONE', 'WORKASPACE' ) );
#4362 = DIRECTION ( 'NONE',  ( 0.0000000000000000000, -0.0000000000000000000, -1.000000000000000000 ) ) ;
#4363 = SURFACE_STYLE_USAGE ( .BOTH. , #538 ) ;
#4364 = DIRECTION ( 'NONE',  ( -3.469446951953614189E-16, 1.000000000000000000, 3.653145642475631518E-34 ) ) ;
#4365 =( NAMED_UNIT ( * ) SI_UNIT ( $, .STERADIAN. ) SOLID_ANGLE_UNIT ( ) );
#4366 = STYLED_ITEM ( 'NONE', ( #6168 ), #2288 ) ;
#4367 = CARTESIAN_POINT ( 'NONE',  ( 0.03770866776530956699, 0.03790528496822455351, -0.4989999999999999991 ) ) ;
#4368 = DIRECTION ( 'NONE',  ( 0.0000000000000000000, 0.0000000000000000000, -1.000000000000000000 ) ) ;
#4369 = SURFACE_SIDE_STYLE ('',( #4196 ) ) ;
#4370 = CARTESIAN_POINT ( 'NONE',  ( -0.1082258728536076020, 0.03623168044379151964, -0.5000000000000000000 ) ) ;
#4371 =( GEOMETRIC_REPRESENTATION_CONTEXT ( 3 ) GLOBAL_UNCERTAINTY_ASSIGNED_CONTEXT ( ( #4342 ) ) GLOBAL_UNIT_ASSIGNED_CONTEXT ( ( #3020, #7424, #4148 ) ) REPRESENTATION_CONTEXT ( 'NONE', 'WORKASPACE' ) );
#4372 = AXIS2_PLACEMENT_3D ( 'NONE', #8102, #1726, #2333 ) ;
#4373 = STYLED_ITEM ( 'NONE', ( #7015 ), #440 ) ;
#4374 = LINE ( 'NONE', #3899, #2693 ) ;
#4375 = ORIENTED_EDGE ( 'NONE', *, *, #2548, .F. ) ;
#4376 = CARTESIAN_POINT ( 'NONE',  ( -0.1600693224042462892, -0.04747953715050572815, -0.4989999999999999991 ) ) ;
#4377 =( NAMED_UNIT ( * ) PLANE_ANGLE_UNIT ( ) SI_UNIT ( $, .RADIAN. ) );
#4378 = EDGE_CURVE ( 'NONE', #8123, #7033, #418, .T. ) ;
#4379 =( NAMED_UNIT ( * ) PLANE_ANGLE_UNIT ( ) SI_UNIT ( $, .RADIAN. ) );
#4380 = DIRECTION ( 'NONE',  ( 1.000000000000000000, 0.0000000000000000000, 0.0000000000000000000 ) ) ;
#4381 = VECTOR ( 'NONE', #3614, 1000.000000000000114 ) ;
#4382 = EDGE_CURVE ( 'NONE', #1895, #5202, #4344, .T. ) ;
#4383 = VECTOR ( 'NONE', #3530, 1000.000000000000000 ) ;
#4384 = VERTEX_POINT ( 'NONE', #295 ) ;
#4385 = SURFACE_SIDE_STYLE ('',( #1279 ) ) ;
#4386 = SURFACE_STYLE_USAGE ( .BOTH. , #5576 ) ;
#4387 = CARTESIAN_POINT ( 'NONE',  ( 0.1100000000000000006, -0.8700000000000001066, -0.3500000000000000333 ) ) ;
#4388 = CARTESIAN_POINT ( 'NONE',  ( 0.09592616804333839453, 0.006005872326861980831, -0.4990000000000001101 ) ) ;
#4389 = DIRECTION ( 'NONE',  ( 1.000000000000000000, 0.0000000000000000000, 0.0000000000000000000 ) ) ;
#4390 = VECTOR ( 'NONE', #3235, 1000.000000000000000 ) ;
#4391 = VECTOR ( 'NONE', #92, 1000.000000000000000 ) ;
#4392 = CARTESIAN_POINT ( 'NONE',  ( -0.3750000000000003331, 0.6131124419696033501, 0.1699999999999999567 ) ) ;
#4393 = DIRECTION ( 'NONE',  ( 0.0000000000000000000, 0.0000000000000000000, -1.000000000000000000 ) ) ;
#4394 = UNCERTAINTY_MEASURE_WITH_UNIT (LENGTH_MEASURE( 1.000000000000000082E-05 ), #5114, 'distance_accuracy_value', 'NONE');
#4395 = ORIENTED_EDGE ( 'NONE', *, *, #852, .F. ) ;
#4396 = PLANE ( 'NONE',  #6589 ) ;
#4397 = CARTESIAN_POINT ( 'NONE',  ( -0.9434108397213618602, 0.6249999999999998890, -0.4500000000000000111 ) ) ;
#4398 = COLOUR_RGB ( '',1.000000000000000000, 1.000000000000000000, 1.000000000000000000 ) ;
#4399 = CARTESIAN_POINT ( 'NONE',  ( -0.1879084992335145754, 0.03331314577632354251, -0.5000000000000000000 ) ) ;
#4400 = EDGE_CURVE ( 'NONE', #4932, #6635, #1978, .T. ) ;
#4401 = EDGE_LOOP ( 'NONE', ( #1804, #2717, #7342, #1388 ) ) ;
#4402 = PRESENTATION_STYLE_ASSIGNMENT (( #201 ) ) ;
#4403 = AXIS2_PLACEMENT_3D ( 'NONE', #2137, #1504, #6501 ) ;
#4404 = SURFACE_STYLE_FILL_AREA ( #364 ) ;
#4405 = SURFACE_STYLE_USAGE ( .BOTH. , #8245 ) ;
#4406 = CARTESIAN_POINT ( 'NONE',  ( -0.1153303889809982608, 0.04513193977790567329, -0.4999999999999998890 ) ) ;
#4407 = CARTESIAN_POINT ( 'NONE',  ( 0.04275070656651607653, 0.05223802068341153876, -0.5000000000000000000 ) ) ;
#4408 = CARTESIAN_POINT ( 'NONE',  ( 0.9434108397213614161, -0.5900365940282447097, -0.5000000000000000000 ) ) ;
#4409 = CIRCLE ( 'NONE', #7304, 0.05000000000000001665 ) ;
#4410 = ORIENTED_EDGE ( 'NONE', *, *, #2476, .T. ) ;
#4411 = AXIS2_PLACEMENT_3D ( 'NONE', #787, #52, #5157 ) ;
#4412 = LINE ( 'NONE', #6629, #4306 ) ;
#4413 = LINE ( 'NONE', #7442, #6392 ) ;
#4414 = CARTESIAN_POINT ( 'NONE',  ( 0.1093993203721887048, 0.002579581033644717716, -0.4999999999999997780 ) ) ;
#4415 = LINE ( 'NONE', #3504, #2732 ) ;
#4416 = CARTESIAN_POINT ( 'NONE',  ( -0.5400000000000000355, -0.6700000000000012612, -0.04000000000000020900 ) ) ;
#4417 = EDGE_CURVE ( 'NONE', #887, #8013, #1114, .T. ) ;
#4418 = AXIS2_PLACEMENT_3D ( 'NONE', #4439, #1892, #716 ) ;
#4419 = ORIENTED_EDGE ( 'NONE', *, *, #3821, .T. ) ;
#4420 = FILL_AREA_STYLE ('',( #1852 ) ) ;
#4421 = FACE_OUTER_BOUND ( 'NONE', #4951, .T. ) ;
#4422 = VERTEX_POINT ( 'NONE', #6795 ) ;
#4423 = AXIS2_PLACEMENT_3D ( 'NONE', #2250, #1001, #1635 ) ;
#4424 = COLOUR_RGB ( '',0.0000000000000000000, 0.0000000000000000000, 0.0000000000000000000 ) ;
#4425 = VECTOR ( 'NONE', #1985, 1000.000000000000000 ) ;
#4426 = LINE ( 'NONE', #1874, #2756 ) ;
#4427 = SURFACE_SIDE_STYLE ('',( #1707 ) ) ;
#4428 = MECHANICAL_DESIGN_GEOMETRIC_PRESENTATION_REPRESENTATION (  '', ( #3152 ), #7706 ) ;
#4429 = FILL_AREA_STYLE_COLOUR ( '', #5200 ) ;
#4430 = ORIENTED_EDGE ( 'NONE', *, *, #6845, .T. ) ;
#4431 = DIRECTION ( 'NONE',  ( 1.000000000000000000, -0.0000000000000000000, 0.0000000000000000000 ) ) ;
#4432 = ORIENTED_EDGE ( 'NONE', *, *, #2576, .F. ) ;
#4433 = VECTOR ( 'NONE', #3732, 999.9999999999998863 ) ;
#4434 = VECTOR ( 'NONE', #277, 1000.000000000000114 ) ;
#4435 = VERTEX_POINT ( 'NONE', #3604 ) ;
#4436 = VERTEX_POINT ( 'NONE', #6085 ) ;
#4437 = VECTOR ( 'NONE', #2569, 1000.000000000000114 ) ;
#4438 = DIRECTION ( 'NONE',  ( 1.000000000000000000, 0.0000000000000000000, 0.0000000000000000000 ) ) ;
#4439 = CARTESIAN_POINT ( 'NONE',  ( 0.7599999999999998979, -0.8700000000000001066, -0.3500000000000000333 ) ) ;
#4440 = ORIENTED_EDGE ( 'NONE', *, *, #3009, .F. ) ;
#4441 = VECTOR ( 'NONE', #4928, 1000.000000000000000 ) ;
#4442 = CARTESIAN_POINT ( 'NONE',  ( -0.1297926302799978782, 0.03215789127454207752, -0.4990000000000001101 ) ) ;
#4443 = ORIENTED_EDGE ( 'NONE', *, *, #536, .F. ) ;
#4444 = DIRECTION ( 'NONE',  ( 0.0000000000000000000, -1.000000000000000000, 0.0000000000000000000 ) ) ;
#4445 =( GEOMETRIC_REPRESENTATION_CONTEXT ( 3 ) GLOBAL_UNCERTAINTY_ASSIGNED_CONTEXT ( ( #3421 ) ) GLOBAL_UNIT_ASSIGNED_CONTEXT ( ( #4987, #4299, #3601 ) ) REPRESENTATION_CONTEXT ( 'NONE', 'WORKASPACE' ) );
#4446 = CARTESIAN_POINT ( 'NONE',  ( 0.002125799546973263822, -0.03650392739440816436, -0.4989999999999999991 ) ) ;
#4447 = PRODUCT ( 'SOT-363_L2.1-W1.3-P0.65-LS2.1-BL', 'SOT-363_L2.1-W1.3-P0.65-LS2.1-BL', '', ( #1494 ) ) ;
#4448 = VERTEX_POINT ( 'NONE', #7396 ) ;
#4449 = FACE_OUTER_BOUND ( 'NONE', #5244, .T. ) ;
#4450 = UNCERTAINTY_MEASURE_WITH_UNIT (LENGTH_MEASURE( 1.000000000000000082E-05 ), #3879, 'distance_accuracy_value', 'NONE');
#4451 = EDGE_CURVE ( 'NONE', #3675, #2275, #7138, .T. ) ;
#4452 = SURFACE_STYLE_USAGE ( .BOTH. , #46 ) ;
#4453 = DIRECTION ( 'NONE',  ( 0.0000000000000000000, 0.0000000000000000000, 1.000000000000000000 ) ) ;
#4454 = CARTESIAN_POINT ( 'NONE',  ( 0.04745177623869637623, -0.04714124177614193584, -0.4989999999999999991 ) ) ;
#4455 = EDGE_LOOP ( 'NONE', ( #4531, #1986, #4584, #7260 ) ) ;
#4456 = EDGE_CURVE ( 'NONE', #3920, #3522, #3638, .T. ) ;
#4457 = CARTESIAN_POINT ( 'NONE',  ( 0.1100000000000000006, -1.050000000000000044, -0.3900000000000000688 ) ) ;
#4458 = CARTESIAN_POINT ( 'NONE',  ( 0.08177179182764149346, -0.04539060657381969316, -0.5000000000000001110 ) ) ;
#4459 =( LENGTH_UNIT ( ) NAMED_UNIT ( * ) SI_UNIT ( .MILLI., .METRE. ) );
#4460 = LINE ( 'NONE', #6092, #4358 ) ;
#4461 = ORIENTED_EDGE ( 'NONE', *, *, #3122, .T. ) ;
#4462 = FILL_AREA_STYLE ('',( #1157 ) ) ;
#4463 = DIRECTION ( 'NONE',  ( 1.000000000000000000, 0.0000000000000000000, -0.0000000000000000000 ) ) ;
#4464 = CARTESIAN_POINT ( 'NONE',  ( -0.1381181028920511755, 0.003778084800713790541, -0.5000000000000000000 ) ) ;
#4465 = CARTESIAN_POINT ( 'NONE',  ( -0.1323972363138644359, 0.02813100081424760660, -0.4999999999999998890 ) ) ;
#4466 =( NAMED_UNIT ( * ) SI_UNIT ( $, .STERADIAN. ) SOLID_ANGLE_UNIT ( ) );
#4467 = DIRECTION ( 'NONE',  ( 1.000000000000000000, 0.0000000000000000000, 0.0000000000000000000 ) ) ;
#4468 = COLOUR_RGB ( '',0.0000000000000000000, 0.0000000000000000000, 0.0000000000000000000 ) ;
#4469 = MECHANICAL_DESIGN_GEOMETRIC_PRESENTATION_REPRESENTATION (  '', ( #6317 ), #1409 ) ;
#4470 = CARTESIAN_POINT ( 'NONE',  ( 0.04408511499076019080, -0.04625575682000489242, -0.5000000000000000000 ) ) ;
#4471 = CARTESIAN_POINT ( 'NONE',  ( 0.5400000000000000355, 0.6200000000000012168, -0.04000000000000002859 ) ) ;
#4472 = DIRECTION ( 'NONE',  ( -1.000000000000000000, -0.0000000000000000000, -0.0000000000000000000 ) ) ;
#4473 =( GEOMETRIC_REPRESENTATION_CONTEXT ( 3 ) GLOBAL_UNCERTAINTY_ASSIGNED_CONTEXT ( ( #2267 ) ) GLOBAL_UNIT_ASSIGNED_CONTEXT ( ( #3773, #4316, #5640 ) ) REPRESENTATION_CONTEXT ( 'NONE', 'WORKASPACE' ) );
#4474 = CARTESIAN_POINT ( 'NONE',  ( 0.04745177623869637623, -0.04714124177614193584, -0.5000000000000000000 ) ) ;
#4475 = SURFACE_SIDE_STYLE ('',( #4748 ) ) ;
#4476 = MECHANICAL_DESIGN_GEOMETRIC_PRESENTATION_REPRESENTATION (  '', ( #7911 ), #5329 ) ;
#4477 = SURFACE_STYLE_USAGE ( .BOTH. , #2016 ) ;
#4478 = EDGE_CURVE ( 'NONE', #5483, #961, #3543, .T. ) ;
#4479 = DIRECTION ( 'NONE',  ( 0.0000000000000000000, 0.0000000000000000000, 1.000000000000000000 ) ) ;
#4480 = CARTESIAN_POINT ( 'NONE',  ( 0.06769853833935704501, -0.04858462072058178371, -0.4999999999999998890 ) ) ;
#4481 =( NAMED_UNIT ( * ) PLANE_ANGLE_UNIT ( ) SI_UNIT ( $, .RADIAN. ) );
#4482 = ADVANCED_FACE ( 'NONE', ( #3923 ), #7352, .T. ) ;
#4483 = DIRECTION ( 'NONE',  ( -0.06958737431666482676, -0.06958737431666482676, 0.9951458157835086915 ) ) ;
#4484 = VECTOR ( 'NONE', #3177, 1000.000000000000000 ) ;
#4485 = EDGE_LOOP ( 'NONE', ( #6943, #4524, #6891, #7237 ) ) ;
#4486 = MECHANICAL_DESIGN_GEOMETRIC_PRESENTATION_REPRESENTATION (  '', ( #4211 ), #435 ) ;
#4487 = UNCERTAINTY_MEASURE_WITH_UNIT (LENGTH_MEASURE( 1.000000000000000082E-05 ), #2414, 'distance_accuracy_value', 'NONE');
#4488 = VECTOR ( 'NONE', #4467, 1000.000000000000000 ) ;
#4489 =( LENGTH_UNIT ( ) NAMED_UNIT ( * ) SI_UNIT ( .MILLI., .METRE. ) );
#4490 =( NAMED_UNIT ( * ) SI_UNIT ( $, .STERADIAN. ) SOLID_ANGLE_UNIT ( ) );
#4491 = ORIENTED_EDGE ( 'NONE', *, *, #3589, .T. ) ;
#4492 = DIRECTION ( 'NONE',  ( 1.000000000000000000, 0.0000000000000000000, 0.0000000000000000000 ) ) ;
#4493 = B_SPLINE_CURVE_WITH_KNOTS ( 'NONE', 3,
 ( #263, #940, #912, #1608, #2879, #4775, #4795 ),
 .UNSPECIFIED., .F., .F.,
 ( 4, 1, 1, 1, 4 ),
 ( 0.0000000000000000000, 0.3005411131585078444, 0.5677471464835985859, 0.8000336137369795653, 1.000000000000000000 ),
 .UNSPECIFIED. ) ;
#4494 = CARTESIAN_POINT ( 'NONE',  ( 0.1100000000000000006, 1.050000000000000044, -0.5500000000000000444 ) ) ;
#4495 = DIRECTION ( 'NONE',  ( 0.0000000000000000000, 0.0000000000000000000, 1.000000000000000000 ) ) ;
#4496 = DIRECTION ( 'NONE',  ( 0.0000000000000000000, -1.000000000000000000, 0.0000000000000000000 ) ) ;
#4497 = ORIENTED_EDGE ( 'NONE', *, *, #3049, .T. ) ;
#4498 = PLANE ( 'NONE',  #3093 ) ;
#4499 = CARTESIAN_POINT ( 'NONE',  ( 0.05847107393721714952, 0.04276436528851867286, -0.4989999999999999991 ) ) ;
#4500 = LINE ( 'NONE', #3823, #7712 ) ;
#4501 =( LENGTH_UNIT ( ) NAMED_UNIT ( * ) SI_UNIT ( .MILLI., .METRE. ) );
#4502 = SURFACE_STYLE_FILL_AREA ( #3691 ) ;
#4503 = PRESENTATION_STYLE_ASSIGNMENT (( #1923 ) ) ;
#4504 = AXIS2_PLACEMENT_3D ( 'NONE', #5443, #5514, #2289 ) ;
#4505 = ORIENTED_EDGE ( 'NONE', *, *, #6276, .F. ) ;
#4506 = FILL_AREA_STYLE_COLOUR ( '', #3637 ) ;
#4507 = VECTOR ( 'NONE', #1466, 1000.000000000000000 ) ;
#4508 = DIRECTION ( 'NONE',  ( 0.0000000000000000000, 0.0000000000000000000, -1.000000000000000000 ) ) ;
#4509 = PRESENTATION_STYLE_ASSIGNMENT (( #4723 ) ) ;
#4510 = EDGE_CURVE ( 'NONE', #2275, #3117, #5620, .T. ) ;
#4511 = VECTOR ( 'NONE', #6587, 1000.000000000000000 ) ;
#4512 = VERTEX_POINT ( 'NONE', #3660 ) ;
#4513 = STYLED_ITEM ( 'NONE', ( #3248 ), #5791 ) ;
#4514 =( LENGTH_UNIT ( ) NAMED_UNIT ( * ) SI_UNIT ( .MILLI., .METRE. ) );
#4515 =( LENGTH_UNIT ( ) NAMED_UNIT ( * ) SI_UNIT ( .MILLI., .METRE. ) );
#4516 = CARTESIAN_POINT ( 'NONE',  ( -0.1194104372195649438, -0.03679878625378924656, -0.5000000000000003331 ) ) ;
#4517 = SURFACE_SIDE_STYLE ('',( #879 ) ) ;
#4518 = LINE ( 'NONE', #449, #4832 ) ;
#4519 = PRESENTATION_STYLE_ASSIGNMENT (( #4192 ) ) ;
#4520 = FILL_AREA_STYLE_COLOUR ( '', #7401 ) ;
#4521 = CARTESIAN_POINT ( 'NONE',  ( -0.05763029801400236518, 0.05252046284949429128, -0.4989999999999999991 ) ) ;
#4522 = MECHANICAL_DESIGN_GEOMETRIC_PRESENTATION_REPRESENTATION (  '', ( #2422 ), #6218 ) ;
#4523 =( GEOMETRIC_REPRESENTATION_CONTEXT ( 3 ) GLOBAL_UNCERTAINTY_ASSIGNED_CONTEXT ( ( #1020 ) ) GLOBAL_UNIT_ASSIGNED_CONTEXT ( ( #7290, #4693, #3399 ) ) REPRESENTATION_CONTEXT ( 'NONE', 'WORKASPACE' ) );
#4524 = ORIENTED_EDGE ( 'NONE', *, *, #6493, .T. ) ;
#4525 = ADVANCED_FACE ( 'NONE', ( #5241 ), #1848, .T. ) ;
#4526 = CARTESIAN_POINT ( 'NONE',  ( 0.1100000000000000006, 0.6700000000000012612, -0.04000000000000020900 ) ) ;
#4527 = ORIENTED_EDGE ( 'NONE', *, *, #2702, .T. ) ;
#4528 = CARTESIAN_POINT ( 'NONE',  ( 0.1100000000000000006, -0.6200000000000012168, -0.04000000000000002859 ) ) ;
#4529 =( LENGTH_UNIT ( ) NAMED_UNIT ( * ) SI_UNIT ( .MILLI., .METRE. ) );
#4530 = LINE ( 'NONE', #6984, #1490 ) ;
#4531 = ORIENTED_EDGE ( 'NONE', *, *, #4451, .F. ) ;
#4532 = LINE ( 'NONE', #964, #5031 ) ;
#4533 = EDGE_CURVE ( 'NONE', #6626, #2233, #2465, .T. ) ;
#4534 = LINE ( 'NONE', #3037, #2254 ) ;
#4535 =( NAMED_UNIT ( * ) PLANE_ANGLE_UNIT ( ) SI_UNIT ( $, .RADIAN. ) );
#4536 = DIRECTION ( 'NONE',  ( -1.000000000000000000, 0.0000000000000000000, -0.0000000000000000000 ) ) ;
#4537 = EDGE_LOOP ( 'NONE', ( #7526, #7555, #3682, #7734 ) ) ;
#4538 = PRESENTATION_LAYER_ASSIGNMENT (  '', '', ( #3249 ) ) ;
#4539 = VECTOR ( 'NONE', #3981, 1000.000000000000000 ) ;
#4540 = ORIENTED_EDGE ( 'NONE', *, *, #7464, .F. ) ;
#4541 = ORIENTED_EDGE ( 'NONE', *, *, #892, .F. ) ;
#4542 = DIRECTION ( 'NONE',  ( -1.000000000000000000, 0.0000000000000000000, 0.0000000000000000000 ) ) ;
#4543 = MECHANICAL_DESIGN_GEOMETRIC_PRESENTATION_REPRESENTATION (  '', ( #4266 ), #4703 ) ;
#4544 = STYLED_ITEM ( 'NONE', ( #8236 ), #253 ) ;
#4545 = FILL_AREA_STYLE_COLOUR ( '', #465 ) ;
#4546 = FACE_OUTER_BOUND ( 'NONE', #182, .T. ) ;
#4547 = ORIENTED_EDGE ( 'NONE', *, *, #5795, .T. ) ;
#4548 = LINE ( 'NONE', #226, #5624 ) ;
#4549 = EDGE_CURVE ( 'NONE', #4550, #4888, #1394, .T. ) ;
#4550 = VERTEX_POINT ( 'NONE', #5558 ) ;
#4551 = LINE ( 'NONE', #3069, #1812 ) ;
#4552 = DIRECTION ( 'NONE',  ( -0.9975640502598243087, 0.0000000000000000000, -0.06975647374412557999 ) ) ;
#4553 =( BOUNDED_CURVE ( )  B_SPLINE_CURVE ( 3, ( #4103, #4185, #1010, #6101 ),
 .UNSPECIFIED., .F., .F. ) 
 B_SPLINE_CURVE_WITH_KNOTS ( ( 4, 4 ),
 ( 5.500220136198054277, 7.066150478161116411 ),
 .UNSPECIFIED. ) 
 CURVE ( )  GEOMETRIC_REPRESENTATION_ITEM ( )  RATIONAL_B_SPLINE_CURVE ( ( 1.000000000000000000, 0.8058833813892013476, 0.8058833813892013476, 1.000000000000000000 ) ) 
 REPRESENTATION_ITEM ( '' )  );
#4554 = CARTESIAN_POINT ( 'NONE',  ( -0.08482160898961210727, -0.04747953715050572815, -0.4989999999999999991 ) ) ;
#4555 = CARTESIAN_POINT ( 'NONE',  ( -0.1361199031405308513, -0.01233591788120192920, -0.5000000000000000000 ) ) ;
#4556 = FACE_OUTER_BOUND ( 'NONE', #2078, .T. ) ;
#4557 = CARTESIAN_POINT ( 'NONE',  ( 0.5400000000000000355, -0.6700000000000012612, -0.04000000000000020900 ) ) ;
#4558 = FACE_OUTER_BOUND ( 'NONE', #6511, .T. ) ;
#4559 =( NAMED_UNIT ( * ) PLANE_ANGLE_UNIT ( ) SI_UNIT ( $, .RADIAN. ) );
#4560 = FILL_AREA_STYLE ('',( #6966 ) ) ;
#4561 = CARTESIAN_POINT ( 'NONE',  ( 0.06256787271770497538, -0.04869904934562768045, -0.5000000000000000000 ) ) ;
#4562 = CARTESIAN_POINT ( 'NONE',  ( 0.9504035209157122299, 0.5504035209157126518, 0.3499999999999999778 ) ) ;
#4563 = ORIENTED_EDGE ( 'NONE', *, *, #8081, .T. ) ;
#4564 = CARTESIAN_POINT ( 'NONE',  ( 0.05982601012366819959, 0.04273523167992090976, -0.4990000000000001101 ) ) ;
#4565 = CARTESIAN_POINT ( 'NONE',  ( -0.1082258728536076020, 0.03623168044379151964, -0.4989999999999999991 ) ) ;
#4566 =( NAMED_UNIT ( * ) SI_UNIT ( $, .STERADIAN. ) SOLID_ANGLE_UNIT ( ) );
#4567 = CARTESIAN_POINT ( 'NONE',  ( 0.03505262881526593349, 0.04977656041046989166, -0.5000000000000000000 ) ) ;
#4568 = ADVANCED_FACE ( 'NONE', ( #4546 ), #8158, .T. ) ;
#4569 = CARTESIAN_POINT ( 'NONE',  ( -0.1194104372195649438, -0.03679878625378924656, -0.4990000000000003322 ) ) ;
#4570 =( GEOMETRIC_REPRESENTATION_CONTEXT ( 3 ) GLOBAL_UNCERTAINTY_ASSIGNED_CONTEXT ( ( #417 ) ) GLOBAL_UNIT_ASSIGNED_CONTEXT ( ( #4529, #1339, #3926 ) ) REPRESENTATION_CONTEXT ( 'NONE', 'WORKASPACE' ) );
#4571 = CARTESIAN_POINT ( 'NONE',  ( 0.06820841523893550473, -0.03712057429452102902, -0.5000000000000002220 ) ) ;
#4572 = DIRECTION ( 'NONE',  ( -1.000000000000000000, -0.0000000000000000000, -0.0000000000000000000 ) ) ;
#4573 = PLANE ( 'NONE',  #7324 ) ;
#4574 =( NAMED_UNIT ( * ) PLANE_ANGLE_UNIT ( ) SI_UNIT ( $, .RADIAN. ) );
#4575 = PRESENTATION_LAYER_ASSIGNMENT (  '', '', ( #4872 ) ) ;
#4576 = ORIENTED_EDGE ( 'NONE', *, *, #4382, .F. ) ;
#4577 = SURFACE_STYLE_USAGE ( .BOTH. , #6169 ) ;
#4578 = CARTESIAN_POINT ( 'NONE',  ( -0.2109267919164413974, -0.01943075666270084600, -0.5000000000000000000 ) ) ;
#4579 = STYLED_ITEM ( 'NONE', ( #7658 ), #4224 ) ;
#4580 = STYLED_ITEM ( 'NONE', ( #6907 ), #3302 ) ;
#4581 = CARTESIAN_POINT ( 'NONE',  ( 0.06636548196983643733, 0.04211711137878980382, -0.4989999999999999991 ) ) ;
#4582 = EDGE_CURVE ( 'NONE', #6165, #4205, #4957, .T. ) ;
#4583 = CARTESIAN_POINT ( 'NONE',  ( -0.1112255722988035878, 0.03427350342864646238, -0.4989999999999998881 ) ) ;
#4584 = ORIENTED_EDGE ( 'NONE', *, *, #5956, .T. ) ;
#4585 = PRESENTATION_STYLE_ASSIGNMENT (( #5660 ) ) ;
#4586 = ORIENTED_EDGE ( 'NONE', *, *, #5855, .T. ) ;
#4587 = FILL_AREA_STYLE ('',( #231 ) ) ;
#4588 = CARTESIAN_POINT ( 'NONE',  ( 0.09594619902502823927, -0.002864217870188354598, -0.4990000000000001101 ) ) ;
#4589 = UNCERTAINTY_MEASURE_WITH_UNIT (LENGTH_MEASURE( 1.000000000000000082E-05 ), #2453, 'distance_accuracy_value', 'NONE');
#4590 = CARTESIAN_POINT ( 'NONE',  ( -0.09048709203513938260, -0.04737703382007478481, -0.4999999999999995559 ) ) ;
#4591 = FACE_OUTER_BOUND ( 'NONE', #6653, .T. ) ;
#4592 = VERTEX_POINT ( 'NONE', #4304 ) ;
#4593 = AXIS2_PLACEMENT_3D ( 'NONE', #1808, #6864, #8208 ) ;
#4594 = CARTESIAN_POINT ( 'NONE',  ( -0.1052949984481046652, -0.03245336578534707694, -0.4989999999999998881 ) ) ;
#4595 = LINE ( 'NONE', #1208, #471 ) ;
#4596 = FILL_AREA_STYLE_COLOUR ( '', #575 ) ;
#4597 = FILL_AREA_STYLE ('',( #7879 ) ) ;
#4598 = EDGE_CURVE ( 'NONE', #2188, #139, #5713, .T. ) ;
#4599 = CARTESIAN_POINT ( 'NONE',  ( 0.9654364023659575134, -0.6153146048789492895, 0.1385076031905337901 ) ) ;
#4600 = SURFACE_STYLE_USAGE ( .BOTH. , #8216 ) ;
#4601 = FACE_OUTER_BOUND ( 'NONE', #1705, .T. ) ;
#4602 = EDGE_LOOP ( 'NONE', ( #6533, #7084, #8156, #3794 ) ) ;
#4603 = EDGE_CURVE ( 'NONE', #1033, #6626, #3227, .T. ) ;
#4604 = ADVANCED_FACE ( 'NONE', ( #5918 ), #6188, .T. ) ;
#4605 = CIRCLE ( 'NONE', #3279, 0.05000000000000001665 ) ;
#4606 = CARTESIAN_POINT ( 'NONE',  ( 0.07878733743898076736, 0.05018960563106498324, -0.4989999999999999991 ) ) ;
#4607 = PRESENTATION_STYLE_ASSIGNMENT (( #3572 ) ) ;
#4608 = DIRECTION ( 'NONE',  ( 0.0000000000000000000, 6.023345402697246965E-16, -1.000000000000000000 ) ) ;
#4609 = DIRECTION ( 'NONE',  ( 0.0000000000000000000, 1.000000000000000000, 0.0000000000000000000 ) ) ;
#4610 = DIRECTION ( 'NONE',  ( -2.173699367380197583E-15, -1.000000000000000000, 0.0000000000000000000 ) ) ;
#4611 = CARTESIAN_POINT ( 'NONE',  ( -0.1246689571436699895, 0.001954007479582790807, -0.4989999999999998881 ) ) ;
#4612 = SURFACE_SIDE_STYLE ('',( #7885 ) ) ;
#4613 = PRESENTATION_STYLE_ASSIGNMENT (( #2340 ) ) ;
#4614 =( GEOMETRIC_REPRESENTATION_CONTEXT ( 3 ) GLOBAL_UNCERTAINTY_ASSIGNED_CONTEXT ( ( #3163 ) ) GLOBAL_UNIT_ASSIGNED_CONTEXT ( ( #5152, #1938, #7670 ) ) REPRESENTATION_CONTEXT ( 'NONE', 'WORKASPACE' ) );
#4615 = PRESENTATION_STYLE_ASSIGNMENT (( #5274 ) ) ;
#4616 = DIRECTION ( 'NONE',  ( -0.0000000000000000000, 1.000000000000000000, 3.497426362856475968E-15 ) ) ;
#4617 = CARTESIAN_POINT ( 'NONE',  ( -0.07104493216034385439, -0.03650392739440816436, -0.4989999999999999991 ) ) ;
#4618 =( NAMED_UNIT ( * ) SI_UNIT ( $, .STERADIAN. ) SOLID_ANGLE_UNIT ( ) );
#4619 = COLOUR_RGB ( '',0.2509803921568627416, 0.2509803921568627416, 0.2509803921568627416 ) ;
#4620 = CARTESIAN_POINT ( 'NONE',  ( 0.09602823857136350005, 0.001453389678762573084, -0.4989999999999999991 ) ) ;
#4621 = VERTEX_POINT ( 'NONE', #6294 ) ;
#4622 = SURFACE_STYLE_FILL_AREA ( #5590 ) ;
#4623 = ORIENTED_EDGE ( 'NONE', *, *, #1658, .F. ) ;
#4624 = VERTEX_POINT ( 'NONE', #7727 ) ;
#4625 = LINE ( 'NONE', #2005, #2544 ) ;
#4626 =( GEOMETRIC_REPRESENTATION_CONTEXT ( 3 ) GLOBAL_UNCERTAINTY_ASSIGNED_CONTEXT ( ( #3762 ) ) GLOBAL_UNIT_ASSIGNED_CONTEXT ( ( #4655, #1453, #4566 ) ) REPRESENTATION_CONTEXT ( 'NONE', 'WORKASPACE' ) );
#4627 = CARTESIAN_POINT ( 'NONE',  ( -1.025000000000000355, 0.6249999999999998890, 0.0000000000000000000 ) ) ;
#4628 = ORIENTED_EDGE ( 'NONE', *, *, #2002, .F. ) ;
#4629 = CARTESIAN_POINT ( 'NONE',  ( -0.1729885297213194506, -0.008455146906603282220, -0.5000000000000000000 ) ) ;
#4630 = PRESENTATION_STYLE_ASSIGNMENT (( #2918 ) ) ;
#4631 = CARTESIAN_POINT ( 'NONE',  ( -0.1100000000000000006, -1.050000000000000044, -0.5500000000000000444 ) ) ;
#4632 = LINE ( 'NONE', #371, #5896 ) ;
#4633 = ORIENTED_EDGE ( 'NONE', *, *, #5582, .F. ) ;
#4634 = CARTESIAN_POINT ( 'NONE',  ( -1.025000000000000355, -0.6043691396444113018, -9.380889890841376255E-16 ) ) ;
#4635 =( NAMED_UNIT ( * ) PLANE_ANGLE_UNIT ( ) SI_UNIT ( $, .RADIAN. ) );
#4636 = AXIS2_PLACEMENT_3D ( 'NONE', #1976, #1374, #6418 ) ;
#4637 = ORIENTED_EDGE ( 'NONE', *, *, #5929, .T. ) ;
#4638 = PRESENTATION_STYLE_ASSIGNMENT (( #38 ) ) ;
#4639 = MECHANICAL_DESIGN_GEOMETRIC_PRESENTATION_REPRESENTATION (  '', ( #4802 ), #7088 ) ;
#4640 = LINE ( 'NONE', #6325, #500 ) ;
#4641 = CARTESIAN_POINT ( 'NONE',  ( 0.06393467211497082248, 0.05361551490543413345, -0.5000000000000001110 ) ) ;
#4642 = ORIENTED_EDGE ( 'NONE', *, *, #3246, .T. ) ;
#4643 = DIRECTION ( 'NONE',  ( 0.3635424856527063042, 0.9315776194850602376, 0.0000000000000000000 ) ) ;
#4644 = SURFACE_SIDE_STYLE ('',( #6213 ) ) ;
#4645 = ORIENTED_EDGE ( 'NONE', *, *, #2997, .F. ) ;
#4646 = DIRECTION ( 'NONE',  ( -0.0000000000000000000, -0.0000000000000000000, -1.000000000000000000 ) ) ;
#4647 = UNCERTAINTY_MEASURE_WITH_UNIT (LENGTH_MEASURE( 1.000000000000000082E-05 ), #7563, 'distance_accuracy_value', 'NONE');
#4648 = CARTESIAN_POINT ( 'NONE',  ( 0.05858540320550985336, 0.05373997504461623664, -0.4989999999999999991 ) ) ;
#4649 = FACE_OUTER_BOUND ( 'NONE', #2851, .T. ) ;
#4650 = DIRECTION ( 'NONE',  ( 0.0000000000000000000, 1.000000000000000000, 0.0000000000000000000 ) ) ;
#4651 = AXIS2_PLACEMENT_3D ( 'NONE', #2278, #6701, #6747 ) ;
#4652 = SURFACE_STYLE_FILL_AREA ( #8134 ) ;
#4653 =( LENGTH_UNIT ( ) NAMED_UNIT ( * ) SI_UNIT ( .MILLI., .METRE. ) );
#4654 = EDGE_LOOP ( 'NONE', ( #5424, #1472, #4239, #7934, #1979, #4092, #8057, #4735, #3357, #1378, #8138 ) ) ;
#4655 =( LENGTH_UNIT ( ) NAMED_UNIT ( * ) SI_UNIT ( .MILLI., .METRE. ) );
#4656 = PRESENTATION_LAYER_ASSIGNMENT (  '', '', ( #6560 ) ) ;
#4657 = AXIS2_PLACEMENT_3D ( 'NONE', #1236, #5646, #8243 ) ;
#4658 = CARTESIAN_POINT ( 'NONE',  ( 0.03505262881526593349, -0.03132100056513987402, -0.4989999999999999991 ) ) ;
#4659 = SURFACE_SIDE_STYLE ('',( #6268 ) ) ;
#4660 = ADVANCED_FACE ( 'NONE', ( #2550 ), #7940, .F. ) ;
#4661 = CARTESIAN_POINT ( 'NONE',  ( -0.1361199031405308513, -0.01233591788120192920, -0.4999999999999996669 ) ) ;
#4662 = DIRECTION ( 'NONE',  ( 0.0000000000000000000, 8.131516293641305343E-15, -1.000000000000000000 ) ) ;
#4663 = UNCERTAINTY_MEASURE_WITH_UNIT (LENGTH_MEASURE( 1.000000000000000082E-05 ), #8174, 'distance_accuracy_value', 'NONE');
#4664 = EDGE_LOOP ( 'NONE', ( #1788, #3680, #4628, #7332 ) ) ;
#4665 = CARTESIAN_POINT ( 'NONE',  ( -0.1206956644095727588, -0.01689826098845342156, -0.4989999999999999991 ) ) ;
#4666 = CARTESIAN_POINT ( 'NONE',  ( 0.7599999999999998979, -0.8700000000000001066, -0.5499999999999999334 ) ) ;
#4667 = SURFACE_STYLE_USAGE ( .BOTH. , #7855 ) ;
#4668 = CARTESIAN_POINT ( 'NONE',  ( -0.1361207575879066212, 0.01919076078681835815, -0.4999999999999997780 ) ) ;
#4669 = VECTOR ( 'NONE', #3870, 1000.000000000000000 ) ;
#4670 = DIRECTION ( 'NONE',  ( -1.000000000000000000, 0.0000000000000000000, 0.0000000000000000000 ) ) ;
#4671 = FILL_AREA_STYLE_COLOUR ( '', #3260 ) ;
#4672 = ORIENTED_EDGE ( 'NONE', *, *, #4777, .T. ) ;
#4673 = CARTESIAN_POINT ( 'NONE',  ( 0.05222788043071768804, 0.04239275552461747171, -0.4989999999999998881 ) ) ;
#4674 =( NAMED_UNIT ( * ) PLANE_ANGLE_UNIT ( ) SI_UNIT ( $, .RADIAN. ) );
#4675 = CARTESIAN_POINT ( 'NONE',  ( 0.002125799546973263822, -0.002357585930993527645, -0.5000000000000000000 ) ) ;
#4676 =( NAMED_UNIT ( * ) SI_UNIT ( $, .STERADIAN. ) SOLID_ANGLE_UNIT ( ) );
#4677 = AXIS2_PLACEMENT_3D ( 'NONE', #2836, #3486, #6571 ) ;
#4678 = CARTESIAN_POINT ( 'NONE',  ( 0.7599999999999998979, 1.050000000000000044, -0.5500000000000000444 ) ) ;
#4679 = CARTESIAN_POINT ( 'NONE',  ( 0.06256787271770497538, -0.04869904934562768045, -0.4989999999999999991 ) ) ;
#4680 = EDGE_CURVE ( 'NONE', #5810, #5052, #3435, .T. ) ;
#4681 = CARTESIAN_POINT ( 'NONE',  ( 0.04378040409557689555, -0.03527243429208112152, -0.5000000000000001110 ) ) ;
#4682 =( NAMED_UNIT ( * ) PLANE_ANGLE_UNIT ( ) SI_UNIT ( $, .RADIAN. ) );
#4683 = CARTESIAN_POINT ( 'NONE',  ( -0.1600693224042462892, -0.04747953715050572815, -0.4989999999999999991 ) ) ;
#4684 = ORIENTED_EDGE ( 'NONE', *, *, #3432, .T. ) ;
#4685 = AXIS2_PLACEMENT_3D ( 'NONE', #344, #7918, #4789 ) ;
#4686 = MECHANICAL_DESIGN_GEOMETRIC_PRESENTATION_REPRESENTATION (  '', ( #3500 ), #2990 ) ;
#4687 =( GEOMETRIC_REPRESENTATION_CONTEXT ( 3 ) GLOBAL_UNCERTAINTY_ASSIGNED_CONTEXT ( ( #2978 ) ) GLOBAL_UNIT_ASSIGNED_CONTEXT ( ( #4459, #2577, #631 ) ) REPRESENTATION_CONTEXT ( 'NONE', 'WORKASPACE' ) );
#4688 = DIRECTION ( 'NONE',  ( -1.000000000000000000, -0.0000000000000000000, -0.0000000000000000000 ) ) ;
#4689 = DIRECTION ( 'NONE',  ( -0.3222024856061125875, 0.9466707760722535836, 0.0000000000000000000 ) ) ;
#4690 = LINE ( 'NONE', #5683, #4484 ) ;
#4691 =( NAMED_UNIT ( * ) SI_UNIT ( $, .STERADIAN. ) SOLID_ANGLE_UNIT ( ) );
#4692 = ORIENTED_EDGE ( 'NONE', *, *, #1868, .F. ) ;
#4693 =( NAMED_UNIT ( * ) PLANE_ANGLE_UNIT ( ) SI_UNIT ( $, .RADIAN. ) );
#4694 = CARTESIAN_POINT ( 'NONE',  ( 0.9504035209157124520, -0.5504035209157129849, 0.3499999999999999778 ) ) ;
#4695 = EDGE_CURVE ( 'NONE', #4384, #7535, #4640, .T. ) ;
#4696 = ADVANCED_FACE ( 'NONE', ( #7028 ), #4498, .T. ) ;
#4697 = CARTESIAN_POINT ( 'NONE',  ( 0.9434108397213609720, 0.5932890422343527481, -0.4534878236872062485 ) ) ;
#4698 =( GEOMETRIC_REPRESENTATION_CONTEXT ( 3 ) GLOBAL_UNCERTAINTY_ASSIGNED_CONTEXT ( ( #3709 ) ) GLOBAL_UNIT_ASSIGNED_CONTEXT ( ( #7774, #3918, #153 ) ) REPRESENTATION_CONTEXT ( 'NONE', 'WORKASPACE' ) );
#4699 = ORIENTED_EDGE ( 'NONE', *, *, #3139, .T. ) ;
#4700 = FILL_AREA_STYLE ('',( #2787 ) ) ;
#4701 = CARTESIAN_POINT ( 'NONE',  ( -0.1267504181890829473, 0.03591335864084310714, -0.5000000000000000000 ) ) ;
#4702 = CARTESIAN_POINT ( 'NONE',  ( -0.5400000000000000355, 0.6700000000000012612, -0.04000000000000020900 ) ) ;
#4703 =( GEOMETRIC_REPRESENTATION_CONTEXT ( 3 ) GLOBAL_UNCERTAINTY_ASSIGNED_CONTEXT ( ( #6854 ) ) GLOBAL_UNIT_ASSIGNED_CONTEXT ( ( #7845, #6553, #5392 ) ) REPRESENTATION_CONTEXT ( 'NONE', 'WORKASPACE' ) );
#4704 =( GEOMETRIC_REPRESENTATION_CONTEXT ( 3 ) GLOBAL_UNCERTAINTY_ASSIGNED_CONTEXT ( ( #3667 ) ) GLOBAL_UNIT_ASSIGNED_CONTEXT ( ( #6042, #2199, #2808 ) ) REPRESENTATION_CONTEXT ( 'NONE', 'WORKASPACE' ) );
#4705 = FILL_AREA_STYLE ('',( #5780 ) ) ;
#4706 = CARTESIAN_POINT ( 'NONE',  ( 0.07265778452590448966, -0.04794776549468757892, -0.5000000000000001110 ) ) ;
#4707 = UNCERTAINTY_MEASURE_WITH_UNIT (LENGTH_MEASURE( 1.000000000000000082E-05 ), #4262, 'distance_accuracy_value', 'NONE');
#4708 = LINE ( 'NONE', #2598, #5389 ) ;
#4709 = PRESENTATION_STYLE_ASSIGNMENT (( #4046 ) ) ;
#4710 = EDGE_CURVE ( 'NONE', #1719, #4512, #6509, .T. ) ;
#4711 = CARTESIAN_POINT ( 'NONE',  ( 0.03597186182814957750, -0.03183875598294361869, -0.4989999999999999991 ) ) ;
#4712 = DIRECTION ( 'NONE',  ( -0.0000000000000000000, -0.0000000000000000000, -1.000000000000000000 ) ) ;
#4713 = CARTESIAN_POINT ( 'NONE',  ( 0.06452617463037439716, -0.03762533122529765350, -0.4989999999999998881 ) ) ;
#4714 = FILL_AREA_STYLE ('',( #2796 ) ) ;
#4715 = CIRCLE ( 'NONE', #3860, 0.03999999999999988981 ) ;
#4716 = FILL_AREA_STYLE ('',( #7987 ) ) ;
#4717 = PRESENTATION_LAYER_ASSIGNMENT (  '', '', ( #2053 ) ) ;
#4718 = COLOUR_RGB ( '',1.000000000000000000, 1.000000000000000000, 1.000000000000000000 ) ;
#4719 = ORIENTED_EDGE ( 'NONE', *, *, #6754, .F. ) ;
#4720 = CARTESIAN_POINT ( 'NONE',  ( -0.1108524358655544051, -0.04209490004599449053, -0.4990000000000001101 ) ) ;
#4721 = DIRECTION ( 'NONE',  ( 0.0000000000000000000, 1.000000000000000000, 0.0000000000000000000 ) ) ;
#4722 = CARTESIAN_POINT ( 'NONE',  ( -0.09597289808867809358, -0.04667919195923683762, -0.5000000000000001110 ) ) ;
#4723 = SURFACE_STYLE_USAGE ( .BOTH. , #269 ) ;
#4724 = FILL_AREA_STYLE ('',( #1507 ) ) ;
#4725 = SURFACE_STYLE_USAGE ( .BOTH. , #2715 ) ;
#4726 = EDGE_CURVE ( 'NONE', #2047, #1486, #8242, .T. ) ;
#4727 = ORIENTED_EDGE ( 'NONE', *, *, #1435, .F. ) ;
#4728 = VECTOR ( 'NONE', #5141, 1000.000000000000000 ) ;
#4729 = CARTESIAN_POINT ( 'NONE',  ( 0.01554043369331471747, -0.04747953715050572815, -0.4989999999999999991 ) ) ;
#4730 = SURFACE_SIDE_STYLE ('',( #5615 ) ) ;
#4731 = LINE ( 'NONE', #332, #4934 ) ;
#4732 = CARTESIAN_POINT ( 'NONE',  ( 0.1557843361323391351, 0.05252046284949429128, -0.4989999999999999991 ) ) ;
#4733 = CARTESIAN_POINT ( 'NONE',  ( -0.1189075133937146783, -0.02022019053756687890, -0.4990000000000002212 ) ) ;
#4734 = CARTESIAN_POINT ( 'NONE',  ( 0.08594039495352898128, -0.04350289880386526420, -0.4989999999999999991 ) ) ;
#4735 = ORIENTED_EDGE ( 'NONE', *, *, #2784, .F. ) ;
#4736 = MECHANICAL_DESIGN_GEOMETRIC_PRESENTATION_REPRESENTATION (  '', ( #1351 ), #6578 ) ;
#4737 = EDGE_LOOP ( 'NONE', ( #5154, #373, #7516, #7162, #7422, #853, #2467, #6847, #95, #2662, #8251 ) ) ;
#4738 =( NAMED_UNIT ( * ) PLANE_ANGLE_UNIT ( ) SI_UNIT ( $, .RADIAN. ) );
#4739 = VERTEX_POINT ( 'NONE', #1281 ) ;
#4740 = COLOUR_RGB ( '',1.000000000000000000, 1.000000000000000000, 1.000000000000000000 ) ;
#4741 = FILL_AREA_STYLE ('',( #872 ) ) ;
#4742 =( NAMED_UNIT ( * ) PLANE_ANGLE_UNIT ( ) SI_UNIT ( $, .RADIAN. ) );
#4743 = FACE_OUTER_BOUND ( 'NONE', #2866, .T. ) ;
#4744 = ADVANCED_FACE ( 'NONE', ( #1283 ), #5811, .T. ) ;
#4745 = FILL_AREA_STYLE ('',( #988 ) ) ;
#4746 = SURFACE_SIDE_STYLE ('',( #4243 ) ) ;
#4747 = STYLED_ITEM ( 'NONE', ( #958 ), #2196 ) ;
#4748 = SURFACE_STYLE_FILL_AREA ( #28 ) ;
#4749 = ORIENTED_EDGE ( 'NONE', *, *, #5188, .T. ) ;
#4750 = VECTOR ( 'NONE', #5337, 1000.000000000000000 ) ;
#4751 = CARTESIAN_POINT ( 'NONE',  ( 0.1094428727177049754, 0.0006340299226650141992, -0.4989999999999999991 ) ) ;
#4752 = LINE ( 'NONE', #1479, #1588 ) ;
#4753 = ORIENTED_EDGE ( 'NONE', *, *, #4582, .F. ) ;
#4754 = EDGE_LOOP ( 'NONE', ( #6412, #3244, #2803, #2339 ) ) ;
#4755 = COLOUR_RGB ( '',0.0000000000000000000, 0.0000000000000000000, 0.0000000000000000000 ) ;
#4756 =( GEOMETRIC_REPRESENTATION_CONTEXT ( 3 ) GLOBAL_UNCERTAINTY_ASSIGNED_CONTEXT ( ( #3022 ) ) GLOBAL_UNIT_ASSIGNED_CONTEXT ( ( #7175, #3970, #7788 ) ) REPRESENTATION_CONTEXT ( 'NONE', 'WORKASPACE' ) );
#4757 = CARTESIAN_POINT ( 'NONE',  ( -0.1194104372195649438, -0.03679878625378924656, -0.4990000000000003322 ) ) ;
#4758 = CARTESIAN_POINT ( 'NONE',  ( 0.06256787271770497538, -0.04869904934562768045, -0.4989999999999999991 ) ) ;
#4759 = SURFACE_STYLE_USAGE ( .BOTH. , #5357 ) ;
#4760 = VERTEX_POINT ( 'NONE', #644 ) ;
#4761 = MECHANICAL_DESIGN_GEOMETRIC_PRESENTATION_REPRESENTATION (  '', ( #666 ), #5173 ) ;
#4762 = ORIENTED_EDGE ( 'NONE', *, *, #1660, .T. ) ;
#4763 = AXIS2_PLACEMENT_3D ( 'NONE', #2927, #3564, #3203 ) ;
#4764 = UNCERTAINTY_MEASURE_WITH_UNIT (LENGTH_MEASURE( 1.000000000000000082E-05 ), #7041, 'distance_accuracy_value', 'NONE');
#4765 = EDGE_CURVE ( 'NONE', #8013, #3512, #2468, .T. ) ;
#4766 = CARTESIAN_POINT ( 'NONE',  ( 0.1557843361323391351, 0.05252046284949429128, -0.5000000000000000000 ) ) ;
#4767 = CARTESIAN_POINT ( 'NONE',  ( -0.1064225767956497454, 0.04928711140494596021, -0.5000000000000000000 ) ) ;
#4768 = SURFACE_STYLE_USAGE ( .BOTH. , #8002 ) ;
#4769 = CARTESIAN_POINT ( 'NONE',  ( 0.1023504676637920358, -0.02788962293523656114, -0.4989999999999999991 ) ) ;
#4770 = COLOUR_RGB ( '',0.2509803921568627416, 0.2509803921568627416, 0.2509803921568627416 ) ;
#4771 = DIRECTION ( 'NONE',  ( -0.0000000000000000000, -0.0000000000000000000, -1.000000000000000000 ) ) ;
#4772 = STYLED_ITEM ( 'NONE', ( #1678 ), #382 ) ;
#4773 = DIRECTION ( 'NONE',  ( -1.000000000000000000, 0.0000000000000000000, -0.0000000000000000000 ) ) ;
#4774 = ORIENTED_EDGE ( 'NONE', *, *, #5548, .T. ) ;
#4775 = CARTESIAN_POINT ( 'NONE',  ( -0.1880596416264953552, 0.03376893357699976145, -0.4989999999999999991 ) ) ;
#4776 = DIRECTION ( 'NONE',  ( -1.000000000000000000, -0.0000000000000000000, -0.0000000000000000000 ) ) ;
#4777 = EDGE_CURVE ( 'NONE', #2452, #3299, #1398, .T. ) ;
#4778 = COLOUR_RGB ( '',0.0000000000000000000, 0.0000000000000000000, 0.0000000000000000000 ) ;
#4779 = CARTESIAN_POINT ( 'NONE',  ( -0.1380777161717866852, 0.001889326350078834177, -0.4989999999999999991 ) ) ;
#4780 = CARTESIAN_POINT ( 'NONE',  ( 0.06769853833935704501, -0.04858462072058178371, -0.4989999999999998881 ) ) ;
#4781 = DIRECTION ( 'NONE',  ( 0.0000000000000000000, -1.000000000000000000, -6.023345402697246965E-16 ) ) ;
#4782 = CARTESIAN_POINT ( 'NONE',  ( 0.5400000000000000355, -0.8700000000000001066, -0.5499999999999999334 ) ) ;
#4783 = CARTESIAN_POINT ( 'NONE',  ( 0.1179794580835586415, -0.04747953715050572815, -0.4989999999999999991 ) ) ;
#4784 = ADVANCED_FACE ( 'NONE', ( #7553 ), #5096, .T. ) ;
#4785 = CARTESIAN_POINT ( 'NONE',  ( -0.5400000000000000355, 0.6700000000000012612, -0.04000000000000020900 ) ) ;
#4786 = CARTESIAN_POINT ( 'NONE',  ( -0.1110097902005171139, 0.04744260895042992643, -0.5000000000000000000 ) ) ;
#4787 = STYLED_ITEM ( 'NONE', ( #2251 ), #1393 ) ;
#4788 = CARTESIAN_POINT ( 'NONE',  ( 0.04864819864865738142, 0.05322295879619223097, -0.4989999999999999991 ) ) ;
#4789 = DIRECTION ( 'NONE',  ( 0.0000000000000000000, 0.0000000000000000000, -1.000000000000000000 ) ) ;
#4790 = CYLINDRICAL_SURFACE ( 'NONE', #3199, 0.1999999999999999278 ) ;
#4791 = VERTEX_POINT ( 'NONE', #160 ) ;
#4792 = DIRECTION ( 'NONE',  ( 1.000000000000000000, 0.0000000000000000000, -0.0000000000000000000 ) ) ;
#4793 = FILL_AREA_STYLE ('',( #3497 ) ) ;
#4794 = COLOUR_RGB ( '',1.000000000000000000, 1.000000000000000000, 1.000000000000000000 ) ;
#4795 = CARTESIAN_POINT ( 'NONE',  ( -0.1879084992335145754, 0.03331314577632354251, -0.4989999999999999991 ) ) ;
#4796 = CARTESIAN_POINT ( 'NONE',  ( 0.1039079492774848401, 0.02691091480005550554, -0.4989999999999999991 ) ) ;
#4797 = AXIS2_PLACEMENT_3D ( 'NONE', #499, #3754, #8184 ) ;
#4798 = ORIENTED_EDGE ( 'NONE', *, *, #4582, .T. ) ;
#4799 = VERTEX_POINT ( 'NONE', #1311 ) ;
#4800 = CARTESIAN_POINT ( 'NONE',  ( -0.05763029801400236518, 0.05252046284949429128, -0.4989999999999999991 ) ) ;
#4801 = MECHANICAL_DESIGN_GEOMETRIC_PRESENTATION_REPRESENTATION (  '', ( #5217 ), #5884 ) ;
#4802 = STYLED_ITEM ( 'NONE', ( #3679 ), #2234 ) ;
#4803 = CARTESIAN_POINT ( 'NONE',  ( 1.000281723428703584, -0.5504035209157129849, 0.3534878236872062707 ) ) ;
#4804 = DIRECTION ( 'NONE',  ( 0.0000000000000000000, 1.000000000000000000, -6.023345402697245979E-16 ) ) ;
#4805 = DIRECTION ( 'NONE',  ( -0.0000000000000000000, -0.0000000000000000000, -1.000000000000000000 ) ) ;
#4806 = VECTOR ( 'NONE', #4023, 1000.000000000000000 ) ;
#4807 = ORIENTED_EDGE ( 'NONE', *, *, #5137, .F. ) ;
#4808 = FACE_OUTER_BOUND ( 'NONE', #7996, .T. ) ;
#4809 = SURFACE_SIDE_STYLE ('',( #5608 ) ) ;
#4810 = UNCERTAINTY_MEASURE_WITH_UNIT (LENGTH_MEASURE( 1.000000000000000082E-05 ), #3448, 'distance_accuracy_value', 'NONE');
#4811 = SURFACE_STYLE_FILL_AREA ( #543 ) ;
#4812 = MECHANICAL_DESIGN_GEOMETRIC_PRESENTATION_REPRESENTATION (  '', ( #4579 ), #1950 ) ;
#4813 = FILL_AREA_STYLE_COLOUR ( '', #185 ) ;
#4814 = CARTESIAN_POINT ( 'NONE',  ( 0.7599999999999998979, -1.050000000000000044, -0.5500000000000000444 ) ) ;
#4815 = FACE_OUTER_BOUND ( 'NONE', #2934, .T. ) ;
#4816 = ORIENTED_EDGE ( 'NONE', *, *, #2401, .T. ) ;
#4817 = CARTESIAN_POINT ( 'NONE',  ( 0.05515285085832809936, 0.05371536959458734356, -0.4990000000000001101 ) ) ;
#4818 = PRESENTATION_LAYER_ASSIGNMENT (  '', '', ( #1112 ) ) ;
#4819 = AXIS2_PLACEMENT_3D ( 'NONE', #1410, #2580, #3837 ) ;
#4820 = DIRECTION ( 'NONE',  ( 1.000000000000000000, 0.0000000000000000000, 0.0000000000000000000 ) ) ;
#4821 = CIRCLE ( 'NONE', #279, 0.03999999999999988981 ) ;
#4822 = EDGE_CURVE ( 'NONE', #5618, #3000, #5536, .T. ) ;
#4823 = CARTESIAN_POINT ( 'NONE',  ( 0.1100000000000000006, -0.6200000000000012168, 0.1699999999999999845 ) ) ;
#4824 = CARTESIAN_POINT ( 'NONE',  ( -0.5400000000000000355, -0.6243137685856749997, 0.009813566431136535456 ) ) ;
#4825 = SURFACE_SIDE_STYLE ('',( #7398 ) ) ;
#4826 = COLOUR_RGB ( '',1.000000000000000000, 1.000000000000000000, 1.000000000000000000 ) ;
#4827 = ORIENTED_EDGE ( 'NONE', *, *, #1561, .T. ) ;
#4828 = ADVANCED_FACE ( 'NONE', ( #6024 ), #7778, .T. ) ;
#4829 = DIRECTION ( 'NONE',  ( -1.000000000000000000, 0.0000000000000000000, 0.0000000000000000000 ) ) ;
#4830 = CARTESIAN_POINT ( 'NONE',  ( 0.06912860192740723220, 0.05291072206630367813, -0.4989999999999998881 ) ) ;
#4831 = EDGE_CURVE ( 'NONE', #6635, #5776, #5724, .T. ) ;
#4832 = VECTOR ( 'NONE', #3005, 1000.000000000000000 ) ;
#4833 = CARTESIAN_POINT ( 'NONE',  ( -0.03324005411156334688, 0.008618023825104037874, -0.4989999999999999991 ) ) ;
#4834 = CIRCLE ( 'NONE', #2360, 0.2100000000000000477 ) ;
#4835 = VECTOR ( 'NONE', #7287, 1000.000000000000000 ) ;
#4836 = ORIENTED_EDGE ( 'NONE', *, *, #7821, .F. ) ;
#4837 = CARTESIAN_POINT ( 'NONE',  ( 0.1087165416958683906, -0.009897843501269673258, -0.4990000000000001101 ) ) ;
#4838 = ORIENTED_EDGE ( 'NONE', *, *, #7131, .F. ) ;
#4839 = CARTESIAN_POINT ( 'NONE',  ( -0.1381181028920511755, 0.003778084800713790541, -0.5000000000000000000 ) ) ;
#4840 = SURFACE_SIDE_STYLE ('',( #220 ) ) ;
#4841 = VECTOR ( 'NONE', #1387, 1000.000000000000000 ) ;
#4842 = LINE ( 'NONE', #7483, #1381 ) ;
#4843 = CARTESIAN_POINT ( 'NONE',  ( 1.019188527010379319, -0.5693103244973881649, -0.08310793568446196711 ) ) ;
#4844 = ORIENTED_EDGE ( 'NONE', *, *, #8162, .T. ) ;
#4845 = VERTEX_POINT ( 'NONE', #820 ) ;
#4846 = VECTOR ( 'NONE', #5518, 1000.000000000000000 ) ;
#4847 = ORIENTED_EDGE ( 'NONE', *, *, #4831, .F. ) ;
#4848 = DIRECTION ( 'NONE',  ( 0.0000000000000000000, 0.0000000000000000000, 1.000000000000000000 ) ) ;
#4849 = EDGE_CURVE ( 'NONE', #4904, #8218, #7356, .T. ) ;
#4850 = ORIENTED_EDGE ( 'NONE', *, *, #6131, .T. ) ;
#4851 = FACE_OUTER_BOUND ( 'NONE', #3125, .T. ) ;
#4852 = VECTOR ( 'NONE', #985, 1000.000000000000000 ) ;
#4853 = VECTOR ( 'NONE', #754, 1000.000000000000000 ) ;
#4854 = MECHANICAL_DESIGN_GEOMETRIC_PRESENTATION_REPRESENTATION (  '', ( #8003 ), #4250 ) ;
#4855 = ORIENTED_EDGE ( 'NONE', *, *, #1868, .T. ) ;
#4856 = COLOUR_RGB ( '',0.0000000000000000000, 0.0000000000000000000, 0.0000000000000000000 ) ;
#4857 = ORIENTED_EDGE ( 'NONE', *, *, #5286, .F. ) ;
#4858 = DIRECTION ( 'NONE',  ( 0.0000000000000000000, -0.0000000000000000000, -1.000000000000000000 ) ) ;
#4859 = ORIENTED_EDGE ( 'NONE', *, *, #2211, .F. ) ;
#4860 = PLANE ( 'NONE',  #5431 ) ;
#4861 = CARTESIAN_POINT ( 'NONE',  ( 0.002125799546973263822, -0.03650392739440816436, -0.5000000000000000000 ) ) ;
#4862 = AXIS2_PLACEMENT_3D ( 'NONE', #452, #4960, #1817 ) ;
#4863 =( NAMED_UNIT ( * ) SI_UNIT ( $, .STERADIAN. ) SOLID_ANGLE_UNIT ( ) );
#4864 = ORIENTED_EDGE ( 'NONE', *, *, #6100, .T. ) ;
#4865 = DIRECTION ( 'NONE',  ( 0.06975647374412545509, 0.0000000000000000000, -0.9975640502598241977 ) ) ;
#4866 = SURFACE_STYLE_FILL_AREA ( #7519 ) ;
#4867 = LINE ( 'NONE', #735, #5442 ) ;
#4868 = CARTESIAN_POINT ( 'NONE',  ( -0.03567907850180723761, 0.05252046284949429128, -0.4989999999999999991 ) ) ;
#4869 = COLOUR_RGB ( '',0.0000000000000000000, 0.0000000000000000000, 0.0000000000000000000 ) ;
#4870 = ORIENTED_EDGE ( 'NONE', *, *, #6385, .F. ) ;
#4871 = EDGE_CURVE ( 'NONE', #7936, #104, #4548, .T. ) ;
#4872 = STYLED_ITEM ( 'NONE', ( #6834 ), #6602 ) ;
#4873 = DIRECTION ( 'NONE',  ( -0.0000000000000000000, -0.0000000000000000000, -1.000000000000000000 ) ) ;
#4874 = UNCERTAINTY_MEASURE_WITH_UNIT (LENGTH_MEASURE( 1.000000000000000082E-05 ), #2475, 'distance_accuracy_value', 'NONE');
#4875 = DIRECTION ( 'NONE',  ( -0.0000000000000000000, 0.0000000000000000000, 1.000000000000000000 ) ) ;
#4876 = PLANE ( 'NONE',  #5834 ) ;
#4877 = CARTESIAN_POINT ( 'NONE',  ( 0.9654364023659575134, 0.5654364023659578242, 0.1350197795033274140 ) ) ;
#4878 = AXIS2_PLACEMENT_3D ( 'NONE', #5829, #749, #6453 ) ;
#4879 = ORIENTED_EDGE ( 'NONE', *, *, #7561, .F. ) ;
#4880 = ADVANCED_FACE ( 'NONE', ( #4347 ), #4015, .T. ) ;
#4881 = MECHANICAL_DESIGN_GEOMETRIC_PRESENTATION_REPRESENTATION (  '', ( #3520 ), #6377 ) ;
#4882 = STYLED_ITEM ( 'NONE', ( #2858 ), #125 ) ;
#4883 = FILL_AREA_STYLE_COLOUR ( '', #974 ) ;
#4884 = DIRECTION ( 'NONE',  ( 0.0000000000000000000, -6.023345402697245979E-16, -1.000000000000000000 ) ) ;
#4885 = DIRECTION ( 'NONE',  ( 1.000000000000000000, 0.0000000000000000000, 0.0000000000000000000 ) ) ;
#4886 = CARTESIAN_POINT ( 'NONE',  ( 0.07812750624291558976, -0.03363956067238878245, -0.4989999999999998881 ) ) ;
#4887 = SURFACE_SIDE_STYLE ('',( #5448 ) ) ;
#4888 = VERTEX_POINT ( 'NONE', #7124 ) ;
#4889 = LINE ( 'NONE', #6593, #4165 ) ;
#4890 = SURFACE_SIDE_STYLE ('',( #607 ) ) ;
#4891 = CARTESIAN_POINT ( 'NONE',  ( 0.1691989702786806105, 0.05252046284949429128, -0.5000000000000000000 ) ) ;
#4892 = CARTESIAN_POINT ( 'NONE',  ( -0.5400000000000000355, -0.8300000000000011813, -0.04000000000000077105 ) ) ;
#4893 = CARTESIAN_POINT ( 'NONE',  ( 0.03788125525000878013, -0.04385789694775640846, -0.4989999999999999991 ) ) ;
#4894 = CARTESIAN_POINT ( 'NONE',  ( 0.07407381330550553977, 0.05177333191753711455, -0.4990000000000002212 ) ) ;
#4895 = PRODUCT_DEFINITION_FORMATION_WITH_SPECIFIED_SOURCE ( '�κ�', '', #4447, .NOT_KNOWN. ) ;
#4896 = EDGE_CURVE ( 'NONE', #3925, #2473, #6623, .T. ) ;
#4897 = EDGE_CURVE ( 'NONE', #5255, #698, #2957, .T. ) ;
#4898 = CARTESIAN_POINT ( 'NONE',  ( -0.7599999999999998979, -0.6700000000000012612, -0.04000000000000020900 ) ) ;
#4899 = CARTESIAN_POINT ( 'NONE',  ( 0.09676422446799098909, -0.03522330212310037512, -0.4989999999999998881 ) ) ;
#4900 =( NAMED_UNIT ( * ) SI_UNIT ( $, .STERADIAN. ) SOLID_ANGLE_UNIT ( ) );
#4901 = ORIENTED_EDGE ( 'NONE', *, *, #7859, .T. ) ;
#4902 =( NAMED_UNIT ( * ) SI_UNIT ( $, .STERADIAN. ) SOLID_ANGLE_UNIT ( ) );
#4903 =( NAMED_UNIT ( * ) PLANE_ANGLE_UNIT ( ) SI_UNIT ( $, .RADIAN. ) );
#4904 = VERTEX_POINT ( 'NONE', #3466 ) ;
#4905 = STYLED_ITEM ( 'NONE', ( #4503 ), #7161 ) ;
#4906 = PLANE ( 'NONE',  #5184 ) ;
#4907 = EDGE_LOOP ( 'NONE', ( #210, #2626, #1854, #7246 ) ) ;
#4908 = DIRECTION ( 'NONE',  ( 0.0000000000000000000, -0.06975647374412545509, 0.9975640502598241977 ) ) ;
#4909 = EDGE_LOOP ( 'NONE', ( #7954, #3059, #5622, #7931 ) ) ;
#4910 = CARTESIAN_POINT ( 'NONE',  ( 0.03788125525000878013, -0.04385789694775640846, -0.5000000000000000000 ) ) ;
#4911 = CARTESIAN_POINT ( 'NONE',  ( 0.03599096789276486075, -0.04281453528822672799, -0.4989999999999999991 ) ) ;
#4912 = PRESENTATION_LAYER_ASSIGNMENT (  '', '', ( #2776 ) ) ;
#4913 = DIRECTION ( 'NONE',  ( -0.3363908276654490881, 0.9417224702971432881, 0.0000000000000000000 ) ) ;
#4914 = CARTESIAN_POINT ( 'NONE',  ( 0.1100000000000000422, 0.6131124419696033501, 0.1699999999999999567 ) ) ;
#4915 = SURFACE_STYLE_FILL_AREA ( #5888 ) ;
#4916 = PRESENTATION_LAYER_ASSIGNMENT (  '', '', ( #3293 ) ) ;
#4917 = SURFACE_SIDE_STYLE ('',( #2730 ) ) ;
#4918 = CARTESIAN_POINT ( 'NONE',  ( -0.1895091089896121239, 0.04032534089827476825, -0.4989999999999999991 ) ) ;
#4919 = EDGE_CURVE ( 'NONE', #3000, #2473, #5490, .T. ) ;
#4920 = SURFACE_SIDE_STYLE ('',( #759 ) ) ;
#4921 = UNCERTAINTY_MEASURE_WITH_UNIT (LENGTH_MEASURE( 1.000000000000000082E-05 ), #5417, 'distance_accuracy_value', 'NONE');
#4922 = CARTESIAN_POINT ( 'NONE',  ( -0.08999595294116541355, 0.04145837951056664111, -0.5000000000000001110 ) ) ;
#4923 = CIRCLE ( 'NONE', #7021, 0.09847727585952090190 ) ;
#4924 = ORIENTED_EDGE ( 'NONE', *, *, #8044, .T. ) ;
#4925 = LINE ( 'NONE', #4823, #1559 ) ;
#4926 = SURFACE_SIDE_STYLE ('',( #8024 ) ) ;
#4927 = VECTOR ( 'NONE', #832, 1000.000000000000000 ) ;
#4928 = DIRECTION ( 'NONE',  ( -1.000000000000000000, 0.0000000000000000000, -0.0000000000000000000 ) ) ;
#4929 = CARTESIAN_POINT ( 'NONE',  ( -0.1112255722988035878, 0.03427350342864646238, -0.4999999999999998890 ) ) ;
#4930 = AXIS2_PLACEMENT_3D ( 'NONE', #5063, #1264, #8169 ) ;
#4931 = SURFACE_STYLE_USAGE ( .BOTH. , #4887 ) ;
#4932 = VERTEX_POINT ( 'NONE', #2724 ) ;
#4933 = VECTOR ( 'NONE', #621, 1000.000000000000000 ) ;
#4934 = VECTOR ( 'NONE', #6584, 1000.000000000000000 ) ;
#4935 = SURFACE_STYLE_USAGE ( .BOTH. , #3705 ) ;
#4936 = CARTESIAN_POINT ( 'NONE',  ( 0.1179794580835586415, -0.04747953715050572815, -0.4989999999999999991 ) ) ;
#4937 = SURFACE_STYLE_USAGE ( .BOTH. , #5658 ) ;
#4938 = ORIENTED_EDGE ( 'NONE', *, *, #4822, .F. ) ;
#4939 = CARTESIAN_POINT ( 'NONE',  ( 0.05741586096627490643, 0.04274841122888480005, -0.5000000000000001110 ) ) ;
#4940 = LINE ( 'NONE', #5924, #1488 ) ;
#4941 = ORIENTED_EDGE ( 'NONE', *, *, #3315, .F. ) ;
#4942 = SURFACE_STYLE_FILL_AREA ( #24 ) ;
#4943 = EDGE_LOOP ( 'NONE', ( #5092, #6309, #4642, #486 ) ) ;
#4944 = SURFACE_STYLE_FILL_AREA ( #4745 ) ;
#4945 = VECTOR ( 'NONE', #5073, 1000.000000000000000 ) ;
#4946 = ORIENTED_EDGE ( 'NONE', *, *, #922, .T. ) ;
#4947 = CARTESIAN_POINT ( 'NONE',  ( 0.9504035209157122299, 0.5504035209157125408, 0.3499999999999999778 ) ) ;
#4948 = FACE_OUTER_BOUND ( 'NONE', #6923, .T. ) ;
#4949 = DIRECTION ( 'NONE',  ( -0.3536223923290756632, 0.9353882635801357148, 0.0000000000000000000 ) ) ;
#4950 = CARTESIAN_POINT ( 'NONE',  ( -0.1232807735844212438, 0.01634843631477013101, -0.4990000000000001101 ) ) ;
#4951 = EDGE_LOOP ( 'NONE', ( #313, #6348, #1890, #3319 ) ) ;
#4952 =( NAMED_UNIT ( * ) SI_UNIT ( $, .STERADIAN. ) SOLID_ANGLE_UNIT ( ) );
#4953 = ORIENTED_EDGE ( 'NONE', *, *, #4008, .T. ) ;
#4954 = VERTEX_POINT ( 'NONE', #2076 ) ;
#4955 = ADVANCED_FACE ( 'NONE', ( #7746 ), #6043, .T. ) ;
#4956 = PRESENTATION_STYLE_ASSIGNMENT (( #6332 ) ) ;
#4957 = LINE ( 'NONE', #7485, #2864 ) ;
#4958 = CARTESIAN_POINT ( 'NONE',  ( -0.1100000000000000006, 0.4833137806490306332, 0.1699999999999999567 ) ) ;
#4959 = VERTEX_POINT ( 'NONE', #4162 ) ;
#4960 = DIRECTION ( 'NONE',  ( 3.469446951953614189E-16, -1.000000000000000000, 0.0000000000000000000 ) ) ;
#4961 = EDGE_CURVE ( 'NONE', #2945, #7802, #2555, .T. ) ;
#4962 = ORIENTED_EDGE ( 'NONE', *, *, #5265, .F. ) ;
#4963 = LINE ( 'NONE', #7283, #2666 ) ;
#4964 = DIRECTION ( 'NONE',  ( 0.0000000000000000000, -3.497426362856476362E-15, -1.000000000000000000 ) ) ;
#4965 = ORIENTED_EDGE ( 'NONE', *, *, #7429, .F. ) ;
#4966 = VECTOR ( 'NONE', #6048, 1000.000000000000000 ) ;
#4967 = DIRECTION ( 'NONE',  ( 1.000000000000000000, 0.0000000000000000000, 0.0000000000000000000 ) ) ;
#4968 = AXIS2_PLACEMENT_3D ( 'NONE', #8088, #1084, #434 ) ;
#4969 = FILL_AREA_STYLE_COLOUR ( '', #627 ) ;
#4970 = CARTESIAN_POINT ( 'NONE',  ( -0.7599999999999998979, 0.8700000000000001066, -0.3500000000000000333 ) ) ;
#4971 = AXIS2_PLACEMENT_3D ( 'NONE', #2174, #2218, #948 ) ;
#4972 = UNCERTAINTY_MEASURE_WITH_UNIT (LENGTH_MEASURE( 1.000000000000000082E-05 ), #1467, 'distance_accuracy_value', 'NONE');
#4973 = VECTOR ( 'NONE', #5358, 1000.000000000000000 ) ;
#4974 = EDGE_CURVE ( 'NONE', #1107, #777, #7652, .T. ) ;
#4975 = VERTEX_POINT ( 'NONE', #4732 ) ;
#4976 = CARTESIAN_POINT ( 'NONE',  ( -0.1880596416264953552, 0.03376893357699976145, -0.5000000000000000000 ) ) ;
#4977 = PLANE ( 'NONE',  #3188 ) ;
#4978 = CARTESIAN_POINT ( 'NONE',  ( 0.1100000000000000006, -1.050000000000000044, -0.5500000000000000444 ) ) ;
#4979 = DIRECTION ( 'NONE',  ( 1.000000000000000000, 0.0000000000000000000, 0.0000000000000000000 ) ) ;
#4980 = SURFACE_STYLE_FILL_AREA ( #6345 ) ;
#4981 = PRESENTATION_LAYER_ASSIGNMENT (  '', '', ( #4544 ) ) ;
#4982 =( NAMED_UNIT ( * ) PLANE_ANGLE_UNIT ( ) SI_UNIT ( $, .RADIAN. ) );
#4983 = CARTESIAN_POINT ( 'NONE',  ( 0.03505262881526593349, -0.03132100056513987402, -0.5000000000000000000 ) ) ;
#4984 = EDGE_CURVE ( 'NONE', #7843, #2630, #6012, .T. ) ;
#4985 = DIRECTION ( 'NONE',  ( 2.168404344971007685E-15, 1.000000000000000000, 0.0000000000000000000 ) ) ;
#4986 = CARTESIAN_POINT ( 'NONE',  ( 0.002125799546973263822, 0.008618023825104037874, -0.4989999999999999991 ) ) ;
#4987 =( LENGTH_UNIT ( ) NAMED_UNIT ( * ) SI_UNIT ( .MILLI., .METRE. ) );
#4988 = ADVANCED_FACE ( 'NONE', ( #3053 ), #4048, .T. ) ;
#4989 =( NAMED_UNIT ( * ) SI_UNIT ( $, .STERADIAN. ) SOLID_ANGLE_UNIT ( ) );
#4990 = ORIENTED_EDGE ( 'NONE', *, *, #4695, .T. ) ;
#4991 =( NAMED_UNIT ( * ) SI_UNIT ( $, .STERADIAN. ) SOLID_ANGLE_UNIT ( ) );
#4992 = CARTESIAN_POINT ( 'NONE',  ( -0.1893925007423664653, 0.03961325166945268289, -0.4989999999999998881 ) ) ;
#4993 =( NAMED_UNIT ( * ) PLANE_ANGLE_UNIT ( ) SI_UNIT ( $, .RADIAN. ) );
#4994 = ORIENTED_EDGE ( 'NONE', *, *, #4315, .F. ) ;
#4995 = CARTESIAN_POINT ( 'NONE',  ( -0.1241113720890326955, 0.01231973880118791831, -0.4999999999999997780 ) ) ;
#4996 = LINE ( 'NONE', #2877, #2904 ) ;
#4997 = MECHANICAL_DESIGN_GEOMETRIC_PRESENTATION_REPRESENTATION (  '', ( #4513 ), #5414 ) ;
#4998 = CARTESIAN_POINT ( 'NONE',  ( -0.1895091089896121239, 0.04032534089827476825, -0.5000000000000000000 ) ) ;
#4999 = DIRECTION ( 'NONE',  ( 0.0000000000000000000, -1.000000000000000000, 0.0000000000000000000 ) ) ;
#5000 = LINE ( 'NONE', #2304, #4311 ) ;
#5001 = ORIENTED_EDGE ( 'NONE', *, *, #6030, .T. ) ;
#5002 = CARTESIAN_POINT ( 'NONE',  ( -0.09406198702470033868, 0.04101295253280457659, -0.5000000000000000000 ) ) ;
#5003 = DIRECTION ( 'NONE',  ( 0.0000000000000000000, -6.023345402697246965E-16, -1.000000000000000000 ) ) ;
#5004 = UNCERTAINTY_MEASURE_WITH_UNIT (LENGTH_MEASURE( 1.000000000000000082E-05 ), #2792, 'distance_accuracy_value', 'NONE');
#5005 = VECTOR ( 'NONE', #4949, 999.9999999999998863 ) ;
#5006 =( NAMED_UNIT ( * ) PLANE_ANGLE_UNIT ( ) SI_UNIT ( $, .RADIAN. ) );
#5007 = PLANE ( 'NONE',  #519 ) ;
#5008 = SURFACE_STYLE_FILL_AREA ( #3108 ) ;
#5009 = CARTESIAN_POINT ( 'NONE',  ( 0.09202845565531925232, 0.02213537354562012185, -0.5000000000000000000 ) ) ;
#5010 = ORIENTED_EDGE ( 'NONE', *, *, #1146, .F. ) ;
#5011 = DIRECTION ( 'NONE',  ( 0.0000000000000000000, 6.023345402697245979E-16, -1.000000000000000000 ) ) ;
#5012 = CIRCLE ( 'NONE', #4593, 0.05000000000000002359 ) ;
#5013 = VECTOR ( 'NONE', #7536, 1000.000000000000114 ) ;
#5014 = SURFACE_SIDE_STYLE ('',( #5664 ) ) ;
#5015 = VECTOR ( 'NONE', #4781, 1000.000000000000000 ) ;
#5016 = MECHANICAL_DESIGN_GEOMETRIC_PRESENTATION_REPRESENTATION (  '', ( #3575 ), #3713 ) ;
#5017 = VECTOR ( 'NONE', #3038, 1000.000000000000000 ) ;
#5018 = AXIS2_PLACEMENT_3D ( 'NONE', #6564, #3888, #120 ) ;
#5019 = ORIENTED_EDGE ( 'NONE', *, *, #3192, .F. ) ;
#5020 = CARTESIAN_POINT ( 'NONE',  ( 0.04562407351459989852, 0.05277329662259958032, -0.5000000000000000000 ) ) ;
#5021 = EDGE_CURVE ( 'NONE', #7445, #4029, #5526, .T. ) ;
#5022 = FILL_AREA_STYLE_COLOUR ( '', #5303 ) ;
#5023 = CARTESIAN_POINT ( 'NONE',  ( -0.5400000000000000355, 0.6200000000000012168, 0.1699999999999999845 ) ) ;
#5024 = LINE ( 'NONE', #885, #667 ) ;
#5025 = ORIENTED_EDGE ( 'NONE', *, *, #1639, .F. ) ;
#5026 = SURFACE_SIDE_STYLE ('',( #4622 ) ) ;
#5027 = ORIENTED_EDGE ( 'NONE', *, *, #5188, .F. ) ;
#5028 =( LENGTH_UNIT ( ) NAMED_UNIT ( * ) SI_UNIT ( .MILLI., .METRE. ) );
#5029 =( NAMED_UNIT ( * ) SI_UNIT ( $, .STERADIAN. ) SOLID_ANGLE_UNIT ( ) );
#5030 = LINE ( 'NONE', #3241, #3804 ) ;
#5031 = VECTOR ( 'NONE', #1655, 1000.000000000000000 ) ;
#5032 = CARTESIAN_POINT ( 'NONE',  ( 0.05182292636146099141, 0.05351132966800815211, -0.4989999999999999991 ) ) ;
#5033 = STYLED_ITEM ( 'NONE', ( #7240 ), #939 ) ;
#5034 = DIRECTION ( 'NONE',  ( 1.000000000000000000, 0.0000000000000000000, 0.0000000000000000000 ) ) ;
#5035 = FACE_BOUND ( 'NONE', #7942, .T. ) ;
#5036 = B_SPLINE_CURVE_WITH_KNOTS ( 'NONE', 3,
 ( #3308, #918, #4002, #238, #3425, #1502, #3969, #2090, #2170, #7223, #3396, #2744, #806, #1548, #6591, #4571, #5824, #7196, #4062 ),
 .UNSPECIFIED., .F., .F.,
 ( 4, 1, 1, 1, 1, 1, 1, 1, 1, 1, 1, 1, 1, 1, 1, 1, 4 ),
 ( 0.0000000000000000000, 0.07377411937406359865, 0.1440791147260413463, 0.2113485183089115205, 0.2760768857398838150, 0.3385209158196766377, 0.3998851166931335910, 0.4602540674652130792, 0.5205889643912479103, 0.5802076845630441682, 0.6386329085525457305, 0.6963645494905238431, 0.7540017746600127246, 0.8128056813744979348, 0.8727544255255603733, 0.9351819969782670938, 1.000000000000000000 ),
 .UNSPECIFIED. ) ;
#5037 = AXIS2_PLACEMENT_3D ( 'NONE', #1040, #7345, #5963 ) ;
#5038 = ORIENTED_EDGE ( 'NONE', *, *, #6862, .T. ) ;
#5039 = EDGE_CURVE ( 'NONE', #2378, #3277, #4237, .T. ) ;
#5040 = PRESENTATION_STYLE_ASSIGNMENT (( #5591 ) ) ;
#5041 = CYLINDRICAL_SURFACE ( 'NONE', #737, 0.03999999999999988981 ) ;
#5042 = CARTESIAN_POINT ( 'NONE',  ( 0.05098182486999375262, -0.04785288335105057633, -0.5000000000000000000 ) ) ;
#5043 = ORIENTED_EDGE ( 'NONE', *, *, #4478, .T. ) ;
#5044 =( NAMED_UNIT ( * ) SI_UNIT ( $, .STERADIAN. ) SOLID_ANGLE_UNIT ( ) );
#5045 = DIRECTION ( 'NONE',  ( 1.000000000000000000, 0.0000000000000000000, -0.0000000000000000000 ) ) ;
#5046 = SURFACE_SIDE_STYLE ('',( #3566 ) ) ;
#5047 = VERTEX_POINT ( 'NONE', #5364 ) ;
#5048 = EDGE_CURVE ( 'NONE', #1486, #7623, #2649, .T. ) ;
#5049 = DIRECTION ( 'NONE',  ( 0.0000000000000000000, -8.131516293641305343E-15, -1.000000000000000000 ) ) ;
#5050 = SURFACE_STYLE_FILL_AREA ( #1140 ) ;
#5051 = CARTESIAN_POINT ( 'NONE',  ( 0.9434108397213615271, -0.5932890422343529702, -0.4534878236872062485 ) ) ;
#5052 = VERTEX_POINT ( 'NONE', #1711 ) ;
#5053 = EDGE_LOOP ( 'NONE', ( #4188, #6753, #5994, #7142 ) ) ;
#5054 = ORIENTED_EDGE ( 'NONE', *, *, #5021, .F. ) ;
#5055 = ORIENTED_EDGE ( 'NONE', *, *, #4695, .F. ) ;
#5056 = COLOUR_RGB ( '',0.0000000000000000000, 0.0000000000000000000, 0.0000000000000000000 ) ;
#5057 =( LENGTH_UNIT ( ) NAMED_UNIT ( * ) SI_UNIT ( .MILLI., .METRE. ) );
#5058 = CARTESIAN_POINT ( 'NONE',  ( -1.025000000000000355, -0.6250000000000001110, 0.0000000000000000000 ) ) ;
#5059 = FACE_BOUND ( 'NONE', #1885, .T. ) ;
#5060 = STYLED_ITEM ( 'NONE', ( #54 ), #7169 ) ;
#5061 = PRESENTATION_STYLE_ASSIGNMENT (( #2185 ) ) ;
#5062 = ORIENTED_EDGE ( 'NONE', *, *, #7859, .F. ) ;
#5063 = CARTESIAN_POINT ( 'NONE',  ( 0.04837143317417334082, -0.04731178270099721528, -0.4989999999999999991 ) ) ;
#5064 = DIRECTION ( 'NONE',  ( 0.0000000000000000000, 1.000000000000000000, -6.023345402697246965E-16 ) ) ;
#5065 = CARTESIAN_POINT ( 'NONE',  ( -0.1454351760627828616, -0.04747953715050572815, -0.4989999999999999991 ) ) ;
#5066 = CARTESIAN_POINT ( 'NONE',  ( -0.1194317793864625998, 0.04243541091801503878, -0.5000000000000001110 ) ) ;
#5067 = FACE_OUTER_BOUND ( 'NONE', #2352, .T. ) ;
#5068 = ORIENTED_EDGE ( 'NONE', *, *, #6649, .F. ) ;
#5069 = CARTESIAN_POINT ( 'NONE',  ( 0.03584864116633132425, 0.05009967937355724182, -0.4989999999999999991 ) ) ;
#5070 = ORIENTED_EDGE ( 'NONE', *, *, #3974, .F. ) ;
#5071 = UNCERTAINTY_MEASURE_WITH_UNIT (LENGTH_MEASURE( 1.000000000000000082E-05 ), #1421, 'distance_accuracy_value', 'NONE');
#5072 = CARTESIAN_POINT ( 'NONE',  ( 0.1557843361323391351, -0.03650392739440816436, -0.4989999999999999991 ) ) ;
#5073 = DIRECTION ( 'NONE',  ( -1.000000000000000000, 0.0000000000000000000, -0.0000000000000000000 ) ) ;
#5074 = CARTESIAN_POINT ( 'NONE',  ( -0.5400000000000000355, -0.8700000000000001066, -0.3500000000000000333 ) ) ;
#5075 = PRESENTATION_LAYER_ASSIGNMENT (  '', '', ( #4199 ) ) ;
#5076 = DIRECTION ( 'NONE',  ( 0.0000000000000000000, 1.000000000000000000, 0.0000000000000000000 ) ) ;
#5077 = MECHANICAL_DESIGN_GEOMETRIC_PRESENTATION_REPRESENTATION (  '', ( #4580 ), #74 ) ;
#5078 = DIRECTION ( 'NONE',  ( -1.000000000000000000, -0.0000000000000000000, -0.0000000000000000000 ) ) ;
#5079 = DIRECTION ( 'NONE',  ( -1.000000000000000000, 0.0000000000000000000, -0.0000000000000000000 ) ) ;
#5080 = DIRECTION ( 'NONE',  ( 0.0000000000000000000, -3.497426362856476362E-15, 1.000000000000000000 ) ) ;
#5081 = SURFACE_STYLE_USAGE ( .BOTH. , #5583 ) ;
#5082 =( NAMED_UNIT ( * ) SI_UNIT ( $, .STERADIAN. ) SOLID_ANGLE_UNIT ( ) );
#5083 = AXIS2_PLACEMENT_3D ( 'NONE', #8038, #1656, #8100 ) ;
#5084 = MECHANICAL_DESIGN_GEOMETRIC_PRESENTATION_REPRESENTATION (  '', ( #1112 ), #8040 ) ;
#5085 = PRESENTATION_LAYER_ASSIGNMENT (  '', '', ( #4772 ) ) ;
#5086 = CARTESIAN_POINT ( 'NONE',  ( -0.7599999999999998979, 1.050000000000000044, -0.5500000000000000444 ) ) ;
#5087 = CARTESIAN_POINT ( 'NONE',  ( -0.1323972363138644359, 0.02813100081424760660, -0.4989999999999998881 ) ) ;
#5088 = FILL_AREA_STYLE ('',( #1918 ) ) ;
#5089 =( NAMED_UNIT ( * ) PLANE_ANGLE_UNIT ( ) SI_UNIT ( $, .RADIAN. ) );
#5090 = B_SPLINE_CURVE_WITH_KNOTS ( 'NONE', 3,
 ( #5432, #8051, #6061, #8103, #4201, #6710, #1070, #7989, #8016, #7404, #2909 ),
 .UNSPECIFIED., .F., .F.,
 ( 4, 1, 1, 1, 1, 1, 1, 1, 4 ),
 ( 0.0000000000000000000, 0.1352946047634290549, 0.2667656579247486004, 0.3948160188358721401, 0.5200516544342453917, 0.6421757029708214937, 0.7626518205584230659, 0.8818340043805021899, 1.000000000000000000 ),
 .UNSPECIFIED. ) ;
#5091 = VECTOR ( 'NONE', #2899, 1000.000000000000000 ) ;
#5092 = ORIENTED_EDGE ( 'NONE', *, *, #2684, .F. ) ;
#5093 =( NAMED_UNIT ( * ) SI_UNIT ( $, .STERADIAN. ) SOLID_ANGLE_UNIT ( ) );
#5094 =( LENGTH_UNIT ( ) NAMED_UNIT ( * ) SI_UNIT ( .MILLI., .METRE. ) );
#5095 = DIRECTION ( 'NONE',  ( 1.000000000000000000, 0.0000000000000000000, 0.0000000000000000000 ) ) ;
#5096 = PLANE ( 'NONE',  #6981 ) ;
#5097 = CYLINDRICAL_SURFACE ( 'NONE', #4256, 0.2100000000000000200 ) ;
#5098 = VECTOR ( 'NONE', #3942, 1000.000000000000000 ) ;
#5099 = CARTESIAN_POINT ( 'NONE',  ( 0.7599999999999998979, -0.4833137806490306332, 0.1699999999999999567 ) ) ;
#5100 = FILL_AREA_STYLE_COLOUR ( '', #356 ) ;
#5101 = FACE_OUTER_BOUND ( 'NONE', #7012, .T. ) ;
#5102 = VERTEX_POINT ( 'NONE', #5463 ) ;
#5103 = PRESENTATION_LAYER_ASSIGNMENT (  '', '', ( #7677 ) ) ;
#5104 = DIRECTION ( 'NONE',  ( 1.000000000000000000, 0.0000000000000000000, 0.0000000000000000000 ) ) ;
#5105 = SURFACE_SIDE_STYLE ('',( #4291 ) ) ;
#5106 = DIRECTION ( 'NONE',  ( 1.000000000000000000, 0.0000000000000000000, 0.0000000000000000000 ) ) ;
#5107 = EDGE_CURVE ( 'NONE', #319, #1069, #5801, .T. ) ;
#5108 = UNCERTAINTY_MEASURE_WITH_UNIT (LENGTH_MEASURE( 1.000000000000000082E-05 ), #6624, 'distance_accuracy_value', 'NONE');
#5109 = SURFACE_STYLE_FILL_AREA ( #7243 ) ;
#5110 = MECHANICAL_DESIGN_GEOMETRIC_PRESENTATION_REPRESENTATION (  '', ( #3278 ), #15 ) ;
#5111 =( NAMED_UNIT ( * ) SI_UNIT ( $, .STERADIAN. ) SOLID_ANGLE_UNIT ( ) );
#5112 = LINE ( 'NONE', #5662, #3404 ) ;
#5113 = CARTESIAN_POINT ( 'NONE',  ( -0.09657237979161849284, 0.05178932825878850704, -0.4990000000000001101 ) ) ;
#5114 =( LENGTH_UNIT ( ) NAMED_UNIT ( * ) SI_UNIT ( .MILLI., .METRE. ) );
#5115 = DIRECTION ( 'NONE',  ( 0.0000000000000000000, -0.0000000000000000000, -1.000000000000000000 ) ) ;
#5116 = STYLED_ITEM ( 'NONE', ( #6734 ), #4828 ) ;
#5117 = VERTEX_POINT ( 'NONE', #8114 ) ;
#5118 = PRESENTATION_STYLE_ASSIGNMENT (( #1680 ) ) ;
#5119 = PRESENTATION_STYLE_ASSIGNMENT (( #5827 ) ) ;
#5120 = SURFACE_STYLE_USAGE ( .BOTH. , #3814 ) ;
#5121 = CARTESIAN_POINT ( 'NONE',  ( 0.03505262881526593349, 0.04977656041046989166, -0.4989999999999999991 ) ) ;
#5122 = SURFACE_STYLE_USAGE ( .BOTH. , #4475 ) ;
#5123 = EDGE_CURVE ( 'NONE', #2630, #1391, #7032, .T. ) ;
#5124 = ORIENTED_EDGE ( 'NONE', *, *, #4726, .T. ) ;
#5125 = DIRECTION ( 'NONE',  ( 1.000000000000000000, 0.0000000000000000000, 0.0000000000000000000 ) ) ;
#5126 = SURFACE_STYLE_USAGE ( .BOTH. , #5760 ) ;
#5127 = LINE ( 'NONE', #64, #3420 ) ;
#5128 = PRESENTATION_LAYER_ASSIGNMENT (  '', '', ( #6992 ) ) ;
#5129 = LINE ( 'NONE', #6605, #2939 ) ;
#5130 = CYLINDRICAL_SURFACE ( 'NONE', #4763, 0.05000000000000002359 ) ;
#5131 = SURFACE_STYLE_USAGE ( .BOTH. , #55 ) ;
#5132 = CARTESIAN_POINT ( 'NONE',  ( 0.1077410880133442550, -0.01480491514452331528, -0.4999999999999998890 ) ) ;
#5133 = STYLED_ITEM ( 'NONE', ( #6679 ), #7719 ) ;
#5134 = EDGE_CURVE ( 'NONE', #7033, #4348, #299, .T. ) ;
#5135 =( NAMED_UNIT ( * ) PLANE_ANGLE_UNIT ( ) SI_UNIT ( $, .RADIAN. ) );
#5136 = ORIENTED_EDGE ( 'NONE', *, *, #4076, .F. ) ;
#5137 = EDGE_CURVE ( 'NONE', #5894, #5234, #7545, .T. ) ;
#5138 = ORIENTED_EDGE ( 'NONE', *, *, #4510, .F. ) ;
#5139 = LINE ( 'NONE', #7366, #6408 ) ;
#5140 = PRESENTATION_STYLE_ASSIGNMENT (( #6977 ) ) ;
#5141 = DIRECTION ( 'NONE',  ( -1.000000000000000000, 0.0000000000000000000, -0.0000000000000000000 ) ) ;
#5142 = VERTEX_POINT ( 'NONE', #8027 ) ;
#5143 = VECTOR ( 'NONE', #4609, 1000.000000000000000 ) ;
#5144 = VERTEX_POINT ( 'NONE', #6133 ) ;
#5145 = CARTESIAN_POINT ( 'NONE',  ( -1.025000000000000355, -0.5751217974870089789, 0.0000000000000000000 ) ) ;
#5146 =( GEOMETRIC_REPRESENTATION_CONTEXT ( 3 ) GLOBAL_UNCERTAINTY_ASSIGNED_CONTEXT ( ( #2071 ) ) GLOBAL_UNIT_ASSIGNED_CONTEXT ( ( #4166, #2897, #8068 ) ) REPRESENTATION_CONTEXT ( 'NONE', 'WORKASPACE' ) );
#5147 = CIRCLE ( 'NONE', #1060, 0.05000000000000002359 ) ;
#5148 = VECTOR ( 'NONE', #5434, 1000.000000000000000 ) ;
#5149 = DIRECTION ( 'NONE',  ( 0.0000000000000000000, 0.0000000000000000000, -1.000000000000000000 ) ) ;
#5150 =( NAMED_UNIT ( * ) PLANE_ANGLE_UNIT ( ) SI_UNIT ( $, .RADIAN. ) );
#5151 = ORIENTED_EDGE ( 'NONE', *, *, #4160, .T. ) ;
#5152 =( LENGTH_UNIT ( ) NAMED_UNIT ( * ) SI_UNIT ( .MILLI., .METRE. ) );
#5153 = CARTESIAN_POINT ( 'NONE',  ( -0.03324005411156334688, 0.008618023825104037874, -0.4989999999999999991 ) ) ;
#5154 = ORIENTED_EDGE ( 'NONE', *, *, #6524, .F. ) ;
#5155 = EDGE_CURVE ( 'NONE', #4056, #6023, #5908, .T. ) ;
#5156 = CARTESIAN_POINT ( 'NONE',  ( -0.5400000000000000355, -0.4833137806490306332, 0.1699999999999999567 ) ) ;
#5157 = DIRECTION ( 'NONE',  ( 0.0000000000000000000, 0.0000000000000000000, 1.000000000000000000 ) ) ;
#5158 = FILL_AREA_STYLE ('',( #4506 ) ) ;
#5159 = CARTESIAN_POINT ( 'NONE',  ( -0.5400000000000000355, 0.8700000000000001066, -0.3500000000000000333 ) ) ;
#5160 = ADVANCED_FACE ( 'NONE', ( #6838 ), #8234, .T. ) ;
#5161 = LINE ( 'NONE', #7330, #2481 ) ;
#5162 = ORIENTED_EDGE ( 'NONE', *, *, #2429, .T. ) ;
#5163 = AXIS2_PLACEMENT_3D ( 'NONE', #3864, #5805, #772 ) ;
#5164 = DIRECTION ( 'NONE',  ( 1.000000000000000000, -2.168404344971007685E-15, 0.0000000000000000000 ) ) ;
#5165 = UNCERTAINTY_MEASURE_WITH_UNIT (LENGTH_MEASURE( 1.000000000000000082E-05 ), #7830, 'distance_accuracy_value', 'NONE');
#5166 = FILL_AREA_STYLE_COLOUR ( '', #6611 ) ;
#5167 =( NAMED_UNIT ( * ) PLANE_ANGLE_UNIT ( ) SI_UNIT ( $, .RADIAN. ) );
#5168 = CARTESIAN_POINT ( 'NONE',  ( -0.7599999999999998979, -0.8700000000000001066, -0.5499999999999999334 ) ) ;
#5169 = CYLINDRICAL_SURFACE ( 'NONE', #4878, 0.05000000000000000971 ) ;
#5170 = MECHANICAL_DESIGN_GEOMETRIC_PRESENTATION_REPRESENTATION (  '', ( #5578 ), #6875 ) ;
#5171 = CARTESIAN_POINT ( 'NONE',  ( -0.5400000000000000355, 0.6700000000000012612, -0.04000000000000020900 ) ) ;
#5172 = CARTESIAN_POINT ( 'NONE',  ( -1.025000000000000355, -0.6131124419696033501, 0.1699999999999999567 ) ) ;
#5173 =( GEOMETRIC_REPRESENTATION_CONTEXT ( 3 ) GLOBAL_UNCERTAINTY_ASSIGNED_CONTEXT ( ( #6796 ) ) GLOBAL_UNIT_ASSIGNED_CONTEXT ( ( #2126, #5349, #3961 ) ) REPRESENTATION_CONTEXT ( 'NONE', 'WORKASPACE' ) );
#5174 = DIRECTION ( 'NONE',  ( -0.0000000000000000000, 0.0000000000000000000, -1.000000000000000000 ) ) ;
#5175 = DIRECTION ( 'NONE',  ( 0.0000000000000000000, 0.0000000000000000000, 1.000000000000000000 ) ) ;
#5176 = DIRECTION ( 'NONE',  ( 0.0000000000000000000, 1.000000000000000000, 0.0000000000000000000 ) ) ;
#5177 = MECHANICAL_DESIGN_GEOMETRIC_PRESENTATION_REPRESENTATION (  '', ( #3191 ), #3608 ) ;
#5178 = DIRECTION ( 'NONE',  ( 0.0000000000000000000, 0.0000000000000000000, 1.000000000000000000 ) ) ;
#5179 = EDGE_CURVE ( 'NONE', #2245, #4932, #1487, .T. ) ;
#5180 =( NAMED_UNIT ( * ) PLANE_ANGLE_UNIT ( ) SI_UNIT ( $, .RADIAN. ) );
#5181 = SURFACE_STYLE_USAGE ( .BOTH. , #761 ) ;
#5182 = CARTESIAN_POINT ( 'NONE',  ( -0.1297966123771313596, -0.02594942160235376091, -0.4989999999999997771 ) ) ;
#5183 = ORIENTED_EDGE ( 'NONE', *, *, #7461, .F. ) ;
#5184 = AXIS2_PLACEMENT_3D ( 'NONE', #6070, #2399, #2291 ) ;
#5185 = LINE ( 'NONE', #3973, #3012 ) ;
#5186 = VERTEX_POINT ( 'NONE', #3031 ) ;
#5187 = CARTESIAN_POINT ( 'NONE',  ( 0.7600000000000000089, 0.6250000000000001110, 0.0000000000000000000 ) ) ;
#5188 = EDGE_CURVE ( 'NONE', #6743, #3439, #3811, .T. ) ;
#5189 = CARTESIAN_POINT ( 'NONE',  ( -0.1380001337732157385, 0.009135284883410747792, -0.4989999999999999991 ) ) ;
#5190 = ORIENTED_EDGE ( 'NONE', *, *, #7540, .T. ) ;
#5191 = ADVANCED_FACE ( 'NONE', ( #677 ), #7020, .T. ) ;
#5192 = CARTESIAN_POINT ( 'NONE',  ( 0.08746955903968285650, 0.04559480510109203272, -0.5000000000000000000 ) ) ;
#5193 = PLANE ( 'NONE',  #6996 ) ;
#5194 = CARTESIAN_POINT ( 'NONE',  ( 0.05469396579352855253, -0.04833490368972732237, -0.4989999999999998881 ) ) ;
#5195 = EDGE_LOOP ( 'NONE', ( #6305, #505, #6215, #5843 ) ) ;
#5196 = DIRECTION ( 'NONE',  ( 1.000000000000000000, 0.0000000000000000000, 0.0000000000000000000 ) ) ;
#5197 = DIRECTION ( 'NONE',  ( -1.000000000000000000, 0.0000000000000000000, 0.0000000000000000000 ) ) ;
#5198 = CARTESIAN_POINT ( 'NONE',  ( -0.6680540323600325792, -0.3440386105051373988, 0.3990000000000000213 ) ) ;
#5199 = SURFACE_STYLE_USAGE ( .BOTH. , #790 ) ;
#5200 = COLOUR_RGB ( '',1.000000000000000000, 1.000000000000000000, 1.000000000000000000 ) ;
#5201 = PRESENTATION_LAYER_ASSIGNMENT (  '', '', ( #7770 ) ) ;
#5202 = VERTEX_POINT ( 'NONE', #550 ) ;
#5203 = FILL_AREA_STYLE_COLOUR ( '', #2966 ) ;
#5204 = CIRCLE ( 'NONE', #1540, 0.05000000000000002359 ) ;
#5205 = UNCERTAINTY_MEASURE_WITH_UNIT (LENGTH_MEASURE( 1.000000000000000082E-05 ), #941, 'distance_accuracy_value', 'NONE');
#5206 = CARTESIAN_POINT ( 'NONE',  ( -0.08482160898961210727, -0.04747953715050572815, -0.4999999999999996669 ) ) ;
#5207 = LINE ( 'NONE', #2622, #3505 ) ;
#5208 = LINE ( 'NONE', #4446, #2045 ) ;
#5209 = VECTOR ( 'NONE', #4364, 1000.000000000000000 ) ;
#5210 = ORIENTED_EDGE ( 'NONE', *, *, #2429, .F. ) ;
#5211 = STYLED_ITEM ( 'NONE', ( #8060 ), #5990 ) ;
#5212 = CARTESIAN_POINT ( 'NONE',  ( -0.1167552768072520758, -0.02325757487337892088, -0.5000000000000000000 ) ) ;
#5213 = DIRECTION ( 'NONE',  ( -0.06958737431666482676, 0.06958737431666479900, 0.9951458157835084695 ) ) ;
#5214 = LINE ( 'NONE', #1051, #1871 ) ;
#5215 = SURFACE_STYLE_FILL_AREA ( #6502 ) ;
#5216 =( LENGTH_UNIT ( ) NAMED_UNIT ( * ) SI_UNIT ( .MILLI., .METRE. ) );
#5217 = STYLED_ITEM ( 'NONE', ( #3397 ), #3434 ) ;
#5218 = FACE_OUTER_BOUND ( 'NONE', #2549, .T. ) ;
#5219 = PRESENTATION_LAYER_ASSIGNMENT (  '', '', ( #4366 ) ) ;
#5220 = ORIENTED_EDGE ( 'NONE', *, *, #6131, .F. ) ;
#5221 = PRESENTATION_STYLE_ASSIGNMENT (( #508 ) ) ;
#5222 = CARTESIAN_POINT ( 'NONE',  ( 0.1014452577961634655, 0.03132109858944811392, -0.4999999999999998890 ) ) ;
#5223 = ORIENTED_EDGE ( 'NONE', *, *, #7390, .F. ) ;
#5224 =( LENGTH_UNIT ( ) NAMED_UNIT ( * ) SI_UNIT ( .MILLI., .METRE. ) );
#5225 = FACE_OUTER_BOUND ( 'NONE', #3046, .T. ) ;
#5226 = DIRECTION ( 'NONE',  ( -1.000000000000000000, 0.0000000000000000000, 0.0000000000000000000 ) ) ;
#5227 = VERTEX_POINT ( 'NONE', #3159 ) ;
#5228 = DIRECTION ( 'NONE',  ( 0.0000000000000000000, 1.000000000000000000, 0.0000000000000000000 ) ) ;
#5229 = DIRECTION ( 'NONE',  ( -1.000000000000000000, 0.0000000000000000000, 0.0000000000000000000 ) ) ;
#5230 = DIRECTION ( 'NONE',  ( 0.0000000000000000000, -0.0000000000000000000, 1.000000000000000000 ) ) ;
#5231 = ORIENTED_EDGE ( 'NONE', *, *, #7343, .T. ) ;
#5232 = MECHANICAL_DESIGN_GEOMETRIC_PRESENTATION_REPRESENTATION (  '', ( #6949 ), #7210 ) ;
#5233 = LINE ( 'NONE', #5462, #3537 ) ;
#5234 = VERTEX_POINT ( 'NONE', #1238 ) ;
#5235 =( LENGTH_UNIT ( ) NAMED_UNIT ( * ) SI_UNIT ( .MILLI., .METRE. ) );
#5236 = AXIS2_PLACEMENT_3D ( 'NONE', #7624, #3157, #16 ) ;
#5237 = CARTESIAN_POINT ( 'NONE',  ( -0.9504035209157131181, 0.5504035209157125408, 0.3499999999999999778 ) ) ;
#5238 = ADVANCED_FACE ( 'NONE', ( #7129 ), #6957, .T. ) ;
#5239 = CARTESIAN_POINT ( 'NONE',  ( -0.1297966123771313596, -0.02594942160235376091, -0.4999999999999994449 ) ) ;
#5240 = CARTESIAN_POINT ( 'NONE',  ( 0.05713104964098835586, -0.03767632547566425461, -0.4989999999999999991 ) ) ;
#5241 = FACE_OUTER_BOUND ( 'NONE', #3058, .T. ) ;
#5242 = ORIENTED_EDGE ( 'NONE', *, *, #6549, .T. ) ;
#5243 = EDGE_CURVE ( 'NONE', #1643, #6737, #398, .T. ) ;
#5244 = EDGE_LOOP ( 'NONE', ( #560, #878, #300, #411 ) ) ;
#5245 = ORIENTED_EDGE ( 'NONE', *, *, #5455, .T. ) ;
#5246 = ORIENTED_EDGE ( 'NONE', *, *, #4451, .T. ) ;
#5247 = VECTOR ( 'NONE', #3544, 1000.000000000000000 ) ;
#5248 = PRESENTATION_STYLE_ASSIGNMENT (( #1975 ) ) ;
#5249 = CARTESIAN_POINT ( 'NONE',  ( -0.1052949984481046652, -0.03245336578534707694, -0.4999999999999998890 ) ) ;
#5250 = CARTESIAN_POINT ( 'NONE',  ( 0.01554043369331471747, -0.04747953715050572815, -0.4989999999999999991 ) ) ;
#5251 = PLANE ( 'NONE',  #3460 ) ;
#5252 = VECTOR ( 'NONE', #6448, 1000.000000000000000 ) ;
#5253 = FACE_OUTER_BOUND ( 'NONE', #2430, .T. ) ;
#5254 = CARTESIAN_POINT ( 'NONE',  ( 0.1100000000000000006, 0.6200000000000012168, -0.04000000000000002859 ) ) ;
#5255 = VERTEX_POINT ( 'NONE', #579 ) ;
#5256 = FACE_OUTER_BOUND ( 'NONE', #3089, .T. ) ;
#5257 = CARTESIAN_POINT ( 'NONE',  ( 0.07878733743898076736, 0.05018960563106498324, -0.4999999999999998890 ) ) ;
#5258 = DIRECTION ( 'NONE',  ( 0.9315776194850603487, -0.3635424856527063597, 0.0000000000000000000 ) ) ;
#5259 = PRESENTATION_STYLE_ASSIGNMENT (( #3724 ) ) ;
#5260 = VERTEX_POINT ( 'NONE', #3782 ) ;
#5261 = FILL_AREA_STYLE ('',( #5283 ) ) ;
#5262 = ORIENTED_EDGE ( 'NONE', *, *, #5379, .F. ) ;
#5263 = UNCERTAINTY_MEASURE_WITH_UNIT (LENGTH_MEASURE( 1.000000000000000082E-05 ), #1241, 'distance_accuracy_value', 'NONE');
#5264 = FACE_OUTER_BOUND ( 'NONE', #3715, .T. ) ;
#5265 = EDGE_CURVE ( 'NONE', #4138, #6614, #2353, .T. ) ;
#5266 = FILL_AREA_STYLE ('',( #5203 ) ) ;
#5267 = CARTESIAN_POINT ( 'NONE',  ( 0.07501436417528378753, -0.03514315076052923481, -0.4990000000000003322 ) ) ;
#5268 = CARTESIAN_POINT ( 'NONE',  ( -0.1108524358655544051, -0.04209490004599449053, -0.4999999999999997780 ) ) ;
#5269 = MANIFOLD_SOLID_BREP ( 'Բ��1', #3242 ) ;
#5270 = PRESENTATION_STYLE_ASSIGNMENT (( #886 ) ) ;
#5271 = PRESENTATION_LAYER_ASSIGNMENT (  '', '', ( #7691 ) ) ;
#5272 = MECHANICAL_DESIGN_GEOMETRIC_PRESENTATION_REPRESENTATION (  '', ( #3034 ), #354 ) ;
#5273 = CARTESIAN_POINT ( 'NONE',  ( -0.1246018998551949725, -0.001034875858625423136, -0.4989999999999999991 ) ) ;
#5274 = SURFACE_STYLE_USAGE ( .BOTH. , #2713 ) ;
#5275 = SURFACE_STYLE_USAGE ( .BOTH. , #7229 ) ;
#5276 = EDGE_CURVE ( 'NONE', #1520, #6705, #6723, .T. ) ;
#5277 = AXIS2_PLACEMENT_3D ( 'NONE', #4471, #7723, #25 ) ;
#5278 = ADVANCED_FACE ( 'NONE', ( #1690 ), #6235, .F. ) ;
#5279 = SURFACE_STYLE_USAGE ( .BOTH. , #158 ) ;
#5280 = DIRECTION ( 'NONE',  ( 0.0000000000000000000, 1.000000000000000000, -6.023345402697246965E-16 ) ) ;
#5281 = AXIS2_PLACEMENT_3D ( 'NONE', #6315, #5003, #3077 ) ;
#5282 = CARTESIAN_POINT ( 'NONE',  ( 0.1691989702786806105, -0.04747953715050572815, -0.5000000000000000000 ) ) ;
#5283 = FILL_AREA_STYLE_COLOUR ( '', #2868 ) ;
#5284 = CARTESIAN_POINT ( 'NONE',  ( -1.025000000000000355, -0.5751217974870089789, 0.0000000000000000000 ) ) ;
#5285 = MECHANICAL_DESIGN_GEOMETRIC_PRESENTATION_REPRESENTATION (  '', ( #5133 ), #1153 ) ;
#5286 = EDGE_CURVE ( 'NONE', #5202, #7349, #907, .T. ) ;
#5287 = DIRECTION ( 'NONE',  ( -0.3536223923290756632, 0.9353882635801357148, 0.0000000000000000000 ) ) ;
#5288 = VERTEX_POINT ( 'NONE', #717 ) ;
#5289 =( NAMED_UNIT ( * ) PLANE_ANGLE_UNIT ( ) SI_UNIT ( $, .RADIAN. ) );
#5290 =( NAMED_UNIT ( * ) SI_UNIT ( $, .STERADIAN. ) SOLID_ANGLE_UNIT ( ) );
#5291 = CARTESIAN_POINT ( 'NONE',  ( 0.08632818488607700569, -0.02718041674604462429, -0.4989999999999999991 ) ) ;
#5292 = APPLICATION_CONTEXT ( 'automotive_design' ) ;
#5293 = LINE ( 'NONE', #7578, #7598 ) ;
#5294 = FILL_AREA_STYLE_COLOUR ( '', #3921 ) ;
#5295 = ORIENTED_EDGE ( 'NONE', *, *, #5836, .F. ) ;
#5296 = PRESENTATION_LAYER_ASSIGNMENT (  '', '', ( #5845 ) ) ;
#5297 = PRODUCT_RELATED_PRODUCT_CATEGORY ( 'part', '', ( #4447 ) ) ;
#5298 = CARTESIAN_POINT ( 'NONE',  ( -0.5400000000000000355, -0.8300000000000011813, -0.04000000000000077105 ) ) ;
#5299 = EDGE_CURVE ( 'NONE', #155, #2985, #2374, .T. ) ;
#5300 = CARTESIAN_POINT ( 'NONE',  ( 0.7599999999999998979, -0.6200000000000012168, -0.04000000000000002859 ) ) ;
#5301 = EDGE_CURVE ( 'NONE', #2473, #6506, #483, .T. ) ;
#5302 = VECTOR ( 'NONE', #7779, 1000.000000000000000 ) ;
#5303 = COLOUR_RGB ( '',1.000000000000000000, 1.000000000000000000, 1.000000000000000000 ) ;
#5304 = FILL_AREA_STYLE_COLOUR ( '', #8107 ) ;
#5305 = SURFACE_STYLE_USAGE ( .BOTH. , #6457 ) ;
#5306 = ADVANCED_FACE ( 'NONE', ( #7577 ), #19, .T. ) ;
#5307 = ORIENTED_EDGE ( 'NONE', *, *, #6225, .T. ) ;
#5308 = FILL_AREA_STYLE_COLOUR ( '', #6803 ) ;
#5309 = UNCERTAINTY_MEASURE_WITH_UNIT (LENGTH_MEASURE( 1.000000000000000082E-05 ), #2207, 'distance_accuracy_value', 'NONE');
#5310 = SURFACE_STYLE_FILL_AREA ( #4420 ) ;
#5311 =( GEOMETRIC_REPRESENTATION_CONTEXT ( 3 ) GLOBAL_UNCERTAINTY_ASSIGNED_CONTEXT ( ( #1830 ) ) GLOBAL_UNIT_ASSIGNED_CONTEXT ( ( #2535, #6321, #7043 ) ) REPRESENTATION_CONTEXT ( 'NONE', 'WORKASPACE' ) );
#5312 = LINE ( 'NONE', #6539, #8026 ) ;
#5313 = CARTESIAN_POINT ( 'NONE',  ( 0.7599999999999998979, -0.6700000000000012612, -0.04000000000000020900 ) ) ;
#5314 = FILL_AREA_STYLE ('',( #3416 ) ) ;
#5315 = CARTESIAN_POINT ( 'NONE',  ( 0.08860967486581730612, -0.02442208082135553793, -0.5000000000000000000 ) ) ;
#5316 = ORIENTED_EDGE ( 'NONE', *, *, #7268, .F. ) ;
#5317 = ADVANCED_FACE ( 'NONE', ( #7876 ), #2297, .F. ) ;
#5318 = CARTESIAN_POINT ( 'NONE',  ( 0.1100000000000000006, 0.4833137806490306332, 0.1699999999999999567 ) ) ;
#5319 = CARTESIAN_POINT ( 'NONE',  ( 0.1100000000000000006, -0.8700000000000001066, -0.3500000000000000333 ) ) ;
#5320 = MECHANICAL_DESIGN_GEOMETRIC_PRESENTATION_REPRESENTATION (  '', ( #2776 ), #5733 ) ;
#5321 = CARTESIAN_POINT ( 'NONE',  ( -0.1115789629327052501, -0.02849922401646069747, -0.4989999999999998881 ) ) ;
#5322 = SURFACE_SIDE_STYLE ('',( #5501 ) ) ;
#5323 = DIRECTION ( 'NONE',  ( -0.06958737431666466022, 0.06958737431666466022, -0.9951458157835085805 ) ) ;
#5324 = COLOUR_RGB ( '',1.000000000000000000, 1.000000000000000000, 1.000000000000000000 ) ;
#5325 = ORIENTED_EDGE ( 'NONE', *, *, #6987, .T. ) ;
#5326 = DIRECTION ( 'NONE',  ( -1.516296028482785972E-16, -1.000000000000000000, 2.168404344971008868E-15 ) ) ;
#5327 = PRESENTATION_LAYER_ASSIGNMENT (  '', '', ( #949 ) ) ;
#5328 = ORIENTED_EDGE ( 'NONE', *, *, #5538, .F. ) ;
#5329 =( GEOMETRIC_REPRESENTATION_CONTEXT ( 3 ) GLOBAL_UNCERTAINTY_ASSIGNED_CONTEXT ( ( #7318 ) ) GLOBAL_UNIT_ASSIGNED_CONTEXT ( ( #6391, #5167, #1330 ) ) REPRESENTATION_CONTEXT ( 'NONE', 'WORKASPACE' ) );
#5330 = EDGE_CURVE ( 'NONE', #162, #1520, #1319, .T. ) ;
#5331 = LINE ( 'NONE', #6338, #3630 ) ;
#5332 = PRESENTATION_STYLE_ASSIGNMENT (( #6369 ) ) ;
#5333 = CARTESIAN_POINT ( 'NONE',  ( 0.04048941092668955494, 0.03918966391083420625, -0.4989999999999999991 ) ) ;
#5334 = VERTEX_POINT ( 'NONE', #921 ) ;
#5335 = DIRECTION ( 'NONE',  ( 0.0000000000000000000, 0.9975640502598243087, -0.06975647374412530244 ) ) ;
#5336 = EDGE_LOOP ( 'NONE', ( #2220, #3704, #5070, #2344 ) ) ;
#5337 = DIRECTION ( 'NONE',  ( -1.000000000000000000, -0.0000000000000000000, -0.0000000000000000000 ) ) ;
#5338 = COLOUR_RGB ( '',0.0000000000000000000, 0.0000000000000000000, 0.0000000000000000000 ) ;
#5339 = LINE ( 'NONE', #4155, #5148 ) ;
#5340 = CARTESIAN_POINT ( 'NONE',  ( -0.09397062197273219064, -0.03590323679047346950, -0.4989999999999999991 ) ) ;
#5341 = FILL_AREA_STYLE ('',( #6646 ) ) ;
#5342 = CARTESIAN_POINT ( 'NONE',  ( 0.08177179182764149346, -0.04539060657381969316, -0.4990000000000001101 ) ) ;
#5343 = VECTOR ( 'NONE', #3082, 1000.000000000000000 ) ;
#5344 = EDGE_LOOP ( 'NONE', ( #2652, #3501, #4859, #5665 ) ) ;
#5345 = VERTEX_POINT ( 'NONE', #3310 ) ;
#5346 = DIRECTION ( 'NONE',  ( -0.0000000000000000000, -1.000000000000000000, 0.0000000000000000000 ) ) ;
#5347 =( GEOMETRIC_REPRESENTATION_CONTEXT ( 3 ) GLOBAL_UNCERTAINTY_ASSIGNED_CONTEXT ( ( #6357 ) ) GLOBAL_UNIT_ASSIGNED_CONTEXT ( ( #42, #3886, #7686 ) ) REPRESENTATION_CONTEXT ( 'NONE', 'WORKASPACE' ) );
#5348 = CARTESIAN_POINT ( 'NONE',  ( -0.1909668398357772245, 0.03462288038032478033, -0.5000000000000001110 ) ) ;
#5349 =( NAMED_UNIT ( * ) PLANE_ANGLE_UNIT ( ) SI_UNIT ( $, .RADIAN. ) );
#5350 = VECTOR ( 'NONE', #2322, 1000.000000000000000 ) ;
#5351 = CARTESIAN_POINT ( 'NONE',  ( -0.1100000000000000006, 0.8700000000000001066, -0.5499999999999999334 ) ) ;
#5352 = EDGE_LOOP ( 'NONE', ( #875, #7025, #3337, #6375 ) ) ;
#5353 = CARTESIAN_POINT ( 'NONE',  ( -0.1832400541115633552, 0.05252046284949429128, -0.5000000000000000000 ) ) ;
#5354 = DIRECTION ( 'NONE',  ( -0.0000000000000000000, -0.0000000000000000000, -1.000000000000000000 ) ) ;
#5355 = CARTESIAN_POINT ( 'NONE',  ( 0.08746955903968285650, 0.04559480510109203272, -0.5000000000000001110 ) ) ;
#5356 = CYLINDRICAL_SURFACE ( 'NONE', #6975, 0.05000000000000002359 ) ;
#5357 = SURFACE_SIDE_STYLE ('',( #5758 ) ) ;
#5358 = DIRECTION ( 'NONE',  ( -0.0000000000000000000, -0.0000000000000000000, -1.000000000000000000 ) ) ;
#5359 = EDGE_LOOP ( 'NONE', ( #6500, #1434, #3980, #5814 ) ) ;
#5360 = ADVANCED_FACE ( 'NONE', ( #5743 ), #3370, .T. ) ;
#5361 = CARTESIAN_POINT ( 'NONE',  ( 0.03505262881526593349, 0.04977656041046989166, -0.4989999999999999991 ) ) ;
#5362 = VECTOR ( 'NONE', #2800, 1000.000000000000114 ) ;
#5363 = DIRECTION ( 'NONE',  ( 0.0000000000000000000, -3.497426362856476362E-15, -1.000000000000000000 ) ) ;
#5364 = CARTESIAN_POINT ( 'NONE',  ( -0.1966546882579048028, 0.05252046284949429128, -0.4989999999999999991 ) ) ;
#5365 = SURFACE_STYLE_FILL_AREA ( #122 ) ;
#5366 =( GEOMETRIC_REPRESENTATION_CONTEXT ( 3 ) GLOBAL_UNCERTAINTY_ASSIGNED_CONTEXT ( ( #4286 ) ) GLOBAL_UNIT_ASSIGNED_CONTEXT ( ( #7472, #8085, #6176 ) ) REPRESENTATION_CONTEXT ( 'NONE', 'WORKASPACE' ) );
#5367 = CARTESIAN_POINT ( 'NONE',  ( 0.07999607986642810753, 0.03651566196194285657, -0.4989999999999999991 ) ) ;
#5368 = CARTESIAN_POINT ( 'NONE',  ( -0.1016119640926019391, 0.05073096127790734794, -0.4989999999999998881 ) ) ;
#5369 = CARTESIAN_POINT ( 'NONE',  ( 0.09676422446799098909, -0.03522330212310037512, -0.4989999999999998881 ) ) ;
#5370 = EDGE_CURVE ( 'NONE', #6178, #5418, #4889, .T. ) ;
#5371 = PLANE ( 'NONE',  #3499 ) ;
#5372 = SURFACE_SIDE_STYLE ('',( #3392 ) ) ;
#5373 = PRESENTATION_LAYER_ASSIGNMENT (  '', '', ( #7077 ) ) ;
#5374 = CARTESIAN_POINT ( 'NONE',  ( -0.5400000000000000355, 0.8700000000000002176, -0.3899999999999999578 ) ) ;
#5375 =( GEOMETRIC_REPRESENTATION_CONTEXT ( 3 ) GLOBAL_UNCERTAINTY_ASSIGNED_CONTEXT ( ( #7992 ) ) GLOBAL_UNIT_ASSIGNED_CONTEXT ( ( #8186, #7656, #5082 ) ) REPRESENTATION_CONTEXT ( 'NONE', 'WORKASPACE' ) );
#5376 = CARTESIAN_POINT ( 'NONE',  ( 0.09592616804333839453, 0.006005872326861980831, -0.5000000000000001110 ) ) ;
#5377 = ORIENTED_EDGE ( 'NONE', *, *, #1888, .F. ) ;
#5378 = FILL_AREA_STYLE ('',( #8084 ) ) ;
#5379 = EDGE_CURVE ( 'NONE', #2661, #162, #7061, .T. ) ;
#5380 = SURFACE_STYLE_FILL_AREA ( #7085 ) ;
#5381 = CARTESIAN_POINT ( 'NONE',  ( 0.5400000000000000355, -1.050000000000000044, -0.3900000000000000688 ) ) ;
#5382 = VERTEX_POINT ( 'NONE', #7148 ) ;
#5383 = VERTEX_POINT ( 'NONE', #7789 ) ;
#5384 = CARTESIAN_POINT ( 'NONE',  ( -0.7599999999999998979, -0.8700000000000002176, -0.3899999999999999578 ) ) ;
#5385 = STYLED_ITEM ( 'NONE', ( #3599 ), #7254 ) ;
#5386 = EDGE_CURVE ( 'NONE', #7738, #3534, #6136, .T. ) ;
#5387 = COLOUR_RGB ( '',0.2509803921568627416, 0.2509803921568627416, 0.2509803921568627416 ) ;
#5388 = CARTESIAN_POINT ( 'NONE',  ( 0.09676422446799098909, -0.03522330212310037512, -0.4999999999999998890 ) ) ;
#5389 = VECTOR ( 'NONE', #5819, 1000.000000000000000 ) ;
#5390 = EDGE_CURVE ( 'NONE', #1369, #4904, #334, .T. ) ;
#5391 = ORIENTED_EDGE ( 'NONE', *, *, #8141, .F. ) ;
#5392 =( NAMED_UNIT ( * ) SI_UNIT ( $, .STERADIAN. ) SOLID_ANGLE_UNIT ( ) );
#5393 = ADVANCED_FACE ( 'NONE', ( #529 ), #2300, .T. ) ;
#5394 =( LENGTH_UNIT ( ) NAMED_UNIT ( * ) SI_UNIT ( .MILLI., .METRE. ) );
#5395 =( NAMED_UNIT ( * ) PLANE_ANGLE_UNIT ( ) SI_UNIT ( $, .RADIAN. ) );
#5396 = COLOUR_RGB ( '',0.2509803921568627416, 0.2509803921568627416, 0.2509803921568627416 ) ;
#5397 = DIRECTION ( 'NONE',  ( -0.0000000000000000000, 0.06975647374412545509, 0.9975640502598241977 ) ) ;
#5398 = ORIENTED_EDGE ( 'NONE', *, *, #7840, .T. ) ;
#5399 = CARTESIAN_POINT ( 'NONE',  ( -0.1379985506120829097, -0.001812995079102227560, -0.4989999999999999991 ) ) ;
#5400 = CARTESIAN_POINT ( 'NONE',  ( 0.07265778452590448966, -0.04794776549468757892, -0.4990000000000001101 ) ) ;
#5401 = DIRECTION ( 'NONE',  ( 0.0000000000000000000, 3.497426362856476757E-15, -1.000000000000000000 ) ) ;
#5402 = LINE ( 'NONE', #2854, #3028 ) ;
#5403 = COLOUR_RGB ( '',1.000000000000000000, 1.000000000000000000, 1.000000000000000000 ) ;
#5404 = DIRECTION ( 'NONE',  ( 0.0000000000000000000, -1.000000000000000000, 0.0000000000000000000 ) ) ;
#5405 = CARTESIAN_POINT ( 'NONE',  ( -0.03567907850180723761, 0.05252046284949429128, -0.4989999999999999991 ) ) ;
#5406 = EDGE_LOOP ( 'NONE', ( #6876, #3195, #2181, #4836 ) ) ;
#5407 =( BOUNDED_CURVE ( )  B_SPLINE_CURVE ( 3, ( #121, #6394, #4634, #5145 ),
 .UNSPECIFIED., .F., .F. ) 
 B_SPLINE_CURVE_WITH_KNOTS ( ( 4, 4 ),
 ( 5.500220136198056053, 7.066150478161118187 ),
 .UNSPECIFIED. ) 
 CURVE ( )  GEOMETRIC_REPRESENTATION_ITEM ( )  RATIONAL_B_SPLINE_CURVE ( ( 1.000000000000000000, 0.8058833813892013476, 0.8058833813892013476, 1.000000000000000000 ) ) 
 REPRESENTATION_ITEM ( '' )  );
#5408 = CARTESIAN_POINT ( 'NONE',  ( -0.7599999999999998979, -0.8700000000000001066, -0.3500000000000000333 ) ) ;
#5409 = ORIENTED_EDGE ( 'NONE', *, *, #1597, .T. ) ;
#5410 = FILL_AREA_STYLE_COLOUR ( '', #4856 ) ;
#5411 = CARTESIAN_POINT ( 'NONE',  ( 0.09366368176859943273, -0.01468276096489676448, -0.4989999999999998881 ) ) ;
#5412 = CYLINDRICAL_SURFACE ( 'NONE', #1185, 0.03999999999999988981 ) ;
#5413 = EDGE_LOOP ( 'NONE', ( #2260, #7294, #2619, #2271 ) ) ;
#5414 =( GEOMETRIC_REPRESENTATION_CONTEXT ( 3 ) GLOBAL_UNCERTAINTY_ASSIGNED_CONTEXT ( ( #5263 ) ) GLOBAL_UNIT_ASSIGNED_CONTEXT ( ( #1241, #6780, #1180 ) ) REPRESENTATION_CONTEXT ( 'NONE', 'WORKASPACE' ) );
#5415 = ORIENTED_EDGE ( 'NONE', *, *, #965, .F. ) ;
#5416 = PRESENTATION_STYLE_ASSIGNMENT (( #5279 ) ) ;
#5417 =( LENGTH_UNIT ( ) NAMED_UNIT ( * ) SI_UNIT ( .MILLI., .METRE. ) );
#5418 = VERTEX_POINT ( 'NONE', #7197 ) ;
#5419 = FILL_AREA_STYLE ('',( #349 ) ) ;
#5420 = PLANE ( 'NONE',  #7048 ) ;
#5421 = DIRECTION ( 'NONE',  ( -1.000000000000000000, -1.516296028482785726E-16, -2.168404344971008079E-15 ) ) ;
#5422 = VECTOR ( 'NONE', #1937, 1000.000000000000114 ) ;
#5423 = AXIS2_PLACEMENT_3D ( 'NONE', #7674, #7700, #7049 ) ;
#5424 = ORIENTED_EDGE ( 'NONE', *, *, #4603, .T. ) ;
#5425 = DIRECTION ( 'NONE',  ( 0.0000000000000000000, 1.000000000000000000, -6.023345402697245979E-16 ) ) ;
#5426 = FACE_OUTER_BOUND ( 'NONE', #396, .T. ) ;
#5427 = ORIENTED_EDGE ( 'NONE', *, *, #6973, .T. ) ;
#5428 = ADVANCED_FACE ( 'NONE', ( #6041 ), #1172, .T. ) ;
#5429 = SURFACE_STYLE_FILL_AREA ( #3473 ) ;
#5430 = ORIENTED_EDGE ( 'NONE', *, *, #2748, .F. ) ;
#5431 = AXIS2_PLACEMENT_3D ( 'NONE', #7509, #3582, #6160 ) ;
#5432 = CARTESIAN_POINT ( 'NONE',  ( 0.06071954954697326295, -0.03772343958953011667, -0.5000000000000000000 ) ) ;
#5433 = CARTESIAN_POINT ( 'NONE',  ( 0.1059339182993407624, 0.02221740084168064358, -0.5000000000000001110 ) ) ;
#5434 = DIRECTION ( 'NONE',  ( -1.000000000000000000, -0.0000000000000000000, -0.0000000000000000000 ) ) ;
#5435 = ORIENTED_EDGE ( 'NONE', *, *, #40, .T. ) ;
#5436 = AXIS2_PLACEMENT_3D ( 'NONE', #7496, #3615, #4979 ) ;
#5437 = VERTEX_POINT ( 'NONE', #1244 ) ;
#5438 = VERTEX_POINT ( 'NONE', #6986 ) ;
#5439 = PRESENTATION_LAYER_ASSIGNMENT (  '', '', ( #3191 ) ) ;
#5440 = ADVANCED_FACE ( 'NONE', ( #5264 ), #3671, .T. ) ;
#5441 = EDGE_CURVE ( 'NONE', #804, #7843, #1914, .T. ) ;
#5442 = VECTOR ( 'NONE', #6417, 1000.000000000000000 ) ;
#5443 = CARTESIAN_POINT ( 'NONE',  ( 0.1100000000000000006, -0.8300000000000011813, -0.04000000000000077105 ) ) ;
#5444 = CARTESIAN_POINT ( 'NONE',  ( 0.5400000000000000355, -0.8700000000000002176, -0.3899999999999999578 ) ) ;
#5445 = ORIENTED_EDGE ( 'NONE', *, *, #2266, .T. ) ;
#5446 = CARTESIAN_POINT ( 'NONE',  ( 0.04275070656651607653, 0.05223802068341153876, -0.4989999999999999991 ) ) ;
#5447 =( LENGTH_UNIT ( ) NAMED_UNIT ( * ) SI_UNIT ( .MILLI., .METRE. ) );
#5448 = SURFACE_STYLE_FILL_AREA ( #2403 ) ;
#5449 = SURFACE_SIDE_STYLE ('',( #2872 ) ) ;
#5450 = DIRECTION ( 'NONE',  ( -1.000000000000000000, 0.0000000000000000000, 0.0000000000000000000 ) ) ;
#5451 = EDGE_LOOP ( 'NONE', ( #7810, #5398, #5600, #5435, #1577, #5887, #3851, #7434, #3014, #3418, #7849 ) ) ;
#5452 = FILL_AREA_STYLE_COLOUR ( '', #6607 ) ;
#5453 = EDGE_CURVE ( 'NONE', #194, #1497, #8074, .T. ) ;
#5454 = CARTESIAN_POINT ( 'NONE',  ( 0.1557843361323391351, -0.03650392739440816436, -0.5000000000000000000 ) ) ;
#5455 = EDGE_CURVE ( 'NONE', #170, #1187, #6657, .T. ) ;
#5456 = CARTESIAN_POINT ( 'NONE',  ( -0.1012040338619571711, -0.04561769411362923826, -0.4989999999999999991 ) ) ;
#5457 = UNCERTAINTY_MEASURE_WITH_UNIT (LENGTH_MEASURE( 1.000000000000000082E-05 ), #605, 'distance_accuracy_value', 'NONE');
#5458 = PLANE ( 'NONE',  #2023 ) ;
#5459 = CARTESIAN_POINT ( 'NONE',  ( -0.1454351760627828616, -0.04747953715050572815, -0.5000000000000000000 ) ) ;
#5460 = CARTESIAN_POINT ( 'NONE',  ( -0.07104493216034385439, 0.04154485309339672749, -0.5000000000000000000 ) ) ;
#5461 =( NAMED_UNIT ( * ) SI_UNIT ( $, .STERADIAN. ) SOLID_ANGLE_UNIT ( ) );
#5462 = CARTESIAN_POINT ( 'NONE',  ( 0.002125799546973263822, 0.04154485309339672749, -0.4989999999999999991 ) ) ;
#5463 = CARTESIAN_POINT ( 'NONE',  ( -0.1696158163066852909, -0.01943075666270084600, -0.4989999999999999991 ) ) ;
#5464 = DIRECTION ( 'NONE',  ( -0.06958737431666477125, -0.06958737431666479900, 0.9951458157835084695 ) ) ;
#5465 = FILL_AREA_STYLE_COLOUR ( '', #4869 ) ;
#5466 = DIRECTION ( 'NONE',  ( -0.0000000000000000000, -0.0000000000000000000, -1.000000000000000000 ) ) ;
#5467 = CARTESIAN_POINT ( 'NONE',  ( -0.1100000000000000006, -1.050000000000000044, -0.5500000000000000444 ) ) ;
#5468 =( LENGTH_UNIT ( ) NAMED_UNIT ( * ) SI_UNIT ( .MILLI., .METRE. ) );
#5469 = PRODUCT_DEFINITION_CONTEXT ( 'detailed design', #874, 'design' ) ;
#5470 = ADVANCED_FACE ( 'NONE', ( #2979 ), #7045, .T. ) ;
#5471 = CARTESIAN_POINT ( 'NONE',  ( 0.1100000000000000006, -0.4833137806490306332, 0.1699999999999999567 ) ) ;
#5472 = AXIS2_PLACEMENT_3D ( 'NONE', #6330, #628, #5080 ) ;
#5473 = VECTOR ( 'NONE', #6107, 1000.000000000000000 ) ;
#5474 = VERTEX_POINT ( 'NONE', #728 ) ;
#5475 = CARTESIAN_POINT ( 'NONE',  ( 0.04332373524178487201, 0.04030367772824312855, -0.5000000000000002220 ) ) ;
#5476 =( GEOMETRIC_REPRESENTATION_CONTEXT ( 3 ) GLOBAL_UNCERTAINTY_ASSIGNED_CONTEXT ( ( #5789 ) ) GLOBAL_UNIT_ASSIGNED_CONTEXT ( ( #1406, #797, #738 ) ) REPRESENTATION_CONTEXT ( 'NONE', 'WORKASPACE' ) );
#5477 = PRESENTATION_LAYER_ASSIGNMENT (  '', '', ( #246 ) ) ;
#5478 =( LENGTH_UNIT ( ) NAMED_UNIT ( * ) SI_UNIT ( .MILLI., .METRE. ) );
#5479 =( LENGTH_UNIT ( ) NAMED_UNIT ( * ) SI_UNIT ( .MILLI., .METRE. ) );
#5480 = CARTESIAN_POINT ( 'NONE',  ( 0.7599999999999998979, 0.8700000000000002176, -0.3899999999999999578 ) ) ;
#5481 = FILL_AREA_STYLE ('',( #2938 ) ) ;
#5482 = LINE ( 'NONE', #3385, #3288 ) ;
#5483 = VERTEX_POINT ( 'NONE', #5153 ) ;
#5484 = FACE_OUTER_BOUND ( 'NONE', #8232, .T. ) ;
#5485 = DIRECTION ( 'NONE',  ( 0.0000000000000000000, 0.0000000000000000000, 1.000000000000000000 ) ) ;
#5486 = STYLED_ITEM ( 'NONE', ( #6938 ), #4525 ) ;
#5487 = DIRECTION ( 'NONE',  ( 0.0000000000000000000, -1.000000000000000000, -6.023345402697246965E-16 ) ) ;
#5488 = MECHANICAL_DESIGN_GEOMETRIC_PRESENTATION_REPRESENTATION (  '', ( #258 ), #2524 ) ;
#5489 = CARTESIAN_POINT ( 'NONE',  ( 1.025241530340738283, 0.5753633278277474616, -0.003454044793775284949 ) ) ;
#5490 = B_SPLINE_CURVE_WITH_KNOTS ( 'NONE', 3,
 ( #7298, #7238, #3407, #7946, #7978, #4767, #4786, #7328, #2261, #5976, #4701, #4132, #1591, #1645, #6016, #6691, #3440, #2223, #7916 ),
 .UNSPECIFIED., .F., .F.,
 ( 4, 1, 1, 1, 1, 1, 1, 1, 1, 1, 1, 1, 1, 1, 1, 1, 4 ),
 ( 0.0000000000000000000, 0.06863117867660099847, 0.1345664660386766964, 0.1983281540108808028, 0.2607897666408446891, 0.3219991514841584190, 0.3827217465030193222, 0.4435374740357288514, 0.5051334294849249007, 0.5662138747646714432, 0.6261058646175455822, 0.6853493221605165830, 0.7449958703477972399, 0.8054158418145627163, 0.8676362663459531444, 0.9323077823023292465, 1.000000000000000000 ),
 .UNSPECIFIED. ) ;
#5491 = CIRCLE ( 'NONE', #513, 0.05000000000000002359 ) ;
#5492 = VECTOR ( 'NONE', #2910, 1000.000000000000000 ) ;
#5493 = CARTESIAN_POINT ( 'NONE',  ( -0.03811810289205114916, -0.03650392739440816436, -0.4989999999999999991 ) ) ;
#5494 = CARTESIAN_POINT ( 'NONE',  ( -0.05763029801400236518, 0.05252046284949429128, -0.5000000000000000000 ) ) ;
#5495 = CARTESIAN_POINT ( 'NONE',  ( 0.03505262881526593349, -0.04229661032123743086, -0.4989999999999999991 ) ) ;
#5496 = UNCERTAINTY_MEASURE_WITH_UNIT (LENGTH_MEASURE( 1.000000000000000082E-05 ), #3652, 'distance_accuracy_value', 'NONE');
#5497 = ORIENTED_EDGE ( 'NONE', *, *, #908, .F. ) ;
#5498 = CARTESIAN_POINT ( 'NONE',  ( 0.09513647022960128319, 0.03919541217020888063, -0.4990000000000001101 ) ) ;
#5499 = PRESENTATION_STYLE_ASSIGNMENT (( #3687 ) ) ;
#5500 = VECTOR ( 'NONE', #1528, 1000.000000000000114 ) ;
#5501 = SURFACE_STYLE_FILL_AREA ( #267 ) ;
#5502 = FILL_AREA_STYLE_COLOUR ( '', #6904 ) ;
#5503 = ORIENTED_EDGE ( 'NONE', *, *, #4169, .F. ) ;
#5504 = CARTESIAN_POINT ( 'NONE',  ( 0.1045563225214993230, -0.02380314917250225815, -0.4989999999999999991 ) ) ;
#5505 = UNCERTAINTY_MEASURE_WITH_UNIT (LENGTH_MEASURE( 1.000000000000000082E-05 ), #4514, 'distance_accuracy_value', 'NONE');
#5506 = CARTESIAN_POINT ( 'NONE',  ( -0.2210449321603438488, -0.04747953715050572815, -0.5000000000000000000 ) ) ;
#5507 = CARTESIAN_POINT ( 'NONE',  ( 0.1100000000000000006, -0.8300000000000011813, -0.04000000000000077105 ) ) ;
#5508 = COLOUR_RGB ( '',1.000000000000000000, 1.000000000000000000, 1.000000000000000000 ) ;
#5509 = FACE_OUTER_BOUND ( 'NONE', #2761, .T. ) ;
#5510 = SURFACE_STYLE_FILL_AREA ( #1846 ) ;
#5511 = AXIS2_PLACEMENT_3D ( 'NONE', #395, #4242, #5485 ) ;
#5512 = ADVANCED_FACE ( 'NONE', ( #7371 ), #5356, .T. ) ;
#5513 = PRESENTATION_STYLE_ASSIGNMENT (( #5848 ) ) ;
#5514 = DIRECTION ( 'NONE',  ( -0.0000000000000000000, 1.000000000000000000, 3.497426362856476362E-15 ) ) ;
#5515 = VERTEX_POINT ( 'NONE', #2673 ) ;
#5516 = CARTESIAN_POINT ( 'NONE',  ( -0.7599999999999998979, 0.6700000000000002620, -0.3499999999999993672 ) ) ;
#5517 = ORIENTED_EDGE ( 'NONE', *, *, #4160, .F. ) ;
#5518 = DIRECTION ( 'NONE',  ( 0.0000000000000000000, 3.497426362856476757E-15, -1.000000000000000000 ) ) ;
#5519 = EDGE_CURVE ( 'NONE', #6219, #5910, #1200, .T. ) ;
#5520 = VECTOR ( 'NONE', #3845, 1000.000000000000000 ) ;
#5521 = ORIENTED_EDGE ( 'NONE', *, *, #3510, .F. ) ;
#5522 = CARTESIAN_POINT ( 'NONE',  ( -0.1241113720890326955, 0.01231973880118791831, -0.4999999999999997780 ) ) ;
#5523 = FILL_AREA_STYLE ('',( #482 ) ) ;
#5524 = PRESENTATION_LAYER_ASSIGNMENT (  '', '', ( #3966 ) ) ;
#5525 = VERTEX_POINT ( 'NONE', #7010 ) ;
#5526 = CIRCLE ( 'NONE', #1414, 0.1999999999999998723 ) ;
#5527 = CARTESIAN_POINT ( 'NONE',  ( -0.08579340777009993035, 0.04154485309339672749, -0.4989999999999999991 ) ) ;
#5528 = VERTEX_POINT ( 'NONE', #5812 ) ;
#5529 = CARTESIAN_POINT ( 'NONE',  ( -0.08524081630668527143, -0.03650392739440816436, -0.5000000000000000000 ) ) ;
#5530 = SURFACE_STYLE_USAGE ( .BOTH. , #3080 ) ;
#5531 = AXIS2_PLACEMENT_3D ( 'NONE', #7475, #479, #2400 ) ;
#5532 = FILL_AREA_STYLE_COLOUR ( '', #3464 ) ;
#5533 = CARTESIAN_POINT ( 'NONE',  ( 0.9504035209157121189, 0.5504035209157125408, 0.3499999999999999778 ) ) ;
#5534 = COLOUR_RGB ( '',0.2509803921568627416, 0.2509803921568627416, 0.2509803921568627416 ) ;
#5535 = VERTEX_POINT ( 'NONE', #2895 ) ;
#5536 = LINE ( 'NONE', #3356, #3733 ) ;
#5537 = ORIENTED_EDGE ( 'NONE', *, *, #2415, .F. ) ;
#5538 = EDGE_CURVE ( 'NONE', #2457, #2956, #5161, .T. ) ;
#5539 =( LENGTH_UNIT ( ) NAMED_UNIT ( * ) SI_UNIT ( .MILLI., .METRE. ) );
#5540 = CARTESIAN_POINT ( 'NONE',  ( -0.1888003692489944874, 0.03638315817511340866, -0.5000000000000001110 ) ) ;
#5541 = DIRECTION ( 'NONE',  ( 0.0000000000000000000, -3.497426362856476757E-15, -1.000000000000000000 ) ) ;
#5542 = AXIS2_PLACEMENT_3D ( 'NONE', #5254, #2752, #219 ) ;
#5543 = SURFACE_STYLE_FILL_AREA ( #5378 ) ;
#5544 = EDGE_LOOP ( 'NONE', ( #6940, #4491, #5246, #4031, #8031, #1080, #5625, #6352, #1017, #6951, #285 ) ) ;
#5545 = MECHANICAL_DESIGN_GEOMETRIC_PRESENTATION_REPRESENTATION (  '', ( #4104 ), #905 ) ;
#5546 = PRESENTATION_LAYER_ASSIGNMENT (  '', '', ( #6997 ) ) ;
#5547 = PLANE ( 'NONE',  #7055 ) ;
#5548 = EDGE_CURVE ( 'NONE', #6219, #2517, #3648, .T. ) ;
#5549 = SURFACE_STYLE_FILL_AREA ( #6505 ) ;
#5550 = CARTESIAN_POINT ( 'NONE',  ( -0.08999595294116541355, 0.04145837951056664111, -0.5000000000000001110 ) ) ;
#5551 = ORIENTED_EDGE ( 'NONE', *, *, #5048, .T. ) ;
#5552 = SURFACE_SIDE_STYLE ('',( #87 ) ) ;
#5553 = FILL_AREA_STYLE_COLOUR ( '', #6925 ) ;
#5554 = PRESENTATION_LAYER_ASSIGNMENT (  '', '', ( #44 ) ) ;
#5555 = DIRECTION ( 'NONE',  ( -1.000000000000000000, 0.0000000000000000000, 0.0000000000000000000 ) ) ;
#5556 = DIRECTION ( 'NONE',  ( 0.0000000000000000000, -0.0000000000000000000, 1.000000000000000000 ) ) ;
#5557 = VECTOR ( 'NONE', #3806, 1000.000000000000000 ) ;
#5558 = CARTESIAN_POINT ( 'NONE',  ( -0.08482160898961210727, -0.04747953715050572815, -0.4989999999999999991 ) ) ;
#5559 = UNCERTAINTY_MEASURE_WITH_UNIT (LENGTH_MEASURE( 1.000000000000000082E-05 ), #109, 'distance_accuracy_value', 'NONE');
#5560 = DIRECTION ( 'NONE',  ( -0.0000000000000000000, -1.000000000000000000, -0.0000000000000000000 ) ) ;
#5561 = EDGE_CURVE ( 'NONE', #3317, #1581, #426, .T. ) ;
#5562 = CARTESIAN_POINT ( 'NONE',  ( 0.06071954954697326295, -0.03772343958953011667, -0.4989999999999999991 ) ) ;
#5563 =( LENGTH_UNIT ( ) NAMED_UNIT ( * ) SI_UNIT ( .MILLI., .METRE. ) );
#5564 = CARTESIAN_POINT ( 'NONE',  ( -0.1220998925170402316, 0.02007831099566795285, -0.4989999999999997771 ) ) ;
#5565 = EDGE_LOOP ( 'NONE', ( #2741, #6601, #4847 ) ) ;
#5566 =( GEOMETRIC_REPRESENTATION_CONTEXT ( 3 ) GLOBAL_UNCERTAINTY_ASSIGNED_CONTEXT ( ( #8093 ) ) GLOBAL_UNIT_ASSIGNED_CONTEXT ( ( #7904, #2111, #857 ) ) REPRESENTATION_CONTEXT ( 'NONE', 'WORKASPACE' ) );
#5567 =( NAMED_UNIT ( * ) SI_UNIT ( $, .STERADIAN. ) SOLID_ANGLE_UNIT ( ) );
#5568 = CARTESIAN_POINT ( 'NONE',  ( 0.5400000000000000355, -1.050000000000000044, -0.5500000000000000444 ) ) ;
#5569 = CARTESIAN_POINT ( 'NONE',  ( 0.5400000000000000355, 0.6700000000000002620, -0.3499999999999993672 ) ) ;
#5570 = DIRECTION ( 'NONE',  ( 0.0000000000000000000, -0.0000000000000000000, -1.000000000000000000 ) ) ;
#5571 = PRESENTATION_LAYER_ASSIGNMENT (  '', '', ( #4747 ) ) ;
#5572 = ORIENTED_EDGE ( 'NONE', *, *, #3931, .F. ) ;
#5573 = VECTOR ( 'NONE', #986, 1000.000000000000000 ) ;
#5574 = ORIENTED_EDGE ( 'NONE', *, *, #525, .T. ) ;
#5575 = CARTESIAN_POINT ( 'NONE',  ( 0.7599999999999998979, 0.6243137685856749997, 0.009813566431136535456 ) ) ;
#5576 = SURFACE_SIDE_STYLE ('',( #6005 ) ) ;
#5577 = CARTESIAN_POINT ( 'NONE',  ( 0.7599999999999998979, -0.8700000000000001066, -0.5499999999999999334 ) ) ;
#5578 = STYLED_ITEM ( 'NONE', ( #1078 ), #6688 ) ;
#5579 = SURFACE_STYLE_FILL_AREA ( #6444 ) ;
#5580 = PRESENTATION_LAYER_ASSIGNMENT (  '', '', ( #420 ) ) ;
#5581 = CARTESIAN_POINT ( 'NONE',  ( -0.1888003692489944874, 0.03638315817511340866, -0.4990000000000001101 ) ) ;
#5582 = EDGE_CURVE ( 'NONE', #5288, #6087, #3258, .T. ) ;
#5583 = SURFACE_SIDE_STYLE ('',( #4811 ) ) ;
#5584 = VECTOR ( 'NONE', #2921, 1000.000000000000000 ) ;
#5585 = CARTESIAN_POINT ( 'NONE',  ( -0.1165463296255964121, 0.02951746950985125253, -0.4999999999999998890 ) ) ;
#5586 = ORIENTED_EDGE ( 'NONE', *, *, #2042, .T. ) ;
#5587 = ADVANCED_FACE ( 'NONE', ( #3749 ), #325, .T. ) ;
#5588 = VECTOR ( 'NONE', #6833, 1000.000000000000114 ) ;
#5589 = SURFACE_STYLE_FILL_AREA ( #645 ) ;
#5590 = FILL_AREA_STYLE ('',( #8062 ) ) ;
#5591 = SURFACE_STYLE_USAGE ( .BOTH. , #1838 ) ;
#5592 = CARTESIAN_POINT ( 'NONE',  ( -0.1247034687457096586, 0.003492261629982082970, -0.5000000000000000000 ) ) ;
#5593 =( GEOMETRIC_REPRESENTATION_CONTEXT ( 3 ) GLOBAL_UNCERTAINTY_ASSIGNED_CONTEXT ( ( #1969 ) ) GLOBAL_UNIT_ASSIGNED_CONTEXT ( ( #7413, #451, #4293 ) ) REPRESENTATION_CONTEXT ( 'NONE', 'WORKASPACE' ) );
#5594 = CARTESIAN_POINT ( 'NONE',  ( -0.7599999999999998979, -0.6700000000000012612, -0.04000000000000020900 ) ) ;
#5595 = ADVANCED_BREP_SHAPE_REPRESENTATION ( 'SOT-363_L2.1-W1.3-P0.65-LS2.1-BL', ( #5269, #5644 ), #7608 ) ;
#5596 = ORIENTED_EDGE ( 'NONE', *, *, #2718, .T. ) ;
#5597 = FACE_OUTER_BOUND ( 'NONE', #7479, .T. ) ;
#5598 = EDGE_CURVE ( 'NONE', #1754, #5345, #5636, .T. ) ;
#5599 = PLANE ( 'NONE',  #7877 ) ;
#5600 = ORIENTED_EDGE ( 'NONE', *, *, #788, .T. ) ;
#5601 = PRESENTATION_STYLE_ASSIGNMENT (( #689 ) ) ;
#5602 = SURFACE_STYLE_USAGE ( .BOTH. , #6265 ) ;
#5603 = FILL_AREA_STYLE_COLOUR ( '', #4826 ) ;
#5604 = CARTESIAN_POINT ( 'NONE',  ( 0.03599096789276486075, -0.04281453528822672799, -0.5000000000000000000 ) ) ;
#5605 = LINE ( 'NONE', #7687, #1373 ) ;
#5606 = FILL_AREA_STYLE ('',( #7590 ) ) ;
#5607 = ORIENTED_EDGE ( 'NONE', *, *, #5155, .F. ) ;
#5608 = SURFACE_STYLE_FILL_AREA ( #316 ) ;
#5609 = ORIENTED_EDGE ( 'NONE', *, *, #3835, .F. ) ;
#5610 = LINE ( 'NONE', #290, #1583 ) ;
#5611 = COLOUR_RGB ( '',1.000000000000000000, 1.000000000000000000, 1.000000000000000000 ) ;
#5612 = CARTESIAN_POINT ( 'NONE',  ( -0.1015638117125612500, 0.03922693708244590766, -0.4989999999999998881 ) ) ;
#5613 = VERTEX_POINT ( 'NONE', #3470 ) ;
#5614 = COLOUR_RGB ( '',1.000000000000000000, 1.000000000000000000, 1.000000000000000000 ) ;
#5615 = SURFACE_STYLE_FILL_AREA ( #3438 ) ;
#5616 = VERTEX_POINT ( 'NONE', #1031 ) ;
#5617 = VECTOR ( 'NONE', #6105, 1000.000000000000000 ) ;
#5618 = VERTEX_POINT ( 'NONE', #979 ) ;
#5619 = LINE ( 'NONE', #4078, #4852 ) ;
#5620 = LINE ( 'NONE', #6246, #7753 ) ;
#5621 = FILL_AREA_STYLE_COLOUR ( '', #4317 ) ;
#5622 = ORIENTED_EDGE ( 'NONE', *, *, #7164, .T. ) ;
#5623 = DIRECTION ( 'NONE',  ( 0.3536223923290756632, -0.9353882635801357148, 0.0000000000000000000 ) ) ;
#5624 = VECTOR ( 'NONE', #7864, 1000.000000000000000 ) ;
#5625 = ORIENTED_EDGE ( 'NONE', *, *, #7699, .F. ) ;
#5626 = VERTEX_POINT ( 'NONE', #7363 ) ;
#5627 = DIRECTION ( 'NONE',  ( -0.0000000000000000000, -1.000000000000000000, -0.0000000000000000000 ) ) ;
#5628 = ORIENTED_EDGE ( 'NONE', *, *, #4549, .T. ) ;
#5629 = VECTOR ( 'NONE', #6173, 1000.000000000000000 ) ;
#5630 = CARTESIAN_POINT ( 'NONE',  ( 0.1100000000000000006, -0.4833137806490306332, 0.1699999999999999567 ) ) ;
#5631 = CARTESIAN_POINT ( 'NONE',  ( -0.9753633278277478169, 0.6252415303407387048, 0.003454044793775287985 ) ) ;
#5632 =( GEOMETRIC_REPRESENTATION_CONTEXT ( 3 ) GLOBAL_UNCERTAINTY_ASSIGNED_CONTEXT ( ( #4450 ) ) GLOBAL_UNIT_ASSIGNED_CONTEXT ( ( #3879, #5135, #7019 ) ) REPRESENTATION_CONTEXT ( 'NONE', 'WORKASPACE' ) );
#5633 = ORIENTED_EDGE ( 'NONE', *, *, #3569, .F. ) ;
#5634 = MECHANICAL_DESIGN_GEOMETRIC_PRESENTATION_REPRESENTATION (  '', ( #2514 ), #6058 ) ;
#5635 = CARTESIAN_POINT ( 'NONE',  ( -0.1898330419164413752, 0.04032534089827476825, -0.4989999999999999991 ) ) ;
#5636 = CIRCLE ( 'NONE', #2296, 0.2100000000000000477 ) ;
#5637 = DIRECTION ( 'NONE',  ( 0.0000000000000000000, -0.0000000000000000000, 1.000000000000000000 ) ) ;
#5638 = LINE ( 'NONE', #503, #3750 ) ;
#5639 = ORIENTED_EDGE ( 'NONE', *, *, #3525, .F. ) ;
#5640 =( NAMED_UNIT ( * ) SI_UNIT ( $, .STERADIAN. ) SOLID_ANGLE_UNIT ( ) );
#5641 = CARTESIAN_POINT ( 'NONE',  ( -0.1247034687457096586, 0.003492261629982082970, -0.4989999999999999991 ) ) ;
#5642 = AXIS2_PLACEMENT_3D ( 'NONE', #2797, #5421, #2350 ) ;
#5643 = COLOUR_RGB ( '',0.2509803921568627416, 0.2509803921568627416, 0.2509803921568627416 ) ;
#5644 = AXIS2_PLACEMENT_3D ( 'NONE', #6798, #6860, #3044 ) ;
#5645 = STYLED_ITEM ( 'NONE', ( #3214 ), #474 ) ;
#5646 = DIRECTION ( 'NONE',  ( 1.000000000000000000, 0.0000000000000000000, -0.0000000000000000000 ) ) ;
#5647 = DIRECTION ( 'NONE',  ( 1.000000000000000000, 0.0000000000000000000, 0.0000000000000000000 ) ) ;
#5648 = EDGE_CURVE ( 'NONE', #5618, #3925, #8146, .T. ) ;
#5649 = VECTOR ( 'NONE', #3950, 1000.000000000000000 ) ;
#5650 = FILL_AREA_STYLE_COLOUR ( '', #5387 ) ;
#5651 = SURFACE_STYLE_USAGE ( .BOTH. , #1700 ) ;
#5652 = B_SPLINE_CURVE_WITH_KNOTS ( 'NONE', 3,
 ( #3482, #2777, #4063, #1526, #5913, #7225, #1578, #4089, #7932, #3369, #2193, #2136, #5967, #969, #2171, #6538, #5376, #1613, #2216 ),
 .UNSPECIFIED., .F., .F.,
 ( 4, 1, 1, 1, 1, 1, 1, 1, 1, 1, 1, 1, 1, 1, 1, 1, 4 ),
 ( 0.0000000000000000000, 0.06460397028839230671, 0.1267024139629473467, 0.1867568140356183348, 0.2455056873654374860, 0.3036520244499754662, 0.3615030739706254770, 0.4202402229284675772, 0.4800333407766962934, 0.5406781347755160727, 0.6011918063807818458, 0.6623335024774423818, 0.7247395102972318259, 0.7894677361728866805, 0.8565048600438308624, 0.9263120958391902748, 1.000000000000000000 ),
 .UNSPECIFIED. ) ;
#5653 = UNCERTAINTY_MEASURE_WITH_UNIT (LENGTH_MEASURE( 1.000000000000000082E-05 ), #5468, 'distance_accuracy_value', 'NONE');
#5654 = EDGE_CURVE ( 'NONE', #3883, #2367, #7266, .T. ) ;
#5655 =( LENGTH_UNIT ( ) NAMED_UNIT ( * ) SI_UNIT ( .MILLI., .METRE. ) );
#5656 = CARTESIAN_POINT ( 'NONE',  ( 0.1100000000000000006, -0.8700000000000001066, -0.3500000000000000333 ) ) ;
#5657 = DIRECTION ( 'NONE',  ( -0.0000000000000000000, -0.0000000000000000000, 1.000000000000000000 ) ) ;
#5658 = SURFACE_SIDE_STYLE ('',( #6835 ) ) ;
#5659 = ORIENTED_EDGE ( 'NONE', *, *, #639, .F. ) ;
#5660 = SURFACE_STYLE_USAGE ( .BOTH. , #5014 ) ;
#5661 = MECHANICAL_DESIGN_GEOMETRIC_PRESENTATION_REPRESENTATION (  '', ( #6518 ), #7835 ) ;
#5662 = CARTESIAN_POINT ( 'NONE',  ( -1.025000000000000355, 0.6131124419696033501, 0.1699999999999999567 ) ) ;
#5663 = CARTESIAN_POINT ( 'NONE',  ( 0.7599999999999998979, -0.6700000000000002620, -0.3499999999999993672 ) ) ;
#5664 = SURFACE_STYLE_FILL_AREA ( #3711 ) ;
#5665 = ORIENTED_EDGE ( 'NONE', *, *, #1370, .F. ) ;
#5666 = ORIENTED_EDGE ( 'NONE', *, *, #101, .F. ) ;
#5667 = EDGE_CURVE ( 'NONE', #8151, #3094, #6758, .T. ) ;
#5668 = FACE_OUTER_BOUND ( 'NONE', #8064, .T. ) ;
#5669 =( GEOMETRIC_REPRESENTATION_CONTEXT ( 3 ) GLOBAL_UNCERTAINTY_ASSIGNED_CONTEXT ( ( #703 ) ) GLOBAL_UNIT_ASSIGNED_CONTEXT ( ( #751, #3848, #932 ) ) REPRESENTATION_CONTEXT ( 'NONE', 'WORKASPACE' ) );
#5670 = PLANE ( 'NONE',  #5236 ) ;
#5671 = CARTESIAN_POINT ( 'NONE',  ( 0.7599999999999998979, 0.8700000000000001066, -0.3500000000000000333 ) ) ;
#5672 = CARTESIAN_POINT ( 'NONE',  ( -0.1232605906332365220, 0.03934717408962737362, -0.4989999999999999991 ) ) ;
#5673 = ORIENTED_EDGE ( 'NONE', *, *, #608, .T. ) ;
#5674 =( NAMED_UNIT ( * ) SI_UNIT ( $, .STERADIAN. ) SOLID_ANGLE_UNIT ( ) );
#5675 = CARTESIAN_POINT ( 'NONE',  ( 0.7599999999999998979, -0.4833137806490306332, 0.1699999999999999567 ) ) ;
#5676 = AXIS2_PLACEMENT_3D ( 'NONE', #2028, #2006, #6390 ) ;
#5677 = AXIS2_PLACEMENT_3D ( 'NONE', #1896, #4444, #6286 ) ;
#5678 = CARTESIAN_POINT ( 'NONE',  ( 0.1086365725736170990, 0.01195491202821675342, -0.4990000000000002212 ) ) ;
#5679 = CARTESIAN_POINT ( 'NONE',  ( -0.6680540323600325792, -0.3440386105051373988, 0.3990000000000000213 ) ) ;
#5680 = FILL_AREA_STYLE_COLOUR ( '', #1981 ) ;
#5681 = EDGE_CURVE ( 'NONE', #3439, #4799, #6648, .T. ) ;
#5682 = MECHANICAL_DESIGN_GEOMETRIC_PRESENTATION_REPRESENTATION (  '', ( #191 ), #7430 ) ;
#5683 = CARTESIAN_POINT ( 'NONE',  ( -0.5400000000000000355, 0.8700000000000001066, -0.5499999999999999334 ) ) ;
#5684 = SURFACE_STYLE_FILL_AREA ( #3398 ) ;
#5685 = STYLED_ITEM ( 'NONE', ( #2789 ), #3922 ) ;
#5686 = LINE ( 'NONE', #5631, #2232 ) ;
#5687 = VERTEX_POINT ( 'NONE', #6789 ) ;
#5688 = CARTESIAN_POINT ( 'NONE',  ( 0.5400000000000000355, -0.6700000000000012612, -0.04000000000000020900 ) ) ;
#5689 = AXIS2_PLACEMENT_3D ( 'NONE', #7309, #460, #8007 ) ;
#5690 = STYLED_ITEM ( 'NONE', ( #2958 ), #171 ) ;
#5691 = DIRECTION ( 'NONE',  ( -1.000000000000000000, -0.0000000000000000000, -0.0000000000000000000 ) ) ;
#5692 = CYLINDRICAL_SURFACE ( 'NONE', #5901, 0.2100000000000000200 ) ;
#5693 = ORIENTED_EDGE ( 'NONE', *, *, #6776, .F. ) ;
#5694 = VECTOR ( 'NONE', #7966, 1000.000000000000000 ) ;
#5695 = UNCERTAINTY_MEASURE_WITH_UNIT (LENGTH_MEASURE( 1.000000000000000082E-05 ), #6991, 'distance_accuracy_value', 'NONE');
#5696 = ORIENTED_EDGE ( 'NONE', *, *, #3931, .T. ) ;
#5697 = CARTESIAN_POINT ( 'NONE',  ( -0.08524081630668527143, -0.03650392739440816436, -0.5000000000000000000 ) ) ;
#5698 = DIRECTION ( 'NONE',  ( -0.0000000000000000000, -0.0000000000000000000, -1.000000000000000000 ) ) ;
#5699 = CARTESIAN_POINT ( 'NONE',  ( -0.1016119640926019391, 0.05073096127790734794, -0.4999999999999998890 ) ) ;
#5700 = SURFACE_SIDE_STYLE ('',( #2115 ) ) ;
#5701 = PRESENTATION_LAYER_ASSIGNMENT (  '', '', ( #7003 ) ) ;
#5702 = CARTESIAN_POINT ( 'NONE',  ( 0.002125799546973263822, -0.002357585930993527645, -0.4989999999999999991 ) ) ;
#5703 = EDGE_CURVE ( 'NONE', #3617, #6140, #7154, .T. ) ;
#5704 = CARTESIAN_POINT ( 'NONE',  ( 0.06122067335434576429, -0.04868324896458837980, -0.5000000000000000000 ) ) ;
#5705 = ORIENTED_EDGE ( 'NONE', *, *, #5390, .F. ) ;
#5706 = DIRECTION ( 'NONE',  ( 0.0000000000000000000, 0.0000000000000000000, 1.000000000000000000 ) ) ;
#5707 = DIRECTION ( 'NONE',  ( 1.000000000000000000, 0.0000000000000000000, 0.0000000000000000000 ) ) ;
#5708 = LINE ( 'NONE', #1242, #3224 ) ;
#5709 = ORIENTED_EDGE ( 'NONE', *, *, #3747, .F. ) ;
#5710 = EDGE_CURVE ( 'NONE', #4932, #7936, #6955, .T. ) ;
#5711 = CARTESIAN_POINT ( 'NONE',  ( -0.1099999999999999589, 0.6250000000000001110, 0.0000000000000000000 ) ) ;
#5712 = DIRECTION ( 'NONE',  ( -1.000000000000000000, 0.0000000000000000000, 0.0000000000000000000 ) ) ;
#5713 = LINE ( 'NONE', #7585, #6621 ) ;
#5714 = FILL_AREA_STYLE_COLOUR ( '', #6454 ) ;
#5715 = ORIENTED_EDGE ( 'NONE', *, *, #2632, .T. ) ;
#5716 = LINE ( 'NONE', #5282, #5143 ) ;
#5717 = ORIENTED_EDGE ( 'NONE', *, *, #6749, .T. ) ;
#5718 = LINE ( 'NONE', #6264, #6842 ) ;
#5719 = SURFACE_STYLE_FILL_AREA ( #4287 ) ;
#5720 = DIRECTION ( 'NONE',  ( 0.0000000000000000000, -1.000000000000000000, 0.0000000000000000000 ) ) ;
#5721 = CARTESIAN_POINT ( 'NONE',  ( -0.08579340777009993035, 0.04154485309339672749, -0.5000000000000000000 ) ) ;
#5722 = STYLED_ITEM ( 'NONE', ( #3509 ), #7039 ) ;
#5723 = ORIENTED_EDGE ( 'NONE', *, *, #1762, .F. ) ;
#5724 = CIRCLE ( 'NONE', #994, 0.05000000000000002359 ) ;
#5725 = VERTEX_POINT ( 'NONE', #1736 ) ;
#5726 = MECHANICAL_DESIGN_GEOMETRIC_PRESENTATION_REPRESENTATION (  '', ( #4787 ), #1405 ) ;
#5727 = COLOUR_RGB ( '',1.000000000000000000, 1.000000000000000000, 1.000000000000000000 ) ;
#5728 = CARTESIAN_POINT ( 'NONE',  ( -0.1344932587429732429, 0.02380084702891684806, -0.5000000000000001110 ) ) ;
#5729 = LINE ( 'NONE', #7355, #4047 ) ;
#5730 = ORIENTED_EDGE ( 'NONE', *, *, #2889, .F. ) ;
#5731 = CARTESIAN_POINT ( 'NONE',  ( 0.03747149223695981496, 0.05075843040233819770, -0.5000000000000001110 ) ) ;
#5732 = CARTESIAN_POINT ( 'NONE',  ( -0.5400000000000000355, -0.8300000000000001821, -0.3499999999999998668 ) ) ;
#5733 =( GEOMETRIC_REPRESENTATION_CONTEXT ( 3 ) GLOBAL_UNCERTAINTY_ASSIGNED_CONTEXT ( ( #2314 ) ) GLOBAL_UNIT_ASSIGNED_CONTEXT ( ( #7872, #5180, #115 ) ) REPRESENTATION_CONTEXT ( 'NONE', 'WORKASPACE' ) );
#5734 = CARTESIAN_POINT ( 'NONE',  ( 0.7599999999999998979, 0.8700000000000001066, -0.5499999999999999334 ) ) ;
#5735 =( NAMED_UNIT ( * ) PLANE_ANGLE_UNIT ( ) SI_UNIT ( $, .RADIAN. ) );
#5736 = SURFACE_SIDE_STYLE ('',( #2290 ) ) ;
#5737 = CIRCLE ( 'NONE', #3002, 0.05000000000000002359 ) ;
#5738 = SURFACE_SIDE_STYLE ('',( #1098 ) ) ;
#5739 = EDGE_LOOP ( 'NONE', ( #6678, #6526, #2746, #590 ) ) ;
#5740 = FILL_AREA_STYLE ('',( #7762 ) ) ;
#5741 = EDGE_CURVE ( 'NONE', #4624, #6635, #3066, .T. ) ;
#5742 = CARTESIAN_POINT ( 'NONE',  ( 0.1100000000000000006, 0.6200000000000012168, -0.04000000000000002859 ) ) ;
#5743 = FACE_OUTER_BOUND ( 'NONE', #1537, .T. ) ;
#5744 = CARTESIAN_POINT ( 'NONE',  ( 0.08594039495352898128, -0.04350289880386526420, -0.5000000000000000000 ) ) ;
#5745 =( GEOMETRIC_REPRESENTATION_CONTEXT ( 3 ) GLOBAL_UNCERTAINTY_ASSIGNED_CONTEXT ( ( #1115 ) ) GLOBAL_UNIT_ASSIGNED_CONTEXT ( ( #1709, #7444, #2320 ) ) REPRESENTATION_CONTEXT ( 'NONE', 'WORKASPACE' ) );
#5746 = COLOUR_RGB ( '',0.0000000000000000000, 0.0000000000000000000, 0.0000000000000000000 ) ;
#5747 = UNCERTAINTY_MEASURE_WITH_UNIT (LENGTH_MEASURE( 1.000000000000000082E-05 ), #3624, 'distance_accuracy_value', 'NONE');
#5748 = DIRECTION ( 'NONE',  ( 0.0000000000000000000, 0.0000000000000000000, 1.000000000000000000 ) ) ;
#5749 = CARTESIAN_POINT ( 'NONE',  ( -0.1379985506120829097, -0.001812995079102227560, -0.5000000000000000000 ) ) ;
#5750 = DIRECTION ( 'NONE',  ( -1.000000000000000000, -0.0000000000000000000, -0.0000000000000000000 ) ) ;
#5751 = ADVANCED_FACE ( 'NONE', ( #5256 ), #2382, .T. ) ;
#5752 = CIRCLE ( 'NONE', #7439, 0.05000000000000001665 ) ;
#5753 = EDGE_LOOP ( 'NONE', ( #4505, #6199, #7538, #680 ) ) ;
#5754 = FILL_AREA_STYLE ('',( #1366 ) ) ;
#5755 = FILL_AREA_STYLE_COLOUR ( '', #6209 ) ;
#5756 = FILL_AREA_STYLE_COLOUR ( '', #2919 ) ;
#5757 = DIRECTION ( 'NONE',  ( 0.0000000000000000000, -0.0000000000000000000, 1.000000000000000000 ) ) ;
#5758 = SURFACE_STYLE_FILL_AREA ( #4724 ) ;
#5759 =( NAMED_UNIT ( * ) SI_UNIT ( $, .STERADIAN. ) SOLID_ANGLE_UNIT ( ) );
#5760 = SURFACE_SIDE_STYLE ('',( #5954 ) ) ;
#5761 = EDGE_LOOP ( 'NONE', ( #93, #2287, #6983, #7221 ) ) ;
#5762 = CIRCLE ( 'NONE', #141, 0.05000000000000002359 ) ;
#5763 = ORIENTED_EDGE ( 'NONE', *, *, #925, .F. ) ;
#5764 = MECHANICAL_DESIGN_GEOMETRIC_PRESENTATION_REPRESENTATION (  '', ( #6350 ), #6198 ) ;
#5765 = FILL_AREA_STYLE_COLOUR ( '', #2427 ) ;
#5766 = CARTESIAN_POINT ( 'NONE',  ( -0.1381181028920511755, 0.003778084800713790541, -0.4989999999999999991 ) ) ;
#5767 = EDGE_CURVE ( 'NONE', #3299, #2542, #4044, .T. ) ;
#5768 = ORIENTED_EDGE ( 'NONE', *, *, #3985, .F. ) ;
#5769 = PRESENTATION_LAYER_ASSIGNMENT (  '', '', ( #1688 ) ) ;
#5770 = DIRECTION ( 'NONE',  ( -0.0000000000000000000, -0.0000000000000000000, -1.000000000000000000 ) ) ;
#5771 = FILL_AREA_STYLE ('',( #6920 ) ) ;
#5772 = DIRECTION ( 'NONE',  ( 0.0000000000000000000, 3.497426362856476362E-15, -1.000000000000000000 ) ) ;
#5773 = SURFACE_STYLE_USAGE ( .BOTH. , #1442 ) ;
#5774 = PRESENTATION_STYLE_ASSIGNMENT (( #195 ) ) ;
#5775 = PRESENTATION_LAYER_ASSIGNMENT (  '', '', ( #721 ) ) ;
#5776 = VERTEX_POINT ( 'NONE', #6813 ) ;
#5777 = COLOUR_RGB ( '',1.000000000000000000, 1.000000000000000000, 1.000000000000000000 ) ;
#5778 = CARTESIAN_POINT ( 'NONE',  ( 0.7599999999999998979, -0.6243137685856749997, 0.009813566431136535456 ) ) ;
#5779 = COLOUR_RGB ( '',0.2509803921568627416, 0.2509803921568627416, 0.2509803921568627416 ) ;
#5780 = FILL_AREA_STYLE_COLOUR ( '', #5643 ) ;
#5781 = FILL_AREA_STYLE_COLOUR ( '', #1295 ) ;
#5782 = VECTOR ( 'NONE', #7465, 1000.000000000000000 ) ;
#5783 = EDGE_CURVE ( 'NONE', #5535, #5383, #6636, .T. ) ;
#5784 = ORIENTED_EDGE ( 'NONE', *, *, #2702, .F. ) ;
#5785 = MECHANICAL_DESIGN_GEOMETRIC_PRESENTATION_REPRESENTATION (  '', ( #3936 ), #1257 ) ;
#5786 = LINE ( 'NONE', #2607, #4841 ) ;
#5787 =( GEOMETRIC_REPRESENTATION_CONTEXT ( 3 ) GLOBAL_UNCERTAINTY_ASSIGNED_CONTEXT ( ( #2573 ) ) GLOBAL_UNIT_ASSIGNED_CONTEXT ( ( #2760, #6546, #2014 ) ) REPRESENTATION_CONTEXT ( 'NONE', 'WORKASPACE' ) );
#5788 =( NAMED_UNIT ( * ) PLANE_ANGLE_UNIT ( ) SI_UNIT ( $, .RADIAN. ) );
#5789 = UNCERTAINTY_MEASURE_WITH_UNIT (LENGTH_MEASURE( 1.000000000000000082E-05 ), #1406, 'distance_accuracy_value', 'NONE');
#5790 = ORIENTED_EDGE ( 'NONE', *, *, #2305, .F. ) ;
#5791 = ADVANCED_FACE ( 'NONE', ( #7256 ), #1791, .F. ) ;
#5792 =( NAMED_UNIT ( * ) SI_UNIT ( $, .STERADIAN. ) SOLID_ANGLE_UNIT ( ) );
#5793 = LINE ( 'NONE', #4958, #2847 ) ;
#5794 = VERTEX_POINT ( 'NONE', #2343 ) ;
#5795 = EDGE_CURVE ( 'NONE', #6117, #6565, #4353, .T. ) ;
#5796 = ORIENTED_EDGE ( 'NONE', *, *, #3742, .T. ) ;
#5797 = PRESENTATION_STYLE_ASSIGNMENT (( #7669 ) ) ;
#5798 = FILL_AREA_STYLE_COLOUR ( '', #6817 ) ;
#5799 = CARTESIAN_POINT ( 'NONE',  ( 0.03505262881526593349, -0.04229661032123743086, -0.5000000000000000000 ) ) ;
#5800 = ORIENTED_EDGE ( 'NONE', *, *, #4961, .T. ) ;
#5801 = LINE ( 'NONE', #1786, #3826 ) ;
#5802 = CARTESIAN_POINT ( 'NONE',  ( -0.1381181028920511755, 0.003778084800713790541, -0.4989999999999999991 ) ) ;
#5803 = CARTESIAN_POINT ( 'NONE',  ( 0.1100000000000000006, 0.8700000000000001066, -0.3500000000000000333 ) ) ;
#5804 = ORIENTED_EDGE ( 'NONE', *, *, #7276, .T. ) ;
#5805 = DIRECTION ( 'NONE',  ( 1.000000000000000000, 0.0000000000000000000, -0.0000000000000000000 ) ) ;
#5806 = CARTESIAN_POINT ( 'NONE',  ( -0.08579340777009993035, 0.04154485309339672749, -0.4989999999999999991 ) ) ;
#5807 = VECTOR ( 'NONE', #1824, 1000.000000000000000 ) ;
#5808 = ORIENTED_EDGE ( 'NONE', *, *, #368, .F. ) ;
#5809 = CARTESIAN_POINT ( 'NONE',  ( -0.7599999999999998979, -0.8300000000000011813, -0.04000000000000077105 ) ) ;
#5810 = VERTEX_POINT ( 'NONE', #3690 ) ;
#5811 = SPHERICAL_SURFACE ( 'NONE', #7546, 0.05000000000000000278 ) ;
#5812 = CARTESIAN_POINT ( 'NONE',  ( 0.5400000000000000355, 0.8300000000000001821, -0.3499999999999998668 ) ) ;
#5813 = ORIENTED_EDGE ( 'NONE', *, *, #480, .T. ) ;
#5814 = ORIENTED_EDGE ( 'NONE', *, *, #4822, .T. ) ;
#5815 = CARTESIAN_POINT ( 'NONE',  ( -0.2109267919164413974, -0.01943075666270084600, -0.4989999999999999991 ) ) ;
#5816 = PRESENTATION_STYLE_ASSIGNMENT (( #3024 ) ) ;
#5817 = CARTESIAN_POINT ( 'NONE',  ( -0.7599999999999998979, -0.6200000000000012168, 0.1699999999999999845 ) ) ;
#5818 = COLOUR_RGB ( '',1.000000000000000000, 1.000000000000000000, 1.000000000000000000 ) ;
#5819 = DIRECTION ( 'NONE',  ( 1.000000000000000000, 0.0000000000000000000, 0.0000000000000000000 ) ) ;
#5820 = CARTESIAN_POINT ( 'NONE',  ( 0.05951200749039761012, -0.03770758553478806979, -0.4989999999999999991 ) ) ;
#5821 = PRESENTATION_LAYER_ASSIGNMENT (  '', '', ( #8003 ) ) ;
#5822 = ORIENTED_EDGE ( 'NONE', *, *, #869, .F. ) ;
#5823 =( GEOMETRIC_REPRESENTATION_CONTEXT ( 3 ) GLOBAL_UNCERTAINTY_ASSIGNED_CONTEXT ( ( #5747 ) ) GLOBAL_UNIT_ASSIGNED_CONTEXT ( ( #3624, #4270, #4466 ) ) REPRESENTATION_CONTEXT ( 'NONE', 'WORKASPACE' ) );
#5824 = CARTESIAN_POINT ( 'NONE',  ( 0.06452617463037439716, -0.03762533122529765350, -0.4999999999999998890 ) ) ;
#5825 = DIRECTION ( 'NONE',  ( 0.0000000000000000000, 1.000000000000000000, 2.202967291917165577E-13 ) ) ;
#5826 = CARTESIAN_POINT ( 'NONE',  ( -0.1380777161717866852, 0.001889326350078834177, -0.5000000000000000000 ) ) ;
#5827 = SURFACE_STYLE_USAGE ( .BOTH. , #1440 ) ;
#5828 = SURFACE_STYLE_USAGE ( .BOTH. , #5853 ) ;
#5829 = CARTESIAN_POINT ( 'NONE',  ( -0.5400000000000000355, 0.6200000000000012168, -0.04000000000000002859 ) ) ;
#5830 = ADVANCED_FACE ( 'NONE', ( #2971 ), #8164, .T. ) ;
#5831 = CARTESIAN_POINT ( 'NONE',  ( 0.05858540320550985336, 0.05373997504461623664, -0.4989999999999999991 ) ) ;
#5832 = CARTESIAN_POINT ( 'NONE',  ( -0.5400000000000000355, -0.8700000000000002176, -0.3899999999999999578 ) ) ;
#5833 = FILL_AREA_STYLE_COLOUR ( '', #7547 ) ;
#5834 = AXIS2_PLACEMENT_3D ( 'NONE', #7405, #6757, #3613 ) ;
#5835 = CARTESIAN_POINT ( 'NONE',  ( -0.1233079153138167267, -0.009483856043712948769, -0.4989999999999999991 ) ) ;
#5836 = EDGE_CURVE ( 'NONE', #3512, #3327, #534, .T. ) ;
#5837 = CARTESIAN_POINT ( 'NONE',  ( 0.1100000000000000006, 0.8300000000000011813, -0.04000000000000077105 ) ) ;
#5838 =( NAMED_UNIT ( * ) SI_UNIT ( $, .STERADIAN. ) SOLID_ANGLE_UNIT ( ) );
#5839 = CARTESIAN_POINT ( 'NONE',  ( 0.09227987124970571386, -0.01815886157254992944, -0.4990000000000001101 ) ) ;
#5840 = CARTESIAN_POINT ( 'NONE',  ( -0.08482160898961210727, -0.04747953715050572815, -0.4989999999999999991 ) ) ;
#5841 = CARTESIAN_POINT ( 'NONE',  ( 0.05021883857870547418, -0.03687270604927537360, -0.4989999999999999991 ) ) ;
#5842 = FACE_OUTER_BOUND ( 'NONE', #641, .T. ) ;
#5843 = ORIENTED_EDGE ( 'NONE', *, *, #1616, .F. ) ;
#5844 = UNCERTAINTY_MEASURE_WITH_UNIT (LENGTH_MEASURE( 1.000000000000000082E-05 ), #6347, 'distance_accuracy_value', 'NONE');
#5845 = STYLED_ITEM ( 'NONE', ( #5061 ), #839 ) ;
#5846 = LINE ( 'NONE', #5460, #2505 ) ;
#5847 = MECHANICAL_DESIGN_GEOMETRIC_PRESENTATION_REPRESENTATION (  '', ( #2793 ), #4053 ) ;
#5848 = SURFACE_STYLE_USAGE ( .BOTH. , #3862 ) ;
#5849 = CARTESIAN_POINT ( 'NONE',  ( -0.1696158163066852909, -0.01943075666270084600, -0.4989999999999999991 ) ) ;
#5850 = EDGE_CURVE ( 'NONE', #1909, #3339, #1297, .T. ) ;
#5851 = CARTESIAN_POINT ( 'NONE',  ( -0.1372732390031353444, 0.01430408499210268462, -0.5000000000000001110 ) ) ;
#5852 = ORIENTED_EDGE ( 'NONE', *, *, #813, .F. ) ;
#5853 = SURFACE_SIDE_STYLE ('',( #5965 ) ) ;
#5854 = DIRECTION ( 'NONE',  ( 0.0000000000000000000, 4.336808689942015369E-15, -1.000000000000000000 ) ) ;
#5855 = EDGE_CURVE ( 'NONE', #4435, #7535, #4551, .T. ) ;
#5856 = VECTOR ( 'NONE', #3162, 1000.000000000000000 ) ;
#5857 = CARTESIAN_POINT ( 'NONE',  ( 0.06039152090248124660, 0.05369795254327091455, -0.4999999999999998890 ) ) ;
#5858 = CARTESIAN_POINT ( 'NONE',  ( 0.1100000000000000006, 1.050000000000000044, -0.5500000000000000444 ) ) ;
#5859 = SURFACE_STYLE_FILL_AREA ( #5923 ) ;
#5860 = ORIENTED_EDGE ( 'NONE', *, *, #3569, .T. ) ;
#5861 = CARTESIAN_POINT ( 'NONE',  ( 0.7599999999999998979, 0.6700000000000002620, -0.3499999999999993672 ) ) ;
#5862 = DIRECTION ( 'NONE',  ( -1.000000000000000000, 0.0000000000000000000, 0.0000000000000000000 ) ) ;
#5863 = ADVANCED_FACE ( 'NONE', ( #1716 ), #930, .T. ) ;
#5864 = SURFACE_SIDE_STYLE ('',( #5109 ) ) ;
#5865 = VECTOR ( 'NONE', #7524, 1000.000000000000000 ) ;
#5866 = DIRECTION ( 'NONE',  ( -1.000000000000000000, 0.0000000000000000000, -0.0000000000000000000 ) ) ;
#5867 = LINE ( 'NONE', #7595, #7513 ) ;
#5868 = AXIS2_PLACEMENT_3D ( 'NONE', #308, #4721, #1503 ) ;
#5869 = ORIENTED_EDGE ( 'NONE', *, *, #5582, .T. ) ;
#5870 = FILL_AREA_STYLE_COLOUR ( '', #5534 ) ;
#5871 = CARTESIAN_POINT ( 'NONE',  ( 0.06256787271770497538, -0.04869904934562768045, -0.4989999999999999991 ) ) ;
#5872 = APPLICATION_CONTEXT ( 'automotive_design' ) ;
#5873 = ADVANCED_FACE ( 'NONE', ( #3352 ), #3048, .F. ) ;
#5874 = CARTESIAN_POINT ( 'NONE',  ( -0.1323993183434976351, -0.02171256390002437864, -0.4989999999999999991 ) ) ;
#5875 = DIRECTION ( 'NONE',  ( 0.0000000000000000000, 1.000000000000000000, 0.0000000000000000000 ) ) ;
#5876 = LINE ( 'NONE', #978, #2526 ) ;
#5877 = LINE ( 'NONE', #3018, #1668 ) ;
#5878 = EDGE_LOOP ( 'NONE', ( #2252, #3558, #5001, #7673 ) ) ;
#5879 = PRESENTATION_LAYER_ASSIGNMENT (  '', '', ( #7633 ) ) ;
#5880 = CARTESIAN_POINT ( 'NONE',  ( -0.1966546882579048028, 0.05252046284949429128, -0.5000000000000000000 ) ) ;
#5881 = SURFACE_STYLE_USAGE ( .BOTH. , #2172 ) ;
#5882 = CARTESIAN_POINT ( 'NONE',  ( 0.06071954954697326295, -0.03772343958953011667, -0.5000000000000000000 ) ) ;
#5883 =( NAMED_UNIT ( * ) SI_UNIT ( $, .STERADIAN. ) SOLID_ANGLE_UNIT ( ) );
#5884 =( GEOMETRIC_REPRESENTATION_CONTEXT ( 3 ) GLOBAL_UNCERTAINTY_ASSIGNED_CONTEXT ( ( #3962 ) ) GLOBAL_UNIT_ASSIGNED_CONTEXT ( ( #3904, #5788, #143 ) ) REPRESENTATION_CONTEXT ( 'NONE', 'WORKASPACE' ) );
#5885 = MECHANICAL_DESIGN_GEOMETRIC_PRESENTATION_REPRESENTATION (  '', ( #7760 ), #8183 ) ;
#5886 = VERTEX_POINT ( 'NONE', #8131 ) ;
#5887 = ORIENTED_EDGE ( 'NONE', *, *, #1174, .T. ) ;
#5888 = FILL_AREA_STYLE ('',( #7118 ) ) ;
#5889 = SURFACE_STYLE_USAGE ( .BOTH. , #4644 ) ;
#5890 = DIRECTION ( 'NONE',  ( -0.0000000000000000000, -0.0000000000000000000, -1.000000000000000000 ) ) ;
#5891 = CARTESIAN_POINT ( 'NONE',  ( -0.09800230848691784957, -0.03509297733882719289, -0.4989999999999998881 ) ) ;
#5892 = DIRECTION ( 'NONE',  ( 0.0000000000000000000, 1.000000000000000000, 0.0000000000000000000 ) ) ;
#5893 = UNCERTAINTY_MEASURE_WITH_UNIT (LENGTH_MEASURE( 1.000000000000000082E-05 ), #8231, 'distance_accuracy_value', 'NONE');
#5894 = VERTEX_POINT ( 'NONE', #57 ) ;
#5895 = MECHANICAL_DESIGN_GEOMETRIC_PRESENTATION_REPRESENTATION (  '', ( #5486 ), #2101 ) ;
#5896 = VECTOR ( 'NONE', #4068, 1000.000000000000000 ) ;
#5897 = ORIENTED_EDGE ( 'NONE', *, *, #7201, .T. ) ;
#5898 = ORIENTED_EDGE ( 'NONE', *, *, #5519, .F. ) ;
#5899 = PLANE ( 'NONE',  #7486 ) ;
#5900 =( GEOMETRIC_REPRESENTATION_CONTEXT ( 3 ) GLOBAL_UNCERTAINTY_ASSIGNED_CONTEXT ( ( #351 ) ) GLOBAL_UNIT_ASSIGNED_CONTEXT ( ( #3325, #7209, #3442 ) ) REPRESENTATION_CONTEXT ( 'NONE', 'WORKASPACE' ) );
#5901 = AXIS2_PLACEMENT_3D ( 'NONE', #7965, #2307, #8079 ) ;
#5902 = CARTESIAN_POINT ( 'NONE',  ( 0.07812750624291558976, -0.03363956067238878245, -0.4989999999999998881 ) ) ;
#5903 = FACE_OUTER_BOUND ( 'NONE', #6424, .T. ) ;
#5904 = CARTESIAN_POINT ( 'NONE',  ( -0.08673568068751291715, -0.04744490661289017114, -0.4989999999999999991 ) ) ;
#5905 = CARTESIAN_POINT ( 'NONE',  ( 0.04694276349334379483, -0.03616203457708058733, -0.4989999999999998881 ) ) ;
#5906 = VECTOR ( 'NONE', #2594, 1000.000000000000000 ) ;
#5907 = ORIENTED_EDGE ( 'NONE', *, *, #1340, .F. ) ;
#5908 = LINE ( 'NONE', #6810, #2458 ) ;
#5909 = CIRCLE ( 'NONE', #1050, 0.03999999999999988981 ) ;
#5910 = VERTEX_POINT ( 'NONE', #5688 ) ;
#5911 = PRESENTATION_STYLE_ASSIGNMENT (( #545 ) ) ;
#5912 = CARTESIAN_POINT ( 'NONE',  ( -0.09800230848691784957, -0.03509297733882719289, -0.4989999999999998881 ) ) ;
#5913 = CARTESIAN_POINT ( 'NONE',  ( 0.07006822128801376559, 0.04127781745556273474, -0.4999999999999998890 ) ) ;
#5914 =( LENGTH_UNIT ( ) NAMED_UNIT ( * ) SI_UNIT ( .MILLI., .METRE. ) );
#5915 = SURFACE_STYLE_FILL_AREA ( #4059 ) ;
#5916 =( LENGTH_UNIT ( ) NAMED_UNIT ( * ) SI_UNIT ( .MILLI., .METRE. ) );
#5917 =( LENGTH_UNIT ( ) NAMED_UNIT ( * ) SI_UNIT ( .MILLI., .METRE. ) );
#5918 = FACE_OUTER_BOUND ( 'NONE', #5544, .T. ) ;
#5919 = ORIENTED_EDGE ( 'NONE', *, *, #496, .F. ) ;
#5920 = ADVANCED_FACE ( 'NONE', ( #1900 ), #1997, .F. ) ;
#5921 = COLOUR_RGB ( '',0.0000000000000000000, 0.0000000000000000000, 0.0000000000000000000 ) ;
#5922 = CARTESIAN_POINT ( 'NONE',  ( 0.5400000000000000355, 0.4833137806490306332, 0.1699999999999999567 ) ) ;
#5923 = FILL_AREA_STYLE ('',( #5304 ) ) ;
#5924 = CARTESIAN_POINT ( 'NONE',  ( -0.5695767565005116495, -0.3440386105051373988, 0.3990000000000000213 ) ) ;
#5925 = EDGE_LOOP ( 'NONE', ( #8195, #3595, #511, #5715, #7078, #3161, #4753, #2826, #5784, #5055, #4140 ) ) ;
#5926 = SURFACE_STYLE_USAGE ( .BOTH. , #3322 ) ;
#5927 = CARTESIAN_POINT ( 'NONE',  ( 0.08562364362209338997, 0.03162697299907754611, -0.4990000000000001101 ) ) ;
#5928 = CARTESIAN_POINT ( 'NONE',  ( 0.06769853833935704501, -0.04858462072058178371, -0.4989999999999998881 ) ) ;
#5929 = EDGE_CURVE ( 'NONE', #4791, #5687, #7606, .T. ) ;
#5930 =( NAMED_UNIT ( * ) SI_UNIT ( $, .STERADIAN. ) SOLID_ANGLE_UNIT ( ) );
#5931 = CARTESIAN_POINT ( 'NONE',  ( 0.7599999999999998979, 0.8700000000000001066, -0.3500000000000000333 ) ) ;
#5932 = DIRECTION ( 'NONE',  ( 0.0000000000000000000, 3.497426362856476757E-15, -1.000000000000000000 ) ) ;
#5933 = FILL_AREA_STYLE ('',( #1542 ) ) ;
#5934 = ORIENTED_EDGE ( 'NONE', *, *, #5648, .T. ) ;
#5935 = DIRECTION ( 'NONE',  ( 0.0000000000000000000, -0.9975640502598243087, 0.06975647374412541346 ) ) ;
#5936 = DIRECTION ( 'NONE',  ( 0.0000000000000000000, 0.0000000000000000000, -1.000000000000000000 ) ) ;
#5937 = VECTOR ( 'NONE', #6083, 1000.000000000000000 ) ;
#5938 = CARTESIAN_POINT ( 'NONE',  ( -0.1696158163066852909, -0.01943075666270084600, -0.5000000000000000000 ) ) ;
#5939 =( GEOMETRIC_REPRESENTATION_CONTEXT ( 3 ) GLOBAL_UNCERTAINTY_ASSIGNED_CONTEXT ( ( #1417 ) ) GLOBAL_UNIT_ASSIGNED_CONTEXT ( ( #3552, #2950, #4184 ) ) REPRESENTATION_CONTEXT ( 'NONE', 'WORKASPACE' ) );
#5940 =( GEOMETRIC_REPRESENTATION_CONTEXT ( 3 ) GLOBAL_UNCERTAINTY_ASSIGNED_CONTEXT ( ( #4137 ) ) GLOBAL_UNIT_ASSIGNED_CONTEXT ( ( #971, #3484, #5883 ) ) REPRESENTATION_CONTEXT ( 'NONE', 'WORKASPACE' ) );
#5941 = DIRECTION ( 'NONE',  ( 0.0000000000000000000, -1.000000000000000000, 0.0000000000000000000 ) ) ;
#5942 = CARTESIAN_POINT ( 'NONE',  ( -0.1898330419164413752, 0.04032534089827476825, -0.5000000000000000000 ) ) ;
#5943 = DIRECTION ( 'NONE',  ( 0.0000000000000000000, 0.0000000000000000000, 1.000000000000000000 ) ) ;
#5944 = DIRECTION ( 'NONE',  ( -0.0000000000000000000, -0.0000000000000000000, -1.000000000000000000 ) ) ;
#5945 = EDGE_CURVE ( 'NONE', #5144, #5810, #4867, .T. ) ;
#5946 = UNCERTAINTY_MEASURE_WITH_UNIT (LENGTH_MEASURE( 1.000000000000000082E-05 ), #5478, 'distance_accuracy_value', 'NONE');
#5947 = SURFACE_SIDE_STYLE ('',( #1780 ) ) ;
#5948 = STYLED_ITEM ( 'NONE', ( #2491 ), #3843 ) ;
#5949 = DIRECTION ( 'NONE',  ( -0.0000000000000000000, -0.0000000000000000000, -1.000000000000000000 ) ) ;
#5950 = PRESENTATION_LAYER_ASSIGNMENT (  '', '', ( #3520 ) ) ;
#5951 =( GEOMETRIC_REPRESENTATION_CONTEXT ( 3 ) GLOBAL_UNCERTAINTY_ASSIGNED_CONTEXT ( ( #2210 ) ) GLOBAL_UNIT_ASSIGNED_CONTEXT ( ( #6690, #3465, #2891 ) ) REPRESENTATION_CONTEXT ( 'NONE', 'WORKASPACE' ) );
#5952 = DIRECTION ( 'NONE',  ( 0.0000000000000000000, 3.497426362856476362E-15, -1.000000000000000000 ) ) ;
#5953 = DIRECTION ( 'NONE',  ( 1.000000000000000000, 0.0000000000000000000, 0.0000000000000000000 ) ) ;
#5954 = SURFACE_STYLE_FILL_AREA ( #6877 ) ;
#5955 = ORIENTED_EDGE ( 'NONE', *, *, #5243, .F. ) ;
#5956 = EDGE_CURVE ( 'NONE', #4845, #2951, #7655, .T. ) ;
#5957 = CARTESIAN_POINT ( 'NONE',  ( 0.03597186182814957750, -0.03183875598294361869, -0.5000000000000000000 ) ) ;
#5958 = CARTESIAN_POINT ( 'NONE',  ( -0.5400000000000000355, -0.6700000000000002620, -0.3499999999999993672 ) ) ;
#5959 = DIRECTION ( 'NONE',  ( 0.0000000000000000000, 0.0000000000000000000, 1.000000000000000000 ) ) ;
#5960 = DIRECTION ( 'NONE',  ( 0.0000000000000000000, 0.0000000000000000000, -1.000000000000000000 ) ) ;
#5961 = LINE ( 'NONE', #3457, #3873 ) ;
#5962 = ADVANCED_FACE ( 'NONE', ( #3240 ), #4396, .F. ) ;
#5963 = DIRECTION ( 'NONE',  ( 0.0000000000000000000, 0.0000000000000000000, -1.000000000000000000 ) ) ;
#5964 = STYLED_ITEM ( 'NONE', ( #4229 ), #1095 ) ;
#5965 = SURFACE_STYLE_FILL_AREA ( #7150 ) ;
#5966 =( LENGTH_UNIT ( ) NAMED_UNIT ( * ) SI_UNIT ( .MILLI., .METRE. ) );
#5967 = CARTESIAN_POINT ( 'NONE',  ( 0.09202845565531925232, 0.02213537354562012185, -0.5000000000000000000 ) ) ;
#5968 = DIRECTION ( 'NONE',  ( -1.000000000000000000, -0.0000000000000000000, -0.0000000000000000000 ) ) ;
#5969 = CARTESIAN_POINT ( 'NONE',  ( 0.7599999999999998979, -0.6200000000000012168, -0.04000000000000002859 ) ) ;
#5970 = DIRECTION ( 'NONE',  ( -0.0000000000000000000, 1.000000000000000000, 3.497426362856475968E-15 ) ) ;
#5971 = ORIENTED_EDGE ( 'NONE', *, *, #1325, .F. ) ;
#5972 = EDGE_CURVE ( 'NONE', #3800, #3739, #2477, .T. ) ;
#5973 = FACE_BOUND ( 'NONE', #842, .T. ) ;
#5974 =( LENGTH_UNIT ( ) NAMED_UNIT ( * ) SI_UNIT ( .MILLI., .METRE. ) );
#5975 = CARTESIAN_POINT ( 'NONE',  ( -0.1729885297213194506, -0.008455146906603282220, -0.5000000000000000000 ) ) ;
#5976 = CARTESIAN_POINT ( 'NONE',  ( -0.1232605906332365220, 0.03934717408962737362, -0.5000000000000000000 ) ) ;
#5977 = ORIENTED_EDGE ( 'NONE', *, *, #3577, .T. ) ;
#5978 = CARTESIAN_POINT ( 'NONE',  ( 0.1087165416958683906, -0.009897843501269673258, -0.4990000000000001101 ) ) ;
#5979 = SURFACE_STYLE_FILL_AREA ( #6708 ) ;
#5980 =( GEOMETRIC_REPRESENTATION_CONTEXT ( 3 ) GLOBAL_UNCERTAINTY_ASSIGNED_CONTEXT ( ( #5946 ) ) GLOBAL_UNIT_ASSIGNED_CONTEXT ( ( #5478, #8080, #3541 ) ) REPRESENTATION_CONTEXT ( 'NONE', 'WORKASPACE' ) );
#5981 = CARTESIAN_POINT ( 'NONE',  ( 0.05361986145688712319, -0.03735552798077820813, -0.4990000000000001101 ) ) ;
#5982 = DIRECTION ( 'NONE',  ( -0.0000000000000000000, 1.000000000000000000, 3.497426362856476362E-15 ) ) ;
#5983 = CARTESIAN_POINT ( 'NONE',  ( 0.9434108397213610830, 0.5434108397213615049, -0.4500000000000000111 ) ) ;
#5984 = ORIENTED_EDGE ( 'NONE', *, *, #6958, .T. ) ;
#5985 = SURFACE_STYLE_USAGE ( .BOTH. , #1407 ) ;
#5986 = DIRECTION ( 'NONE',  ( 0.0000000000000000000, 0.0000000000000000000, 1.000000000000000000 ) ) ;
#5987 = LINE ( 'NONE', #5187, #274 ) ;
#5988 = VECTOR ( 'NONE', #1079, 1000.000000000000114 ) ;
#5989 =( LENGTH_UNIT ( ) NAMED_UNIT ( * ) SI_UNIT ( .MILLI., .METRE. ) );
#5990 = ADVANCED_FACE ( 'NONE', ( #203, #1500, #2279, #5059 ), #6486, .T. ) ;
#5991 = VECTOR ( 'NONE', #99, 1000.000000000000000 ) ;
#5992 = AXIS2_PLACEMENT_3D ( 'NONE', #1329, #3202, #3229 ) ;
#5993 = CARTESIAN_POINT ( 'NONE',  ( -0.1372749727488802030, -0.007216214586975051339, -0.4989999999999999991 ) ) ;
#5994 = ORIENTED_EDGE ( 'NONE', *, *, #3061, .T. ) ;
#5995 = DIRECTION ( 'NONE',  ( -1.000000000000000000, -0.0000000000000000000, -0.0000000000000000000 ) ) ;
#5996 = SURFACE_STYLE_FILL_AREA ( #3075 ) ;
#5997 = ORIENTED_EDGE ( 'NONE', *, *, #8185, .F. ) ;
#5998 = SURFACE_STYLE_USAGE ( .BOTH. , #6566 ) ;
#5999 = SURFACE_STYLE_USAGE ( .BOTH. , #365 ) ;
#6000 = MECHANICAL_DESIGN_GEOMETRIC_PRESENTATION_REPRESENTATION (  '', ( #420 ), #3919 ) ;
#6001 = CYLINDRICAL_SURFACE ( 'NONE', #8192, 0.05000000000000002359 ) ;
#6002 = ORIENTED_EDGE ( 'NONE', *, *, #2305, .T. ) ;
#6003 = CYLINDRICAL_SURFACE ( 'NONE', #3809, 0.03999999999999988981 ) ;
#6004 = AXIS2_PLACEMENT_3D ( 'NONE', #6685, #5323, #3427 ) ;
#6005 = SURFACE_STYLE_FILL_AREA ( #7611 ) ;
#6006 = ADVANCED_FACE ( 'NONE', ( #4649 ), #7844, .F. ) ;
#6007 = EDGE_CURVE ( 'NONE', #6626, #56, #406, .T. ) ;
#6008 = LINE ( 'NONE', #7695, #5422 ) ;
#6009 = CARTESIAN_POINT ( 'NONE',  ( 0.05222788043071768804, 0.04239275552461747171, -0.4999999999999998890 ) ) ;
#6010 = UNCERTAINTY_MEASURE_WITH_UNIT (LENGTH_MEASURE( 1.000000000000000082E-05 ), #6409, 'distance_accuracy_value', 'NONE');
#6011 = ORIENTED_EDGE ( 'NONE', *, *, #6719, .T. ) ;
#6012 = LINE ( 'NONE', #4814, #4750 ) ;
#6013 = FACE_OUTER_BOUND ( 'NONE', #2975, .T. ) ;
#6014 = SURFACE_STYLE_USAGE ( .BOTH. , #4730 ) ;
#6015 = EDGE_LOOP ( 'NONE', ( #3646, #8233, #4127, #5897 ) ) ;
#6016 = CARTESIAN_POINT ( 'NONE',  ( -0.1361207575879066212, 0.01919076078681835815, -0.4999999999999997780 ) ) ;
#6017 = ORIENTED_EDGE ( 'NONE', *, *, #3510, .T. ) ;
#6018 = CARTESIAN_POINT ( 'NONE',  ( 0.09594619902502823927, -0.002864217870188354598, -0.4990000000000001101 ) ) ;
#6019 = CARTESIAN_POINT ( 'NONE',  ( -0.08768775881088124169, 0.05247951365423604575, -0.4989999999999999991 ) ) ;
#6020 = SURFACE_STYLE_FILL_AREA ( #4587 ) ;
#6021 = CARTESIAN_POINT ( 'NONE',  ( 0.1063462246714602655, -0.01943862670377183299, -0.4989999999999998881 ) ) ;
#6022 = COLOUR_RGB ( '',0.2509803921568627416, 0.2509803921568627416, 0.2509803921568627416 ) ;
#6023 = VERTEX_POINT ( 'NONE', #2734 ) ;
#6024 = FACE_OUTER_BOUND ( 'NONE', #1799, .T. ) ;
#6025 = FILL_AREA_STYLE ('',( #5465 ) ) ;
#6026 = ORIENTED_EDGE ( 'NONE', *, *, #5134, .F. ) ;
#6027 = CARTESIAN_POINT ( 'NONE',  ( 1.004369139644410991, -0.6250000000000003331, -9.419006373467819770E-16 ) ) ;
#6028 = MECHANICAL_DESIGN_GEOMETRIC_PRESENTATION_REPRESENTATION (  '', ( #5964 ), #6446 ) ;
#6029 = SURFACE_STYLE_USAGE ( .BOTH. , #7896 ) ;
#6030 = EDGE_CURVE ( 'NONE', #2848, #5725, #3728, .T. ) ;
#6031 = CARTESIAN_POINT ( 'NONE',  ( -0.9504035209157130071, -0.6002817234287040060, 0.3534878236872062707 ) ) ;
#6032 = CARTESIAN_POINT ( 'NONE',  ( -0.1061567250193031636, -0.04405861880730076174, -0.4989999999999999991 ) ) ;
#6033 = CARTESIAN_POINT ( 'NONE',  ( 0.06256787271770497538, -0.04869904934562768045, -0.4989999999999999991 ) ) ;
#6034 = CARTESIAN_POINT ( 'NONE',  ( 0.07878733743898076736, 0.05018960563106498324, -0.5000000000000000000 ) ) ;
#6035 = CARTESIAN_POINT ( 'NONE',  ( 0.9434108397213609720, 0.5434108397213615049, -0.4500000000000000111 ) ) ;
#6036 =( LENGTH_UNIT ( ) NAMED_UNIT ( * ) SI_UNIT ( .MILLI., .METRE. ) );
#6037 = COLOUR_RGB ( '',0.2509803921568627416, 0.2509803921568627416, 0.2509803921568627416 ) ;
#6038 = PRESENTATION_STYLE_ASSIGNMENT (( #3639 ) ) ;
#6039 = ORIENTED_EDGE ( 'NONE', *, *, #6845, .F. ) ;
#6040 = CARTESIAN_POINT ( 'NONE',  ( 0.03594066737804180872, 0.03687794356327633860, -0.5000000000000000000 ) ) ;
#6041 = FACE_OUTER_BOUND ( 'NONE', #6843, .T. ) ;
#6042 =( LENGTH_UNIT ( ) NAMED_UNIT ( * ) SI_UNIT ( .MILLI., .METRE. ) );
#6043 = PLANE ( 'NONE',  #7087 ) ;
#6044 = ADVANCED_FACE ( 'NONE', ( #6507 ), #7811, .F. ) ;
#6045 = FACE_OUTER_BOUND ( 'NONE', #5359, .T. ) ;
#6046 = CARTESIAN_POINT ( 'NONE',  ( -0.5400000000000000355, 0.6700000000000002620, -0.3499999999999993672 ) ) ;
#6047 = PRESENTATION_STYLE_ASSIGNMENT (( #462 ) ) ;
#6048 = DIRECTION ( 'NONE',  ( -1.000000000000000000, -0.0000000000000000000, -0.0000000000000000000 ) ) ;
#6049 = CARTESIAN_POINT ( 'NONE',  ( 0.7599999999999998979, 0.8700000000000002176, -0.3899999999999999578 ) ) ;
#6050 = CARTESIAN_POINT ( 'NONE',  ( -0.2109267919164413974, -0.01943075666270084600, -0.4989999999999999991 ) ) ;
#6051 = ADVANCED_FACE ( 'NONE', ( #5903 ), #5899, .T. ) ;
#6052 = SURFACE_STYLE_USAGE ( .BOTH. , #3419 ) ;
#6053 = CARTESIAN_POINT ( 'NONE',  ( 0.06393467211497082248, 0.05361551490543413345, -0.4990000000000002212 ) ) ;
#6054 = LINE ( 'NONE', #992, #7579 ) ;
#6055 = MECHANICAL_DESIGN_GEOMETRIC_PRESENTATION_REPRESENTATION (  '', ( #1688 ), #661 ) ;
#6056 = CARTESIAN_POINT ( 'NONE',  ( -0.7599999999999998979, 0.6700000000000012612, -0.04000000000000020900 ) ) ;
#6057 = STYLED_ITEM ( 'NONE', ( #362 ), #3672 ) ;
#6058 =( GEOMETRIC_REPRESENTATION_CONTEXT ( 3 ) GLOBAL_UNCERTAINTY_ASSIGNED_CONTEXT ( ( #8187 ) ) GLOBAL_UNIT_ASSIGNED_CONTEXT ( ( #7620, #3774, #651 ) ) REPRESENTATION_CONTEXT ( 'NONE', 'WORKASPACE' ) );
#6059 = FILL_AREA_STYLE_COLOUR ( '', #5777 ) ;
#6060 = UNCERTAINTY_MEASURE_WITH_UNIT (LENGTH_MEASURE( 1.000000000000000082E-05 ), #6285, 'distance_accuracy_value', 'NONE');
#6061 = CARTESIAN_POINT ( 'NONE',  ( 0.05713104964098835586, -0.03767632547566425461, -0.5000000000000000000 ) ) ;
#6062 = PRESENTATION_STYLE_ASSIGNMENT (( #5126 ) ) ;
#6063 = CARTESIAN_POINT ( 'NONE',  ( 0.7599999999999998979, -1.050000000000000044, -0.3900000000000000688 ) ) ;
#6064 = ORIENTED_EDGE ( 'NONE', *, *, #7955, .T. ) ;
#6065 = CARTESIAN_POINT ( 'NONE',  ( 0.1691989702786806105, 0.05252046284949429128, -0.4989999999999999991 ) ) ;
#6066 =( NAMED_UNIT ( * ) PLANE_ANGLE_UNIT ( ) SI_UNIT ( $, .RADIAN. ) );
#6067 = FACE_OUTER_BOUND ( 'NONE', #6503, .T. ) ;
#6068 = STYLED_ITEM ( 'NONE', ( #6427 ), #4265 ) ;
#6069 = ORIENTED_EDGE ( 'NONE', *, *, #5945, .F. ) ;
#6070 = CARTESIAN_POINT ( 'NONE',  ( 0.0000000000000000000, 0.0000000000000000000, -0.4989999999999999991 ) ) ;
#6071 =( LENGTH_UNIT ( ) NAMED_UNIT ( * ) SI_UNIT ( .MILLI., .METRE. ) );
#6072 = CARTESIAN_POINT ( 'NONE',  ( -0.03811810289205114916, -0.04747953715050572815, -0.5000000000000000000 ) ) ;
#6073 = PRESENTATION_LAYER_ASSIGNMENT (  '', '', ( #4211 ) ) ;
#6074 = MECHANICAL_DESIGN_GEOMETRIC_PRESENTATION_REPRESENTATION (  '', ( #7921 ), #3626 ) ;
#6075 = SURFACE_STYLE_FILL_AREA ( #2008 ) ;
#6076 = B_SPLINE_SURFACE_WITH_KNOTS ( 'NONE', 3, 1, ( 
 ( #7040, #3134 ),
 ( #2, #4414 ),
 ( #1275, #7668 ),
 ( #5678, #1922 ),
 ( #6318, #3954 ),
 ( #7799, #2695 ),
 ( #2670, #776 ),
 ( #6510, #5222 ),
 ( #1395, #7828 ),
 ( #3976, #2638 ),
 ( #3286, #193 ),
 ( #128, #5192 ),
 ( #816, #1418 ),
 ( #4606, #5257 ),
 ( #223, #2720 ),
 ( #7116, #3924 ),
 ( #1445, #4641 ),
 ( #835, #5857 ),
 ( #5831, #2070 ) ),
 .UNSPECIFIED., .F., .F., .F.,
 ( 4, 1, 1, 1, 1, 1, 1, 1, 1, 1, 1, 1, 1, 1, 1, 1, 4 ),
 ( 2, 2 ),
 ( 0.0000000000000000000, 0.07064371857535413357, 0.1382567155089046429, 0.2033641242175800723, 0.2663240938030566052, 0.3279047615429893092, 0.3887377151730921909, 0.4494235281093022505, 0.5108610114593156171, 0.5720793960475145656, 0.6317344287314451412, 0.6911172105788376818, 0.7503600294901705547, 0.8100329005312619790, 0.8713624508287362014, 0.9344271412311534464, 1.000000000000000000 ),
 ( 0.0000000000000000000, 1.000000000000000000 ),
 .UNSPECIFIED. ) ;
#6077 = COLOUR_RGB ( '',0.0000000000000000000, 0.0000000000000000000, 0.0000000000000000000 ) ;
#6078 = EDGE_CURVE ( 'NONE', #1485, #2480, #4341, .T. ) ;
#6079 = VERTEX_POINT ( 'NONE', #7308 ) ;
#6080 = DIRECTION ( 'NONE',  ( 1.000000000000000000, 0.0000000000000000000, -0.0000000000000000000 ) ) ;
#6081 = DIRECTION ( 'NONE',  ( -1.000000000000000000, 0.0000000000000000000, -0.0000000000000000000 ) ) ;
#6082 = CARTESIAN_POINT ( 'NONE',  ( 1.019188527010379319, -0.5693103244973883870, 0.08310793568446199486 ) ) ;
#6083 = DIRECTION ( 'NONE',  ( 0.0000000000000000000, 1.000000000000000000, 0.0000000000000000000 ) ) ;
#6084 = SURFACE_SIDE_STYLE ('',( #4320 ) ) ;
#6085 = CARTESIAN_POINT ( 'NONE',  ( 0.1100000000000000006, -1.050000000000000044, -0.5500000000000000444 ) ) ;
#6086 = EDGE_CURVE ( 'NONE', #4959, #3117, #5619, .T. ) ;
#6087 = VERTEX_POINT ( 'NONE', #5958 ) ;
#6088 = CARTESIAN_POINT ( 'NONE',  ( 0.5400000000000000355, 1.050000000000000044, -0.3900000000000000688 ) ) ;
#6089 = CARTESIAN_POINT ( 'NONE',  ( -0.7599999999999998979, 0.6243137685856746666, 0.009813566431136516374 ) ) ;
#6090 = FILL_AREA_STYLE ('',( #4234 ) ) ;
#6091 = CARTESIAN_POINT ( 'NONE',  ( 0.9504035209157125630, -0.5504035209157127628, 0.3499999999999999778 ) ) ;
#6092 = CARTESIAN_POINT ( 'NONE',  ( -0.1696158163066852909, -0.01943075666270084600, -0.4989999999999999991 ) ) ;
#6093 = PRESENTATION_STYLE_ASSIGNMENT (( #8153 ) ) ;
#6094 = PRESENTATION_LAYER_ASSIGNMENT (  '', '', ( #2121 ) ) ;
#6095 = VERTEX_POINT ( 'NONE', #1625 ) ;
#6096 = ADVANCED_FACE ( 'NONE', ( #2861 ), #5371, .F. ) ;
#6097 = VECTOR ( 'NONE', #1023, 1000.000000000000000 ) ;
#6098 = CARTESIAN_POINT ( 'NONE',  ( 0.01554043369331471747, 0.05252046284949429128, -0.5000000000000000000 ) ) ;
#6099 = CARTESIAN_POINT ( 'NONE',  ( -0.1905935590388523060, 0.03619478633771034543, -0.4999999999999998890 ) ) ;
#6100 = EDGE_CURVE ( 'NONE', #2758, #2878, #4016, .T. ) ;
#6101 = CARTESIAN_POINT ( 'NONE',  ( 1.024999999999999467, 0.5751217974870086458, 0.0000000000000000000 ) ) ;
#6102 = VERTEX_POINT ( 'NONE', #5313 ) ;
#6103 = LINE ( 'NONE', #6846, #4216 ) ;
#6104 = ORIENTED_EDGE ( 'NONE', *, *, #4246, .T. ) ;
#6105 = DIRECTION ( 'NONE',  ( -0.0000000000000000000, 1.000000000000000000, -0.0000000000000000000 ) ) ;
#6106 = PRESENTATION_STYLE_ASSIGNMENT (( #7688 ) ) ;
#6107 = DIRECTION ( 'NONE',  ( -1.000000000000000000, 0.0000000000000000000, 0.0000000000000000000 ) ) ;
#6108 = MECHANICAL_DESIGN_GEOMETRIC_PRESENTATION_REPRESENTATION (  '', ( #2299 ), #2825 ) ;
#6109 = CARTESIAN_POINT ( 'NONE',  ( 0.03505262881526593349, -0.04229661032123743086, -0.4989999999999999991 ) ) ;
#6110 = UNCERTAINTY_MEASURE_WITH_UNIT (LENGTH_MEASURE( 1.000000000000000082E-05 ), #7627, 'distance_accuracy_value', 'NONE');
#6111 = FILL_AREA_STYLE_COLOUR ( '', #6022 ) ;
#6112 = EDGE_LOOP ( 'NONE', ( #541, #4855, #1611, #3326 ) ) ;
#6113 = COLOUR_RGB ( '',0.0000000000000000000, 0.0000000000000000000, 0.0000000000000000000 ) ;
#6114 = CARTESIAN_POINT ( 'NONE',  ( 0.03594066737804180872, 0.03687794356327633860, -0.5000000000000000000 ) ) ;
#6115 = VERTEX_POINT ( 'NONE', #6581 ) ;
#6116 = LINE ( 'NONE', #4494, #7935 ) ;
#6117 = VERTEX_POINT ( 'NONE', #4112 ) ;
#6118 = LINE ( 'NONE', #5663, #2067 ) ;
#6119 = EDGE_CURVE ( 'NONE', #421, #4056, #7136, .T. ) ;
#6120 = AXIS2_PLACEMENT_3D ( 'NONE', #5671, #1266, #1916 ) ;
#6121 = DIRECTION ( 'NONE',  ( 0.0000000000000000000, 6.023345402697245979E-16, -1.000000000000000000 ) ) ;
#6122 = PRESENTATION_STYLE_ASSIGNMENT (( #7047 ) ) ;
#6123 = UNCERTAINTY_MEASURE_WITH_UNIT (LENGTH_MEASURE( 1.000000000000000082E-05 ), #3063, 'distance_accuracy_value', 'NONE');
#6124 = CARTESIAN_POINT ( 'NONE',  ( -0.5400000000000000355, 0.8700000000000002176, -0.3899999999999999578 ) ) ;
#6125 = ORIENTED_EDGE ( 'NONE', *, *, #1725, .F. ) ;
#6126 = LINE ( 'NONE', #2039, #8149 ) ;
#6127 = ORIENTED_EDGE ( 'NONE', *, *, #1103, .T. ) ;
#6128 = ORIENTED_EDGE ( 'NONE', *, *, #7710, .T. ) ;
#6129 = LINE ( 'NONE', #6278, #1289 ) ;
#6130 = STYLED_ITEM ( 'NONE', ( #3488 ), #7798 ) ;
#6131 = EDGE_CURVE ( 'NONE', #6815, #8226, #2644, .T. ) ;
#6132 = DIRECTION ( 'NONE',  ( 0.0000000000000000000, 1.000000000000000000, 0.0000000000000000000 ) ) ;
#6133 = CARTESIAN_POINT ( 'NONE',  ( 0.1100000000000000006, 0.6243137685856749997, 0.009813566431136535456 ) ) ;
#6134 = ORIENTED_EDGE ( 'NONE', *, *, #7870, .T. ) ;
#6135 = B_SPLINE_SURFACE_WITH_KNOTS ( 'NONE', 3, 1, ( 
 ( #6358, #718 ),
 ( #2556, #7664 ),
 ( #2007, #6426 ),
 ( #5113, #1917 ),
 ( #2530, #5699 ),
 ( #635, #3803 ),
 ( #1933, #7083 ),
 ( #7602, #4406 ),
 ( #3784, #5066 ),
 ( #5672, #6978 ),
 ( #18, #7001 ),
 ( #4442, #657 ),
 ( #5087, #4465 ),
 ( #6339, #5728 ),
 ( #3265, #4668 ),
 ( #7856, #5851 ),
 ( #5189, #1506 ),
 ( #1412, #2029 ),
 ( #5802, #4006 ) ),
 .UNSPECIFIED., .F., .F., .F.,
 ( 4, 1, 1, 1, 1, 1, 1, 1, 1, 1, 1, 1, 1, 1, 1, 1, 4 ),
 ( 2, 2 ),
 ( 0.0000000000000000000, 0.06863117867660099847, 0.1345664660386766964, 0.1983281540108808028, 0.2607897666408446891, 0.3219991514841584190, 0.3827217465030193222, 0.4435374740357288514, 0.5051334294849249007, 0.5662138747646714432, 0.6261058646175455822, 0.6853493221605165830, 0.7449958703477972399, 0.8054158418145627163, 0.8676362663459531444, 0.9323077823023292465, 1.000000000000000000 ),
 ( 0.0000000000000000000, 1.000000000000000000 ),
 .UNSPECIFIED. ) ;
#6136 = B_SPLINE_CURVE_WITH_KNOTS ( 'NONE', 3,
 ( #6109, #4911, #4893, #8035, #1118, #4223, #1139, #1769, #8098, #8072, #3603 ),
 .UNSPECIFIED., .F., .F.,
 ( 4, 1, 1, 1, 1, 1, 1, 1, 4 ),
 ( 0.0000000000000000000, 0.1124483899088010164, 0.2265276752126777204, 0.3444019493260284670, 0.4658649724874589504, 0.5916594493521171172, 0.7221684870248873400, 0.8586063875549265756, 1.000000000000000000 ),
 .UNSPECIFIED. ) ;
#6137 = SURFACE_STYLE_FILL_AREA ( #5523 ) ;
#6138 = SPHERICAL_SURFACE ( 'NONE', #4423, 0.05000000000000000278 ) ;
#6139 = DIRECTION ( 'NONE',  ( -0.0000000000000000000, 0.0000000000000000000, -1.000000000000000000 ) ) ;
#6140 = VERTEX_POINT ( 'NONE', #329 ) ;
#6141 =( NAMED_UNIT ( * ) SI_UNIT ( $, .STERADIAN. ) SOLID_ANGLE_UNIT ( ) );
#6142 = ADVANCED_FACE ( 'NONE', ( #4743 ), #1538, .F. ) ;
#6143 = CARTESIAN_POINT ( 'NONE',  ( 0.06039152090248124660, 0.05369795254327091455, -0.4989999999999999991 ) ) ;
#6144 = EDGE_CURVE ( 'NONE', #386, #7033, #3628, .T. ) ;
#6145 = EDGE_CURVE ( 'NONE', #4975, #609, #5139, .T. ) ;
#6146 = ORIENTED_EDGE ( 'NONE', *, *, #4984, .T. ) ;
#6147 = DIRECTION ( 'NONE',  ( 0.0000000000000000000, 3.497426362856476362E-15, -1.000000000000000000 ) ) ;
#6148 = CARTESIAN_POINT ( 'NONE',  ( 0.1094116178685246160, -0.001178116647020536643, -0.4990000000000001101 ) ) ;
#6149 = CARTESIAN_POINT ( 'NONE',  ( -0.5695767565005116495, -0.3440386105051373988, 0.4000000000000000222 ) ) ;
#6150 = DIRECTION ( 'NONE',  ( 0.0000000000000000000, -1.000000000000000000, -6.023345402697245979E-16 ) ) ;
#6151 = FILL_AREA_STYLE_COLOUR ( '', #429 ) ;
#6152 = CARTESIAN_POINT ( 'NONE',  ( 0.1100000000000000006, 0.8300000000000011813, -0.04000000000000077105 ) ) ;
#6153 = AXIS2_PLACEMENT_3D ( 'NONE', #7058, #181, #151 ) ;
#6154 = DIRECTION ( 'NONE',  ( 0.0000000000000000000, 1.000000000000000000, 6.023345402697246965E-16 ) ) ;
#6155 = FILL_AREA_STYLE_COLOUR ( '', #2520 ) ;
#6156 = DIRECTION ( 'NONE',  ( 0.0000000000000000000, 1.000000000000000000, -6.023345402697245979E-16 ) ) ;
#6157 = STYLED_ITEM ( 'NONE', ( #7823 ), #1431 ) ;
#6158 = ORIENTED_EDGE ( 'NONE', *, *, #2718, .F. ) ;
#6159 = FILL_AREA_STYLE ('',( #6872 ) ) ;
#6160 = DIRECTION ( 'NONE',  ( 1.000000000000000000, 0.0000000000000000000, 0.0000000000000000000 ) ) ;
#6161 = CARTESIAN_POINT ( 'NONE',  ( 0.1100000000000000006, 0.8700000000000001066, -0.3500000000000000333 ) ) ;
#6162 = DIRECTION ( 'NONE',  ( -0.0000000000000000000, 0.0000000000000000000, -1.000000000000000000 ) ) ;
#6163 = UNCERTAINTY_MEASURE_WITH_UNIT (LENGTH_MEASURE( 1.000000000000000082E-05 ), #3863, 'distance_accuracy_value', 'NONE');
#6164 = DIRECTION ( 'NONE',  ( 0.9417224702971433992, 0.3363908276654491436, -0.0000000000000000000 ) ) ;
#6165 = VERTEX_POINT ( 'NONE', #4167 ) ;
#6166 = STYLED_ITEM ( 'NONE', ( #3298 ), #3340 ) ;
#6167 =( GEOMETRIC_REPRESENTATION_CONTEXT ( 3 ) GLOBAL_UNCERTAINTY_ASSIGNED_CONTEXT ( ( #2709 ) ) GLOBAL_UNIT_ASSIGNED_CONTEXT ( ( #5394, #7985, #1019 ) ) REPRESENTATION_CONTEXT ( 'NONE', 'WORKASPACE' ) );
#6168 = PRESENTATION_STYLE_ASSIGNMENT (( #5998 ) ) ;
#6169 = SURFACE_SIDE_STYLE ('',( #4109 ) ) ;
#6170 = CARTESIAN_POINT ( 'NONE',  ( -0.1883863551900803734, 0.03475417705277631525, -0.4989999999999999991 ) ) ;
#6171 = EDGE_CURVE ( 'NONE', #4182, #2648, #5610, .T. ) ;
#6172 = CARTESIAN_POINT ( 'NONE',  ( 0.002125799546973263822, 0.008618023825104037874, -0.4989999999999999991 ) ) ;
#6173 = DIRECTION ( 'NONE',  ( 0.0000000000000000000, 0.0000000000000000000, 1.000000000000000000 ) ) ;
#6174 = SURFACE_SIDE_STYLE ('',( #4652 ) ) ;
#6175 = VERTEX_POINT ( 'NONE', #5529 ) ;
#6176 =( NAMED_UNIT ( * ) SI_UNIT ( $, .STERADIAN. ) SOLID_ANGLE_UNIT ( ) );
#6177 = CARTESIAN_POINT ( 'NONE',  ( -0.1899717115166807690, 0.03955660350117540941, -0.5000000000000001110 ) ) ;
#6178 = VERTEX_POINT ( 'NONE', #4824 ) ;
#6179 =( LENGTH_UNIT ( ) NAMED_UNIT ( * ) SI_UNIT ( .MILLI., .METRE. ) );
#6180 = MECHANICAL_DESIGN_GEOMETRIC_PRESENTATION_REPRESENTATION (  '', ( #6953 ), #5745 ) ;
#6181 = B_SPLINE_CURVE_WITH_KNOTS ( 'NONE', 3,
 ( #1110, #3619, #4268, #6099, #530, #6177, #6725 ),
 .UNSPECIFIED., .F., .F.,
 ( 4, 1, 1, 1, 4 ),
 ( 0.0000000000000000000, 0.1744817153170503676, 0.3982857591281118714, 0.6738978473986658724, 0.9999999999999998890 ),
 .UNSPECIFIED. ) ;
#6182 = CIRCLE ( 'NONE', #3451, 0.09847727585952090190 ) ;
#6183 = DIRECTION ( 'NONE',  ( 0.0000000000000000000, -1.000000000000000000, 0.0000000000000000000 ) ) ;
#6184 = DIRECTION ( 'NONE',  ( 1.000000000000000000, -0.0000000000000000000, 0.0000000000000000000 ) ) ;
#6185 = COLOUR_RGB ( '',0.0000000000000000000, 0.0000000000000000000, 0.0000000000000000000 ) ;
#6186 = CARTESIAN_POINT ( 'NONE',  ( 0.07999607986642810753, 0.03651566196194285657, -0.5000000000000000000 ) ) ;
#6187 = EDGE_LOOP ( 'NONE', ( #3545, #2603, #6993, #2960 ) ) ;
#6188 = PLANE ( 'NONE',  #1426 ) ;
#6189 = SURFACE_SIDE_STYLE ('',( #4158 ) ) ;
#6190 = PLANE ( 'NONE',  #377 ) ;
#6191 = ORIENTED_EDGE ( 'NONE', *, *, #6145, .T. ) ;
#6192 =( NAMED_UNIT ( * ) PLANE_ANGLE_UNIT ( ) SI_UNIT ( $, .RADIAN. ) );
#6193 = LINE ( 'NONE', #3676, #2044 ) ;
#6194 = CARTESIAN_POINT ( 'NONE',  ( -0.08999595294116541355, 0.04145837951056664111, -0.4990000000000001101 ) ) ;
#6195 = SURFACE_STYLE_FILL_AREA ( #2915 ) ;
#6196 = VECTOR ( 'NONE', #4829, 1000.000000000000000 ) ;
#6197 = LINE ( 'NONE', #5630, #2742 ) ;
#6198 =( GEOMETRIC_REPRESENTATION_CONTEXT ( 3 ) GLOBAL_UNCERTAINTY_ASSIGNED_CONTEXT ( ( #514 ) ) GLOBAL_UNIT_ASSIGNED_CONTEXT ( ( #7381, #6763, #2943 ) ) REPRESENTATION_CONTEXT ( 'NONE', 'WORKASPACE' ) );
#6199 = ORIENTED_EDGE ( 'NONE', *, *, #671, .F. ) ;
#6200 =( NAMED_UNIT ( * ) SI_UNIT ( $, .STERADIAN. ) SOLID_ANGLE_UNIT ( ) );
#6201 = ORIENTED_EDGE ( 'NONE', *, *, #3577, .F. ) ;
#6202 = FILL_AREA_STYLE ('',( #6848 ) ) ;
#6203 = EDGE_CURVE ( 'NONE', #4904, #3522, #4534, .T. ) ;
#6204 = ORIENTED_EDGE ( 'NONE', *, *, #6850, .T. ) ;
#6205 = CARTESIAN_POINT ( 'NONE',  ( -0.09791512443462548065, 0.04028119243909578095, -0.5000000000000001110 ) ) ;
#6206 = SURFACE_SIDE_STYLE ('',( #6137 ) ) ;
#6207 = SURFACE_STYLE_FILL_AREA ( #4793 ) ;
#6208 = UNCERTAINTY_MEASURE_WITH_UNIT (LENGTH_MEASURE( 1.000000000000000082E-05 ), #3243, 'distance_accuracy_value', 'NONE');
#6209 = COLOUR_RGB ( '',0.2509803921568627416, 0.2509803921568627416, 0.2509803921568627416 ) ;
#6210 =( GEOMETRIC_REPRESENTATION_CONTEXT ( 3 ) GLOBAL_UNCERTAINTY_ASSIGNED_CONTEXT ( ( #1461 ) ) GLOBAL_UNIT_ASSIGNED_CONTEXT ( ( #5235, #1427, #5838 ) ) REPRESENTATION_CONTEXT ( 'NONE', 'WORKASPACE' ) );
#6211 = ORIENTED_EDGE ( 'NONE', *, *, #3259, .T. ) ;
#6212 = VECTOR ( 'NONE', #2148, 1000.000000000000000 ) ;
#6213 = SURFACE_STYLE_FILL_AREA ( #7158 ) ;
#6214 = CARTESIAN_POINT ( 'NONE',  ( 0.1100000000000000006, -0.8700000000000001066, -0.5499999999999999334 ) ) ;
#6215 = ORIENTED_EDGE ( 'NONE', *, *, #1386, .F. ) ;
#6216 = FILL_AREA_STYLE ('',( #1902 ) ) ;
#6217 =( NAMED_UNIT ( * ) SI_UNIT ( $, .STERADIAN. ) SOLID_ANGLE_UNIT ( ) );
#6218 =( GEOMETRIC_REPRESENTATION_CONTEXT ( 3 ) GLOBAL_UNCERTAINTY_ASSIGNED_CONTEXT ( ( #3579 ) ) GLOBAL_UNIT_ASSIGNED_CONTEXT ( ( #2762, #131, #3930 ) ) REPRESENTATION_CONTEXT ( 'NONE', 'WORKASPACE' ) );
#6219 = VERTEX_POINT ( 'NONE', #1682 ) ;
#6220 = ADVANCED_FACE ( 'NONE', ( #5035, #8145 ), #4860, .F. ) ;
#6221 = CARTESIAN_POINT ( 'NONE',  ( 0.9654364023659570693, 0.6153146048789490674, -0.1385076031905336513 ) ) ;
#6222 = CARTESIAN_POINT ( 'NONE',  ( 0.04048941092668955494, 0.03918966391083420625, -0.4989999999999999991 ) ) ;
#6223 = ORIENTED_EDGE ( 'NONE', *, *, #4456, .F. ) ;
#6224 = ORIENTED_EDGE ( 'NONE', *, *, #453, .F. ) ;
#6225 = EDGE_CURVE ( 'NONE', #2782, #1170, #1685, .T. ) ;
#6226 = DIRECTION ( 'NONE',  ( -1.000000000000000000, 0.0000000000000000000, 0.0000000000000000000 ) ) ;
#6227 =( NAMED_UNIT ( * ) SI_UNIT ( $, .STERADIAN. ) SOLID_ANGLE_UNIT ( ) );
#6228 = SURFACE_SIDE_STYLE ('',( #370 ) ) ;
#6229 = CARTESIAN_POINT ( 'NONE',  ( -0.08721733539074393027, 0.04151555367648728651, -0.5000000000000001110 ) ) ;
#6230 = PRESENTATION_LAYER_ASSIGNMENT (  '', '', ( #6333 ) ) ;
#6231 = FACE_OUTER_BOUND ( 'NONE', #7130, .T. ) ;
#6232 = LINE ( 'NONE', #6675, #3744 ) ;
#6233 =( GEOMETRIC_REPRESENTATION_CONTEXT ( 3 ) GLOBAL_UNCERTAINTY_ASSIGNED_CONTEXT ( ( #2562 ) ) GLOBAL_UNIT_ASSIGNED_CONTEXT ( ( #5224, #6512, #2721 ) ) REPRESENTATION_CONTEXT ( 'NONE', 'WORKASPACE' ) );
#6234 = PRESENTATION_LAYER_ASSIGNMENT (  '', '', ( #3152 ) ) ;
#6235 = PLANE ( 'NONE',  #5676 ) ;
#6236 = EDGE_CURVE ( 'NONE', #2600, #669, #4842, .T. ) ;
#6237 = CARTESIAN_POINT ( 'NONE',  ( 0.1100000000000000006, -0.8700000000000001066, -0.5499999999999999334 ) ) ;
#6238 = ORIENTED_EDGE ( 'NONE', *, *, #3173, .F. ) ;
#6239 = B_SPLINE_SURFACE_WITH_KNOTS ( 'NONE', 3, 1, ( 
 ( #2785, #4045 ),
 ( #1585, #6040 ),
 ( #2256, #340 ),
 ( #5333, #2757 ),
 ( #1618, #2144 ),
 ( #7202, #369 ),
 ( #2179, #4067 ),
 ( #4673, #6009 ),
 ( #3375, #3463 ),
 ( #2806, #7270 ),
 ( #7941, #973 ) ),
 .UNSPECIFIED., .F., .F., .F.,
 ( 4, 1, 1, 1, 1, 1, 1, 1, 4 ),
 ( 2, 2 ),
 ( 0.0000000000000000000, 0.1252796967356259727, 0.2494199707420513001, 0.3733567994928199130, 0.4966812787822861286, 0.6202029157439825635, 0.7450863201614565945, 0.8712691950190978307, 1.000000000000000000 ),
 ( 0.0000000000000000000, 1.000000000000000000 ),
 .UNSPECIFIED. ) ;
#6240 = B_SPLINE_CURVE_WITH_KNOTS ( 'NONE', 3,
 ( #3368, #2798, #2055, #6470, #7174, #3481, #4121, #2215, #2908, #8015, #6682, #1631, #2828, #4172, #1661, #997, #4087, #423, #361 ),
 .UNSPECIFIED., .F., .F.,
 ( 4, 1, 1, 1, 1, 1, 1, 1, 1, 1, 1, 1, 1, 1, 1, 1, 4 ),
 ( 0.0000000000000000000, 0.07082657255516341954, 0.1381690332798000131, 0.2024753315338422566, 0.2639737544135198899, 0.3233803205980371187, 0.3817976227131855138, 0.4393900745193890511, 0.4969027245459974873, 0.5546621696093702036, 0.6127418784921975226, 0.6715388363911724001, 0.7316557220901981351, 0.7942978116139531863, 0.8594822049793585661, 0.9276813254527899177, 1.000000000000000000 ),
 .UNSPECIFIED. ) ;
#6241 = SURFACE_SIDE_STYLE ('',( #593 ) ) ;
#6242 =( NAMED_UNIT ( * ) PLANE_ANGLE_UNIT ( ) SI_UNIT ( $, .RADIAN. ) );
#6243 = CARTESIAN_POINT ( 'NONE',  ( 0.9932890422343523262, 0.5900365940282445987, -0.4534878236872062485 ) ) ;
#6244 = CARTESIAN_POINT ( 'NONE',  ( 0.09545111977509285195, 0.01039951666877732273, -0.4989999999999999991 ) ) ;
#6245 = PRESENTATION_STYLE_ASSIGNMENT (( #5773 ) ) ;
#6246 = CARTESIAN_POINT ( 'NONE',  ( -0.7599999999999998979, 0.8300000000000011813, -0.04000000000000077105 ) ) ;
#6247 = FILL_AREA_STYLE_COLOUR ( '', #8127 ) ;
#6248 = CARTESIAN_POINT ( 'NONE',  ( 0.0000000000000000000, -0.5504035209157128739, 0.3499999999999999778 ) ) ;
#6249 = B_SPLINE_SURFACE_WITH_KNOTS ( 'NONE', 3, 1, ( 
 ( #5641, #4318 ),
 ( #1859, #527 ),
 ( #6913, #8166 ),
 ( #4354, #4995 ),
 ( #4950, #7596 ),
 ( #5564, #1209 ),
 ( #1178, #1231 ),
 ( #1123, #1884 ),
 ( #2498, #5585 ),
 ( #3072, #3722 ),
 ( #3090, #8213 ),
 ( #6948, #4370 ),
 ( #3120, #7495 ),
 ( #5612, #6252 ),
 ( #606, #3693 ),
 ( #3755, #1833 ),
 ( #6194, #4922 ),
 ( #2479, #6229 ),
 ( #3644, #6866 ) ),
 .UNSPECIFIED., .F., .F., .F.,
 ( 4, 1, 1, 1, 1, 1, 1, 1, 1, 1, 1, 1, 1, 1, 1, 1, 4 ),
 ( 2, 2 ),
 ( 0.0000000000000000000, 0.07430379644281594198, 0.1443936103644179736, 0.2104994961032796985, 0.2735426065034679555, 0.3338247445790732404, 0.3925296724085029498, 0.4500874545995855458, 0.5078206115557879485, 0.5654649127768468508, 0.6231487223336199532, 0.6812971927909358127, 0.7409134981565812517, 0.8018557521958583623, 0.8652412377209435235, 0.9309416570467442531, 1.000000000000000000 ),
 ( 0.0000000000000000000, 1.000000000000000000 ),
 .UNSPECIFIED. ) ;
#6250 = SURFACE_STYLE_USAGE ( .BOTH. , #6865 ) ;
#6251 = DIRECTION ( 'NONE',  ( 0.0000000000000000000, -0.9975640502598243087, -0.06975647374412546897 ) ) ;
#6252 = CARTESIAN_POINT ( 'NONE',  ( -0.1015638117125612500, 0.03922693708244590766, -0.4999999999999998890 ) ) ;
#6253 = EDGE_CURVE ( 'NONE', #319, #3883, #7231, .T. ) ;
#6254 = VECTOR ( 'NONE', #7650, 1000.000000000000114 ) ;
#6255 = ORIENTED_EDGE ( 'NONE', *, *, #7276, .F. ) ;
#6256 =( GEOMETRIC_REPRESENTATION_CONTEXT ( 3 ) GLOBAL_UNCERTAINTY_ASSIGNED_CONTEXT ( ( #7826 ) ) GLOBAL_UNIT_ASSIGNED_CONTEXT ( ( #8122, #1796, #6141 ) ) REPRESENTATION_CONTEXT ( 'NONE', 'WORKASPACE' ) );
#6257 = CARTESIAN_POINT ( 'NONE',  ( -0.03324005411156334688, -0.002357585930993527645, -0.4989999999999999991 ) ) ;
#6258 = CARTESIAN_POINT ( 'NONE',  ( 0.1100000000000000006, -0.8300000000000011813, -0.04000000000000077105 ) ) ;
#6259 = DIRECTION ( 'NONE',  ( 0.0000000000000000000, -1.000000000000000000, -6.023345402697245979E-16 ) ) ;
#6260 = MECHANICAL_DESIGN_GEOMETRIC_PRESENTATION_REPRESENTATION (  '', ( #7580 ), #7742 ) ;
#6261 = EDGE_LOOP ( 'NONE', ( #7684, #1073, #1568, #4541 ) ) ;
#6262 = UNCERTAINTY_MEASURE_WITH_UNIT (LENGTH_MEASURE( 1.000000000000000082E-05 ), #2451, 'distance_accuracy_value', 'NONE');
#6263 = ORIENTED_EDGE ( 'NONE', *, *, #286, .T. ) ;
#6264 = CARTESIAN_POINT ( 'NONE',  ( -0.03324005411156334688, 0.008618023825104037874, -0.5000000000000000000 ) ) ;
#6265 = SURFACE_SIDE_STYLE ('',( #5510 ) ) ;
#6266 = CARTESIAN_POINT ( 'NONE',  ( 0.09599360712341904744, 0.002997998773044407549, -0.4990000000000001101 ) ) ;
#6267 = MECHANICAL_DESIGN_GEOMETRIC_PRESENTATION_REPRESENTATION (  '', ( #360 ), #3570 ) ;
#6268 = SURFACE_STYLE_FILL_AREA ( #5933 ) ;
#6269 = FILL_AREA_STYLE_COLOUR ( '', #2117 ) ;
#6270 = DIRECTION ( 'NONE',  ( 0.0000000000000000000, -0.0000000000000000000, -1.000000000000000000 ) ) ;
#6271 = VECTOR ( 'NONE', #5932, 1000.000000000000000 ) ;
#6272 = AXIS2_PLACEMENT_3D ( 'NONE', #1210, #2447, #3694 ) ;
#6273 = ORIENTED_EDGE ( 'NONE', *, *, #7551, .F. ) ;
#6274 = PRESENTATION_LAYER_ASSIGNMENT (  '', '', ( #7760 ) ) ;
#6275 = CARTESIAN_POINT ( 'NONE',  ( 0.1100000000000000006, -0.6200000000000012168, -0.04000000000000002859 ) ) ;
#6276 = EDGE_CURVE ( 'NONE', #199, #2574, #3130, .T. ) ;
#6277 = DIRECTION ( 'NONE',  ( -1.000000000000000000, -0.0000000000000000000, -0.0000000000000000000 ) ) ;
#6278 = CARTESIAN_POINT ( 'NONE',  ( -0.1100000000000000006, 0.8300000000000011813, -0.04000000000000077105 ) ) ;
#6279 = DIRECTION ( 'NONE',  ( 0.0000000000000000000, -1.000000000000000000, 0.0000000000000000000 ) ) ;
#6280 = COLOUR_RGB ( '',1.000000000000000000, 1.000000000000000000, 1.000000000000000000 ) ;
#6281 = ORIENTED_EDGE ( 'NONE', *, *, #5441, .T. ) ;
#6282 = VECTOR ( 'NONE', #904, 1000.000000000000000 ) ;
#6283 = CARTESIAN_POINT ( 'NONE',  ( -0.5400000000000000355, 0.6243137685856749997, 0.009813566431136535456 ) ) ;
#6284 = FILL_AREA_STYLE ('',( #3781 ) ) ;
#6285 =( LENGTH_UNIT ( ) NAMED_UNIT ( * ) SI_UNIT ( .MILLI., .METRE. ) );
#6286 = DIRECTION ( 'NONE',  ( 0.0000000000000000000, -0.0000000000000000000, -1.000000000000000000 ) ) ;
#6287 = ORIENTED_EDGE ( 'NONE', *, *, #3259, .F. ) ;
#6288 = AXIS2_PLACEMENT_3D ( 'NONE', #6521, #3379, #4050 ) ;
#6289 = EDGE_CURVE ( 'NONE', #1369, #3920, #3822, .T. ) ;
#6290 = DIRECTION ( 'NONE',  ( -1.000000000000000000, 0.0000000000000000000, 0.0000000000000000000 ) ) ;
#6291 = CARTESIAN_POINT ( 'NONE',  ( 0.1100000000000000006, 0.8700000000000001066, -0.5499999999999999334 ) ) ;
#6292 = FILL_AREA_STYLE_COLOUR ( '', #6280 ) ;
#6293 = EDGE_CURVE ( 'NONE', #5613, #5102, #3323, .T. ) ;
#6294 = CARTESIAN_POINT ( 'NONE',  ( 0.7600000000000000089, 0.6131124419696033501, 0.1699999999999999567 ) ) ;
#6295 = ORIENTED_EDGE ( 'NONE', *, *, #1823, .F. ) ;
#6296 = PLANE ( 'NONE',  #547 ) ;
#6297 =( NAMED_UNIT ( * ) SI_UNIT ( $, .STERADIAN. ) SOLID_ANGLE_UNIT ( ) );
#6298 = ORIENTED_EDGE ( 'NONE', *, *, #5767, .T. ) ;
#6299 = VECTOR ( 'NONE', #3353, 1000.000000000000000 ) ;
#6300 = ORIENTED_EDGE ( 'NONE', *, *, #1274, .T. ) ;
#6301 = SURFACE_STYLE_FILL_AREA ( #6216 ) ;
#6302 = SURFACE_SIDE_STYLE ('',( #3741 ) ) ;
#6303 = VECTOR ( 'NONE', #3912, 1000.000000000000000 ) ;
#6304 = FILL_AREA_STYLE_COLOUR ( '', #795 ) ;
#6305 = ORIENTED_EDGE ( 'NONE', *, *, #2849, .T. ) ;
#6306 = VECTOR ( 'NONE', #3621, 1000.000000000000000 ) ;
#6307 = AXIS2_PLACEMENT_3D ( 'NONE', #1903, #1338, #3789 ) ;
#6308 = EDGE_LOOP ( 'NONE', ( #4217, #1375, #871, #4953 ) ) ;
#6309 = ORIENTED_EDGE ( 'NONE', *, *, #3959, .F. ) ;
#6310 = UNCERTAINTY_MEASURE_WITH_UNIT (LENGTH_MEASURE( 1.000000000000000082E-05 ), #8221, 'distance_accuracy_value', 'NONE');
#6311 = ORIENTED_EDGE ( 'NONE', *, *, #1103, .F. ) ;
#6312 = CARTESIAN_POINT ( 'NONE',  ( -0.03567907850180723761, 0.05252046284949429128, -0.4989999999999999991 ) ) ;
#6313 = ORIENTED_EDGE ( 'NONE', *, *, #4378, .T. ) ;
#6314 = CARTESIAN_POINT ( 'NONE',  ( 0.04864819864865738142, 0.05322295879619223097, -0.5000000000000000000 ) ) ;
#6315 = CARTESIAN_POINT ( 'NONE',  ( 0.1100000000000000006, 0.8700000000000002176, -0.3899999999999999578 ) ) ;
#6316 = ORIENTED_EDGE ( 'NONE', *, *, #2686, .F. ) ;
#6317 = STYLED_ITEM ( 'NONE', ( #705 ), #5873 ) ;
#6318 = CARTESIAN_POINT ( 'NONE',  ( 0.1075248867332714992, 0.01723431157373626552, -0.4989999999999998881 ) ) ;
#6319 = PLANE ( 'NONE',  #7752 ) ;
#6320 = PRESENTATION_STYLE_ASSIGNMENT (( #4141 ) ) ;
#6321 =( NAMED_UNIT ( * ) PLANE_ANGLE_UNIT ( ) SI_UNIT ( $, .RADIAN. ) );
#6322 = MECHANICAL_DESIGN_GEOMETRIC_PRESENTATION_REPRESENTATION (  '', ( #6166 ), #2781 ) ;
#6323 = FILL_AREA_STYLE_COLOUR ( '', #3756 ) ;
#6324 = ORIENTED_EDGE ( 'NONE', *, *, #2728, .T. ) ;
#6325 = CARTESIAN_POINT ( 'NONE',  ( -0.1100000000000000006, 0.6700000000000012612, -0.04000000000000020900 ) ) ;
#6326 = MECHANICAL_DESIGN_GEOMETRIC_PRESENTATION_REPRESENTATION (  '', ( #3293 ), #4042 ) ;
#6327 = SURFACE_STYLE_USAGE ( .BOTH. , #6 ) ;
#6328 =( NAMED_UNIT ( * ) PLANE_ANGLE_UNIT ( ) SI_UNIT ( $, .RADIAN. ) );
#6329 = VERTEX_POINT ( 'NONE', #4891 ) ;
#6330 = CARTESIAN_POINT ( 'NONE',  ( -0.5400000000000000355, -0.8300000000000011813, -0.04000000000000077105 ) ) ;
#6331 = FILL_AREA_STYLE_COLOUR ( '', #3987 ) ;
#6332 = SURFACE_STYLE_USAGE ( .BOTH. , #1349 ) ;
#6333 = STYLED_ITEM ( 'NONE', ( #4028 ), #4660 ) ;
#6334 = VECTOR ( 'NONE', #3400, 1000.000000000000000 ) ;
#6335 = AXIS2_PLACEMENT_3D ( 'NONE', #6483, #4650, #5230 ) ;
#6336 = ORIENTED_EDGE ( 'NONE', *, *, #4110, .F. ) ;
#6337 = CARTESIAN_POINT ( 'NONE',  ( -0.08524081630668527143, -0.03650392739440816436, -0.4989999999999999991 ) ) ;
#6338 = CARTESIAN_POINT ( 'NONE',  ( -0.03811810289205114916, -0.04747953715050572815, -0.4989999999999999991 ) ) ;
#6339 = CARTESIAN_POINT ( 'NONE',  ( -0.1344932587429732429, 0.02380084702891684806, -0.4990000000000001101 ) ) ;
#6340 = CARTESIAN_POINT ( 'NONE',  ( 0.04003886187039865097, 0.05154026283087177751, -0.4989999999999999991 ) ) ;
#6341 = B_SPLINE_SURFACE_WITH_KNOTS ( 'NONE', 3, 1, ( 
 ( #6337, #5697 ),
 ( #2552, #6388 ),
 ( #2604, #7057 ),
 ( #4033, #7819 ),
 ( #5912, #3344 ),
 ( #6537, #1524 ),
 ( #4594, #5249 ),
 ( #7854, #6497 ),
 ( #5321, #7263 ),
 ( #2708, #2135 ),
 ( #7146, #5212 ),
 ( #7903, #6561 ),
 ( #4665, #1437 ),
 ( #180, #830 ),
 ( #856, #214 ),
 ( #7787, #2109 ),
 ( #5273, #7878 ),
 ( #3948, #884 ),
 ( #2687, #266 ) ),
 .UNSPECIFIED., .F., .F., .F.,
 ( 4, 1, 1, 1, 1, 1, 1, 1, 1, 1, 1, 1, 1, 1, 1, 1, 4 ),
 ( 2, 2 ),
 ( 0.0000000000000000000, 0.07082657255516341954, 0.1381690332798000131, 0.2024753315338422566, 0.2639737544135198899, 0.3233803205980371187, 0.3817976227131855138, 0.4393900745193890511, 0.4969027245459974873, 0.5546621696093702036, 0.6127418784921975226, 0.6715388363911724001, 0.7316557220901981351, 0.7942978116139531863, 0.8594822049793585661, 0.9276813254527899177, 1.000000000000000000 ),
 ( 0.0000000000000000000, 1.000000000000000000 ),
 .UNSPECIFIED. ) ;
#6342 = B_SPLINE_CURVE_WITH_KNOTS ( 'NONE', 3,
 ( #1433, #5820, #5240, #1456, #5841, #5905, #353, #2129, #7219, #4081, #333 ),
 .UNSPECIFIED., .F., .F.,
 ( 4, 1, 1, 1, 1, 1, 1, 1, 4 ),
 ( 0.0000000000000000000, 0.1352946047634290549, 0.2667656579247486004, 0.3948160188358721401, 0.5200516544342453917, 0.6421757029708214937, 0.7626518205584230659, 0.8818340043805021899, 1.000000000000000000 ),
 .UNSPECIFIED. ) ;
#6343 = CARTESIAN_POINT ( 'NONE',  ( 0.5400000000000000355, -0.8700000000000001066, -0.3500000000000000333 ) ) ;
#6344 = CARTESIAN_POINT ( 'NONE',  ( -1.025000000000000355, 0.5434108397213615049, -0.4500000000000000111 ) ) ;
#6345 = FILL_AREA_STYLE ('',( #700 ) ) ;
#6346 = DIRECTION ( 'NONE',  ( 0.0000000000000000000, 0.0000000000000000000, 1.000000000000000000 ) ) ;
#6347 =( LENGTH_UNIT ( ) NAMED_UNIT ( * ) SI_UNIT ( .MILLI., .METRE. ) );
#6348 = ORIENTED_EDGE ( 'NONE', *, *, #6719, .F. ) ;
#6349 = CARTESIAN_POINT ( 'NONE',  ( -0.1187366563310129491, 0.02666499783333415446, -0.4989999999999999991 ) ) ;
#6350 = STYLED_ITEM ( 'NONE', ( #4613 ), #1473 ) ;
#6351 = CARTESIAN_POINT ( 'NONE',  ( 0.01554043369331471747, 0.05252046284949429128, -0.5000000000000000000 ) ) ;
#6352 = ORIENTED_EDGE ( 'NONE', *, *, #3139, .F. ) ;
#6353 = EDGE_CURVE ( 'NONE', #2951, #2275, #293, .T. ) ;
#6354 = FACE_OUTER_BOUND ( 'NONE', #6402, .T. ) ;
#6355 = AXIS2_PLACEMENT_3D ( 'NONE', #4135, #7950, #7277 ) ;
#6356 = FILL_AREA_STYLE_COLOUR ( '', #6387 ) ;
#6357 = UNCERTAINTY_MEASURE_WITH_UNIT (LENGTH_MEASURE( 1.000000000000000082E-05 ), #42, 'distance_accuracy_value', 'NONE');
#6358 = CARTESIAN_POINT ( 'NONE',  ( -0.08585057240424628922, 0.05252046284949429128, -0.4989999999999999991 ) ) ;
#6359 = ORIENTED_EDGE ( 'NONE', *, *, #7390, .T. ) ;
#6360 = CARTESIAN_POINT ( 'NONE',  ( 0.03747149223695981496, 0.05075843040233819770, -0.4990000000000001101 ) ) ;
#6361 = FILL_AREA_STYLE_COLOUR ( '', #7476 ) ;
#6362 = MECHANICAL_DESIGN_GEOMETRIC_PRESENTATION_REPRESENTATION (  '', ( #7852 ), #8121 ) ;
#6363 = AXIS2_PLACEMENT_3D ( 'NONE', #1376, #4431, #4508 ) ;
#6364 = FACE_OUTER_BOUND ( 'NONE', #6729, .T. ) ;
#6365 = CARTESIAN_POINT ( 'NONE',  ( -0.08482160898961210727, -0.04747953715050572815, -0.5000000000000000000 ) ) ;
#6366 = DIRECTION ( 'NONE',  ( 0.0000000000000000000, 0.0000000000000000000, 1.000000000000000000 ) ) ;
#6367 = SURFACE_STYLE_FILL_AREA ( #7888 ) ;
#6368 = CARTESIAN_POINT ( 'NONE',  ( 0.7599999999999998979, -0.8700000000000001066, -0.5499999999999999334 ) ) ;
#6369 = SURFACE_STYLE_USAGE ( .BOTH. , #5738 ) ;
#6370 = EDGE_CURVE ( 'NONE', #39, #1719, #3433, .T. ) ;
#6371 = CYLINDRICAL_SURFACE ( 'NONE', #5423, 0.1999999999999999278 ) ;
#6372 = DIRECTION ( 'NONE',  ( -1.000000000000000000, -0.0000000000000000000, -0.0000000000000000000 ) ) ;
#6373 = MECHANICAL_DESIGN_GEOMETRIC_PRESENTATION_REPRESENTATION (  '', ( #6992 ), #7272 ) ;
#6374 = CIRCLE ( 'NONE', #6307, 0.03999999999999988981 ) ;
#6375 = ORIENTED_EDGE ( 'NONE', *, *, #492, .T. ) ;
#6376 = DIRECTION ( 'NONE',  ( -0.0000000000000000000, 0.0000000000000000000, 1.000000000000000000 ) ) ;
#6377 =( GEOMETRIC_REPRESENTATION_CONTEXT ( 3 ) GLOBAL_UNCERTAINTY_ASSIGNED_CONTEXT ( ( #601 ) ) GLOBAL_UNIT_ASSIGNED_CONTEXT ( ( #3085, #2495, #6297 ) ) REPRESENTATION_CONTEXT ( 'NONE', 'WORKASPACE' ) );
#6378 = MECHANICAL_DESIGN_GEOMETRIC_PRESENTATION_REPRESENTATION (  '', ( #4544 ), #7102 ) ;
#6379 = PLANE ( 'NONE',  #7641 ) ;
#6380 = LINE ( 'NONE', #4898, #3503 ) ;
#6381 = ADVANCED_FACE ( 'NONE', ( #6619 ), #5007, .F. ) ;
#6382 = DIRECTION ( 'NONE',  ( 0.3390537954853694580, 0.9407669869669987861, 0.0000000000000000000 ) ) ;
#6383 = VECTOR ( 'NONE', #1299, 1000.000000000000000 ) ;
#6384 = LINE ( 'NONE', #4599, #3121 ) ;
#6385 = EDGE_CURVE ( 'NONE', #1965, #1187, #3808, .T. ) ;
#6386 = ORIENTED_EDGE ( 'NONE', *, *, #629, .F. ) ;
#6387 = COLOUR_RGB ( '',0.2509803921568627416, 0.2509803921568627416, 0.2509803921568627416 ) ;
#6388 = CARTESIAN_POINT ( 'NONE',  ( -0.08674757318384257454, -0.03647135650272924356, -0.5000000000000000000 ) ) ;
#6389 = SURFACE_STYLE_USAGE ( .BOTH. , #215 ) ;
#6390 = DIRECTION ( 'NONE',  ( 0.0000000000000000000, 1.000000000000000000, 6.023345402697246965E-16 ) ) ;
#6391 =( LENGTH_UNIT ( ) NAMED_UNIT ( * ) SI_UNIT ( .MILLI., .METRE. ) );
#6392 = VECTOR ( 'NONE', #2371, 1000.000000000000000 ) ;
#6393 = SURFACE_STYLE_FILL_AREA ( #4714 ) ;
#6394 = CARTESIAN_POINT ( 'NONE',  ( -1.004369139644411435, -0.6250000000000004441, -9.380889890841376255E-16 ) ) ;
#6395 =( GEOMETRIC_REPRESENTATION_CONTEXT ( 3 ) GLOBAL_UNCERTAINTY_ASSIGNED_CONTEXT ( ( #6759 ) ) GLOBAL_UNIT_ASSIGNED_CONTEXT ( ( #1974, #4738, #5930 ) ) REPRESENTATION_CONTEXT ( 'NONE', 'WORKASPACE' ) );
#6396 = DIRECTION ( 'NONE',  ( 0.0000000000000000000, 3.497426362856476757E-15, -1.000000000000000000 ) ) ;
#6397 = VECTOR ( 'NONE', #1277, 1000.000000000000114 ) ;
#6398 = SURFACE_STYLE_FILL_AREA ( #5771 ) ;
#6399 = ORIENTED_EDGE ( 'NONE', *, *, #1221, .T. ) ;
#6400 = SURFACE_STYLE_FILL_AREA ( #6921 ) ;
#6401 = SURFACE_STYLE_USAGE ( .BOTH. , #4385 ) ;
#6402 = EDGE_LOOP ( 'NONE', ( #1795, #3436, #1894, #1204 ) ) ;
#6403 = FILL_AREA_STYLE_COLOUR ( '', #6185 ) ;
#6404 = ORIENTED_EDGE ( 'NONE', *, *, #3166, .F. ) ;
#6406 = EDGE_CURVE ( 'NONE', #6477, #1785, #4233, .T. ) ;
#6405 = FACE_BOUND ( 'NONE', #495, .T. ) ;
#6407 =( LENGTH_UNIT ( ) NAMED_UNIT ( * ) SI_UNIT ( .MILLI., .METRE. ) );
#6408 = VECTOR ( 'NONE', #7420, 1000.000000000000000 ) ;
#6409 =( LENGTH_UNIT ( ) NAMED_UNIT ( * ) SI_UNIT ( .MILLI., .METRE. ) );
#6410 = CYLINDRICAL_SURFACE ( 'NONE', #1801, 0.05000000000000002359 ) ;
#6411 = CARTESIAN_POINT ( 'NONE',  ( -0.08721733539074393027, 0.04151555367648728651, -0.4990000000000001101 ) ) ;
#6412 = ORIENTED_EDGE ( 'NONE', *, *, #567, .F. ) ;
#6413 = VECTOR ( 'NONE', #342, 1000.000000000000114 ) ;
#6414 = LINE ( 'NONE', #2592, #7850 ) ;
#6415 = ORIENTED_EDGE ( 'NONE', *, *, #1941, .F. ) ;
#6416 = ORIENTED_EDGE ( 'NONE', *, *, #2060, .F. ) ;
#6417 = DIRECTION ( 'NONE',  ( -1.000000000000000000, 0.0000000000000000000, -0.0000000000000000000 ) ) ;
#6418 = DIRECTION ( 'NONE',  ( 1.000000000000000000, 0.0000000000000000000, 0.0000000000000000000 ) ) ;
#6419 = VECTOR ( 'NONE', #844, 1000.000000000000000 ) ;
#6420 = UNCERTAINTY_MEASURE_WITH_UNIT (LENGTH_MEASURE( 1.000000000000000082E-05 ), #6642, 'distance_accuracy_value', 'NONE');
#6421 = PRESENTATION_LAYER_ASSIGNMENT (  '', '', ( #5722 ) ) ;
#6422 = ORIENTED_EDGE ( 'NONE', *, *, #1294, .T. ) ;
#6423 = PRESENTATION_STYLE_ASSIGNMENT (( #5926 ) ) ;
#6424 = EDGE_LOOP ( 'NONE', ( #7665, #2319, #7589, #3143 ) ) ;
#6425 = CARTESIAN_POINT ( 'NONE',  ( -0.9751217974870091121, 0.6249999999999998890, 0.0000000000000000000 ) ) ;
#6426 = CARTESIAN_POINT ( 'NONE',  ( -0.09128996537300529401, 0.05239922378308296824, -0.5000000000000000000 ) ) ;
#6427 = PRESENTATION_STYLE_ASSIGNMENT (( #7897 ) ) ;
#6428 = PRESENTATION_LAYER_ASSIGNMENT (  '', '', ( #5578 ) ) ;
#6429 = ADVANCED_FACE ( 'NONE', ( #2955 ), #6319, .T. ) ;
#6430 = PRESENTATION_STYLE_ASSIGNMENT (( #4931 ) ) ;
#6431 = DIRECTION ( 'NONE',  ( -1.000000000000000000, -0.0000000000000000000, -0.0000000000000000000 ) ) ;
#6432 = MECHANICAL_DESIGN_GEOMETRIC_PRESENTATION_REPRESENTATION (  '', ( #8135 ), #7436 ) ;
#6433 = DIRECTION ( 'NONE',  ( 0.0000000000000000000, 0.0000000000000000000, 1.000000000000000000 ) ) ;
#6434 = PRESENTATION_STYLE_ASSIGNMENT (( #3574 ) ) ;
#6435 = CARTESIAN_POINT ( 'NONE',  ( -0.6680540323600325792, -0.3440386105051373988, 0.4000000000000000222 ) ) ;
#6436 =( NAMED_UNIT ( * ) SI_UNIT ( $, .STERADIAN. ) SOLID_ANGLE_UNIT ( ) );
#6437 = COLOUR_RGB ( '',0.5019607843137254832, 0.2509803921568627416, 0.0000000000000000000 ) ;
#6438 = PRESENTATION_LAYER_ASSIGNMENT (  '', '', ( #7911 ) ) ;
#6439 = EDGE_LOOP ( 'NONE', ( #3712, #6673, #6002, #2507, #1579, #3753, #1230, #4879, #7900, #6386, #3727 ) ) ;
#6440 = FILL_AREA_STYLE ('',( #704 ) ) ;
#6441 = EDGE_CURVE ( 'NONE', #2204, #4624, #4426, .T. ) ;
#6442 =( NAMED_UNIT ( * ) SI_UNIT ( $, .STERADIAN. ) SOLID_ANGLE_UNIT ( ) );
#6443 = DIRECTION ( 'NONE',  ( 0.0000000000000000000, 3.497426362856476362E-15, 1.000000000000000000 ) ) ;
#6444 = FILL_AREA_STYLE ('',( #4545 ) ) ;
#6445 = CARTESIAN_POINT ( 'NONE',  ( -0.1061567250193031636, -0.04405861880730076174, -0.4999999999999996669 ) ) ;
#6446 =( GEOMETRIC_REPRESENTATION_CONTEXT ( 3 ) GLOBAL_UNCERTAINTY_ASSIGNED_CONTEXT ( ( #6467 ) ) GLOBAL_UNIT_ASSIGNED_CONTEXT ( ( #7610, #3206, #5093 ) ) REPRESENTATION_CONTEXT ( 'NONE', 'WORKASPACE' ) );
#6447 = DIRECTION ( 'NONE',  ( -1.000000000000000000, 0.0000000000000000000, -0.0000000000000000000 ) ) ;
#6448 = DIRECTION ( 'NONE',  ( -0.0000000000000000000, -1.000000000000000000, -0.0000000000000000000 ) ) ;
#6449 = EDGE_CURVE ( 'NONE', #86, #4954, #6197, .T. ) ;
#6450 = CARTESIAN_POINT ( 'NONE',  ( 0.7600000000000000089, -0.6250000000000001110, 0.0000000000000000000 ) ) ;
#6451 = DIRECTION ( 'NONE',  ( -1.000000000000000000, 0.0000000000000000000, 0.0000000000000000000 ) ) ;
#6452 = SURFACE_SIDE_STYLE ('',( #6075 ) ) ;
#6453 = DIRECTION ( 'NONE',  ( 0.0000000000000000000, 0.0000000000000000000, 1.000000000000000000 ) ) ;
#6454 = COLOUR_RGB ( '',0.2509803921568627416, 0.2509803921568627416, 0.2509803921568627416 ) ;
#6455 = DIRECTION ( 'NONE',  ( 0.0000000000000000000, -1.000000000000000000, 6.023345402697246965E-16 ) ) ;
#6456 = CARTESIAN_POINT ( 'NONE',  ( 0.1100000000000000006, 0.8300000000000001821, -0.3499999999999998668 ) ) ;
#6457 = SURFACE_SIDE_STYLE ('',( #94 ) ) ;
#6458 = FACE_OUTER_BOUND ( 'NONE', #2913, .T. ) ;
#6459 = UNCERTAINTY_MEASURE_WITH_UNIT (LENGTH_MEASURE( 1.000000000000000082E-05 ), #232, 'distance_accuracy_value', 'NONE');
#6460 = CARTESIAN_POINT ( 'NONE',  ( -0.5400000000000000355, 0.8700000000000001066, -0.3500000000000000333 ) ) ;
#6461 = ORIENTED_EDGE ( 'NONE', *, *, #6568, .F. ) ;
#6462 = FACE_OUTER_BOUND ( 'NONE', #6588, .T. ) ;
#6463 = ORIENTED_EDGE ( 'NONE', *, *, #3587, .F. ) ;
#6464 = SURFACE_SIDE_STYLE ('',( #416 ) ) ;
#6465 = ADVANCED_FACE ( 'NONE', ( #6609 ), #7834, .T. ) ;
#6466 = CARTESIAN_POINT ( 'NONE',  ( -0.1344985269545220796, -0.01716919636507928740, -0.4990000000000002212 ) ) ;
#6467 = UNCERTAINTY_MEASURE_WITH_UNIT (LENGTH_MEASURE( 1.000000000000000082E-05 ), #7610, 'distance_accuracy_value', 'NONE');
#6468 = CYLINDRICAL_SURFACE ( 'NONE', #3151, 0.05000000000000002359 ) ;
#6469 = VERTEX_POINT ( 'NONE', #556 ) ;
#6470 = CARTESIAN_POINT ( 'NONE',  ( -0.09397062197273219064, -0.03590323679047346950, -0.5000000000000000000 ) ) ;
#6471 = FILL_AREA_STYLE ('',( #4596 ) ) ;
#6472 =( NAMED_UNIT ( * ) SI_UNIT ( $, .STERADIAN. ) SOLID_ANGLE_UNIT ( ) );
#6473 = FILL_AREA_STYLE ('',( #809 ) ) ;
#6474 =( NAMED_UNIT ( * ) SI_UNIT ( $, .STERADIAN. ) SOLID_ANGLE_UNIT ( ) );
#6475 =( LENGTH_UNIT ( ) NAMED_UNIT ( * ) SI_UNIT ( .MILLI., .METRE. ) );
#6476 = AXIS2_PLACEMENT_3D ( 'NONE', #3738, #8217, #7667 ) ;
#6477 = VERTEX_POINT ( 'NONE', #47 ) ;
#6478 = MECHANICAL_DESIGN_GEOMETRIC_PRESENTATION_REPRESENTATION (  '', ( #124 ), #5940 ) ;
#6479 = FILL_AREA_STYLE ('',( #863 ) ) ;
#6480 = SURFACE_SIDE_STYLE ('',( #4915 ) ) ;
#6481 = FILL_AREA_STYLE ('',( #3190 ) ) ;
#6482 = CARTESIAN_POINT ( 'NONE',  ( -0.1241281430496225385, -0.005391019721569164161, -0.4989999999999999991 ) ) ;
#6483 = CARTESIAN_POINT ( 'NONE',  ( -0.2356790785018072487, -0.04747953715050572815, -0.4989999999999999991 ) ) ;
#6484 = AXIS2_PLACEMENT_3D ( 'NONE', #1687, #3532, #8010 ) ;
#6485 = FACE_OUTER_BOUND ( 'NONE', #6516, .T. ) ;
#6486 = PLANE ( 'NONE',  #7038 ) ;
#6487 =( GEOMETRIC_REPRESENTATION_CONTEXT ( 3 ) GLOBAL_UNCERTAINTY_ASSIGNED_CONTEXT ( ( #5505 ) ) GLOBAL_UNIT_ASSIGNED_CONTEXT ( ( #4514, #2026, #5111 ) ) REPRESENTATION_CONTEXT ( 'NONE', 'WORKASPACE' ) );
#6488 = VECTOR ( 'NONE', #4688, 1000.000000000000000 ) ;
#6489 = CARTESIAN_POINT ( 'NONE',  ( 0.07812750624291558976, -0.03363956067238878245, -0.4999999999999998890 ) ) ;
#6490 = ORIENTED_EDGE ( 'NONE', *, *, #5972, .T. ) ;
#6491 = FILL_AREA_STYLE ('',( #5294 ) ) ;
#6492 = ORIENTED_EDGE ( 'NONE', *, *, #13, .F. ) ;
#6493 = EDGE_CURVE ( 'NONE', #5186, #2233, #2364, .T. ) ;
#6494 = VECTOR ( 'NONE', #7914, 1000.000000000000114 ) ;
#6495 = PRESENTATION_STYLE_ASSIGNMENT (( #6029 ) ) ;
#6496 = VECTOR ( 'NONE', #4273, 1000.000000000000000 ) ;
#6497 = CARTESIAN_POINT ( 'NONE',  ( -0.1085679597408659991, -0.03064780593771735881, -0.5000000000000002220 ) ) ;
#6498 = ORIENTED_EDGE ( 'NONE', *, *, #808, .F. ) ;
#6499 = DIRECTION ( 'NONE',  ( -1.000000000000000000, -0.0000000000000000000, -0.0000000000000000000 ) ) ;
#6500 = ORIENTED_EDGE ( 'NONE', *, *, #7710, .F. ) ;
#6501 = DIRECTION ( 'NONE',  ( 0.0000000000000000000, 0.0000000000000000000, 1.000000000000000000 ) ) ;
#6502 = FILL_AREA_STYLE ('',( #7149 ) ) ;
#6503 = EDGE_LOOP ( 'NONE', ( #504, #6026, #1272, #6963 ) ) ;
#6504 =( LENGTH_UNIT ( ) NAMED_UNIT ( * ) SI_UNIT ( .MILLI., .METRE. ) );
#6505 = FILL_AREA_STYLE ('',( #6361 ) ) ;
#6506 = VERTEX_POINT ( 'NONE', #6365 ) ;
#6507 = FACE_OUTER_BOUND ( 'NONE', #7128, .T. ) ;
#6508 = ADVANCED_FACE ( 'NONE', ( #4027 ), #6410, .T. ) ;
#6509 = LINE ( 'NONE', #4457, #5906 ) ;
#6510 = CARTESIAN_POINT ( 'NONE',  ( 0.1014452577961634655, 0.03132109858944811392, -0.4989999999999999991 ) ) ;
#6511 = EDGE_LOOP ( 'NONE', ( #4440, #954, #3033, #594 ) ) ;
#6512 =( NAMED_UNIT ( * ) PLANE_ANGLE_UNIT ( ) SI_UNIT ( $, .RADIAN. ) );
#6513 = PRESENTATION_STYLE_ASSIGNMENT (( #4245 ) ) ;
#6514 = ORIENTED_EDGE ( 'NONE', *, *, #7912, .F. ) ;
#6515 =( NAMED_UNIT ( * ) PLANE_ANGLE_UNIT ( ) SI_UNIT ( $, .RADIAN. ) );
#6516 = EDGE_LOOP ( 'NONE', ( #2369, #3483, #801, #5151 ) ) ;
#6517 = DIRECTION ( 'NONE',  ( 0.0000000000000000000, -0.0000000000000000000, 1.000000000000000000 ) ) ;
#6518 = STYLED_ITEM ( 'NONE', ( #6807 ), #1686 ) ;
#6519 = ORIENTED_EDGE ( 'NONE', *, *, #2784, .T. ) ;
#6520 =( NAMED_UNIT ( * ) SI_UNIT ( $, .STERADIAN. ) SOLID_ANGLE_UNIT ( ) );
#6521 = CARTESIAN_POINT ( 'NONE',  ( -0.1100000000000000006, -0.6200000000000012168, -0.04000000000000002859 ) ) ;
#6522 = UNCERTAINTY_MEASURE_WITH_UNIT (LENGTH_MEASURE( 1.000000000000000082E-05 ), #5216, 'distance_accuracy_value', 'NONE');
#6523 = COLOUR_RGB ( '',1.000000000000000000, 1.000000000000000000, 1.000000000000000000 ) ;
#6524 = EDGE_CURVE ( 'NONE', #2460, #155, #6008, .T. ) ;
#6525 = PLANE ( 'NONE',  #1498 ) ;
#6526 = ORIENTED_EDGE ( 'NONE', *, *, #2623, .T. ) ;
#6527 =( LENGTH_UNIT ( ) NAMED_UNIT ( * ) SI_UNIT ( .MILLI., .METRE. ) );
#6528 = DIRECTION ( 'NONE',  ( 0.0000000000000000000, -1.000000000000000000, 0.0000000000000000000 ) ) ;
#6529 = CARTESIAN_POINT ( 'NONE',  ( 0.08106355425665727477, -0.03182632798931127327, -0.4989999999999999991 ) ) ;
#6530 = CARTESIAN_POINT ( 'NONE',  ( 0.1100000000000000006, -0.8700000000000001066, -0.5499999999999999334 ) ) ;
#6531 = STYLED_ITEM ( 'NONE', ( #7869 ), #5470 ) ;
#6532 = PRESENTATION_STYLE_ASSIGNMENT (( #5999 ) ) ;
#6533 = ORIENTED_EDGE ( 'NONE', *, *, #7981, .T. ) ;
#6534 = AXIS2_PLACEMENT_3D ( 'NONE', #510, #1054, #7384 ) ;
#6535 = ORIENTED_EDGE ( 'NONE', *, *, #4777, .F. ) ;
#6536 = STYLED_ITEM ( 'NONE', ( #7192 ), #2149 ) ;
#6537 = CARTESIAN_POINT ( 'NONE',  ( -0.1017825597499552176, -0.03395792785625957599, -0.4990000000000001101 ) ) ;
#6538 = CARTESIAN_POINT ( 'NONE',  ( 0.09545111977509285195, 0.01039951666877732273, -0.5000000000000000000 ) ) ;
#6539 = CARTESIAN_POINT ( 'NONE',  ( 0.7599999999999998979, 0.8700000000000001066, -0.5499999999999999334 ) ) ;
#6540 = PLANE ( 'NONE',  #2313 ) ;
#6541 = EDGE_CURVE ( 'NONE', #7802, #2542, #1383, .T. ) ;
#6542 = ORIENTED_EDGE ( 'NONE', *, *, #8044, .F. ) ;
#6543 = AXIS2_PLACEMENT_3D ( 'NONE', #2614, #7065, #7639 ) ;
#6544 = AXIS2_PLACEMENT_3D ( 'NONE', #2176, #5970, #6597 ) ;
#6545 = SURFACE_STYLE_FILL_AREA ( #4597 ) ;
#6546 =( NAMED_UNIT ( * ) PLANE_ANGLE_UNIT ( ) SI_UNIT ( $, .RADIAN. ) );
#6547 = ADVANCED_FACE ( 'NONE', ( #179 ), #3910, .F. ) ;
#6548 = CARTESIAN_POINT ( 'NONE',  ( 0.05742271714312773001, 0.05373164060105538320, -0.4989999999999998881 ) ) ;
#6549 = EDGE_CURVE ( 'NONE', #2480, #5437, #3719, .T. ) ;
#6550 = CARTESIAN_POINT ( 'NONE',  ( 0.5400000000000000355, -0.6200000000000012168, 0.1699999999999999845 ) ) ;
#6551 = CARTESIAN_POINT ( 'NONE',  ( 0.04074968879713008335, -0.03415502818134388135, -0.4999999999999998890 ) ) ;
#6552 = FILL_AREA_STYLE ('',( #2124 ) ) ;
#6553 =( NAMED_UNIT ( * ) PLANE_ANGLE_UNIT ( ) SI_UNIT ( $, .RADIAN. ) );
#6554 = CARTESIAN_POINT ( 'NONE',  ( 0.09472491593837077672, -0.01097265784693760710, -0.5000000000000001110 ) ) ;
#6555 = ADVANCED_FACE ( 'NONE', ( #4948 ), #2255, .T. ) ;
#6556 = SURFACE_STYLE_USAGE ( .BOTH. , #4746 ) ;
#6557 = LINE ( 'NONE', #228, #2595 ) ;
#6558 = VERTEX_POINT ( 'NONE', #7600 ) ;
#6559 = PRESENTATION_LAYER_ASSIGNMENT (  '', '', ( #3841 ) ) ;
#6560 = STYLED_ITEM ( 'NONE', ( #3373 ), #7973 ) ;
#6561 = CARTESIAN_POINT ( 'NONE',  ( -0.1189075133937146783, -0.02022019053756687890, -0.5000000000000002220 ) ) ;
#6562 = CARTESIAN_POINT ( 'NONE',  ( -0.1108524358655544051, -0.04209490004599449053, -0.5000000000000001110 ) ) ;
#6563 = EDGE_CURVE ( 'NONE', #8108, #5618, #1584, .T. ) ;
#6564 = CARTESIAN_POINT ( 'NONE',  ( 0.7599999999999998979, 0.6200000000000012168, -0.04000000000000002859 ) ) ;
#6565 = VERTEX_POINT ( 'NONE', #687 ) ;
#6566 = SURFACE_SIDE_STYLE ('',( #7995 ) ) ;
#6567 =( LENGTH_UNIT ( ) NAMED_UNIT ( * ) SI_UNIT ( .MILLI., .METRE. ) );
#6568 = EDGE_CURVE ( 'NONE', #5334, #804, #586, .T. ) ;
#6569 = UNCERTAINTY_MEASURE_WITH_UNIT (LENGTH_MEASURE( 1.000000000000000082E-05 ), #282, 'distance_accuracy_value', 'NONE');
#6570 = LINE ( 'NONE', #1926, #6791 ) ;
#6571 = DIRECTION ( 'NONE',  ( 0.0000000000000000000, 0.0000000000000000000, -1.000000000000000000 ) ) ;
#6572 =( LENGTH_UNIT ( ) NAMED_UNIT ( * ) SI_UNIT ( .MILLI., .METRE. ) );
#6573 = LINE ( 'NONE', #4658, #3194 ) ;
#6574 = FILL_AREA_STYLE_COLOUR ( '', #5324 ) ;
#6575 = CARTESIAN_POINT ( 'NONE',  ( 0.09592616804333839453, 0.006005872326861980831, -0.4990000000000001101 ) ) ;
#6576 = CARTESIAN_POINT ( 'NONE',  ( 0.07265778452590448966, -0.04794776549468757892, -0.4990000000000001101 ) ) ;
#6577 = VECTOR ( 'NONE', #1430, 1000.000000000000114 ) ;
#6578 =( GEOMETRIC_REPRESENTATION_CONTEXT ( 3 ) GLOBAL_UNCERTAINTY_ASSIGNED_CONTEXT ( ( #7984 ) ) GLOBAL_UNIT_ASSIGNED_CONTEXT ( ( #3345, #7744, #7820 ) ) REPRESENTATION_CONTEXT ( 'NONE', 'WORKASPACE' ) );
#6579 = VECTOR ( 'NONE', #1512, 1000.000000000000000 ) ;
#6580 = FILL_AREA_STYLE ('',( #7280 ) ) ;
#6581 = CARTESIAN_POINT ( 'NONE',  ( 0.1557843361323391351, -0.03650392739440816436, -0.5000000000000000000 ) ) ;
#6582 = DIRECTION ( 'NONE',  ( -1.000000000000000000, -3.469446951953615668E-16, 0.0000000000000000000 ) ) ;
#6583 = CARTESIAN_POINT ( 'NONE',  ( 0.09594619902502823927, -0.002864217870188354598, -0.5000000000000001110 ) ) ;
#6584 = DIRECTION ( 'NONE',  ( -0.0000000000000000000, 1.000000000000000000, -0.0000000000000000000 ) ) ;
#6585 = SURFACE_SIDE_STYLE ('',( #5915 ) ) ;
#6586 = PRESENTATION_STYLE_ASSIGNMENT (( #8165 ) ) ;
#6587 = DIRECTION ( 'NONE',  ( 0.0000000000000000000, -3.497426362856476362E-15, -1.000000000000000000 ) ) ;
#6588 = EDGE_LOOP ( 'NONE', ( #3238, #3426, #741, #84 ) ) ;
#6589 = AXIS2_PLACEMENT_3D ( 'NONE', #7134, #2021, #6443 ) ;
#6590 = FACE_OUTER_BOUND ( 'NONE', #1005, .T. ) ;
#6591 = CARTESIAN_POINT ( 'NONE',  ( 0.07171006227004821099, -0.03630563327983991201, -0.4999999999999998890 ) ) ;
#6592 =( LENGTH_UNIT ( ) NAMED_UNIT ( * ) SI_UNIT ( .MILLI., .METRE. ) );
#6593 = CARTESIAN_POINT ( 'NONE',  ( -0.5400000000000000355, -0.6243137685856749997, 0.009813566431136535456 ) ) ;
#6594 = CARTESIAN_POINT ( 'NONE',  ( 0.09850582767866680745, 0.03542522956817657775, -0.5000000000000000000 ) ) ;
#6595 = LINE ( 'NONE', #6450, #5500 ) ;
#6596 = DIRECTION ( 'NONE',  ( 0.0000000000000000000, 0.0000000000000000000, -1.000000000000000000 ) ) ;
#6597 = DIRECTION ( 'NONE',  ( 0.0000000000000000000, -3.497426362856475968E-15, 1.000000000000000000 ) ) ;
#6598 = PRESENTATION_LAYER_ASSIGNMENT (  '', '', ( #6166 ) ) ;
#6599 = SURFACE_STYLE_FILL_AREA ( #2863 ) ;
#6600 = STYLED_ITEM ( 'NONE', ( #1077 ), #2942 ) ;
#6601 = ORIENTED_EDGE ( 'NONE', *, *, #808, .T. ) ;
#6602 = ADVANCED_FACE ( 'NONE', ( #789 ), #633, .F. ) ;
#6603 = EDGE_CURVE ( 'NONE', #1284, #2648, #5331, .T. ) ;
#6604 = SURFACE_STYLE_FILL_AREA ( #4356 ) ;
#6605 = CARTESIAN_POINT ( 'NONE',  ( 0.7599999999999998979, 1.050000000000000044, -0.3900000000000000688 ) ) ;
#6606 = CARTESIAN_POINT ( 'NONE',  ( 0.7599999999999998979, 0.8700000000000001066, -0.3500000000000000333 ) ) ;
#6607 = COLOUR_RGB ( '',0.2509803921568627416, 0.2509803921568627416, 0.2509803921568627416 ) ;
#6608 =( NAMED_UNIT ( * ) PLANE_ANGLE_UNIT ( ) SI_UNIT ( $, .RADIAN. ) );
#6609 = FACE_OUTER_BOUND ( 'NONE', #1055, .T. ) ;
#6610 = CARTESIAN_POINT ( 'NONE',  ( 0.09602823857136350005, 0.001453389678762573084, -0.4989999999999999991 ) ) ;
#6611 = COLOUR_RGB ( '',0.0000000000000000000, 0.0000000000000000000, 0.0000000000000000000 ) ;
#6612 = PLANE ( 'NONE',  #6335 ) ;
#6613 = ORIENTED_EDGE ( 'NONE', *, *, #166, .T. ) ;
#6614 = VERTEX_POINT ( 'NONE', #5086 ) ;
#6615 = VECTOR ( 'NONE', #4964, 1000.000000000000000 ) ;
#6616 =( NAMED_UNIT ( * ) PLANE_ANGLE_UNIT ( ) SI_UNIT ( $, .RADIAN. ) );
#6617 = EDGE_LOOP ( 'NONE', ( #4527, #582, #7552, #4586 ) ) ;
#6618 = CARTESIAN_POINT ( 'NONE',  ( 1.024999999999999911, -0.5751217974870089789, 0.0000000000000000000 ) ) ;
#6619 = FACE_OUTER_BOUND ( 'NONE', #800, .T. ) ;
#6620 = CARTESIAN_POINT ( 'NONE',  ( 0.5400000000000000355, -0.8700000000000002176, -0.3899999999999999578 ) ) ;
#6621 = VECTOR ( 'NONE', #4389, 1000.000000000000000 ) ;
#6622 = ORIENTED_EDGE ( 'NONE', *, *, #7105, .F. ) ;
#6623 = LINE ( 'NONE', #7160, #3144 ) ;
#6624 =( LENGTH_UNIT ( ) NAMED_UNIT ( * ) SI_UNIT ( .MILLI., .METRE. ) );
#6625 = VECTOR ( 'NONE', #5949, 1000.000000000000000 ) ;
#6626 = VERTEX_POINT ( 'NONE', #3158 ) ;
#6627 = VECTOR ( 'NONE', #4771, 1000.000000000000000 ) ;
#6628 = ORIENTED_EDGE ( 'NONE', *, *, #1159, .T. ) ;
#6629 = CARTESIAN_POINT ( 'NONE',  ( -0.2356790785018072487, -0.04747953715050572815, -0.4989999999999999991 ) ) ;
#6630 = FILL_AREA_STYLE_COLOUR ( '', #8030 ) ;
#6631 = CARTESIAN_POINT ( 'NONE',  ( 0.08324712104886702879, 0.04811487999005707727, -0.5000000000000001110 ) ) ;
#6632 = CARTESIAN_POINT ( 'NONE',  ( -0.9504035209157130071, 0.6002817234287037840, 0.3534878236872062707 ) ) ;
#6633 = ORIENTED_EDGE ( 'NONE', *, *, #5703, .T. ) ;
#6634 = CARTESIAN_POINT ( 'NONE',  ( -0.1100000000000000006, -0.8700000000000001066, -0.5499999999999999334 ) ) ;
#6635 = VERTEX_POINT ( 'NONE', #655 ) ;
#6636 = LINE ( 'NONE', #3011, #7467 ) ;
#6637 = DIRECTION ( 'NONE',  ( 0.0000000000000000000, 3.497426362856476757E-15, -1.000000000000000000 ) ) ;
#6638 = UNCERTAINTY_MEASURE_WITH_UNIT (LENGTH_MEASURE( 1.000000000000000082E-05 ), #3861, 'distance_accuracy_value', 'NONE');
#6639 = PRESENTATION_STYLE_ASSIGNMENT (( #6556 ) ) ;
#6640 = CARTESIAN_POINT ( 'NONE',  ( -0.6680540323600325792, -0.3440386105051373988, 0.3990000000000000213 ) ) ;
#6641 = ORIENTED_EDGE ( 'NONE', *, *, #4765, .T. ) ;
#6642 =( LENGTH_UNIT ( ) NAMED_UNIT ( * ) SI_UNIT ( .MILLI., .METRE. ) );
#6643 = ADVANCED_FACE ( 'NONE', ( #1968 ), #2528, .T. ) ;
#6644 = PRESENTATION_LAYER_ASSIGNMENT (  '', '', ( #4787 ) ) ;
#6645 = CARTESIAN_POINT ( 'NONE',  ( -0.03811810289205114916, -0.03650392739440816436, -0.4989999999999999991 ) ) ;
#6646 = FILL_AREA_STYLE_COLOUR ( '', #4770 ) ;
#6647 = CARTESIAN_POINT ( 'NONE',  ( 0.08594039495352898128, -0.04350289880386526420, -0.5000000000000000000 ) ) ;
#6648 = LINE ( 'NONE', #3032, #2283 ) ;
#6649 = EDGE_CURVE ( 'NONE', #2951, #4959, #5605, .T. ) ;
#6650 = LINE ( 'NONE', #5806, #4973 ) ;
#6651 = DIRECTION ( 'NONE',  ( 0.0000000000000000000, 6.023345402697245979E-16, -1.000000000000000000 ) ) ;
#6652 = CARTESIAN_POINT ( 'NONE',  ( -0.1905935590388523060, 0.03619478633771034543, -0.4989999999999998881 ) ) ;
#6653 = EDGE_LOOP ( 'NONE', ( #7217, #3007, #3222, #5717 ) ) ;
#6654 = ADVANCED_FACE ( 'NONE', ( #2448 ), #7441, .T. ) ;
#6655 = DIRECTION ( 'NONE',  ( 1.000000000000000000, 0.0000000000000000000, 0.0000000000000000000 ) ) ;
#6656 = MECHANICAL_DESIGN_GEOMETRIC_PRESENTATION_REPRESENTATION (  '', ( #7077 ), #7527 ) ;
#6657 = LINE ( 'NONE', #3189, #4669 ) ;
#6658 = PLANE ( 'NONE',  #5037 ) ;
#6659 = MECHANICAL_DESIGN_GEOMETRIC_PRESENTATION_REPRESENTATION (  '', ( #721 ), #5939 ) ;
#6660 = PRESENTATION_LAYER_ASSIGNMENT (  '', '', ( #3394 ) ) ;
#6661 = CARTESIAN_POINT ( 'NONE',  ( -0.1267605573332183100, -0.02991207411212015374, -0.4990000000000002212 ) ) ;
#6662 = FILL_AREA_STYLE_COLOUR ( '', #4619 ) ;
#6663 =( LENGTH_UNIT ( ) NAMED_UNIT ( * ) SI_UNIT ( .MILLI., .METRE. ) );
#6664 = DIRECTION ( 'NONE',  ( 0.0000000000000000000, 0.0000000000000000000, -1.000000000000000000 ) ) ;
#6665 = EDGE_CURVE ( 'NONE', #4550, #6506, #2242, .T. ) ;
#6666 = AXIS2_PLACEMENT_3D ( 'NONE', #7698, #2620, #6346 ) ;
#6667 = DIRECTION ( 'NONE',  ( 0.0000000000000000000, 8.131516293641305343E-15, -1.000000000000000000 ) ) ;
#6668 = DIRECTION ( 'NONE',  ( 0.0000000000000000000, -0.0000000000000000000, 1.000000000000000000 ) ) ;
#6669 = DIRECTION ( 'NONE',  ( 0.0000000000000000000, 0.0000000000000000000, -1.000000000000000000 ) ) ;
#6670 = AXIS2_PLACEMENT_3D ( 'NONE', #4387, #3170, #4453 ) ;
#6671 = CARTESIAN_POINT ( 'NONE',  ( 0.1077410880133442550, -0.01480491514452331528, -0.4989999999999998881 ) ) ;
#6672 = LINE ( 'NONE', #2017, #3276 ) ;
#6673 = ORIENTED_EDGE ( 'NONE', *, *, #1386, .T. ) ;
#6674 = EDGE_CURVE ( 'NONE', #6117, #2460, #4625, .T. ) ;
#6675 = CARTESIAN_POINT ( 'NONE',  ( 0.1100000000000000006, -0.6700000000000012612, -0.04000000000000020900 ) ) ;
#6676 = DIRECTION ( 'NONE',  ( 0.0000000000000000000, -1.000000000000000000, 6.023345402697246965E-16 ) ) ;
#6677 = FILL_AREA_STYLE_COLOUR ( '', #3062 ) ;
#6678 = ORIENTED_EDGE ( 'NONE', *, *, #8196, .T. ) ;
#6679 = PRESENTATION_STYLE_ASSIGNMENT (( #1036 ) ) ;
#6680 = VERTEX_POINT ( 'NONE', #2631 ) ;
#6681 =( NAMED_UNIT ( * ) PLANE_ANGLE_UNIT ( ) SI_UNIT ( $, .RADIAN. ) );
#6682 = CARTESIAN_POINT ( 'NONE',  ( -0.1167552768072520758, -0.02325757487337892088, -0.5000000000000000000 ) ) ;
#6683 = UNCERTAINTY_MEASURE_WITH_UNIT (LENGTH_MEASURE( 1.000000000000000082E-05 ), #1301, 'distance_accuracy_value', 'NONE');
#6684 = FILL_AREA_STYLE_COLOUR ( '', #272 ) ;
#6685 = CARTESIAN_POINT ( 'NONE',  ( 0.9434108397213615271, -0.5434108397213617270, -0.4500000000000000111 ) ) ;
#6686 = VECTOR ( 'NONE', #4197, 1000.000000000000000 ) ;
#6687 = ORIENTED_EDGE ( 'NONE', *, *, #2487, .F. ) ;
#6688 = ADVANCED_FACE ( 'NONE', ( #4017, #281 ), #7109, .T. ) ;
#6689 = CARTESIAN_POINT ( 'NONE',  ( 0.7599999999999998979, 0.8300000000000001821, -0.3499999999999998668 ) ) ;
#6690 =( LENGTH_UNIT ( ) NAMED_UNIT ( * ) SI_UNIT ( .MILLI., .METRE. ) );
#6691 = CARTESIAN_POINT ( 'NONE',  ( -0.1372732390031353444, 0.01430408499210268462, -0.5000000000000001110 ) ) ;
#6692 = EDGE_CURVE ( 'NONE', #3876, #1002, #2152, .T. ) ;
#6693 = ORIENTED_EDGE ( 'NONE', *, *, #1658, .T. ) ;
#6694 = CARTESIAN_POINT ( 'NONE',  ( 0.5400000000000000355, -0.6250000000000001110, 0.0000000000000000000 ) ) ;
#6695 = PRESENTATION_STYLE_ASSIGNMENT (( #5131 ) ) ;
#6696 = STYLED_ITEM ( 'NONE', ( #2584 ), #5360 ) ;
#6697 = CARTESIAN_POINT ( 'NONE',  ( 0.9504035209157122299, 0.5970292752225957456, 0.4000000000000000222 ) ) ;
#6698 = DIRECTION ( 'NONE',  ( -1.000000000000000000, -1.516296028482785479E-16, 2.168404344971007685E-15 ) ) ;
#6699 = ORIENTED_EDGE ( 'NONE', *, *, #4269, .F. ) ;
#6700 = PLANE ( 'NONE',  #7198 ) ;
#6701 = DIRECTION ( 'NONE',  ( 0.06958737431666466022, 0.06958737431666466022, -0.9951458157835085805 ) ) ;
#6702 = MECHANICAL_DESIGN_GEOMETRIC_PRESENTATION_REPRESENTATION (  '', ( #3968 ), #7425 ) ;
#6703 = FACE_OUTER_BOUND ( 'NONE', #812, .T. ) ;
#6704 = SURFACE_SIDE_STYLE ('',( #339 ) ) ;
#6705 = VERTEX_POINT ( 'NONE', #807 ) ;
#6706 = LINE ( 'NONE', #7905, #1469 ) ;
#6707 =( GEOMETRIC_REPRESENTATION_CONTEXT ( 3 ) GLOBAL_UNCERTAINTY_ASSIGNED_CONTEXT ( ( #1205 ) ) GLOBAL_UNIT_ASSIGNED_CONTEXT ( ( #3016, #2387, #2407 ) ) REPRESENTATION_CONTEXT ( 'NONE', 'WORKASPACE' ) );
#6708 = FILL_AREA_STYLE ('',( #6059 ) ) ;
#6709 = VERTEX_POINT ( 'NONE', #1411 ) ;
#6710 = CARTESIAN_POINT ( 'NONE',  ( 0.04694276349334379483, -0.03616203457708058733, -0.4999999999999998890 ) ) ;
#6711 = CARTESIAN_POINT ( 'NONE',  ( -0.03567907850180723761, 0.05252046284949429128, -0.5000000000000000000 ) ) ;
#6712 = VERTEX_POINT ( 'NONE', #7080 ) ;
#6713 = DIRECTION ( 'NONE',  ( -1.000000000000000000, 0.0000000000000000000, -0.0000000000000000000 ) ) ;
#6714 = DIRECTION ( 'NONE',  ( 3.469446951953614189E-16, -1.000000000000000000, 3.653145642475631518E-34 ) ) ;
#6715 =( GEOMETRIC_REPRESENTATION_CONTEXT ( 3 ) GLOBAL_UNCERTAINTY_ASSIGNED_CONTEXT ( ( #1156 ) ) GLOBAL_UNIT_ASSIGNED_CONTEXT ( ( #6567, #1580, #2780 ) ) REPRESENTATION_CONTEXT ( 'NONE', 'WORKASPACE' ) );
#6716 = VECTOR ( 'NONE', #6637, 1000.000000000000000 ) ;
#6717 = FACE_BOUND ( 'NONE', #3939, .T. ) ;
#6718 = PRESENTATION_LAYER_ASSIGNMENT (  '', '', ( #4580 ) ) ;
#6719 = EDGE_CURVE ( 'NONE', #3317, #8172, #7732, .T. ) ;
#6720 = SURFACE_STYLE_FILL_AREA ( #7008 ) ;
#6721 = CARTESIAN_POINT ( 'NONE',  ( 0.03505262881526593349, -0.03132100056513987402, -0.4989999999999999991 ) ) ;
#6722 = ORIENTED_EDGE ( 'NONE', *, *, #7551, .T. ) ;
#6723 = LINE ( 'NONE', #7601, #4433 ) ;
#6724 = COLOUR_RGB ( '',0.2509803921568627416, 0.2509803921568627416, 0.2509803921568627416 ) ;
#6725 = CARTESIAN_POINT ( 'NONE',  ( -0.1898330419164413752, 0.04032534089827476825, -0.5000000000000000000 ) ) ;
#6726 = EDGE_LOOP ( 'NONE', ( #5010, #1384, #6263, #6211 ) ) ;
#6727 = SURFACE_SIDE_STYLE ('',( #8045 ) ) ;
#6728 = LINE ( 'NONE', #1872, #5807 ) ;
#6729 = EDGE_LOOP ( 'NONE', ( #6134, #1634, #6535 ) ) ;
#6730 = CIRCLE ( 'NONE', #6363, 0.1999999999999998723 ) ;
#6731 = CARTESIAN_POINT ( 'NONE',  ( -0.05763029801400236518, -0.04747953715050572815, -0.5000000000000000000 ) ) ;
#6732 = DIRECTION ( 'NONE',  ( 0.0000000000000000000, -1.000000000000000000, 0.0000000000000000000 ) ) ;
#6733 = ORIENTED_EDGE ( 'NONE', *, *, #4897, .T. ) ;
#6734 = PRESENTATION_STYLE_ASSIGNMENT (( #3896 ) ) ;
#6735 = ORIENTED_EDGE ( 'NONE', *, *, #2578, .T. ) ;
#6736 = CARTESIAN_POINT ( 'NONE',  ( 0.05847107393721714952, 0.04276436528851867286, -0.4989999999999999991 ) ) ;
#6737 = VERTEX_POINT ( 'NONE', #5799 ) ;
#6738 = FILL_AREA_STYLE ('',( #5553 ) ) ;
#6739 = AXIS2_PLACEMENT_3D ( 'NONE', #7365, #6080, #7391 ) ;
#6740 = CARTESIAN_POINT ( 'NONE',  ( -0.2356790785018072487, -0.04747953715050572815, -0.4989999999999999991 ) ) ;
#6741 = CARTESIAN_POINT ( 'NONE',  ( 0.06636548196983643733, 0.04211711137878980382, -0.5000000000000000000 ) ) ;
#6742 = UNCERTAINTY_MEASURE_WITH_UNIT (LENGTH_MEASURE( 1.000000000000000082E-05 ), #6527, 'distance_accuracy_value', 'NONE');
#6743 = VERTEX_POINT ( 'NONE', #2027 ) ;
#6744 = ADVANCED_FACE ( 'NONE', ( #980 ), #5412, .F. ) ;
#6745 = DIRECTION ( 'NONE',  ( 0.9975640502598243087, 3.460995553552448467E-16, 0.06975647374412546897 ) ) ;
#6746 = VECTOR ( 'NONE', #3507, 1000.000000000000000 ) ;
#6747 = DIRECTION ( 'NONE',  ( 0.9975640502598243087, -2.168404344971007685E-15, 0.06975647374412530244 ) ) ;
#6748 =( GEOMETRIC_REPRESENTATION_CONTEXT ( 3 ) GLOBAL_UNCERTAINTY_ASSIGNED_CONTEXT ( ( #3262 ) ) GLOBAL_UNIT_ASSIGNED_CONTEXT ( ( #4501, #3297, #6442 ) ) REPRESENTATION_CONTEXT ( 'NONE', 'WORKASPACE' ) );
#6749 = EDGE_CURVE ( 'NONE', #408, #3084, #7215, .T. ) ;
#6750 = CIRCLE ( 'NONE', #572, 0.2100000000000000477 ) ;
#6751 = DIRECTION ( 'NONE',  ( -1.000000000000000000, 0.0000000000000000000, 0.0000000000000000000 ) ) ;
#6752 = SURFACE_STYLE_FILL_AREA ( #6580 ) ;
#6753 = ORIENTED_EDGE ( 'NONE', *, *, #6749, .F. ) ;
#6754 = EDGE_CURVE ( 'NONE', #3094, #8047, #1565, .T. ) ;
#6755 = CARTESIAN_POINT ( 'NONE',  ( -0.1100000000000000006, 0.6200000000000012168, -0.04000000000000002859 ) ) ;
#6756 = CARTESIAN_POINT ( 'NONE',  ( 0.1094428727177049754, 0.0006340299226650141992, -0.4989999999999999991 ) ) ;
#6757 = DIRECTION ( 'NONE',  ( -1.000000000000000000, 0.0000000000000000000, 0.0000000000000000000 ) ) ;
#6758 = LINE ( 'NONE', #1089, #106 ) ;
#6759 = UNCERTAINTY_MEASURE_WITH_UNIT (LENGTH_MEASURE( 1.000000000000000082E-05 ), #1974, 'distance_accuracy_value', 'NONE');
#6760 = DIRECTION ( 'NONE',  ( -0.06958737431666450757, -0.06958737431666467410, -0.9951458157835085805 ) ) ;
#6761 = CARTESIAN_POINT ( 'NONE',  ( -0.1600693224042462892, -0.04747953715050572815, -0.5000000000000000000 ) ) ;
#6762 = ORIENTED_EDGE ( 'NONE', *, *, #5276, .F. ) ;
#6763 =( NAMED_UNIT ( * ) PLANE_ANGLE_UNIT ( ) SI_UNIT ( $, .RADIAN. ) );
#6764 =( GEOMETRIC_REPRESENTATION_CONTEXT ( 3 ) GLOBAL_UNCERTAINTY_ASSIGNED_CONTEXT ( ( #2054 ) ) GLOBAL_UNIT_ASSIGNED_CONTEXT ( ( #6592, #1662, #444 ) ) REPRESENTATION_CONTEXT ( 'NONE', 'WORKASPACE' ) );
#6765 = CARTESIAN_POINT ( 'NONE',  ( -0.5400000000000000355, -0.8700000000000001066, -0.5499999999999999334 ) ) ;
#6766 = CARTESIAN_POINT ( 'NONE',  ( 0.7599999999999998979, 0.6200000000000012168, 0.1699999999999999845 ) ) ;
#6767 = LINE ( 'NONE', #271, #327 ) ;
#6768 = DIRECTION ( 'NONE',  ( 0.0000000000000000000, 1.000000000000000000, 0.0000000000000000000 ) ) ;
#6769 = DIRECTION ( 'NONE',  ( -0.0000000000000000000, -0.0000000000000000000, -1.000000000000000000 ) ) ;
#6770 = CARTESIAN_POINT ( 'NONE',  ( 0.07688694746655591605, 0.03846404269315382984, -0.4999999999999998890 ) ) ;
#6771 = PRESENTATION_LAYER_ASSIGNMENT (  '', '', ( #6317 ) ) ;
#6772 = CARTESIAN_POINT ( 'NONE',  ( 0.04048941092668955494, 0.03918966391083420625, -0.5000000000000000000 ) ) ;
#6773 =( GEOMETRIC_REPRESENTATION_CONTEXT ( 3 ) GLOBAL_UNCERTAINTY_ASSIGNED_CONTEXT ( ( #5457 ) ) GLOBAL_UNIT_ASSIGNED_CONTEXT ( ( #605, #2497, #1857 ) ) REPRESENTATION_CONTEXT ( 'NONE', 'WORKASPACE' ) );
#6774 =( GEOMETRIC_REPRESENTATION_CONTEXT ( 3 ) GLOBAL_UNCERTAINTY_ASSIGNED_CONTEXT ( ( #6163 ) ) GLOBAL_UNIT_ASSIGNED_CONTEXT ( ( #3863, #2583, #1267 ) ) REPRESENTATION_CONTEXT ( 'NONE', 'WORKASPACE' ) );
#6775 = CARTESIAN_POINT ( 'NONE',  ( 0.08983362780166123662, -0.04116950576441349985, -0.4989999999999998881 ) ) ;
#6776 = EDGE_CURVE ( 'NONE', #2517, #8032, #6916, .T. ) ;
#6777 = CIRCLE ( 'NONE', #6288, 0.05000000000000001665 ) ;
#6778 = SURFACE_STYLE_USAGE ( .BOTH. , #1044 ) ;
#6779 = ORIENTED_EDGE ( 'NONE', *, *, #2141, .F. ) ;
#6780 =( NAMED_UNIT ( * ) PLANE_ANGLE_UNIT ( ) SI_UNIT ( $, .RADIAN. ) );
#6781 = ADVANCED_FACE ( 'NONE', ( #4009 ), #363, .T. ) ;
#6782 =( LENGTH_UNIT ( ) NAMED_UNIT ( * ) SI_UNIT ( .MILLI., .METRE. ) );
#6783 = CYLINDRICAL_SURFACE ( 'NONE', #3940, 0.05000000000000002359 ) ;
#6784 = STYLED_ITEM ( 'NONE', ( #6639 ), #4303 ) ;
#6785 = ORIENTED_EDGE ( 'NONE', *, *, #5179, .F. ) ;
#6786 = SURFACE_SIDE_STYLE ('',( #85 ) ) ;
#6787 = FILL_AREA_STYLE ('',( #6155 ) ) ;
#6788 = PRESENTATION_LAYER_ASSIGNMENT (  '', '', ( #8240 ) ) ;
#6789 = CARTESIAN_POINT ( 'NONE',  ( 0.1094428727177049754, 0.0006340299226650141992, -0.5000000000000000000 ) ) ;
#6790 = B_SPLINE_CURVE_WITH_KNOTS ( 'NONE', 3,
 ( #5592, #1839, #2455, #5522, #1763, #7557, #1160, #3699, #4359, #3010, #4929, #8143, #584, #531, #6205, #5002, #5550, #1790, #7477 ),
 .UNSPECIFIED., .F., .F.,
 ( 4, 1, 1, 1, 1, 1, 1, 1, 1, 1, 1, 1, 1, 1, 1, 1, 4 ),
 ( 0.0000000000000000000, 0.07430379644281594198, 0.1443936103644179736, 0.2104994961032796985, 0.2735426065034679555, 0.3338247445790732404, 0.3925296724085029498, 0.4500874545995855458, 0.5078206115557879485, 0.5654649127768468508, 0.6231487223336199532, 0.6812971927909358127, 0.7409134981565812517, 0.8018557521958583623, 0.8652412377209435235, 0.9309416570467442531, 1.000000000000000000 ),
 .UNSPECIFIED. ) ;
#6791 = VECTOR ( 'NONE', #3934, 1000.000000000000000 ) ;
#6792 = ORIENTED_EDGE ( 'NONE', *, *, #7614, .F. ) ;
#6793 = FILL_AREA_STYLE ('',( #1741 ) ) ;
#6794 = FILL_AREA_STYLE ('',( #5532 ) ) ;
#6795 = CARTESIAN_POINT ( 'NONE',  ( 0.5400000000000000355, -0.8300000000000011813, -0.04000000000000077105 ) ) ;
#6796 = UNCERTAINTY_MEASURE_WITH_UNIT (LENGTH_MEASURE( 1.000000000000000082E-05 ), #2126, 'distance_accuracy_value', 'NONE');
#6797 = PRESENTATION_STYLE_ASSIGNMENT (( #7071 ) ) ;
#6798 = CARTESIAN_POINT ( 'NONE',  ( 0.0000000000000000000, 0.0000000000000000000, 0.0000000000000000000 ) ) ;
#6799 = VECTOR ( 'NONE', #5280, 1000.000000000000000 ) ;
#6800 = FILL_AREA_STYLE ('',( #8177 ) ) ;
#6801 = FILL_AREA_STYLE ('',( #6684 ) ) ;
#6802 = PLANE ( 'NONE',  #1099 ) ;
#6803 = COLOUR_RGB ( '',1.000000000000000000, 1.000000000000000000, 1.000000000000000000 ) ;
#6804 = LINE ( 'NONE', #3119, #1943 ) ;
#6805 = CARTESIAN_POINT ( 'NONE',  ( 0.5400000000000001465, -0.6131124419696033501, 0.1699999999999999567 ) ) ;
#6806 = ORIENTED_EDGE ( 'NONE', *, *, #3402, .T. ) ;
#6807 = PRESENTATION_STYLE_ASSIGNMENT (( #4477 ) ) ;
#6808 = SURFACE_STYLE_USAGE ( .BOTH. , #928 ) ;
#6809 = COLOUR_RGB ( '',1.000000000000000000, 1.000000000000000000, 1.000000000000000000 ) ;
#6810 = CARTESIAN_POINT ( 'NONE',  ( -0.1600693224042462892, -0.04747953715050572815, -0.5000000000000000000 ) ) ;
#6811 = EDGE_CURVE ( 'NONE', #804, #2310, #1067, .T. ) ;
#6812 = CARTESIAN_POINT ( 'NONE',  ( 0.002125799546973263822, -0.03650392739440816436, -0.5000000000000000000 ) ) ;
#6813 = CARTESIAN_POINT ( 'NONE',  ( 0.9504035209157122299, 0.5504035209157126518, 0.4000000000000000222 ) ) ;
#6814 = VECTOR ( 'NONE', #3454, 1000.000000000000000 ) ;
#6815 = VERTEX_POINT ( 'NONE', #336 ) ;
#6816 = MECHANICAL_DESIGN_GEOMETRIC_PRESENTATION_REPRESENTATION (  '', ( #1571 ), #2823 ) ;
#6817 = COLOUR_RGB ( '',0.0000000000000000000, 0.0000000000000000000, 0.0000000000000000000 ) ;
#6818 = LINE ( 'NONE', #7886, #3714 ) ;
#6819 = CARTESIAN_POINT ( 'NONE',  ( -0.9753633278277478169, -0.5753633278277476837, -0.006941868480981561347 ) ) ;
#6820 = FACE_OUTER_BOUND ( 'NONE', #3489, .T. ) ;
#6821 = SURFACE_SIDE_STYLE ('',( #8228 ) ) ;
#6822 = FILL_AREA_STYLE ('',( #5603 ) ) ;
#6823 = MECHANICAL_DESIGN_GEOMETRIC_PRESENTATION_REPRESENTATION (  '', ( #2707 ), #1306 ) ;
#6824 = CARTESIAN_POINT ( 'NONE',  ( 0.05847107393721714952, 0.04276436528851867286, -0.4989999999999999991 ) ) ;
#6825 = SURFACE_STYLE_USAGE ( .BOTH. , #2965 ) ;
#6826 = PRESENTATION_LAYER_ASSIGNMENT (  '', '', ( #2564 ) ) ;
#6827 =( NAMED_UNIT ( * ) SI_UNIT ( $, .STERADIAN. ) SOLID_ANGLE_UNIT ( ) );
#6828 = SPHERICAL_SURFACE ( 'NONE', #1429, 0.05000000000000000278 ) ;
#6829 = ORIENTED_EDGE ( 'NONE', *, *, #1066, .F. ) ;
#6830 = LINE ( 'NONE', #2588, #5520 ) ;
#6831 = ORIENTED_EDGE ( 'NONE', *, *, #5703, .F. ) ;
#6832 = EDGE_CURVE ( 'NONE', #1436, #1643, #5024, .T. ) ;
#6833 = DIRECTION ( 'NONE',  ( -0.06958737431666479900, 0.06958737431666479900, -0.9951458157835084695 ) ) ;
#6834 = PRESENTATION_STYLE_ASSIGNMENT (( #3098 ) ) ;
#6835 = SURFACE_STYLE_FILL_AREA ( #3040 ) ;
#6836 = DIRECTION ( 'NONE',  ( -1.000000000000000000, 0.0000000000000000000, -0.0000000000000000000 ) ) ;
#6837 = VERTEX_POINT ( 'NONE', #5880 ) ;
#6838 = FACE_OUTER_BOUND ( 'NONE', #4215, .T. ) ;
#6839 = AXIS2_PLACEMENT_3D ( 'NONE', #3430, #1551, #5854 ) ;
#6840 = SURFACE_STYLE_FILL_AREA ( #2097 ) ;
#6841 = ORIENTED_EDGE ( 'NONE', *, *, #5795, .F. ) ;
#6842 = VECTOR ( 'NONE', #7453, 1000.000000000000000 ) ;
#6843 = EDGE_LOOP ( 'NONE', ( #6039, #5497, #473, #1262 ) ) ;
#6844 = AXIS2_PLACEMENT_3D ( 'NONE', #7616, #6939, #5637 ) ;
#6845 = EDGE_CURVE ( 'NONE', #3548, #5117, #5652, .T. ) ;
#6846 = CARTESIAN_POINT ( 'NONE',  ( -0.03567907850180723761, 0.04154485309339672749, -0.5000000000000000000 ) ) ;
#6847 = ORIENTED_EDGE ( 'NONE', *, *, #2293, .F. ) ;
#6848 = FILL_AREA_STYLE_COLOUR ( '', #3914 ) ;
#6849 = VECTOR ( 'NONE', #3820, 1000.000000000000000 ) ;
#6850 = EDGE_CURVE ( 'NONE', #7046, #1245, #2736, .T. ) ;
#6851 = EDGE_LOOP ( 'NONE', ( #3538, #242, #2239, #3461 ) ) ;
#6852 = DIRECTION ( 'NONE',  ( -0.0000000000000000000, 0.0000000000000000000, -1.000000000000000000 ) ) ;
#6853 =( NAMED_UNIT ( * ) PLANE_ANGLE_UNIT ( ) SI_UNIT ( $, .RADIAN. ) );
#6854 = UNCERTAINTY_MEASURE_WITH_UNIT (LENGTH_MEASURE( 1.000000000000000082E-05 ), #7845, 'distance_accuracy_value', 'NONE');
#6855 = PLANE ( 'NONE',  #2586 ) ;
#6856 = MECHANICAL_DESIGN_GEOMETRIC_PRESENTATION_REPRESENTATION (  '', ( #5845 ), #1653 ) ;
#6857 = CARTESIAN_POINT ( 'NONE',  ( 0.1100000000000000006, 0.6200000000000012168, -0.04000000000000002859 ) ) ;
#6858 = CARTESIAN_POINT ( 'NONE',  ( 0.08562364362209338997, 0.03162697299907754611, -0.4990000000000001101 ) ) ;
#6859 = DIRECTION ( 'NONE',  ( 0.0000000000000000000, 0.0000000000000000000, -1.000000000000000000 ) ) ;
#6860 = DIRECTION ( 'NONE',  ( 0.0000000000000000000, 0.0000000000000000000, 1.000000000000000000 ) ) ;
#6861 = FACE_OUTER_BOUND ( 'NONE', #781, .T. ) ;
#6862 = EDGE_CURVE ( 'NONE', #3534, #4791, #2537, .T. ) ;
#6863 = VERTEX_POINT ( 'NONE', #7319 ) ;
#6864 = DIRECTION ( 'NONE',  ( -1.000000000000000000, 2.173699367380202316E-15, 0.0000000000000000000 ) ) ;
#6865 = SURFACE_SIDE_STYLE ('',( #4150 ) ) ;
#6866 = CARTESIAN_POINT ( 'NONE',  ( -0.08579340777009993035, 0.04154485309339672749, -0.5000000000000000000 ) ) ;
#6867 =( NAMED_UNIT ( * ) PLANE_ANGLE_UNIT ( ) SI_UNIT ( $, .RADIAN. ) );
#6868 = SURFACE_STYLE_FILL_AREA ( #2349 ) ;
#6869 = ADVANCED_FACE ( 'NONE', ( #5218 ), #920, .F. ) ;
#6870 = CARTESIAN_POINT ( 'NONE',  ( -0.1893925007423664653, 0.03961325166945268289, -0.4999999999999998890 ) ) ;
#6871 = MECHANICAL_DESIGN_GEOMETRIC_PRESENTATION_REPRESENTATION (  '', ( #4747 ), #7311 ) ;
#6872 = FILL_AREA_STYLE_COLOUR ( '', #1171 ) ;
#6873 = DIRECTION ( 'NONE',  ( 0.0000000000000000000, 0.0000000000000000000, -1.000000000000000000 ) ) ;
#6874 =( LENGTH_UNIT ( ) NAMED_UNIT ( * ) SI_UNIT ( .MILLI., .METRE. ) );
#6875 =( GEOMETRIC_REPRESENTATION_CONTEXT ( 3 ) GLOBAL_UNCERTAINTY_ASSIGNED_CONTEXT ( ( #4232 ) ) GLOBAL_UNIT_ASSIGNED_CONTEXT ( ( #4515, #745, #3949 ) ) REPRESENTATION_CONTEXT ( 'NONE', 'WORKASPACE' ) );
#6876 = ORIENTED_EDGE ( 'NONE', *, *, #2211, .T. ) ;
#6877 = FILL_AREA_STYLE ('',( #3792 ) ) ;
#6878 = AXIS2_PLACEMENT_3D ( 'NONE', #188, #3267, #5115 ) ;
#6879 = AXIS2_PLACEMENT_3D ( 'NONE', #3160, #66, #8249 ) ;
#6880 = LINE ( 'NONE', #4066, #133 ) ;
#6881 = CARTESIAN_POINT ( 'NONE',  ( 0.03747149223695981496, 0.05075843040233819770, -0.5000000000000001110 ) ) ;
#6882 = EDGE_CURVE ( 'NONE', #6743, #4422, #3316, .T. ) ;
#6883 = DIRECTION ( 'NONE',  ( -1.000000000000000000, 0.0000000000000000000, -0.0000000000000000000 ) ) ;
#6884 = ORIENTED_EDGE ( 'NONE', *, *, #7492, .F. ) ;
#6885 = CARTESIAN_POINT ( 'NONE',  ( -0.03811810289205114916, -0.04747953715050572815, -0.5000000000000000000 ) ) ;
#6886 = DIRECTION ( 'NONE',  ( 0.0000000000000000000, 0.9975640502598243087, 0.06975647374412530244 ) ) ;
#6887 = EDGE_LOOP ( 'NONE', ( #7718, #6942, #4924, #5307 ) ) ;
#6888 = PRESENTATION_STYLE_ASSIGNMENT (( #7034 ) ) ;
#6889 = PLANE ( 'NONE',  #4930 ) ;
#6890 = FACE_OUTER_BOUND ( 'NONE', #3721, .T. ) ;
#6891 = ORIENTED_EDGE ( 'NONE', *, *, #4533, .F. ) ;
#6892 =( NAMED_UNIT ( * ) PLANE_ANGLE_UNIT ( ) SI_UNIT ( $, .RADIAN. ) );
#6893 = AXIS2_PLACEMENT_3D ( 'NONE', #6343, #3812, #5149 ) ;
#6894 = FILL_AREA_STYLE_COLOUR ( '', #7895 ) ;
#6895 = LINE ( 'NONE', #1190, #148 ) ;
#6896 = UNCERTAINTY_MEASURE_WITH_UNIT (LENGTH_MEASURE( 1.000000000000000082E-05 ), #6504, 'distance_accuracy_value', 'NONE');
#6897 = LINE ( 'NONE', #5459, #5005 ) ;
#6898 = EDGE_CURVE ( 'NONE', #2956, #1643, #5090, .T. ) ;
#6899 = CARTESIAN_POINT ( 'NONE',  ( 0.002125799546973263822, 0.04154485309339672749, -0.4989999999999999991 ) ) ;
#6900 = DIRECTION ( 'NONE',  ( -0.06958737431666479900, 0.06958737431666479900, 0.9951458157835084695 ) ) ;
#6901 = ORIENTED_EDGE ( 'NONE', *, *, #2570, .F. ) ;
#6902 = ADVANCED_FACE ( 'NONE', ( #3799 ), #5458, .T. ) ;
#6903 = CARTESIAN_POINT ( 'NONE',  ( 0.7599999999999998979, 0.6700000000000012612, -0.04000000000000020900 ) ) ;
#6904 = COLOUR_RGB ( '',0.0000000000000000000, 0.0000000000000000000, 0.0000000000000000000 ) ;
#6905 =( NAMED_UNIT ( * ) PLANE_ANGLE_UNIT ( ) SI_UNIT ( $, .RADIAN. ) );
#6906 = CARTESIAN_POINT ( 'NONE',  ( 0.05532632053750066031, 0.04271681888352317491, -0.4990000000000001101 ) ) ;
#6907 = PRESENTATION_STYLE_ASSIGNMENT (( #6778 ) ) ;
#6908 = PRESENTATION_STYLE_ASSIGNMENT (( #5530 ) ) ;
#6909 = ORIENTED_EDGE ( 'NONE', *, *, #1855, .F. ) ;
#6910 =( NAMED_UNIT ( * ) SI_UNIT ( $, .STERADIAN. ) SOLID_ANGLE_UNIT ( ) );
#6911 = PLANE ( 'NONE',  #522 ) ;
#6912 = FACE_OUTER_BOUND ( 'NONE', #2423, .T. ) ;
#6913 = CARTESIAN_POINT ( 'NONE',  ( -0.1246069935091715097, 0.008001638014469529894, -0.4990000000000001101 ) ) ;
#6914 = LINE ( 'NONE', #4843, #5988 ) ;
#6915 = CIRCLE ( 'NONE', #6004, 0.05000000000000002359 ) ;
#6916 = LINE ( 'NONE', #2605, #6814 ) ;
#6917 = ORIENTED_EDGE ( 'NONE', *, *, #101, .T. ) ;
#6918 = SURFACE_SIDE_STYLE ('',( #5996 ) ) ;
#6919 = ORIENTED_EDGE ( 'NONE', *, *, #437, .F. ) ;
#6920 = FILL_AREA_STYLE_COLOUR ( '', #2844 ) ;
#6921 = FILL_AREA_STYLE ('',( #2502 ) ) ;
#6922 = LINE ( 'NONE', #5809, #6716 ) ;
#6923 = EDGE_LOOP ( 'NONE', ( #4623, #4313, #5415, #7548 ) ) ;
#6924 = FILL_AREA_STYLE ('',( #1216 ) ) ;
#6925 = COLOUR_RGB ( '',0.0000000000000000000, 0.0000000000000000000, 0.0000000000000000000 ) ;
#6926 = STYLED_ITEM ( 'NONE', ( #7244 ), #5962 ) ;
#6927 = EDGE_LOOP ( 'NONE', ( #1806, #1164, #3633, #1083 ) ) ;
#6928 = PRESENTATION_STYLE_ASSIGNMENT (( #1053 ) ) ;
#6929 = CARTESIAN_POINT ( 'NONE',  ( 0.03505262881526593349, -0.04229661032123743086, -0.5000000000000000000 ) ) ;
#6930 = VERTEX_POINT ( 'NONE', #6089 ) ;
#6931 =( LENGTH_UNIT ( ) NAMED_UNIT ( * ) SI_UNIT ( .MILLI., .METRE. ) );
#6932 = DIRECTION ( 'NONE',  ( 0.0000000000000000000, -0.0000000000000000000, -1.000000000000000000 ) ) ;
#6933 = PRESENTATION_LAYER_ASSIGNMENT (  '', '', ( #6057 ) ) ;
#6934 = CARTESIAN_POINT ( 'NONE',  ( 0.03788125525000878013, -0.04385789694775640846, -0.4989999999999999991 ) ) ;
#6935 = PRESENTATION_STYLE_ASSIGNMENT (( #2705 ) ) ;
#6936 = SURFACE_STYLE_USAGE ( .BOTH. , #1905 ) ;
#6937 =( GEOMETRIC_REPRESENTATION_CONTEXT ( 3 ) GLOBAL_UNCERTAINTY_ASSIGNED_CONTEXT ( ( #1213 ) ) GLOBAL_UNIT_ASSIGNED_CONTEXT ( ( #501, #2420, #7543 ) ) REPRESENTATION_CONTEXT ( 'NONE', 'WORKASPACE' ) );
#6938 = PRESENTATION_STYLE_ASSIGNMENT (( #3748 ) ) ;
#6939 = DIRECTION ( 'NONE',  ( 0.0000000000000000000, 1.000000000000000000, 0.0000000000000000000 ) ) ;
#6940 = ORIENTED_EDGE ( 'NONE', *, *, #2332, .T. ) ;
#6941 = ORIENTED_EDGE ( 'NONE', *, *, #3096, .F. ) ;
#6942 = ORIENTED_EDGE ( 'NONE', *, *, #2253, .F. ) ;
#6943 = ORIENTED_EDGE ( 'NONE', *, *, #45, .T. ) ;
#6944 = CIRCLE ( 'NONE', #2094, 0.05000000000000002359 ) ;
#6945 = DIRECTION ( 'NONE',  ( 1.000000000000000000, 0.0000000000000000000, 0.0000000000000000000 ) ) ;
#6946 = CARTESIAN_POINT ( 'NONE',  ( -0.5400000000000000355, 0.4833137806490306332, 0.1699999999999999567 ) ) ;
#6947 = COLOUR_RGB ( '',0.2509803921568627416, 0.2509803921568627416, 0.2509803921568627416 ) ;
#6948 = CARTESIAN_POINT ( 'NONE',  ( -0.1082258728536076020, 0.03623168044379151964, -0.4989999999999999991 ) ) ;
#6949 = STYLED_ITEM ( 'NONE', ( #3336 ), #4568 ) ;
#6950 = SPHERICAL_SURFACE ( 'NONE', #5436, 0.05000000000000000278 ) ;
#6951 = ORIENTED_EDGE ( 'NONE', *, *, #8128, .F. ) ;
#6952 = PRESENTATION_LAYER_ASSIGNMENT (  '', '', ( #4001 ) ) ;
#6953 = STYLED_ITEM ( 'NONE', ( #5221 ), #315 ) ;
#6954 = UNCERTAINTY_MEASURE_WITH_UNIT (LENGTH_MEASURE( 1.000000000000000082E-05 ), #2276, 'distance_accuracy_value', 'NONE');
#6955 = LINE ( 'NONE', #533, #610 ) ;
#6956 = FILL_AREA_STYLE_COLOUR ( '', #7737 ) ;
#6957 = PLANE ( 'NONE',  #1847 ) ;
#6958 = EDGE_CURVE ( 'NONE', #5776, #386, #7206, .T. ) ;
#6959 = SURFACE_STYLE_FILL_AREA ( #571 ) ;
#6960 = ORIENTED_EDGE ( 'NONE', *, *, #2425, .F. ) ;
#6961 = PLANE ( 'NONE',  #23 ) ;
#6962 = DIRECTION ( 'NONE',  ( -0.0000000000000000000, -0.0000000000000000000, -1.000000000000000000 ) ) ;
#6963 = ORIENTED_EDGE ( 'NONE', *, *, #2801, .F. ) ;
#6964 = CARTESIAN_POINT ( 'NONE',  ( 0.04745177623869637623, -0.04714124177614193584, -0.5000000000000000000 ) ) ;
#6965 = DIRECTION ( 'NONE',  ( 1.000000000000000000, 0.0000000000000000000, 0.0000000000000000000 ) ) ;
#6966 = FILL_AREA_STYLE_COLOUR ( '', #4718 ) ;
#6967 = VECTOR ( 'NONE', #720, 1000.000000000000114 ) ;
#6968 =( LENGTH_UNIT ( ) NAMED_UNIT ( * ) SI_UNIT ( .MILLI., .METRE. ) );
#6969 = DIRECTION ( 'NONE',  ( -1.000000000000000000, 0.0000000000000000000, 0.0000000000000000000 ) ) ;
#6970 = PRESENTATION_LAYER_ASSIGNMENT (  '', '', ( #2398 ) ) ;
#6971 = CARTESIAN_POINT ( 'NONE',  ( -0.5400000000000000355, -0.8700000000000001066, -0.3500000000000000333 ) ) ;
#6972 = CARTESIAN_POINT ( 'NONE',  ( 0.002125799546973263822, -0.002357585930993527645, -0.4989999999999999991 ) ) ;
#6973 = EDGE_CURVE ( 'NONE', #3534, #887, #2433, .T. ) ;
#6974 = SURFACE_STYLE_FILL_AREA ( #7807 ) ;
#6975 = AXIS2_PLACEMENT_3D ( 'NONE', #75, #3210, #1399 ) ;
#6976 = SURFACE_SIDE_STYLE ('',( #6604 ) ) ;
#6977 = SURFACE_STYLE_USAGE ( .BOTH. , #7029 ) ;
#6978 = CARTESIAN_POINT ( 'NONE',  ( -0.1232605906332365220, 0.03934717408962737362, -0.5000000000000000000 ) ) ;
#6979 = CARTESIAN_POINT ( 'NONE',  ( 0.03584864116633132425, 0.05009967937355724182, -0.5000000000000000000 ) ) ;
#6980 =( NAMED_UNIT ( * ) SI_UNIT ( $, .STERADIAN. ) SOLID_ANGLE_UNIT ( ) );
#6981 = AXIS2_PLACEMENT_3D ( 'NONE', #2098, #5862, #3272 ) ;
#6982 = STYLED_ITEM ( 'NONE', ( #7607 ), #2077 ) ;
#6983 = ORIENTED_EDGE ( 'NONE', *, *, #4849, .T. ) ;
#6984 = CARTESIAN_POINT ( 'NONE',  ( 0.002125799546973263822, -0.03650392739440816436, -0.4989999999999999991 ) ) ;
#6985 = DIRECTION ( 'NONE',  ( 0.0000000000000000000, -6.023345402697245979E-16, -1.000000000000000000 ) ) ;
#6986 = CARTESIAN_POINT ( 'NONE',  ( -0.7599999999999998979, -0.6131124419696033501, 0.1699999999999999567 ) ) ;
#6987 = EDGE_CURVE ( 'NONE', #6102, #5334, #161, .T. ) ;
#6988 = COLOUR_RGB ( '',0.2509803921568627416, 0.2509803921568627416, 0.2509803921568627416 ) ;
#6989 = STYLED_ITEM ( 'NONE', ( #2941 ), #6429 ) ;
#6990 =( NAMED_UNIT ( * ) SI_UNIT ( $, .STERADIAN. ) SOLID_ANGLE_UNIT ( ) );
#6991 =( LENGTH_UNIT ( ) NAMED_UNIT ( * ) SI_UNIT ( .MILLI., .METRE. ) );
#6992 = STYLED_ITEM ( 'NONE', ( #7469 ), #4094 ) ;
#6993 = ORIENTED_EDGE ( 'NONE', *, *, #217, .T. ) ;
#6994 = UNCERTAINTY_MEASURE_WITH_UNIT (LENGTH_MEASURE( 1.000000000000000082E-05 ), #5447, 'distance_accuracy_value', 'NONE');
#6995 = SURFACE_SIDE_STYLE ('',( #914 ) ) ;
#6996 = AXIS2_PLACEMENT_3D ( 'NONE', #7156, #2615, #7066 ) ;
#6997 = STYLED_ITEM ( 'NONE', ( #4227 ), #222 ) ;
#6998 = DIRECTION ( 'NONE',  ( 0.0000000000000000000, -6.023345402697245979E-16, -1.000000000000000000 ) ) ;
#6999 = COLOUR_RGB ( '',1.000000000000000000, 1.000000000000000000, 1.000000000000000000 ) ;
#7000 = UNCERTAINTY_MEASURE_WITH_UNIT (LENGTH_MEASURE( 1.000000000000000082E-05 ), #2516, 'distance_accuracy_value', 'NONE');
#7001 = CARTESIAN_POINT ( 'NONE',  ( -0.1267504181890829473, 0.03591335864084310714, -0.5000000000000000000 ) ) ;
#7002 = CARTESIAN_POINT ( 'NONE',  ( 0.04864819864865738142, 0.05322295879619223097, -0.4989999999999999991 ) ) ;
#7003 = STYLED_ITEM ( 'NONE', ( #5118 ), #895 ) ;
#7004 = VERTEX_POINT ( 'NONE', #2935 ) ;
#7005 = EDGE_CURVE ( 'NONE', #4435, #3617, #4114, .T. ) ;
#7006 = CARTESIAN_POINT ( 'NONE',  ( 0.06256787271770497538, -0.04869904934562768045, -0.5000000000000000000 ) ) ;
#7007 = LINE ( 'NONE', #4631, #2534 ) ;
#7008 = FILL_AREA_STYLE ('',( #726 ) ) ;
#7009 = DIRECTION ( 'NONE',  ( 0.0000000000000000000, -3.497426362856475968E-15, 1.000000000000000000 ) ) ;
#7010 = CARTESIAN_POINT ( 'NONE',  ( 0.7599999999999998979, 0.8300000000000011813, -0.04000000000000077105 ) ) ;
#7011 = EDGE_CURVE ( 'NONE', #3277, #2204, #1250, .T. ) ;
#7012 = EDGE_LOOP ( 'NONE', ( #6492, #5210, #4251, #2937 ) ) ;
#7013 = CARTESIAN_POINT ( 'NONE',  ( 0.07357670441987596011, 0.04004944572767335509, -0.4990000000000001101 ) ) ;
#7014 = CARTESIAN_POINT ( 'NONE',  ( -0.09791512443462548065, 0.04028119243909578095, -0.4990000000000001101 ) ) ;
#7015 = PRESENTATION_STYLE_ASSIGNMENT (( #3183 ) ) ;
#7016 = FACE_OUTER_BOUND ( 'NONE', #6887, .T. ) ;
#7017 = LINE ( 'NONE', #6620, #7927 ) ;
#7018 = FILL_AREA_STYLE_COLOUR ( '', #6947 ) ;
#7019 =( NAMED_UNIT ( * ) SI_UNIT ( $, .STERADIAN. ) SOLID_ANGLE_UNIT ( ) );
#7020 = CYLINDRICAL_SURFACE ( 'NONE', #4862, 0.04999999999999991257 ) ;
#7021 = AXIS2_PLACEMENT_3D ( 'NONE', #7640, #6366, #5095 ) ;
#7022 = LINE ( 'NONE', #7998, #4434 ) ;
#7023 = EDGE_LOOP ( 'NONE', ( #3282, #5586, #752 ) ) ;
#7024 = FACE_OUTER_BOUND ( 'NONE', #4943, .T. ) ;
#7025 = ORIENTED_EDGE ( 'NONE', *, *, #7571, .F. ) ;
#7026 = COLOUR_RGB ( '',0.0000000000000000000, 0.0000000000000000000, 0.0000000000000000000 ) ;
#7027 = MECHANICAL_DESIGN_GEOMETRIC_PRESENTATION_REPRESENTATION (  '', ( #2121 ), #2811 ) ;
#7028 = FACE_OUTER_BOUND ( 'NONE', #5053, .T. ) ;
#7029 = SURFACE_SIDE_STYLE ('',( #296 ) ) ;
#7030 = ORIENTED_EDGE ( 'NONE', *, *, #8049, .T. ) ;
#7031 = CARTESIAN_POINT ( 'NONE',  ( 0.7599999999999998979, 0.6200000000000012168, -0.04000000000000002859 ) ) ;
#7032 = LINE ( 'NONE', #5568, #3632 ) ;
#7033 = VERTEX_POINT ( 'NONE', #4275 ) ;
#7034 = SURFACE_STYLE_USAGE ( .BOTH. , #5700 ) ;
#7035 = PRESENTATION_STYLE_ASSIGNMENT (( #1766 ) ) ;
#7036 = ORIENTED_EDGE ( 'NONE', *, *, #3742, .F. ) ;
#7037 = PRESENTATION_STYLE_ASSIGNMENT (( #167 ) ) ;
#7038 = AXIS2_PLACEMENT_3D ( 'NONE', #140, #796, #3300 ) ;
#7039 = ADVANCED_FACE ( 'NONE', ( #566 ), #3701, .T. ) ;
#7040 = CARTESIAN_POINT ( 'NONE',  ( 0.1094428727177049754, 0.0006340299226650141992, -0.4989999999999999991 ) ) ;
#7041 =( LENGTH_UNIT ( ) NAMED_UNIT ( * ) SI_UNIT ( .MILLI., .METRE. ) );
#7042 = ORIENTED_EDGE ( 'NONE', *, *, #908, .T. ) ;
#7043 =( NAMED_UNIT ( * ) SI_UNIT ( $, .STERADIAN. ) SOLID_ANGLE_UNIT ( ) );
#7044 = STYLED_ITEM ( 'NONE', ( #6586 ), #3423 ) ;
#7045 = PLANE ( 'NONE',  #2986 ) ;
#7046 = VERTEX_POINT ( 'NONE', #8120 ) ;
#7047 = SURFACE_STYLE_USAGE ( .BOTH. , #3850 ) ;
#7048 = AXIS2_PLACEMENT_3D ( 'NONE', #5318, #7924, #4025 ) ;
#7049 = DIRECTION ( 'NONE',  ( 0.0000000000000000000, 0.0000000000000000000, 1.000000000000000000 ) ) ;
#7050 = EDGE_CURVE ( 'NONE', #3640, #104, #5686, .T. ) ;
#7051 = ORIENTED_EDGE ( 'NONE', *, *, #1154, .F. ) ;
#7052 = CARTESIAN_POINT ( 'NONE',  ( 0.1063462246714602655, -0.01943862670377183299, -0.4999999999999998890 ) ) ;
#7053 = FILL_AREA_STYLE ('',( #7767 ) ) ;
#7054 = UNCERTAINTY_MEASURE_WITH_UNIT (LENGTH_MEASURE( 1.000000000000000082E-05 ), #3450, 'distance_accuracy_value', 'NONE');
#7055 = AXIS2_PLACEMENT_3D ( 'NONE', #3030, #4884, #7498 ) ;
#7056 = EDGE_LOOP ( 'NONE', ( #3212, #6919, #5860, #6490 ) ) ;
#7057 = CARTESIAN_POINT ( 'NONE',  ( -0.08968696631828190768, -0.03640781695176718152, -0.5000000000000000000 ) ) ;
#7058 = CARTESIAN_POINT ( 'NONE',  ( 0.1100000000000000006, -0.8700000000000001066, -0.3500000000000000333 ) ) ;
#7059 = FILL_AREA_STYLE_COLOUR ( '', #7379 ) ;
#7060 = FILL_AREA_STYLE_COLOUR ( '', #3127 ) ;
#7061 = LINE ( 'NONE', #183, #5362 ) ;
#7062 = DIRECTION ( 'NONE',  ( 0.0000000000000000000, -1.000000000000000000, 0.0000000000000000000 ) ) ;
#7063 = CARTESIAN_POINT ( 'NONE',  ( 0.01554043369331471747, -0.04747953715050572815, -0.5000000000000000000 ) ) ;
#7064 = LINE ( 'NONE', #692, #6967 ) ;
#7065 = DIRECTION ( 'NONE',  ( -0.0000000000000000000, -1.000000000000000000, -0.0000000000000000000 ) ) ;
#7066 = DIRECTION ( 'NONE',  ( 0.0000000000000000000, 0.0000000000000000000, 1.000000000000000000 ) ) ;
#7067 = CARTESIAN_POINT ( 'NONE',  ( -0.6680540323600325792, -0.3440386105051373988, 0.3990000000000000213 ) ) ;
#7068 = DIRECTION ( 'NONE',  ( 0.0000000000000000000, -3.497426362856476362E-15, -1.000000000000000000 ) ) ;
#7069 = VECTOR ( 'NONE', #5866, 1000.000000000000000 ) ;
#7070 = MECHANICAL_DESIGN_GEOMETRIC_PRESENTATION_REPRESENTATION (  '', ( #2651 ), #7481 ) ;
#7071 = SURFACE_STYLE_USAGE ( .BOTH. , #676 ) ;
#7072 = ADVANCED_FACE ( 'NONE', ( #2442 ), #1137, .F. ) ;
#7073 = DIRECTION ( 'NONE',  ( 0.0000000000000000000, 0.0000000000000000000, -1.000000000000000000 ) ) ;
#7074 = ORIENTED_EDGE ( 'NONE', *, *, #6862, .F. ) ;
#7075 = EDGE_CURVE ( 'NONE', #836, #6102, #4409, .T. ) ;
#7076 = COLOUR_RGB ( '',1.000000000000000000, 1.000000000000000000, 1.000000000000000000 ) ;
#7077 = STYLED_ITEM ( 'NONE', ( #178 ), #6142 ) ;
#7078 = ORIENTED_EDGE ( 'NONE', *, *, #4974, .T. ) ;
#7079 = SURFACE_SIDE_STYLE ('',( #3035 ) ) ;
#7080 = CARTESIAN_POINT ( 'NONE',  ( 0.1179794580835586415, -0.04747953715050572815, -0.5000000000000000000 ) ) ;
#7081 = CARTESIAN_POINT ( 'NONE',  ( -0.1232703523763811482, -0.03354622983892904808, -0.4999999999999998890 ) ) ;
#7082 = LINE ( 'NONE', #7959, #3775 ) ;
#7083 = CARTESIAN_POINT ( 'NONE',  ( -0.1110097902005171139, 0.04744260895042992643, -0.5000000000000000000 ) ) ;
#7084 = ORIENTED_EDGE ( 'NONE', *, *, #1130, .F. ) ;
#7085 = FILL_AREA_STYLE ('',( #3952 ) ) ;
#7086 = DIRECTION ( 'NONE',  ( 0.0000000000000000000, -1.000000000000000000, 0.0000000000000000000 ) ) ;
#7087 = AXIS2_PLACEMENT_3D ( 'NONE', #3518, #7999, #6668 ) ;
#7088 =( GEOMETRIC_REPRESENTATION_CONTEXT ( 3 ) GLOBAL_UNCERTAINTY_ASSIGNED_CONTEXT ( ( #1883 ) ) GLOBAL_UNIT_ASSIGNED_CONTEXT ( ( #5916, #244, #4037 ) ) REPRESENTATION_CONTEXT ( 'NONE', 'WORKASPACE' ) );
#7089 = FACE_OUTER_BOUND ( 'NONE', #1861, .T. ) ;
#7090 = PLANE ( 'NONE',  #448 ) ;
#7091 = DIRECTION ( 'NONE',  ( 1.000000000000000000, 0.0000000000000000000, 0.0000000000000000000 ) ) ;
#7092 = ORIENTED_EDGE ( 'NONE', *, *, #221, .T. ) ;
#7093 = DIRECTION ( 'NONE',  ( 0.0000000000000000000, -0.0000000000000000000, -1.000000000000000000 ) ) ;
#7094 = EDGE_CURVE ( 'NONE', #8172, #6712, #1061, .T. ) ;
#7095 = UNCERTAINTY_MEASURE_WITH_UNIT (LENGTH_MEASURE( 1.000000000000000082E-05 ), #5094, 'distance_accuracy_value', 'NONE');
#7096 = CARTESIAN_POINT ( 'NONE',  ( -0.9504035209157131181, -0.5504035209157127628, 0.3499999999999999778 ) ) ;
#7097 = DIRECTION ( 'NONE',  ( 0.0000000000000000000, 0.0000000000000000000, 1.000000000000000000 ) ) ;
#7098 = PRESENTATION_LAYER_ASSIGNMENT (  '', '', ( #255 ) ) ;
#7099 = VERTEX_POINT ( 'NONE', #2437 ) ;
#7100 = CARTESIAN_POINT ( 'NONE',  ( -0.5400000000000000355, -0.4833137806490306332, 0.1699999999999999567 ) ) ;
#7101 = MECHANICAL_DESIGN_GEOMETRIC_PRESENTATION_REPRESENTATION (  '', ( #3984 ), #2841 ) ;
#7102 =( GEOMETRIC_REPRESENTATION_CONTEXT ( 3 ) GLOBAL_UNCERTAINTY_ASSIGNED_CONTEXT ( ( #250 ) ) GLOBAL_UNIT_ASSIGNED_CONTEXT ( ( #1672, #1732, #8025 ) ) REPRESENTATION_CONTEXT ( 'NONE', 'WORKASPACE' ) );
#7103 = DIRECTION ( 'NONE',  ( 0.0000000000000000000, 3.497426362856476362E-15, 1.000000000000000000 ) ) ;
#7104 = CARTESIAN_POINT ( 'NONE',  ( -0.1267605573332183100, -0.02991207411212015374, -0.4999999999999998890 ) ) ;
#7105 = EDGE_CURVE ( 'NONE', #1069, #2367, #2832, .T. ) ;
#7106 = ORIENTED_EDGE ( 'NONE', *, *, #1064, .F. ) ;
#7107 = SURFACE_STYLE_FILL_AREA ( #1354 ) ;
#7108 = CARTESIAN_POINT ( 'NONE',  ( -1.025000000000000355, 0.6043691396444109687, -6.860966872759832746E-17 ) ) ;
#7109 = PLANE ( 'NONE',  #3029 ) ;
#7110 = EDGE_CURVE ( 'NONE', #1960, #4182, #5877, .T. ) ;
#7111 = CARTESIAN_POINT ( 'NONE',  ( -0.08585057240424628922, 0.05252046284949429128, -0.5000000000000000000 ) ) ;
#7112 = CARTESIAN_POINT ( 'NONE',  ( -0.1913764870383926342, 0.03331314577632354251, -0.4989999999999999991 ) ) ;
#7113 = SURFACE_SIDE_STYLE ('',( #2397 ) ) ;
#7114 = ORIENTED_EDGE ( 'NONE', *, *, #6086, .T. ) ;
#7115 = ADVANCED_FACE ( 'NONE', ( #3306 ), #4336, .T. ) ;
#7116 = CARTESIAN_POINT ( 'NONE',  ( 0.06912860192740723220, 0.05291072206630367813, -0.4989999999999998881 ) ) ;
#7117 = EDGE_LOOP ( 'NONE', ( #4864, #5907, #1723, #3341 ) ) ;
#7118 = FILL_AREA_STYLE_COLOUR ( '', #7908 ) ;
#7119 = CARTESIAN_POINT ( 'NONE',  ( 0.05098182486999375262, -0.04785288335105057633, -0.4989999999999999991 ) ) ;
#7120 = VECTOR ( 'NONE', #1533, 1000.000000000000114 ) ;
#7121 = CARTESIAN_POINT ( 'NONE',  ( 0.01554043369331471747, -0.04747953715050572815, -0.4989999999999999991 ) ) ;
#7122 = EDGE_LOOP ( 'NONE', ( #2963, #4041, #6806, #1546 ) ) ;
#7123 = LINE ( 'NONE', #3449, #7740 ) ;
#7124 = CARTESIAN_POINT ( 'NONE',  ( -0.05763029801400236518, -0.04747953715050572815, -0.4989999999999999991 ) ) ;
#7125 = VECTOR ( 'NONE', #7251, 1000.000000000000114 ) ;
#7126 = DIRECTION ( 'NONE',  ( 0.0000000000000000000, -0.9975640502598243087, 0.06975647374412530244 ) ) ;
#7127 = ORIENTED_EDGE ( 'NONE', *, *, #1980, .T. ) ;
#7128 = EDGE_LOOP ( 'NONE', ( #4228, #450, #7730, #2018, #4749, #1408, #2073, #6687, #4247, #6461, #646 ) ) ;
#7129 = FACE_OUTER_BOUND ( 'NONE', #357, .T. ) ;
#7130 = EDGE_LOOP ( 'NONE', ( #1928, #674, #4241, #8160 ) ) ;
#7131 = EDGE_CURVE ( 'NONE', #1603, #3307, #4923, .T. ) ;
#7132 = ORIENTED_EDGE ( 'NONE', *, *, #3192, .T. ) ;
#7133 = SURFACE_STYLE_FILL_AREA ( #6491 ) ;
#7134 = CARTESIAN_POINT ( 'NONE',  ( -0.5400000000000000355, 0.8300000000000011813, -0.04000000000000077105 ) ) ;
#7135 = CARTESIAN_POINT ( 'NONE',  ( 0.002125799546973263822, -0.002357585930993527645, -0.5000000000000000000 ) ) ;
#7136 = LINE ( 'NONE', #7337, #2069 ) ;
#7137 = CARTESIAN_POINT ( 'NONE',  ( -0.1232703523763811482, -0.03354622983892904808, -0.4999999999999995559 ) ) ;
#7138 = CIRCLE ( 'NONE', #5083, 0.2100000000000000477 ) ;
#7139 =( GEOMETRIC_REPRESENTATION_CONTEXT ( 3 ) GLOBAL_UNCERTAINTY_ASSIGNED_CONTEXT ( ( #5653 ) ) GLOBAL_UNIT_ASSIGNED_CONTEXT ( ( #5468, #2409, #4863 ) ) REPRESENTATION_CONTEXT ( 'NONE', 'WORKASPACE' ) );
#7140 = ORIENTED_EDGE ( 'NONE', *, *, #3205, .T. ) ;
#7141 = ORIENTED_EDGE ( 'NONE', *, *, #142, .T. ) ;
#7142 = ORIENTED_EDGE ( 'NONE', *, *, #1924, .T. ) ;
#7143 = VERTEX_POINT ( 'NONE', #1990 ) ;
#7144 = LINE ( 'NONE', #4176, #805 ) ;
#7145 = AXIS2_PLACEMENT_3D ( 'NONE', #7184, #3983, #227 ) ;
#7146 = CARTESIAN_POINT ( 'NONE',  ( -0.1167552768072520758, -0.02325757487337892088, -0.4989999999999999991 ) ) ;
#7147 = SURFACE_SIDE_STYLE ('',( #882 ) ) ;
#7148 = CARTESIAN_POINT ( 'NONE',  ( 0.1691989702786806105, -0.04747953715050572815, -0.4989999999999999991 ) ) ;
#7149 = FILL_AREA_STYLE_COLOUR ( '', #3797 ) ;
#7150 = FILL_AREA_STYLE ('',( #4520 ) ) ;
#7151 =( NAMED_UNIT ( * ) SI_UNIT ( $, .STERADIAN. ) SOLID_ANGLE_UNIT ( ) );
#7152 = ORIENTED_EDGE ( 'NONE', *, *, #7880, .F. ) ;
#7153 = MECHANICAL_DESIGN_GEOMETRIC_PRESENTATION_REPRESENTATION (  '', ( #7902 ), #774 ) ;
#7154 = LINE ( 'NONE', #455, #923 ) ;
#7155 = CARTESIAN_POINT ( 'NONE',  ( -0.7599999999999998979, -1.050000000000000044, -0.3900000000000000688 ) ) ;
#7156 = CARTESIAN_POINT ( 'NONE',  ( -0.1100000000000000006, 0.8700000000000001066, -0.3500000000000000333 ) ) ;
#7157 =( GEOMETRIC_REPRESENTATION_CONTEXT ( 3 ) GLOBAL_UNCERTAINTY_ASSIGNED_CONTEXT ( ( #919 ) ) GLOBAL_UNIT_ASSIGNED_CONTEXT ( ( #7994, #4177, #4156 ) ) REPRESENTATION_CONTEXT ( 'NONE', 'WORKASPACE' ) );
#7158 = FILL_AREA_STYLE ('',( #5833 ) ) ;
#7159 = ORIENTED_EDGE ( 'NONE', *, *, #248, .F. ) ;
#7160 = CARTESIAN_POINT ( 'NONE',  ( -0.1381181028920511755, 0.003778084800713790541, -0.4989999999999999991 ) ) ;
#7161 = ADVANCED_FACE ( 'NONE', ( #1944 ), #2566, .T. ) ;
#7162 = ORIENTED_EDGE ( 'NONE', *, *, #5021, .T. ) ;
#7163 =( NAMED_UNIT ( * ) PLANE_ANGLE_UNIT ( ) SI_UNIT ( $, .RADIAN. ) );
#7164 = EDGE_CURVE ( 'NONE', #6087, #319, #3109, .T. ) ;
#7165 =( NAMED_UNIT ( * ) SI_UNIT ( $, .STERADIAN. ) SOLID_ANGLE_UNIT ( ) );
#7166 = UNCERTAINTY_MEASURE_WITH_UNIT (LENGTH_MEASURE( 1.000000000000000082E-05 ), #1062, 'distance_accuracy_value', 'NONE');
#7167 = DIRECTION ( 'NONE',  ( -0.0000000000000000000, -0.0000000000000000000, -1.000000000000000000 ) ) ;
#7168 = CARTESIAN_POINT ( 'NONE',  ( 0.08379513005064145870, -0.02965398195705942069, -0.5000000000000000000 ) ) ;
#7169 = ADVANCED_FACE ( 'NONE', ( #4815 ), #1309, .T. ) ;
#7170 =( NAMED_UNIT ( * ) PLANE_ANGLE_UNIT ( ) SI_UNIT ( $, .RADIAN. ) );
#7171 = SURFACE_STYLE_FILL_AREA ( #268 ) ;
#7172 = AXIS2_PLACEMENT_3D ( 'NONE', #2324, #6768, #2959 ) ;
#7173 = AXIS2_PLACEMENT_3D ( 'NONE', #4170, #419, #3480 ) ;
#7174 = CARTESIAN_POINT ( 'NONE',  ( -0.09800230848691784957, -0.03509297733882719289, -0.4999999999999998890 ) ) ;
#7175 =( LENGTH_UNIT ( ) NAMED_UNIT ( * ) SI_UNIT ( .MILLI., .METRE. ) );
#7176 = EDGE_CURVE ( 'NONE', #4030, #1335, #6374, .T. ) ;
#7177 = CARTESIAN_POINT ( 'NONE',  ( -1.025000000000000355, 0.5751217974870086458, 0.0000000000000000000 ) ) ;
#7178 = CARTESIAN_POINT ( 'NONE',  ( -0.03324005411156334688, -0.002357585930993527645, -0.5000000000000000000 ) ) ;
#7179 = EDGE_CURVE ( 'NONE', #6837, #199, #8012, .T. ) ;
#7180 = ORIENTED_EDGE ( 'NONE', *, *, #5243, .T. ) ;
#7181 = DIRECTION ( 'NONE',  ( 0.0000000000000000000, -6.023345402697246965E-16, -1.000000000000000000 ) ) ;
#7182 =( NAMED_UNIT ( * ) SI_UNIT ( $, .STERADIAN. ) SOLID_ANGLE_UNIT ( ) );
#7183 = CARTESIAN_POINT ( 'NONE',  ( -0.9751217974870091121, 0.6249999999999998890, 0.0000000000000000000 ) ) ;
#7184 = CARTESIAN_POINT ( 'NONE',  ( 0.1100000000000000006, -0.6200000000000012168, -0.04000000000000002859 ) ) ;
#7185 =( NAMED_UNIT ( * ) PLANE_ANGLE_UNIT ( ) SI_UNIT ( $, .RADIAN. ) );
#7186 = VECTOR ( 'NONE', #3584, 1000.000000000000000 ) ;
#7187 = MECHANICAL_DESIGN_GEOMETRIC_PRESENTATION_REPRESENTATION (  '', ( #2184 ), #5980 ) ;
#7188 = FILL_AREA_STYLE_COLOUR ( '', #7765 ) ;
#7189 = DIRECTION ( 'NONE',  ( -0.0000000000000000000, 0.0000000000000000000, -1.000000000000000000 ) ) ;
#7190 = CARTESIAN_POINT ( 'NONE',  ( -0.1902275806441135475, 0.03813815153563147181, -0.5000000000000001110 ) ) ;
#7191 = CARTESIAN_POINT ( 'NONE',  ( 0.09227987124970571386, -0.01815886157254992944, -0.5000000000000001110 ) ) ;
#7192 = PRESENTATION_STYLE_ASSIGNMENT (( #4600 ) ) ;
#7193 = CARTESIAN_POINT ( 'NONE',  ( -0.1108524358655544051, -0.04209490004599449053, -0.4990000000000001101 ) ) ;
#7194 = ADVANCED_FACE ( 'NONE', ( #4601 ), #4101, .T. ) ;
#7195 = PRESENTATION_LAYER_ASSIGNMENT (  '', '', ( #5211 ) ) ;
#7196 = CARTESIAN_POINT ( 'NONE',  ( 0.06200421704809496587, -0.03769032978114177784, -0.5000000000000000000 ) ) ;
#7197 = CARTESIAN_POINT ( 'NONE',  ( -0.7599999999999998979, -0.6243137685856749997, 0.009813566431136535456 ) ) ;
#7198 = AXIS2_PLACEMENT_3D ( 'NONE', #2901, #3531, #4146 ) ;
#7199 = UNCERTAINTY_MEASURE_WITH_UNIT (LENGTH_MEASURE( 1.000000000000000082E-05 ), #2924, 'distance_accuracy_value', 'NONE');
#7200 = ADVANCED_FACE ( 'NONE', ( #967 ), #224, .F. ) ;
#7201 = EDGE_CURVE ( 'NONE', #984, #1107, #2616, .T. ) ;
#7202 = CARTESIAN_POINT ( 'NONE',  ( 0.04623148239727685460, 0.04119297781121149943, -0.4989999999999997771 ) ) ;
#7203 = FACE_OUTER_BOUND ( 'NONE', #1401, .T. ) ;
#7204 = CARTESIAN_POINT ( 'NONE',  ( -0.7599999999999998979, 0.8700000000000001066, -0.5499999999999999334 ) ) ;
#7205 =( NAMED_UNIT ( * ) PLANE_ANGLE_UNIT ( ) SI_UNIT ( $, .RADIAN. ) );
#7206 = LINE ( 'NONE', #7350, #5782 ) ;
#7207 = ORIENTED_EDGE ( 'NONE', *, *, #2334, .F. ) ;
#7208 = CARTESIAN_POINT ( 'NONE',  ( -0.5399999999999999245, 0.6131124419696033501, 0.1699999999999999567 ) ) ;
#7209 =( NAMED_UNIT ( * ) PLANE_ANGLE_UNIT ( ) SI_UNIT ( $, .RADIAN. ) );
#7210 =( GEOMETRIC_REPRESENTATION_CONTEXT ( 3 ) GLOBAL_UNCERTAINTY_ASSIGNED_CONTEXT ( ( #1782 ) ) GLOBAL_UNIT_ASSIGNED_CONTEXT ( ( #6874, #595, #1197 ) ) REPRESENTATION_CONTEXT ( 'NONE', 'WORKASPACE' ) );
#7211 = CARTESIAN_POINT ( 'NONE',  ( 0.05713104964098835586, -0.03767632547566425461, -0.5000000000000000000 ) ) ;
#7212 = CARTESIAN_POINT ( 'NONE',  ( 0.7599999999999998979, 0.6700000000000012612, -0.04000000000000020900 ) ) ;
#7213 = AXIS2_PLACEMENT_3D ( 'NONE', #4257, #4308, #542 ) ;
#7214 = CARTESIAN_POINT ( 'NONE',  ( -0.1905935590388523060, 0.03619478633771034543, -0.4999999999999997780 ) ) ;
#7215 = LINE ( 'NONE', #2799, #5694 ) ;
#7216 = CARTESIAN_POINT ( 'NONE',  ( 0.08379513005064145870, -0.02965398195705942069, -0.4989999999999999991 ) ) ;
#7217 = ORIENTED_EDGE ( 'NONE', *, *, #314, .F. ) ;
#7218 = FILL_AREA_STYLE_COLOUR ( '', #177 ) ;
#7219 = CARTESIAN_POINT ( 'NONE',  ( 0.03781823295164162685, -0.03287871934268581792, -0.4989999999999999991 ) ) ;
#7220 = FACE_OUTER_BOUND ( 'NONE', #1489, .T. ) ;
#7221 = ORIENTED_EDGE ( 'NONE', *, *, #1510, .T. ) ;
#7222 = COLOUR_RGB ( '',0.2509803921568627416, 0.2509803921568627416, 0.2509803921568627416 ) ;
#7223 = CARTESIAN_POINT ( 'NONE',  ( 0.08632818488607700569, -0.02718041674604462429, -0.5000000000000000000 ) ) ;
#7224 = ORIENTED_EDGE ( 'NONE', *, *, #7164, .F. ) ;
#7225 = CARTESIAN_POINT ( 'NONE',  ( 0.07357670441987596011, 0.04004944572767335509, -0.5000000000000001110 ) ) ;
#7226 = CARTESIAN_POINT ( 'NONE',  ( -0.09048709203513938260, -0.04737703382007478481, -0.4999999999999998890 ) ) ;
#7227 = CARTESIAN_POINT ( 'NONE',  ( 0.1093140841421993970, 0.006387216190503474354, -0.5000000000000000000 ) ) ;
#7228 = ORIENTED_EDGE ( 'NONE', *, *, #7609, .T. ) ;
#7229 = SURFACE_SIDE_STYLE ('',( #5380 ) ) ;
#7230 = ORIENTED_EDGE ( 'NONE', *, *, #608, .F. ) ;
#7231 = LINE ( 'NONE', #8096, #6496 ) ;
#7232 = PRESENTATION_STYLE_ASSIGNMENT (( #4937 ) ) ;
#7233 = FILL_AREA_STYLE_COLOUR ( '', #3526 ) ;
#7234 = ORIENTED_EDGE ( 'NONE', *, *, #5379, .T. ) ;
#7235 = DIRECTION ( 'NONE',  ( -3.469446951953614189E-16, 1.000000000000000000, -0.0000000000000000000 ) ) ;
#7236 = PRESENTATION_STYLE_ASSIGNMENT (( #1673 ) ) ;
#7237 = ORIENTED_EDGE ( 'NONE', *, *, #4603, .F. ) ;
#7238 = CARTESIAN_POINT ( 'NONE',  ( -0.08768775881088124169, 0.05247951365423604575, -0.5000000000000000000 ) ) ;
#7239 = AXIS2_PLACEMENT_3D ( 'NONE', #1606, #6164, #4913 ) ;
#7240 = PRESENTATION_STYLE_ASSIGNMENT (( #4111 ) ) ;
#7241 = ORIENTED_EDGE ( 'NONE', *, *, #7523, .T. ) ;
#7242 = FACE_OUTER_BOUND ( 'NONE', #7839, .T. ) ;
#7243 = FILL_AREA_STYLE ('',( #5308 ) ) ;
#7244 = PRESENTATION_STYLE_ASSIGNMENT (( #11 ) ) ;
#7245 = FILL_AREA_STYLE ('',( #5714 ) ) ;
#7246 = ORIENTED_EDGE ( 'NONE', *, *, #3096, .T. ) ;
#7247 = EDGE_CURVE ( 'NONE', #3907, #5117, #2817, .T. ) ;
#7248 = VECTOR ( 'NONE', #5197, 1000.000000000000000 ) ;
#7249 = CARTESIAN_POINT ( 'NONE',  ( 0.05951200749039761012, -0.03770758553478806979, -0.5000000000000000000 ) ) ;
#7250 = ORIENTED_EDGE ( 'NONE', *, *, #2833, .T. ) ;
#7251 = DIRECTION ( 'NONE',  ( 0.3363908276654490881, -0.9417224702971432881, 0.0000000000000000000 ) ) ;
#7252 = CARTESIAN_POINT ( 'NONE',  ( -0.1913764870383926620, 0.03331314577632354945, -0.4990000000000001101 ) ) ;
#7253 = CARTESIAN_POINT ( 'NONE',  ( 0.09548004036269795713, -0.007031985662470596754, -0.4999999999999998890 ) ) ;
#7254 = ADVANCED_FACE ( 'NONE', ( #7305 ), #3868, .T. ) ;
#7255 = DIRECTION ( 'NONE',  ( -1.000000000000000000, -0.0000000000000000000, -0.0000000000000000000 ) ) ;
#7256 = FACE_OUTER_BOUND ( 'NONE', #6261, .T. ) ;
#7257 = AXIS2_PLACEMENT_3D ( 'NONE', #7031, #4004, #2778 ) ;
#7258 = COLOUR_RGB ( '',1.000000000000000000, 1.000000000000000000, 1.000000000000000000 ) ;
#7259 = DIRECTION ( 'NONE',  ( -0.0000000000000000000, 0.0000000000000000000, -1.000000000000000000 ) ) ;
#7260 = ORIENTED_EDGE ( 'NONE', *, *, #6353, .T. ) ;
#7261 = AXIS2_PLACEMENT_3D ( 'NONE', #3491, #976, #929 ) ;
#7262 =( GEOMETRIC_REPRESENTATION_CONTEXT ( 3 ) GLOBAL_UNCERTAINTY_ASSIGNED_CONTEXT ( ( #5309 ) ) GLOBAL_UNIT_ASSIGNED_CONTEXT ( ( #2207, #2855, #7369 ) ) REPRESENTATION_CONTEXT ( 'NONE', 'WORKASPACE' ) );
#7263 = CARTESIAN_POINT ( 'NONE',  ( -0.1115789629327052501, -0.02849922401646069747, -0.4999999999999998890 ) ) ;
#7264 = CARTESIAN_POINT ( 'NONE',  ( -0.1012040338619571711, -0.04561769411362923826, -0.5000000000000000000 ) ) ;
#7265 = CARTESIAN_POINT ( 'NONE',  ( 0.1100000000000000006, 0.6700000000000012612, -0.04000000000000020900 ) ) ;
#7266 = LINE ( 'NONE', #1764, #1815 ) ;
#7267 = DIRECTION ( 'NONE',  ( 0.0000000000000000000, -0.0000000000000000000, 1.000000000000000000 ) ) ;
#7268 = EDGE_CURVE ( 'NONE', #1069, #1965, #7709, .T. ) ;
#7269 = ORIENTED_EDGE ( 'NONE', *, *, #6289, .F. ) ;
#7270 = CARTESIAN_POINT ( 'NONE',  ( 0.05741586096627490643, 0.04274841122888480005, -0.5000000000000001110 ) ) ;
#7271 = UNCERTAINTY_MEASURE_WITH_UNIT (LENGTH_MEASURE( 1.000000000000000082E-05 ), #1536, 'distance_accuracy_value', 'NONE');
#7272 =( GEOMETRIC_REPRESENTATION_CONTEXT ( 3 ) GLOBAL_UNCERTAINTY_ASSIGNED_CONTEXT ( ( #3472 ) ) GLOBAL_UNIT_ASSIGNED_CONTEXT ( ( #6036, #6066, #3508 ) ) REPRESENTATION_CONTEXT ( 'NONE', 'WORKASPACE' ) );
#7273 = CARTESIAN_POINT ( 'NONE',  ( 0.5400000000000000355, 0.6131124419696033501, 0.1699999999999999567 ) ) ;
#7274 = CARTESIAN_POINT ( 'NONE',  ( -0.08968696631828190768, -0.03640781695176718152, -0.4989999999999999991 ) ) ;
#7275 = PRESENTATION_LAYER_ASSIGNMENT (  '', '', ( #7866 ) ) ;
#7276 = EDGE_CURVE ( 'NONE', #6140, #5725, #960, .T. ) ;
#7277 = DIRECTION ( 'NONE',  ( 0.9975640502598241977, 0.0000000000000000000, -0.06975647374412545509 ) ) ;
#7278 = SURFACE_STYLE_USAGE ( .BOTH. , #4612 ) ;
#7279 = EDGE_CURVE ( 'NONE', #777, #4205, #3790, .T. ) ;
#7280 = FILL_AREA_STYLE_COLOUR ( '', #3155 ) ;
#7281 = CARTESIAN_POINT ( 'NONE',  ( -0.1902275806441135475, 0.03813815153563147181, -0.4990000000000002212 ) ) ;
#7282 = DIRECTION ( 'NONE',  ( 0.0000000000000000000, -3.497426362856476757E-15, -1.000000000000000000 ) ) ;
#7283 = CARTESIAN_POINT ( 'NONE',  ( -0.5400000000000000355, -0.8700000000000002176, -0.3899999999999999578 ) ) ;
#7284 = CIRCLE ( 'NONE', #1953, 0.05000000000000001665 ) ;
#7285 =( GEOMETRIC_REPRESENTATION_CONTEXT ( 3 ) GLOBAL_UNCERTAINTY_ASSIGNED_CONTEXT ( ( #4663 ) ) GLOBAL_UNIT_ASSIGNED_CONTEXT ( ( #8174, #5006, #7562 ) ) REPRESENTATION_CONTEXT ( 'NONE', 'WORKASPACE' ) );
#7286 = DIRECTION ( 'NONE',  ( 0.0000000000000000000, 1.000000000000000000, 0.0000000000000000000 ) ) ;
#7287 = DIRECTION ( 'NONE',  ( -0.0000000000000000000, -0.0000000000000000000, -1.000000000000000000 ) ) ;
#7288 = CARTESIAN_POINT ( 'NONE',  ( 0.05858540320550985336, 0.05373997504461623664, -0.5000000000000000000 ) ) ;
#7289 = ORIENTED_EDGE ( 'NONE', *, *, #4919, .F. ) ;
#7290 =( LENGTH_UNIT ( ) NAMED_UNIT ( * ) SI_UNIT ( .MILLI., .METRE. ) );
#7291 = SURFACE_SIDE_STYLE ('',( #4052 ) ) ;
#7292 = EDGE_CURVE ( 'NONE', #3230, #1693, #256, .T. ) ;
#7293 = ADVANCED_FACE ( 'NONE', ( #3401 ), #5193, .T. ) ;
#7294 = ORIENTED_EDGE ( 'NONE', *, *, #1773, .F. ) ;
#7295 = LINE ( 'NONE', #4861, #5473 ) ;
#7296 = ORIENTED_EDGE ( 'NONE', *, *, #8023, .F. ) ;
#7297 = SURFACE_SIDE_STYLE ('',( #2154 ) ) ;
#7298 = CARTESIAN_POINT ( 'NONE',  ( -0.08585057240424628922, 0.05252046284949429128, -0.5000000000000000000 ) ) ;
#7299 = CARTESIAN_POINT ( 'NONE',  ( 0.06071954954697326295, -0.03772343958953011667, -0.4989999999999999991 ) ) ;
#7300 = CARTESIAN_POINT ( 'NONE',  ( -0.7599999999999998979, -0.6200000000000012168, -0.04000000000000002859 ) ) ;
#7301 = VECTOR ( 'NONE', #152, 1000.000000000000000 ) ;
#7302 = CARTESIAN_POINT ( 'NONE',  ( 0.08983362780166123662, -0.04116950576441349985, -0.4999999999999998890 ) ) ;
#7303 = PRESENTATION_STYLE_ASSIGNMENT (( #3218 ) ) ;
#7304 = AXIS2_PLACEMENT_3D ( 'NONE', #7510, #4967, #6873 ) ;
#7305 = FACE_OUTER_BOUND ( 'NONE', #298, .T. ) ;
#7306 = ORIENTED_EDGE ( 'NONE', *, *, #8185, .T. ) ;
#7307 = CARTESIAN_POINT ( 'NONE',  ( 0.03505262881526593349, -0.03132100056513987402, -0.5000000000000000000 ) ) ;
#7308 = CARTESIAN_POINT ( 'NONE',  ( -0.1100000000000000006, -0.8300000000000011813, -0.04000000000000077105 ) ) ;
#7309 = CARTESIAN_POINT ( 'NONE',  ( 0.1691989702786806105, -0.04747953715050572815, -0.4989999999999999991 ) ) ;
#7310 = CARTESIAN_POINT ( 'NONE',  ( 0.9504035209157126740, -0.5504035209157128739, 0.4000000000000000222 ) ) ;
#7311 =( GEOMETRIC_REPRESENTATION_CONTEXT ( 3 ) GLOBAL_UNCERTAINTY_ASSIGNED_CONTEXT ( ( #6896 ) ) GLOBAL_UNIT_ASSIGNED_CONTEXT ( ( #6504, #2691, #6474 ) ) REPRESENTATION_CONTEXT ( 'NONE', 'WORKASPACE' ) );
#7312 = LINE ( 'NONE', #3519, #5584 ) ;
#7313 = COLOUR_RGB ( '',0.2509803921568627416, 0.2509803921568627416, 0.2509803921568627416 ) ;
#7314 = ORIENTED_EDGE ( 'NONE', *, *, #3311, .T. ) ;
#7315 = AXIS2_PLACEMENT_3D ( 'NONE', #3415, #5982, #7958 ) ;
#7316 = LINE ( 'NONE', #4627, #59 ) ;
#7317 = DIRECTION ( 'NONE',  ( 0.0000000000000000000, -3.497426362856476362E-15, -1.000000000000000000 ) ) ;
#7318 = UNCERTAINTY_MEASURE_WITH_UNIT (LENGTH_MEASURE( 1.000000000000000082E-05 ), #6391, 'distance_accuracy_value', 'NONE');
#7319 = CARTESIAN_POINT ( 'NONE',  ( -1.000281723428704250, 0.5504035209157125408, 0.3534878236872062707 ) ) ;
#7320 = DIRECTION ( 'NONE',  ( 0.0000000000000000000, 3.497426362856475968E-15, 1.000000000000000000 ) ) ;
#7321 = VECTOR ( 'NONE', #2418, 1000.000000000000000 ) ;
#7322 = FILL_AREA_STYLE ('',( #7907 ) ) ;
#7323 = PRESENTATION_LAYER_ASSIGNMENT (  '', '', ( #8135 ) ) ;
#7324 = AXIS2_PLACEMENT_3D ( 'NONE', #7265, #2802, #7320 ) ;
#7325 = EDGE_LOOP ( 'NONE', ( #7651, #1770, #1679 ) ) ;
#7326 = EDGE_CURVE ( 'NONE', #86, #155, #1761, .T. ) ;
#7327 = CARTESIAN_POINT ( 'NONE',  ( 0.5400000000000000355, 1.050000000000000044, -0.5500000000000000444 ) ) ;
#7328 = CARTESIAN_POINT ( 'NONE',  ( -0.1153303889809982608, 0.04513193977790567329, -0.4999999999999998890 ) ) ;
#7329 = PLANE ( 'NONE',  #7853 ) ;
#7330 = CARTESIAN_POINT ( 'NONE',  ( 0.06071954954697326295, -0.03772343958953011667, -0.4989999999999999991 ) ) ;
#7331 = LINE ( 'NONE', #8159, #7672 ) ;
#7332 = ORIENTED_EDGE ( 'NONE', *, *, #5265, .T. ) ;
#7333 = FACE_OUTER_BOUND ( 'NONE', #1100, .T. ) ;
#7334 = ORIENTED_EDGE ( 'NONE', *, *, #6811, .F. ) ;
#7335 = CARTESIAN_POINT ( 'NONE',  ( 0.1100000000000000006, 0.8300000000000001821, -0.3499999999999998668 ) ) ;
#7336 = EDGE_LOOP ( 'NONE', ( #8224, #2272, #3965, #2088 ) ) ;
#7337 = CARTESIAN_POINT ( 'NONE',  ( -0.1600693224042462892, -0.04747953715050572815, -0.4989999999999999991 ) ) ;
#7338 = AXIS2_PLACEMENT_3D ( 'NONE', #5493, #4792, #6139 ) ;
#7339 = CARTESIAN_POINT ( 'NONE',  ( 0.5400000000000000355, -0.6700000000000002620, -0.3499999999999993672 ) ) ;
#7340 = ADVANCED_FACE ( 'NONE', ( #49 ), #3978, .F. ) ;
#7341 = CARTESIAN_POINT ( 'NONE',  ( -0.1895091089896121239, 0.04032534089827476825, -0.5000000000000000000 ) ) ;
#7342 = ORIENTED_EDGE ( 'NONE', *, *, #7011, .T. ) ;
#7343 = EDGE_CURVE ( 'NONE', #389, #2737, #2716, .T. ) ;
#7344 = COLOUR_RGB ( '',1.000000000000000000, 1.000000000000000000, 1.000000000000000000 ) ;
#7345 = DIRECTION ( 'NONE',  ( 0.0000000000000000000, 1.000000000000000000, 0.0000000000000000000 ) ) ;
#7346 = FACE_OUTER_BOUND ( 'NONE', #5352, .T. ) ;
#7347 = ORIENTED_EDGE ( 'NONE', *, *, #3101, .T. ) ;
#7348 = COLOUR_RGB ( '',0.0000000000000000000, 0.0000000000000000000, 0.0000000000000000000 ) ;
#7349 = VERTEX_POINT ( 'NONE', #7204 ) ;
#7350 = CARTESIAN_POINT ( 'NONE',  ( -0.9970292752225959898, 0.5504035209157126518, 0.4000000000000000222 ) ) ;
#7351 = CARTESIAN_POINT ( 'NONE',  ( 0.09144867475734205775, 0.04261276282033241852, -0.5000000000000000000 ) ) ;
#7352 = SPHERICAL_SURFACE ( 'NONE', #2680, 0.05000000000000000278 ) ;
#7353 = CARTESIAN_POINT ( 'NONE',  ( 0.002125799546973263822, -0.002357585930993527645, -0.4989999999999999991 ) ) ;
#7354 = ORIENTED_EDGE ( 'NONE', *, *, #1999, .F. ) ;
#7355 = CARTESIAN_POINT ( 'NONE',  ( -0.03567907850180723761, 0.04154485309339672749, -0.4989999999999999991 ) ) ;
#7356 = LINE ( 'NONE', #7833, #7248 ) ;
#7357 = VERTEX_POINT ( 'NONE', #4013 ) ;
#7358 = ORIENTED_EDGE ( 'NONE', *, *, #3479, .T. ) ;
#7359 =( LENGTH_UNIT ( ) NAMED_UNIT ( * ) SI_UNIT ( .MILLI., .METRE. ) );
#7360 = LINE ( 'NONE', #7875, #3937 ) ;
#7361 =( NAMED_UNIT ( * ) SI_UNIT ( $, .STERADIAN. ) SOLID_ANGLE_UNIT ( ) );
#7362 = ORIENTED_EDGE ( 'NONE', *, *, #3849, .F. ) ;
#7363 = CARTESIAN_POINT ( 'NONE',  ( 0.5400000000000000355, 1.050000000000000044, -0.5500000000000000444 ) ) ;
#7364 = FACE_OUTER_BOUND ( 'NONE', #4084, .T. ) ;
#7365 = CARTESIAN_POINT ( 'NONE',  ( 0.002125799546973263822, 0.04154485309339672749, -0.4989999999999999991 ) ) ;
#7366 = CARTESIAN_POINT ( 'NONE',  ( 0.1557843361323391351, 0.05252046284949429128, -0.4989999999999999991 ) ) ;
#7367 = ORIENTED_EDGE ( 'NONE', *, *, #7981, .F. ) ;
#7368 = UNCERTAINTY_MEASURE_WITH_UNIT (LENGTH_MEASURE( 1.000000000000000082E-05 ), #2043, 'distance_accuracy_value', 'NONE');
#7369 =( NAMED_UNIT ( * ) SI_UNIT ( $, .STERADIAN. ) SOLID_ANGLE_UNIT ( ) );
#7370 = MECHANICAL_DESIGN_GEOMETRIC_PRESENTATION_REPRESENTATION (  '', ( #117 ), #6210 ) ;
#7371 = FACE_OUTER_BOUND ( 'NONE', #4602, .T. ) ;
#7372 = CARTESIAN_POINT ( 'NONE',  ( -0.1100000000000000006, 0.6200000000000012168, 0.1699999999999999845 ) ) ;
#7373 =( GEOMETRIC_REPRESENTATION_CONTEXT ( 3 ) GLOBAL_UNCERTAINTY_ASSIGNED_CONTEXT ( ( #4073 ) ) GLOBAL_UNIT_ASSIGNED_CONTEXT ( ( #1292, #7708, #3856 ) ) REPRESENTATION_CONTEXT ( 'NONE', 'WORKASPACE' ) );
#7374 = CARTESIAN_POINT ( 'NONE',  ( 0.1557843361323391351, -0.03650392739440816436, -0.4989999999999999991 ) ) ;
#7375 = CARTESIAN_POINT ( 'NONE',  ( 0.09974305963148616394, -0.03170029141699257091, -0.4990000000000001101 ) ) ;
#7376 = FILL_AREA_STYLE ('',( #6269 ) ) ;
#7377 = UNCERTAINTY_MEASURE_WITH_UNIT (LENGTH_MEASURE( 1.000000000000000082E-05 ), #2402, 'distance_accuracy_value', 'NONE');
#7378 = DIRECTION ( 'NONE',  ( 0.0000000000000000000, -2.168404344971007685E-15, -1.000000000000000000 ) ) ;
#7379 = COLOUR_RGB ( '',1.000000000000000000, 1.000000000000000000, 1.000000000000000000 ) ;
#7380 = ADVANCED_FACE ( 'NONE', ( #6890 ), #6468, .T. ) ;
#7381 =( LENGTH_UNIT ( ) NAMED_UNIT ( * ) SI_UNIT ( .MILLI., .METRE. ) );
#7382 = PRESENTATION_LAYER_ASSIGNMENT (  '', '', ( #6949 ) ) ;
#7383 = FILL_AREA_STYLE_COLOUR ( '', #400 ) ;
#7384 = DIRECTION ( 'NONE',  ( 0.0000000000000000000, 0.0000000000000000000, -1.000000000000000000 ) ) ;
#7385 = CARTESIAN_POINT ( 'NONE',  ( 0.05847107393721714952, 0.04276436528851867286, -0.4989999999999999991 ) ) ;
#7386 = MECHANICAL_DESIGN_GEOMETRIC_PRESENTATION_REPRESENTATION (  '', ( #8240 ), #1501 ) ;
#7387 = MECHANICAL_DESIGN_GEOMETRIC_PRESENTATION_REPRESENTATION (  '', ( #4212 ), #2104 ) ;
#7388 = CARTESIAN_POINT ( 'NONE',  ( -0.1064225767956497454, 0.04928711140494596021, -0.4989999999999999991 ) ) ;
#7389 = ORIENTED_EDGE ( 'NONE', *, *, #4400, .T. ) ;
#7390 = EDGE_CURVE ( 'NONE', #421, #6680, #3594, .T. ) ;
#7391 = DIRECTION ( 'NONE',  ( -0.0000000000000000000, 0.0000000000000000000, -1.000000000000000000 ) ) ;
#7392 = CARTESIAN_POINT ( 'NONE',  ( -0.5400000000000000355, 0.8300000000000011813, -0.04000000000000077105 ) ) ;
#7393 = CARTESIAN_POINT ( 'NONE',  ( -0.7599999999999998979, 1.050000000000000044, -0.5500000000000000444 ) ) ;
#7394 = CARTESIAN_POINT ( 'NONE',  ( 0.09019678563322351683, 0.02553799155439841900, -0.5000000000000000000 ) ) ;
#7395 =( NAMED_UNIT ( * ) PLANE_ANGLE_UNIT ( ) SI_UNIT ( $, .RADIAN. ) );
#7396 = CARTESIAN_POINT ( 'NONE',  ( -0.07104493216034385439, 0.04154485309339672749, -0.4989999999999999991 ) ) ;
#7397 = EDGE_CURVE ( 'NONE', #6079, #312, #8207, .T. ) ;
#7398 = SURFACE_STYLE_FILL_AREA ( #6793 ) ;
#7399 = ORIENTED_EDGE ( 'NONE', *, *, #925, .T. ) ;
#7400 =( NAMED_UNIT ( * ) PLANE_ANGLE_UNIT ( ) SI_UNIT ( $, .RADIAN. ) );
#7401 = COLOUR_RGB ( '',1.000000000000000000, 1.000000000000000000, 1.000000000000000000 ) ;
#7402 = DIRECTION ( 'NONE',  ( 0.0000000000000000000, 0.0000000000000000000, -1.000000000000000000 ) ) ;
#7403 = VECTOR ( 'NONE', #2911, 1000.000000000000000 ) ;
#7404 = CARTESIAN_POINT ( 'NONE',  ( 0.03597186182814957750, -0.03183875598294361869, -0.5000000000000000000 ) ) ;
#7405 = CARTESIAN_POINT ( 'NONE',  ( 0.5400000000000000355, 0.8700000000000001066, -0.3500000000000000333 ) ) ;
#7406 =( LENGTH_UNIT ( ) NAMED_UNIT ( * ) SI_UNIT ( .MILLI., .METRE. ) );
#7407 = VECTOR ( 'NONE', #260, 1000.000000000000000 ) ;
#7408 = EDGE_LOOP ( 'NONE', ( #995, #5572, #3524, #5574 ) ) ;
#7409 =( GEOMETRIC_REPRESENTATION_CONTEXT ( 3 ) GLOBAL_UNCERTAINTY_ASSIGNED_CONTEXT ( ( #3071 ) ) GLOBAL_UNIT_ASSIGNED_CONTEXT ( ( #1511, #4559, #2012 ) ) REPRESENTATION_CONTEXT ( 'NONE', 'WORKASPACE' ) );
#7410 = COLOUR_RGB ( '',0.0000000000000000000, 0.0000000000000000000, 0.0000000000000000000 ) ;
#7411 = FILL_AREA_STYLE_COLOUR ( '', #3901 ) ;
#7412 = PRESENTATION_STYLE_ASSIGNMENT (( #5181 ) ) ;
#7413 =( LENGTH_UNIT ( ) NAMED_UNIT ( * ) SI_UNIT ( .MILLI., .METRE. ) );
#7414 =( LENGTH_UNIT ( ) NAMED_UNIT ( * ) SI_UNIT ( .MILLI., .METRE. ) );
#7415 = EDGE_CURVE ( 'NONE', #2452, #7827, #1932, .T. ) ;
#7416 = VECTOR ( 'NONE', #3271, 1000.000000000000000 ) ;
#7417 = FILL_AREA_STYLE_COLOUR ( '', #5396 ) ;
#7418 = CARTESIAN_POINT ( 'NONE',  ( -0.1380781861026737223, 0.005590781457812206943, -0.4989999999999999991 ) ) ;
#7419 = STYLED_ITEM ( 'NONE', ( #1013 ), #5587 ) ;
#7420 = DIRECTION ( 'NONE',  ( 0.0000000000000000000, -1.000000000000000000, 0.0000000000000000000 ) ) ;
#7421 = DIRECTION ( 'NONE',  ( -2.168404344971007685E-15, 0.0000000000000000000, -1.000000000000000000 ) ) ;
#7422 = ORIENTED_EDGE ( 'NONE', *, *, #3985, .T. ) ;
#7423 = ADVANCED_FACE ( 'NONE', ( #4591 ), #1464, .T. ) ;
#7424 =( NAMED_UNIT ( * ) PLANE_ANGLE_UNIT ( ) SI_UNIT ( $, .RADIAN. ) );
#7425 =( GEOMETRIC_REPRESENTATION_CONTEXT ( 3 ) GLOBAL_UNCERTAINTY_ASSIGNED_CONTEXT ( ( #6010 ) ) GLOBAL_UNIT_ASSIGNED_CONTEXT ( ( #6409, #3898, #80 ) ) REPRESENTATION_CONTEXT ( 'NONE', 'WORKASPACE' ) );
#7426 = UNCERTAINTY_MEASURE_WITH_UNIT (LENGTH_MEASURE( 1.000000000000000082E-05 ), #6663, 'distance_accuracy_value', 'NONE');
#7427 = CARTESIAN_POINT ( 'NONE',  ( -0.5400000000000000355, 0.4833137806490306332, 0.1699999999999999567 ) ) ;
#7428 = VECTOR ( 'NONE', #638, 1000.000000000000000 ) ;
#7429 = EDGE_CURVE ( 'NONE', #887, #5687, #5482, .T. ) ;
#7430 =( GEOMETRIC_REPRESENTATION_CONTEXT ( 3 ) GLOBAL_UNCERTAINTY_ASSIGNED_CONTEXT ( ( #6110 ) ) GLOBAL_UNIT_ASSIGNED_CONTEXT ( ( #7627, #43, #3184 ) ) REPRESENTATION_CONTEXT ( 'NONE', 'WORKASPACE' ) );
#7431 = FILL_AREA_STYLE_COLOUR ( '', #4000 ) ;
#7432 = ORIENTED_EDGE ( 'NONE', *, *, #5390, .T. ) ;
#7433 = DIRECTION ( 'NONE',  ( -0.0000000000000000000, 0.0000000000000000000, -1.000000000000000000 ) ) ;
#7434 = ORIENTED_EDGE ( 'NONE', *, *, #132, .F. ) ;
#7435 = CARTESIAN_POINT ( 'NONE',  ( -0.5400000000000000355, 1.050000000000000044, -0.5500000000000000444 ) ) ;
#7436 =( GEOMETRIC_REPRESENTATION_CONTEXT ( 3 ) GLOBAL_UNCERTAINTY_ASSIGNED_CONTEXT ( ( #6522 ) ) GLOBAL_UNIT_ASSIGNED_CONTEXT ( ( #5216, #3284, #7151 ) ) REPRESENTATION_CONTEXT ( 'NONE', 'WORKASPACE' ) );
#7437 = VECTOR ( 'NONE', #8018, 1000.000000000000000 ) ;
#7438 = ORIENTED_EDGE ( 'NONE', *, *, #643, .T. ) ;
#7439 = AXIS2_PLACEMENT_3D ( 'NONE', #3067, #3688, #1877 ) ;
#7440 = AXIS2_PLACEMENT_3D ( 'NONE', #2222, #2180, #5335 ) ;
#7441 = CYLINDRICAL_SURFACE ( 'NONE', #5992, 0.1999999999999999278 ) ;
#7442 = CARTESIAN_POINT ( 'NONE',  ( -0.03324005411156334688, 0.008618023825104037874, -0.4989999999999999991 ) ) ;
#7443 = SURFACE_STYLE_FILL_AREA ( #1867 ) ;
#7444 =( NAMED_UNIT ( * ) PLANE_ANGLE_UNIT ( ) SI_UNIT ( $, .RADIAN. ) );
#7445 = VERTEX_POINT ( 'NONE', #1564 ) ;
#7446 = CARTESIAN_POINT ( 'NONE',  ( 0.9970292752225951016, 0.6002817234287037840, 0.3534878236872062707 ) ) ;
#7447 = EDGE_CURVE ( 'NONE', #1436, #7738, #6573, .T. ) ;
#7448 = VERTEX_POINT ( 'NONE', #2187 ) ;
#7449 = SURFACE_STYLE_FILL_AREA ( #2521 ) ;
#7450 = SURFACE_SIDE_STYLE ('',( #8211 ) ) ;
#7451 = COLOUR_RGB ( '',1.000000000000000000, 1.000000000000000000, 1.000000000000000000 ) ;
#7452 = ORIENTED_EDGE ( 'NONE', *, *, #5330, .T. ) ;
#7453 = DIRECTION ( 'NONE',  ( 0.0000000000000000000, -1.000000000000000000, 0.0000000000000000000 ) ) ;
#7454 = ORIENTED_EDGE ( 'NONE', *, *, #4315, .T. ) ;
#7455 = MECHANICAL_DESIGN_GEOMETRIC_PRESENTATION_REPRESENTATION (  '', ( #1919 ), #3583 ) ;
#7456 = DIRECTION ( 'NONE',  ( 0.0000000000000000000, -1.000000000000000000, 0.0000000000000000000 ) ) ;
#7457 = CARTESIAN_POINT ( 'NONE',  ( 0.05982601012366819959, 0.04273523167992090976, -0.5000000000000001110 ) ) ;
#7458 = ORIENTED_EDGE ( 'NONE', *, *, #869, .T. ) ;
#7459 = VECTOR ( 'NONE', #6150, 1000.000000000000000 ) ;
#7460 = CARTESIAN_POINT ( 'NONE',  ( 0.01554043369331471747, -0.04747953715050572815, -0.5000000000000000000 ) ) ;
#7461 = EDGE_CURVE ( 'NONE', #5144, #8151, #1345, .T. ) ;
#7462 =( NAMED_UNIT ( * ) PLANE_ANGLE_UNIT ( ) SI_UNIT ( $, .RADIAN. ) );
#7463 = ORIENTED_EDGE ( 'NONE', *, *, #7867, .F. ) ;
#7464 = EDGE_CURVE ( 'NONE', #4592, #2204, #3100, .T. ) ;
#7465 = DIRECTION ( 'NONE',  ( -1.000000000000000000, 0.0000000000000000000, -0.0000000000000000000 ) ) ;
#7466 = DIRECTION ( 'NONE',  ( 1.000000000000000000, 0.0000000000000000000, 0.0000000000000000000 ) ) ;
#7467 = VECTOR ( 'NONE', #2432, 1000.000000000000000 ) ;
#7468 = DIRECTION ( 'NONE',  ( -0.0000000000000000000, -0.0000000000000000000, -1.000000000000000000 ) ) ;
#7469 = PRESENTATION_STYLE_ASSIGNMENT (( #2338 ) ) ;
#7470 = ORIENTED_EDGE ( 'NONE', *, *, #1435, .T. ) ;
#7471 = ADVANCED_FACE ( 'NONE', ( #5101 ), #330, .T. ) ;
#7472 =( LENGTH_UNIT ( ) NAMED_UNIT ( * ) SI_UNIT ( .MILLI., .METRE. ) );
#7473 =( GEOMETRIC_REPRESENTATION_CONTEXT ( 3 ) GLOBAL_UNCERTAINTY_ASSIGNED_CONTEXT ( ( #1729 ) ) GLOBAL_UNIT_ASSIGNED_CONTEXT ( ( #3136, #5735, #3765 ) ) REPRESENTATION_CONTEXT ( 'NONE', 'WORKASPACE' ) );
#7474 =( NAMED_UNIT ( * ) SI_UNIT ( $, .STERADIAN. ) SOLID_ANGLE_UNIT ( ) );
#7475 = CARTESIAN_POINT ( 'NONE',  ( -0.5400000000000000355, -0.6200000000000012168, -0.04000000000000002859 ) ) ;
#7476 = COLOUR_RGB ( '',1.000000000000000000, 1.000000000000000000, 1.000000000000000000 ) ;
#7477 = CARTESIAN_POINT ( 'NONE',  ( -0.08579340777009993035, 0.04154485309339672749, -0.5000000000000000000 ) ) ;
#7478 = DIRECTION ( 'NONE',  ( 0.0000000000000000000, -1.000000000000000000, 0.0000000000000000000 ) ) ;
#7479 = EDGE_LOOP ( 'NONE', ( #4410, #4645, #2058, #1048 ) ) ;
#7480 = UNCERTAINTY_MEASURE_WITH_UNIT (LENGTH_MEASURE( 1.000000000000000082E-05 ), #6931, 'distance_accuracy_value', 'NONE');
#7481 =( GEOMETRIC_REPRESENTATION_CONTEXT ( 3 ) GLOBAL_UNCERTAINTY_ASSIGNED_CONTEXT ( ( #4810 ) ) GLOBAL_UNIT_ASSIGNED_CONTEXT ( ( #3448, #4742, #987 ) ) REPRESENTATION_CONTEXT ( 'NONE', 'WORKASPACE' ) );
#7482 = CARTESIAN_POINT ( 'NONE',  ( 0.9434108397213609720, 0.5434108397213615049, -0.4500000000000000111 ) ) ;
#7483 = CARTESIAN_POINT ( 'NONE',  ( 0.5400000000000000355, 0.8700000000000002176, -0.3899999999999999578 ) ) ;
#7484 = CARTESIAN_POINT ( 'NONE',  ( 0.06248333419868624256, 0.04267809434733423057, -0.5000000000000001110 ) ) ;
#7485 = CARTESIAN_POINT ( 'NONE',  ( -0.1100000000000000006, 1.050000000000000044, -0.5500000000000000444 ) ) ;
#7486 = AXIS2_PLACEMENT_3D ( 'NONE', #760, #6651, #1563 ) ;
#7487 = FILL_AREA_STYLE ('',( #2391 ) ) ;
#7488 = AXIS2_PLACEMENT_3D ( 'NONE', #6946, #3050, #7569 ) ;
#7489 = STYLED_ITEM ( 'NONE', ( #4615 ), #2993 ) ;
#7490 = DIRECTION ( 'NONE',  ( -0.0000000000000000000, -0.06975647374412545509, 0.9975640502598241977 ) ) ;
#7491 = CARTESIAN_POINT ( 'NONE',  ( -0.1879084992335145754, 0.03331314577632354251, -0.4989999999999999991 ) ) ;
#7492 = EDGE_CURVE ( 'NONE', #8226, #8069, #1649, .T. ) ;
#7493 = SPHERICAL_SURFACE ( 'NONE', #7812, 0.05000000000000000278 ) ;
#7494 = CARTESIAN_POINT ( 'NONE',  ( -0.7599999999999998979, 0.8700000000000002176, -0.3899999999999999578 ) ) ;
#7495 = CARTESIAN_POINT ( 'NONE',  ( -0.1049968549009148849, 0.03787584447887150374, -0.5000000000000002220 ) ) ;
#7496 = CARTESIAN_POINT ( 'NONE',  ( -0.9434108397213618602, 0.5434108397213615049, -0.4500000000000000111 ) ) ;
#7497 = ORIENTED_EDGE ( 'NONE', *, *, #5929, .F. ) ;
#7498 = DIRECTION ( 'NONE',  ( 0.0000000000000000000, -1.000000000000000000, 6.023345402697245979E-16 ) ) ;
#7499 = EDGE_LOOP ( 'NONE', ( #2056, #6311, #7948, #1492, #446, #2168 ) ) ;
#7500 = FILL_AREA_STYLE ('',( #2377 ) ) ;
#7501 = FILL_AREA_STYLE ('',( #2984 ) ) ;
#7502 =( GEOMETRIC_REPRESENTATION_CONTEXT ( 3 ) GLOBAL_UNCERTAINTY_ASSIGNED_CONTEXT ( ( #6262 ) ) GLOBAL_UNIT_ASSIGNED_CONTEXT ( ( #2451, #3780, #7599 ) ) REPRESENTATION_CONTEXT ( 'NONE', 'WORKASPACE' ) );
#7503 = CYLINDRICAL_SURFACE ( 'NONE', #1141, 0.2100000000000000200 ) ;
#7504 = B_SPLINE_CURVE_WITH_KNOTS ( 'NONE', 3,
 ( #1620, #3555, #6018, #3469, #8028, #5411, #2953, #3580, #8065, #4210, #2226, #454, #4886, #2840, #1646, #1595, #1088, #2201, #7299 ),
 .UNSPECIFIED., .F., .F.,
 ( 4, 1, 1, 1, 1, 1, 1, 1, 1, 1, 1, 1, 1, 1, 1, 1, 4 ),
 ( 0.0000000000000000000, 0.07377411937406359865, 0.1440791147260413463, 0.2113485183089115205, 0.2760768857398838150, 0.3385209158196766377, 0.3998851166931335910, 0.4602540674652130792, 0.5205889643912479103, 0.5802076845630441682, 0.6386329085525457305, 0.6963645494905238431, 0.7540017746600127246, 0.8128056813744979348, 0.8727544255255603733, 0.9351819969782670938, 1.000000000000000000 ),
 .UNSPECIFIED. ) ;
#7505 = ORIENTED_EDGE ( 'NONE', *, *, #13, .T. ) ;
#7506 = LINE ( 'NONE', #2298, #7186 ) ;
#7507 = ORIENTED_EDGE ( 'NONE', *, *, #6674, .F. ) ;
#7508 = SURFACE_STYLE_USAGE ( .BOTH. , #555 ) ;
#7509 = CARTESIAN_POINT ( 'NONE',  ( 0.0000000000000000000, 0.0000000000000000000, -0.4989999999999999991 ) ) ;
#7510 = CARTESIAN_POINT ( 'NONE',  ( 0.7599999999999998979, -0.6200000000000012168, -0.04000000000000002859 ) ) ;
#7511 = CARTESIAN_POINT ( 'NONE',  ( 0.08292319597213373972, 0.03424607672448810175, -0.4989999999999997771 ) ) ;
#7512 = DIRECTION ( 'NONE',  ( 0.0000000000000000000, 0.0000000000000000000, 1.000000000000000000 ) ) ;
#7513 = VECTOR ( 'NONE', #5691, 1000.000000000000000 ) ;
#7514 = PLANE ( 'NONE',  #7239 ) ;
#7515 = VECTOR ( 'NONE', #7091, 1000.000000000000000 ) ;
#7516 = ORIENTED_EDGE ( 'NONE', *, *, #2197, .T. ) ;
#7517 = CARTESIAN_POINT ( 'NONE',  ( -0.1895091089896121239, 0.04032534089827476825, -0.5000000000000000000 ) ) ;
#7518 = CARTESIAN_POINT ( 'NONE',  ( 0.5400000000000000355, 0.8300000000000011813, -0.04000000000000077105 ) ) ;
#7519 = FILL_AREA_STYLE ('',( #3051 ) ) ;
#7520 = SURFACE_STYLE_FILL_AREA ( #4560 ) ;
#7521 = LINE ( 'NONE', #2443, #5588 ) ;
#7522 = VECTOR ( 'NONE', #5995, 1000.000000000000000 ) ;
#7523 = EDGE_CURVE ( 'NONE', #698, #6837, #4181, .T. ) ;
#7524 = DIRECTION ( 'NONE',  ( 0.0000000000000000000, 0.0000000000000000000, 1.000000000000000000 ) ) ;
#7525 = CARTESIAN_POINT ( 'NONE',  ( -0.1344932587429732429, 0.02380084702891684806, -0.4990000000000001101 ) ) ;
#7526 = ORIENTED_EDGE ( 'NONE', *, *, #1004, .F. ) ;
#7527 =( GEOMETRIC_REPRESENTATION_CONTEXT ( 3 ) GLOBAL_UNCERTAINTY_ASSIGNED_CONTEXT ( ( #5004 ) ) GLOBAL_UNIT_ASSIGNED_CONTEXT ( ( #2792, #7983, #4143 ) ) REPRESENTATION_CONTEXT ( 'NONE', 'WORKASPACE' ) );
#7528 = DIRECTION ( 'NONE',  ( 0.0000000000000000000, 0.0000000000000000000, -1.000000000000000000 ) ) ;
#7529 = LINE ( 'NONE', #1544, #6196 ) ;
#7530 =( NAMED_UNIT ( * ) SI_UNIT ( $, .STERADIAN. ) SOLID_ANGLE_UNIT ( ) );
#7531 = FILL_AREA_STYLE ('',( #4300 ) ) ;
#7532 = MECHANICAL_DESIGN_GEOMETRIC_PRESENTATION_REPRESENTATION (  '', ( #7691 ), #2408 ) ;
#7533 = DIRECTION ( 'NONE',  ( 1.000000000000000000, 0.0000000000000000000, 0.0000000000000000000 ) ) ;
#7534 = STYLED_ITEM ( 'NONE', ( #5911 ), #2657 ) ;
#7535 = VERTEX_POINT ( 'NONE', #4190 ) ;
#7536 = DIRECTION ( 'NONE',  ( -0.06958737431666477125, -0.06958737431666479900, -0.9951458157835084695 ) ) ;
#7537 = CARTESIAN_POINT ( 'NONE',  ( 0.03505262881526593349, -0.04229661032123743086, -0.4989999999999999991 ) ) ;
#7538 = ORIENTED_EDGE ( 'NONE', *, *, #3612, .T. ) ;
#7539 = ORIENTED_EDGE ( 'NONE', *, *, #6119, .F. ) ;
#7540 = EDGE_CURVE ( 'NONE', #616, #2758, #2212, .T. ) ;
#7541 = CARTESIAN_POINT ( 'NONE',  ( 0.7599999999999998979, -0.8700000000000001066, -0.5499999999999999334 ) ) ;
#7542 =( NAMED_UNIT ( * ) SI_UNIT ( $, .STERADIAN. ) SOLID_ANGLE_UNIT ( ) );
#7543 =( NAMED_UNIT ( * ) SI_UNIT ( $, .STERADIAN. ) SOLID_ANGLE_UNIT ( ) );
#7544 = ORIENTED_EDGE ( 'NONE', *, *, #166, .F. ) ;
#7545 = LINE ( 'NONE', #6766, #4441 ) ;
#7546 = AXIS2_PLACEMENT_3D ( 'NONE', #78, #5176, #7671 ) ;
#7547 = COLOUR_RGB ( '',0.0000000000000000000, 0.0000000000000000000, 0.0000000000000000000 ) ;
#7548 = ORIENTED_EDGE ( 'NONE', *, *, #2816, .F. ) ;
#7549 = VERTEX_POINT ( 'NONE', #350 ) ;
#7550 = AXIS2_PLACEMENT_3D ( 'NONE', #5983, #1605, #5959 ) ;
#7551 = EDGE_CURVE ( 'NONE', #6815, #2661, #7506, .T. ) ;
#7552 = ORIENTED_EDGE ( 'NONE', *, *, #7005, .F. ) ;
#7553 = FACE_OUTER_BOUND ( 'NONE', #4737, .T. ) ;
#7554 = EDGE_CURVE ( 'NONE', #2050, #4182, #7295, .T. ) ;
#7555 = ORIENTED_EDGE ( 'NONE', *, *, #4478, .F. ) ;
#7556 = ORIENTED_EDGE ( 'NONE', *, *, #7649, .T. ) ;
#7557 = CARTESIAN_POINT ( 'NONE',  ( -0.1220998925170402316, 0.02007831099566795285, -0.4999999999999997780 ) ) ;
#7558 = CARTESIAN_POINT ( 'NONE',  ( -0.9932890422343532144, -0.5900365940282447097, -0.4534878236872062485 ) ) ;
#7559 = B_SPLINE_CURVE_WITH_KNOTS ( 'NONE', 3,
 ( #706, #733, #3875, #3852, #3273, #7764, #3824, #6349, #2572, #1995, #4583, #4565, #1344, #1404, #7014, #83, #2596, #6411, #2625 ),
 .UNSPECIFIED., .F., .F.,
 ( 4, 1, 1, 1, 1, 1, 1, 1, 1, 1, 1, 1, 1, 1, 1, 1, 4 ),
 ( 0.0000000000000000000, 0.07430379644281594198, 0.1443936103644179736, 0.2104994961032796985, 0.2735426065034679555, 0.3338247445790732404, 0.3925296724085029498, 0.4500874545995855458, 0.5078206115557879485, 0.5654649127768468508, 0.6231487223336199532, 0.6812971927909358127, 0.7409134981565812517, 0.8018557521958583623, 0.8652412377209435235, 0.9309416570467442531, 1.000000000000000000 ),
 .UNSPECIFIED. ) ;
#7560 = LINE ( 'NONE', #5702, #487 ) ;
#7561 = EDGE_CURVE ( 'NONE', #4760, #5626, #2506, .T. ) ;
#7562 =( NAMED_UNIT ( * ) SI_UNIT ( $, .STERADIAN. ) SOLID_ANGLE_UNIT ( ) );
#7563 =( LENGTH_UNIT ( ) NAMED_UNIT ( * ) SI_UNIT ( .MILLI., .METRE. ) );
#7564 = CARTESIAN_POINT ( 'NONE',  ( -0.1600693224042462892, -0.04747953715050572815, -0.4989999999999999991 ) ) ;
#7565 = CARTESIAN_POINT ( 'NONE',  ( -0.1913764870383926342, 0.03331314577632354251, -0.4989999999999999991 ) ) ;
#7566 = LINE ( 'NONE', #5454, #2286 ) ;
#7567 = VERTEX_POINT ( 'NONE', #6740 ) ;
#7568 = CARTESIAN_POINT ( 'NONE',  ( 0.04275070656651607653, 0.05223802068341153876, -0.5000000000000000000 ) ) ;
#7569 = DIRECTION ( 'NONE',  ( -1.000000000000000000, 0.0000000000000000000, 0.0000000000000000000 ) ) ;
#7570 = PRESENTATION_STYLE_ASSIGNMENT (( #4 ) ) ;
#7571 = EDGE_CURVE ( 'NONE', #1485, #5528, #137, .T. ) ;
#7572 = LINE ( 'NONE', #773, #3468 ) ;
#7573 = UNCERTAINTY_MEASURE_WITH_UNIT (LENGTH_MEASURE( 1.000000000000000082E-05 ), #3956, 'distance_accuracy_value', 'NONE');
#7574 =( GEOMETRIC_REPRESENTATION_CONTEXT ( 3 ) GLOBAL_UNCERTAINTY_ASSIGNED_CONTEXT ( ( #6994 ) ) GLOBAL_UNIT_ASSIGNED_CONTEXT ( ( #5447, #405, #4106 ) ) REPRESENTATION_CONTEXT ( 'NONE', 'WORKASPACE' ) );
#7575 = DIRECTION ( 'NONE',  ( 1.000000000000000000, 0.0000000000000000000, 0.0000000000000000000 ) ) ;
#7576 = FILL_AREA_STYLE ('',( #8170 ) ) ;
#7577 = FACE_OUTER_BOUND ( 'NONE', #4331, .T. ) ;
#7578 = CARTESIAN_POINT ( 'NONE',  ( 0.1179794580835586415, -0.04747953715050572815, -0.4989999999999999991 ) ) ;
#7579 = VECTOR ( 'NONE', #5397, 1000.000000000000114 ) ;
#7580 = STYLED_ITEM ( 'NONE', ( #4402 ), #1814 ) ;
#7581 =( NAMED_UNIT ( * ) SI_UNIT ( $, .STERADIAN. ) SOLID_ANGLE_UNIT ( ) );
#7582 = CARTESIAN_POINT ( 'NONE',  ( 0.9434108397213610830, 0.5434108397213615049, -0.4500000000000000111 ) ) ;
#7583 = CARTESIAN_POINT ( 'NONE',  ( 0.1691989702786806105, 0.05252046284949429128, -0.4989999999999999991 ) ) ;
#7584 = CARTESIAN_POINT ( 'NONE',  ( 0.04408511499076019080, -0.04625575682000489242, -0.4989999999999999991 ) ) ;
#7585 = CARTESIAN_POINT ( 'NONE',  ( -0.03324005411156334688, -0.002357585930993527645, -0.5000000000000000000 ) ) ;
#7586 = STYLED_ITEM ( 'NONE', ( #7632 ), #6508 ) ;
#7587 = CARTESIAN_POINT ( 'NONE',  ( 0.03505262881526593349, -0.03132100056513987402, -0.5000000000000001110 ) ) ;
#7588 = CIRCLE ( 'NONE', #2331, 0.03999999999999988981 ) ;
#7589 = ORIENTED_EDGE ( 'NONE', *, *, #5107, .T. ) ;
#7590 = FILL_AREA_STYLE_COLOUR ( '', #953 ) ;
#7591 = AXIS2_PLACEMENT_3D ( 'NONE', #4521, #7086, #811 ) ;
#7592 = LINE ( 'NONE', #999, #4381 ) ;
#7593 = FILL_AREA_STYLE_COLOUR ( '', #1006 ) ;
#7594 = EDGE_CURVE ( 'NONE', #2848, #777, #4996, .T. ) ;
#7595 = CARTESIAN_POINT ( 'NONE',  ( -0.5400000000000000355, -0.6700000000000002620, -0.3499999999999993672 ) ) ;
#7596 = CARTESIAN_POINT ( 'NONE',  ( -0.1232807735844212438, 0.01634843631477013101, -0.5000000000000001110 ) ) ;
#7597 = ORIENTED_EDGE ( 'NONE', *, *, #852, .T. ) ;
#7598 = VECTOR ( 'NONE', #4380, 1000.000000000000000 ) ;
#7599 =( NAMED_UNIT ( * ) SI_UNIT ( $, .STERADIAN. ) SOLID_ANGLE_UNIT ( ) );
#7600 = CARTESIAN_POINT ( 'NONE',  ( -0.7599999999999998979, -0.8300000000000001821, -0.3499999999999998668 ) ) ;
#7601 = CARTESIAN_POINT ( 'NONE',  ( -0.2064298406969292121, -0.008455146906603282220, -0.5000000000000000000 ) ) ;
#7602 = CARTESIAN_POINT ( 'NONE',  ( -0.1153303889809982608, 0.04513193977790567329, -0.4989999999999998881 ) ) ;
#7603 =( LENGTH_UNIT ( ) NAMED_UNIT ( * ) SI_UNIT ( .MILLI., .METRE. ) );
#7604 = PRESENTATION_LAYER_ASSIGNMENT (  '', '', ( #5033 ) ) ;
#7605 = PLANE ( 'NONE',  #5281 ) ;
#7606 = B_SPLINE_CURVE_WITH_KNOTS ( 'NONE', 3,
 ( #3217, #1253, #4480, #2575, #7654, #4458, #5744, #3196, #1347, #3772, #675, #1946, #3830, #7052, #5132, #2597, #7704, #3854, #89 ),
 .UNSPECIFIED., .F., .F.,
 ( 4, 1, 1, 1, 1, 1, 1, 1, 1, 1, 1, 1, 1, 1, 1, 1, 4 ),
 ( 0.0000000000000000000, 0.06783324845577361206, 0.1326555365079041815, 0.1950508840508279329, 0.2555829330687772738, 0.3147998341472899586, 0.3736004728263744856, 0.4325455953267435261, 0.4924306292835654575, 0.5526712559629696209, 0.6125130441881164733, 0.6726102503570065005, 0.7338383693139460817, 0.7965942385677740045, 0.8614497992905733037, 0.9291989423509054991, 1.000000000000000000 ),
 .UNSPECIFIED. ) ;
#7607 = PRESENTATION_STYLE_ASSIGNMENT (( #481 ) ) ;
#7608 =( GEOMETRIC_REPRESENTATION_CONTEXT ( 3 ) GLOBAL_UNCERTAINTY_ASSIGNED_CONTEXT ( ( #4487 ) ) GLOBAL_UNIT_ASSIGNED_CONTEXT ( ( #2414, #7462, #6827 ) ) REPRESENTATION_CONTEXT ( 'NONE', 'WORKASPACE' ) );
#7609 = EDGE_CURVE ( 'NONE', #6102, #5910, #3877, .T. ) ;
#7610 =( LENGTH_UNIT ( ) NAMED_UNIT ( * ) SI_UNIT ( .MILLI., .METRE. ) );
#7611 = FILL_AREA_STYLE ('',( #3743 ) ) ;
#7612 = CARTESIAN_POINT ( 'NONE',  ( 0.09463120337214282751, 0.01454937813538304675, -0.5000000000000001110 ) ) ;
#7613 = ORIENTED_EDGE ( 'NONE', *, *, #202, .F. ) ;
#7614 = EDGE_CURVE ( 'NONE', #1122, #4760, #7082, .T. ) ;
#7615 = CARTESIAN_POINT ( 'NONE',  ( -0.1905935590388523060, 0.03619478633771034543, -0.4989999999999998881 ) ) ;
#7616 = CARTESIAN_POINT ( 'NONE',  ( -0.03324005411156334688, -0.002357585930993527645, -0.4989999999999999991 ) ) ;
#7617 = LINE ( 'NONE', #6711, #2527 ) ;
#7618 = VECTOR ( 'NONE', #7456, 1000.000000000000000 ) ;
#7619 = UNCERTAINTY_MEASURE_WITH_UNIT (LENGTH_MEASURE( 1.000000000000000082E-05 ), #5028, 'distance_accuracy_value', 'NONE');
#7620 =( LENGTH_UNIT ( ) NAMED_UNIT ( * ) SI_UNIT ( .MILLI., .METRE. ) );
#7621 = STYLED_ITEM ( 'NONE', ( #4301 ), #7194 ) ;
#7622 = LINE ( 'NONE', #310, #3517 ) ;
#7623 = VERTEX_POINT ( 'NONE', #4892 ) ;
#7624 = CARTESIAN_POINT ( 'NONE',  ( -0.07104493216034385439, -0.03650392739440816436, -0.4989999999999999991 ) ) ;
#7625 = UNCERTAINTY_MEASURE_WITH_UNIT (LENGTH_MEASURE( 1.000000000000000082E-05 ), #7982, 'distance_accuracy_value', 'NONE');
#7626 = ORIENTED_EDGE ( 'NONE', *, *, #3462, .T. ) ;
#7627 =( LENGTH_UNIT ( ) NAMED_UNIT ( * ) SI_UNIT ( .MILLI., .METRE. ) );
#7628 = DIRECTION ( 'NONE',  ( -0.9353882635801357148, -0.3536223923290756632, 0.0000000000000000000 ) ) ;
#7629 = PLANE ( 'NONE',  #6879 ) ;
#7630 = SURFACE_STYLE_FILL_AREA ( #6479 ) ;
#7631 = FILL_AREA_STYLE ('',( #5650 ) ) ;
#7632 = PRESENTATION_STYLE_ASSIGNMENT (( #5120 ) ) ;
#7633 = STYLED_ITEM ( 'NONE', ( #5248 ), #5920 ) ;
#7634 = VERTEX_POINT ( 'NONE', #4222 ) ;
#7635 = ORIENTED_EDGE ( 'NONE', *, *, #1616, .T. ) ;
#7636 = COLOUR_RGB ( '',0.5019607843137254832, 0.2509803921568627416, 0.0000000000000000000 ) ;
#7637 = FILL_AREA_STYLE_COLOUR ( '', #1964 ) ;
#7638 = EDGE_LOOP ( 'NONE', ( #8058, #551, #7785, #7863 ) ) ;
#7639 = DIRECTION ( 'NONE',  ( 0.0000000000000000000, 0.0000000000000000000, 1.000000000000000000 ) ) ;
#7640 = CARTESIAN_POINT ( 'NONE',  ( -0.6680540323600325792, -0.3440386105051373988, 0.4000000000000000222 ) ) ;
#7641 = AXIS2_PLACEMENT_3D ( 'NONE', #36, #2655, #7103 ) ;
#7642 = CARTESIAN_POINT ( 'NONE',  ( 0.04408511499076019080, -0.04625575682000489242, -0.5000000000000000000 ) ) ;
#7643 = LINE ( 'NONE', #3592, #7437 ) ;
#7644 = VERTEX_POINT ( 'NONE', #5467 ) ;
#7645 = SURFACE_STYLE_FILL_AREA ( #7735 ) ;
#7646 = DIRECTION ( 'NONE',  ( -1.000000000000000000, 0.0000000000000000000, 0.0000000000000000000 ) ) ;
#7647 = VECTOR ( 'NONE', #3422, 1000.000000000000114 ) ;
#7648 = CARTESIAN_POINT ( 'NONE',  ( -0.7599999999999998979, -0.8700000000000001066, -0.3500000000000000333 ) ) ;
#7649 = EDGE_CURVE ( 'NONE', #5613, #3230, #1746, .T. ) ;
#7650 = DIRECTION ( 'NONE',  ( 0.06958737431666479900, 0.06958737431666479900, -0.9951458157835084695 ) ) ;
#7651 = ORIENTED_EDGE ( 'NONE', *, *, #5039, .T. ) ;
#7652 = CIRCLE ( 'NONE', #7261, 0.03999999999999988981 ) ;
#7653 = ORIENTED_EDGE ( 'NONE', *, *, #6289, .T. ) ;
#7654 = CARTESIAN_POINT ( 'NONE',  ( 0.07734941220391190753, -0.04688451400501312399, -0.5000000000000000000 ) ) ;
#7655 = CIRCLE ( 'NONE', #2089, 0.2100000000000000477 ) ;
#7656 =( NAMED_UNIT ( * ) PLANE_ANGLE_UNIT ( ) SI_UNIT ( $, .RADIAN. ) );
#7657 = MECHANICAL_DESIGN_GEOMETRIC_PRESENTATION_REPRESENTATION (  '', ( #6333 ), #1587 ) ;
#7658 = PRESENTATION_STYLE_ASSIGNMENT (( #3645 ) ) ;
#7659 = ORIENTED_EDGE ( 'NONE', *, *, #6353, .F. ) ;
#7660 = MECHANICAL_DESIGN_GEOMETRIC_PRESENTATION_REPRESENTATION (  '', ( #6560 ), #5900 ) ;
#7661 = MECHANICAL_DESIGN_GEOMETRIC_PRESENTATION_REPRESENTATION (  '', ( #846 ), #532 ) ;
#7662 = COLOUR_RGB ( '',0.0000000000000000000, 0.0000000000000000000, 0.0000000000000000000 ) ;
#7663 = DIRECTION ( 'NONE',  ( 0.06958737431666485451, -0.06958737431666482676, -0.9951458157835086915 ) ) ;
#7664 = CARTESIAN_POINT ( 'NONE',  ( -0.08768775881088124169, 0.05247951365423604575, -0.5000000000000000000 ) ) ;
#7665 = ORIENTED_EDGE ( 'NONE', *, *, #5654, .F. ) ;
#7666 = CARTESIAN_POINT ( 'NONE',  ( 0.04003886187039865097, 0.05154026283087177751, -0.5000000000000000000 ) ) ;
#7667 = DIRECTION ( 'NONE',  ( 0.0000000000000000000, -0.0000000000000000000, -1.000000000000000000 ) ) ;
#7668 = CARTESIAN_POINT ( 'NONE',  ( 0.1093140841421993970, 0.006387216190503474354, -0.4999999999999998890 ) ) ;
#7669 = SURFACE_STYLE_USAGE ( .BOTH. , #1337 ) ;
#7670 =( NAMED_UNIT ( * ) SI_UNIT ( $, .STERADIAN. ) SOLID_ANGLE_UNIT ( ) );
#7671 = DIRECTION ( 'NONE',  ( 1.000000000000000000, 0.0000000000000000000, 0.0000000000000000000 ) ) ;
#7672 = VECTOR ( 'NONE', #5560, 1000.000000000000000 ) ;
#7673 = ORIENTED_EDGE ( 'NONE', *, *, #4281, .T. ) ;
#7674 = CARTESIAN_POINT ( 'NONE',  ( 0.1100000000000000006, 0.8700000000000001066, -0.3500000000000000333 ) ) ;
#7675 = FILL_AREA_STYLE_COLOUR ( '', #4174 ) ;
#7676 = PRESENTATION_STYLE_ASSIGNMENT (( #4667 ) ) ;
#7677 = STYLED_ITEM ( 'NONE', ( #67 ), #1348 ) ;
#7678 = CARTESIAN_POINT ( 'NONE',  ( 0.0000000000000000000, 0.0000000000000000000, -0.5000000000000000000 ) ) ;
#7679 = PLANE ( 'NONE',  #4310 ) ;
#7680 = UNCERTAINTY_MEASURE_WITH_UNIT (LENGTH_MEASURE( 1.000000000000000082E-05 ), #7406, 'distance_accuracy_value', 'NONE');
#7681 = FILL_AREA_STYLE_COLOUR ( '', #891 ) ;
#7682 = EDGE_CURVE ( 'NONE', #2378, #7827, #5762, .T. ) ;
#7683 = COLOUR_RGB ( '',0.0000000000000000000, 0.0000000000000000000, 0.0000000000000000000 ) ;
#7684 = ORIENTED_EDGE ( 'NONE', *, *, #6449, .F. ) ;
#7685 = AXIS2_PLACEMENT_3D ( 'NONE', #5849, #240, #4689 ) ;
#7686 =( NAMED_UNIT ( * ) SI_UNIT ( $, .STERADIAN. ) SOLID_ANGLE_UNIT ( ) );
#7687 = CARTESIAN_POINT ( 'NONE',  ( -0.5400000000000000355, 0.8300000000000011813, -0.04000000000000077105 ) ) ;
#7688 = SURFACE_STYLE_USAGE ( .BOTH. , #6084 ) ;
#7689 = CARTESIAN_POINT ( 'NONE',  ( -1.025000000000000355, -0.6250000000000001110, 0.0000000000000000000 ) ) ;
#7690 = FILL_AREA_STYLE_COLOUR ( '', #4778 ) ;
#7691 = STYLED_ITEM ( 'NONE', ( #3725 ), #5238 ) ;
#7692 = STYLED_ITEM ( 'NONE', ( #1789 ), #2810 ) ;
#7693 = ORIENTED_EDGE ( 'NONE', *, *, #7816, .F. ) ;
#7694 = DIRECTION ( 'NONE',  ( 0.06958737431666479900, -0.06958737431666479900, 0.9951458157835084695 ) ) ;
#7695 = CARTESIAN_POINT ( 'NONE',  ( -0.1099999999999999589, -0.6250000000000001110, 0.0000000000000000000 ) ) ;
#7696 = SURFACE_STYLE_USAGE ( .BOTH. , #3209 ) ;
#7697 = DIRECTION ( 'NONE',  ( 1.000000000000000000, 0.0000000000000000000, -0.0000000000000000000 ) ) ;
#7698 = CARTESIAN_POINT ( 'NONE',  ( 0.7599999999999998979, -0.6200000000000012168, -0.04000000000000002859 ) ) ;
#7699 = EDGE_CURVE ( 'NONE', #6614, #1170, #8197, .T. ) ;
#7700 = DIRECTION ( 'NONE',  ( -1.000000000000000000, 0.0000000000000000000, -0.0000000000000000000 ) ) ;
#7701 = CARTESIAN_POINT ( 'NONE',  ( -0.9434108397213618602, -0.5434108397213617270, -0.4500000000000000111 ) ) ;
#7702 =( GEOMETRIC_REPRESENTATION_CONTEXT ( 3 ) GLOBAL_UNCERTAINTY_ASSIGNED_CONTEXT ( ( #2875 ) ) GLOBAL_UNIT_ASSIGNED_CONTEXT ( ( #3669, #4319, #4952 ) ) REPRESENTATION_CONTEXT ( 'NONE', 'WORKASPACE' ) );
#7703 = ORIENTED_EDGE ( 'NONE', *, *, #3874, .T. ) ;
#7704 = CARTESIAN_POINT ( 'NONE',  ( 0.1093504554258878519, -0.004724296312714318206, -0.5000000000000000000 ) ) ;
#7705 =( GEOMETRIC_REPRESENTATION_CONTEXT ( 3 ) GLOBAL_UNCERTAINTY_ASSIGNED_CONTEXT ( ( #1925 ) ) GLOBAL_UNIT_ASSIGNED_CONTEXT ( ( #26, #727, #3745 ) ) REPRESENTATION_CONTEXT ( 'NONE', 'WORKASPACE' ) );
#7706 =( GEOMETRIC_REPRESENTATION_CONTEXT ( 3 ) GLOBAL_UNCERTAINTY_ASSIGNED_CONTEXT ( ( #5165 ) ) GLOBAL_UNIT_ASSIGNED_CONTEXT ( ( #7830, #6515, #2723 ) ) REPRESENTATION_CONTEXT ( 'NONE', 'WORKASPACE' ) );
#7707 = FACE_OUTER_BOUND ( 'NONE', #5195, .T. ) ;
#7708 =( NAMED_UNIT ( * ) PLANE_ANGLE_UNIT ( ) SI_UNIT ( $, .RADIAN. ) );
#7709 = LINE ( 'NONE', #817, #1552 ) ;
#7710 = EDGE_CURVE ( 'NONE', #7004, #3000, #1439, .T. ) ;
#7711 = VERTEX_POINT ( 'NONE', #7339 ) ;
#7712 = VECTOR ( 'NONE', #1423, 1000.000000000000114 ) ;
#7713 = SURFACE_STYLE_USAGE ( .BOTH. , #7079 ) ;
#7714 = CARTESIAN_POINT ( 'NONE',  ( -0.1229082567742772053, 0.03955053289242969200, -0.4989999999999999991 ) ) ;
#7715 = CARTESIAN_POINT ( 'NONE',  ( -0.1297966123771313596, -0.02594942160235376091, -0.4999999999999997780 ) ) ;
#7716 = SURFACE_SIDE_STYLE ('',( #8033 ) ) ;
#7717 = PRESENTATION_LAYER_ASSIGNMENT (  '', '', ( #5964 ) ) ;
#7718 = ORIENTED_EDGE ( 'NONE', *, *, #3295, .F. ) ;
#7719 = ADVANCED_FACE ( 'NONE', ( #6462 ), #1683, .T. ) ;
#7720 = LINE ( 'NONE', #4392, #3696 ) ;
#7721 = DIRECTION ( 'NONE',  ( -1.000000000000000000, -0.0000000000000000000, -0.0000000000000000000 ) ) ;
#7722 = VECTOR ( 'NONE', #8017, 1000.000000000000000 ) ;
#7723 = DIRECTION ( 'NONE',  ( -1.000000000000000000, -0.0000000000000000000, -0.0000000000000000000 ) ) ;
#7724 =( NAMED_UNIT ( * ) PLANE_ANGLE_UNIT ( ) SI_UNIT ( $, .RADIAN. ) );
#7725 = DIRECTION ( 'NONE',  ( 0.0000000000000000000, -1.000000000000000000, -6.023345402697245979E-16 ) ) ;
#7726 = EDGE_CURVE ( 'NONE', #3617, #110, #3681, .T. ) ;
#7727 = CARTESIAN_POINT ( 'NONE',  ( 1.024999999999999467, 0.5751217974870086458, 0.0000000000000000000 ) ) ;
#7728 = SURFACE_STYLE_FILL_AREA ( #3657 ) ;
#7729 = UNCERTAINTY_MEASURE_WITH_UNIT (LENGTH_MEASURE( 1.000000000000000082E-05 ), #2159, 'distance_accuracy_value', 'NONE');
#7730 = ORIENTED_EDGE ( 'NONE', *, *, #3747, .T. ) ;
#7731 = DIRECTION ( 'NONE',  ( -1.000000000000000000, -0.0000000000000000000, -0.0000000000000000000 ) ) ;
#7732 = LINE ( 'NONE', #3264, #5991 ) ;
#7733 =( NAMED_UNIT ( * ) SI_UNIT ( $, .STERADIAN. ) SOLID_ANGLE_UNIT ( ) );
#7734 = ORIENTED_EDGE ( 'NONE', *, *, #453, .T. ) ;
#7735 = FILL_AREA_STYLE ('',( #3257 ) ) ;
#7736 = STYLED_ITEM ( 'NONE', ( #6908 ), #7115 ) ;
#7737 = COLOUR_RGB ( '',0.0000000000000000000, 0.0000000000000000000, 0.0000000000000000000 ) ;
#7738 = VERTEX_POINT ( 'NONE', #7537 ) ;
#7739 = ORIENTED_EDGE ( 'NONE', *, *, #5453, .T. ) ;
#7740 = VECTOR ( 'NONE', #7255, 1000.000000000000000 ) ;
#7741 = VECTOR ( 'NONE', #4221, 1000.000000000000000 ) ;
#7742 =( GEOMETRIC_REPRESENTATION_CONTEXT ( 3 ) GLOBAL_UNCERTAINTY_ASSIGNED_CONTEXT ( ( #7271 ) ) GLOBAL_UNIT_ASSIGNED_CONTEXT ( ( #1536, #7163, #6520 ) ) REPRESENTATION_CONTEXT ( 'NONE', 'WORKASPACE' ) );
#7743 = SURFACE_SIDE_STYLE ('',( #7107 ) ) ;
#7744 =( NAMED_UNIT ( * ) PLANE_ANGLE_UNIT ( ) SI_UNIT ( $, .RADIAN. ) );
#7745 = EDGE_LOOP ( 'NONE', ( #3932, #72, #2072, #3393 ) ) ;
#7746 = FACE_OUTER_BOUND ( 'NONE', #1128, .T. ) ;
#7747 =( NAMED_UNIT ( * ) SI_UNIT ( $, .STERADIAN. ) SOLID_ANGLE_UNIT ( ) );
#7748 = ORIENTED_EDGE ( 'NONE', *, *, #7268, .T. ) ;
#7749 = LINE ( 'NONE', #6697, #693 ) ;
#7750 = EDGE_LOOP ( 'NONE', ( #4142, #1970, #4289, #747, #7132, #7792, #5, #7314, #1776, #2133, #5977, #8078 ) ) ;
#7751 = VECTOR ( 'NONE', #7769, 1000.000000000000000 ) ;
#7752 = AXIS2_PLACEMENT_3D ( 'NONE', #6291, #6985, #3683 ) ;
#7753 = VECTOR ( 'NONE', #8178, 1000.000000000000000 ) ;
#7754 = EDGE_LOOP ( 'NONE', ( #1659, #6158, #4259, #1287 ) ) ;
#7755 = DIRECTION ( 'NONE',  ( -1.000000000000000000, -0.0000000000000000000, -0.0000000000000000000 ) ) ;
#7756 = MECHANICAL_DESIGN_GEOMETRIC_PRESENTATION_REPRESENTATION (  '', ( #3827 ), #1477 ) ;
#7757 = SURFACE_STYLE_USAGE ( .BOTH. , #5736 ) ;
#7758 = ORIENTED_EDGE ( 'NONE', *, *, #2178, .T. ) ;
#7759 = FILL_AREA_STYLE ('',( #5680 ) ) ;
#7760 = STYLED_ITEM ( 'NONE', ( #4509 ), #3220 ) ;
#7761 = ORIENTED_EDGE ( 'NONE', *, *, #2156, .T. ) ;
#7762 = FILL_AREA_STYLE_COLOUR ( '', #1457 ) ;
#7763 = EDGE_CURVE ( 'NONE', #7046, #1909, #2421, .T. ) ;
#7764 = CARTESIAN_POINT ( 'NONE',  ( -0.1220998925170402316, 0.02007831099566795285, -0.4989999999999997771 ) ) ;
#7765 = COLOUR_RGB ( '',1.000000000000000000, 1.000000000000000000, 1.000000000000000000 ) ;
#7766 = SURFACE_SIDE_STYLE ('',( #6020 ) ) ;
#7767 = FILL_AREA_STYLE_COLOUR ( '', #4398 ) ;
#7768 = ADVANCED_FACE ( 'NONE', ( #6067 ), #6783, .T. ) ;
#7769 = DIRECTION ( 'NONE',  ( -1.000000000000000000, -0.0000000000000000000, -0.0000000000000000000 ) ) ;
#7770 = STYLED_ITEM ( 'NONE', ( #1695 ), #1167 ) ;
#7771 = ORIENTED_EDGE ( 'NONE', *, *, #5134, .T. ) ;
#7772 = EDGE_CURVE ( 'NONE', #7099, #1962, #1270, .T. ) ;
#7773 = SURFACE_STYLE_USAGE ( .BOTH. , #6452 ) ;
#7774 =( LENGTH_UNIT ( ) NAMED_UNIT ( * ) SI_UNIT ( .MILLI., .METRE. ) );
#7775 = COLOUR_RGB ( '',1.000000000000000000, 1.000000000000000000, 1.000000000000000000 ) ;
#7776 =( NAMED_UNIT ( * ) PLANE_ANGLE_UNIT ( ) SI_UNIT ( $, .RADIAN. ) );
#7777 = DIRECTION ( 'NONE',  ( 0.0000000000000000000, 0.0000000000000000000, 1.000000000000000000 ) ) ;
#7778 = PLANE ( 'NONE',  #1574 ) ;
#7779 = DIRECTION ( 'NONE',  ( -0.0000000000000000000, -0.0000000000000000000, -1.000000000000000000 ) ) ;
#7780 = FACE_OUTER_BOUND ( 'NONE', #4537, .T. ) ;
#7781 = DIRECTION ( 'NONE',  ( 0.0000000000000000000, 8.131516293641305343E-15, -1.000000000000000000 ) ) ;
#7782 = CARTESIAN_POINT ( 'NONE',  ( 0.06071954954697326295, -0.03772343958953011667, -0.5000000000000000000 ) ) ;
#7783 = DIRECTION ( 'NONE',  ( -1.000000000000000000, 0.0000000000000000000, -0.0000000000000000000 ) ) ;
#7784 = PRESENTATION_STYLE_ASSIGNMENT (( #7836 ) ) ;
#7785 = ORIENTED_EDGE ( 'NONE', *, *, #221, .F. ) ;
#7786 = PRESENTATION_LAYER_ASSIGNMENT (  '', '', ( #1523 ) ) ;
#7787 = CARTESIAN_POINT ( 'NONE',  ( -0.1241281430496225385, -0.005391019721569164161, -0.4989999999999999991 ) ) ;
#7788 =( NAMED_UNIT ( * ) SI_UNIT ( $, .STERADIAN. ) SOLID_ANGLE_UNIT ( ) );
#7789 = CARTESIAN_POINT ( 'NONE',  ( -0.03567907850180723761, 0.04154485309339672749, -0.5000000000000000000 ) ) ;
#7790 = COLOUR_RGB ( '',1.000000000000000000, 1.000000000000000000, 1.000000000000000000 ) ;
#7791 =( NAMED_UNIT ( * ) SI_UNIT ( $, .STERADIAN. ) SOLID_ANGLE_UNIT ( ) );
#7792 = ORIENTED_EDGE ( 'NONE', *, *, #326, .T. ) ;
#7793 = ORIENTED_EDGE ( 'NONE', *, *, #7609, .F. ) ;
#7794 = DIRECTION ( 'NONE',  ( 0.0000000000000000000, 0.0000000000000000000, -1.000000000000000000 ) ) ;
#7795 = PLANE ( 'NONE',  #7591 ) ;
#7796 =( GEOMETRIC_REPRESENTATION_CONTEXT ( 3 ) GLOBAL_UNCERTAINTY_ASSIGNED_CONTEXT ( ( #37 ) ) GLOBAL_UNIT_ASSIGNED_CONTEXT ( ( #3256, #4481, #7733 ) ) REPRESENTATION_CONTEXT ( 'NONE', 'WORKASPACE' ) );
#7797 = PRESENTATION_LAYER_ASSIGNMENT (  '', '', ( #2514 ) ) ;
#7798 = ADVANCED_FACE ( 'NONE', ( #3380 ), #625, .T. ) ;
#7799 = CARTESIAN_POINT ( 'NONE',  ( 0.1059339182993407624, 0.02221740084168064358, -0.4990000000000001101 ) ) ;
#7800 = DIRECTION ( 'NONE',  ( 0.0000000000000000000, 0.0000000000000000000, 1.000000000000000000 ) ) ;
#7801 = VECTOR ( 'NONE', #3447, 1000.000000000000114 ) ;
#7802 = VERTEX_POINT ( 'NONE', #3115 ) ;
#7803 = DIRECTION ( 'NONE',  ( -1.000000000000000000, -0.0000000000000000000, -0.0000000000000000000 ) ) ;
#7804 = SURFACE_SIDE_STYLE ('',( #4039 ) ) ;
#7805 = PLANE ( 'NONE',  #619 ) ;
#7806 = PRESENTATION_STYLE_ASSIGNMENT (( #4327 ) ) ;
#7807 = FILL_AREA_STYLE ('',( #3958 ) ) ;
#7808 = CYLINDRICAL_SURFACE ( 'NONE', #2357, 0.1999999999999999278 ) ;
#7809 =( NAMED_UNIT ( * ) SI_UNIT ( $, .STERADIAN. ) SOLID_ANGLE_UNIT ( ) );
#7810 = ORIENTED_EDGE ( 'NONE', *, *, #8081, .F. ) ;
#7811 = PLANE ( 'NONE',  #3605 ) ;
#7812 = AXIS2_PLACEMENT_3D ( 'NONE', #1450, #5892, #5953 ) ;
#7813 = PRESENTATION_LAYER_ASSIGNMENT (  '', '', ( #846 ) ) ;
#7814 = CARTESIAN_POINT ( 'NONE',  ( -0.1372749727488802030, -0.007216214586975051339, -0.4999999999999996669 ) ) ;
#7815 = FACE_BOUND ( 'NONE', #983, .T. ) ;
#7816 = EDGE_CURVE ( 'NONE', #5202, #4138, #4690, .T. ) ;
#7817 = COLOUR_RGB ( '',1.000000000000000000, 1.000000000000000000, 1.000000000000000000 ) ;
#7818 = ORIENTED_EDGE ( 'NONE', *, *, #7594, .T. ) ;
#7819 = CARTESIAN_POINT ( 'NONE',  ( -0.09397062197273219064, -0.03590323679047346950, -0.5000000000000000000 ) ) ;
#7820 =( NAMED_UNIT ( * ) SI_UNIT ( $, .STERADIAN. ) SOLID_ANGLE_UNIT ( ) );
#7821 = EDGE_CURVE ( 'NONE', #5515, #2452, #3006, .T. ) ;
#7822 = DIRECTION ( 'NONE',  ( 0.0000000000000000000, -1.000000000000000000, 3.497426362856475968E-15 ) ) ;
#7823 = PRESENTATION_STYLE_ASSIGNMENT (( #4179 ) ) ;
#7824 = CARTESIAN_POINT ( 'NONE',  ( 0.9932890422343523262, 0.5434108397213615049, -0.4534878236872062485 ) ) ;
#7825 =( NAMED_UNIT ( * ) SI_UNIT ( $, .STERADIAN. ) SOLID_ANGLE_UNIT ( ) );
#7826 = UNCERTAINTY_MEASURE_WITH_UNIT (LENGTH_MEASURE( 1.000000000000000082E-05 ), #8122, 'distance_accuracy_value', 'NONE');
#7827 = VERTEX_POINT ( 'NONE', #5051 ) ;
#7828 = CARTESIAN_POINT ( 'NONE',  ( 0.09850582767866680745, 0.03542522956817657775, -0.4999999999999998890 ) ) ;
#7829 = ORIENTED_EDGE ( 'NONE', *, *, #1582, .T. ) ;
#7830 =( LENGTH_UNIT ( ) NAMED_UNIT ( * ) SI_UNIT ( .MILLI., .METRE. ) );
#7831 = ORIENTED_EDGE ( 'NONE', *, *, #3413, .F. ) ;
#7832 = FACE_OUTER_BOUND ( 'NONE', #3374, .T. ) ;
#7833 = CARTESIAN_POINT ( 'NONE',  ( 0.01554043369331471747, 0.05252046284949429128, -0.4989999999999999991 ) ) ;
#7834 = SPHERICAL_SURFACE ( 'NONE', #7860, 0.05000000000000000278 ) ;
#7835 =( GEOMETRIC_REPRESENTATION_CONTEXT ( 3 ) GLOBAL_UNCERTAINTY_ASSIGNED_CONTEXT ( ( #5844 ) ) GLOBAL_UNIT_ASSIGNED_CONTEXT ( ( #6347, #4535, #5759 ) ) REPRESENTATION_CONTEXT ( 'NONE', 'WORKASPACE' ) );
#7836 = SURFACE_STYLE_USAGE ( .BOTH. , #3358 ) ;
#7837 = ORIENTED_EDGE ( 'NONE', *, *, #7821, .T. ) ;
#7838 = ORIENTED_EDGE ( 'NONE', *, *, #4171, .T. ) ;
#7839 = EDGE_LOOP ( 'NONE', ( #4699, #4962, #7693, #2857 ) ) ;
#7840 = EDGE_CURVE ( 'NONE', #5418, #3785, #5752, .T. ) ;
#7841 = PRESENTATION_STYLE_ASSIGNMENT (( #7508 ) ) ;
#7842 = FILL_AREA_STYLE ('',( #7188 ) ) ;
#7843 = VERTEX_POINT ( 'NONE', #1907 ) ;
#7844 = PLANE ( 'NONE',  #2236 ) ;
#7845 =( LENGTH_UNIT ( ) NAMED_UNIT ( * ) SI_UNIT ( .MILLI., .METRE. ) );
#7846 = ADVANCED_FACE ( 'NONE', ( #945 ), #1127, .F. ) ;
#7847 = CARTESIAN_POINT ( 'NONE',  ( -0.1152829535915478876, -0.03969146747978020973, -0.4989999999999997771 ) ) ;
#7848 = PRESENTATION_LAYER_ASSIGNMENT (  '', '', ( #1891 ) ) ;
#7849 = ORIENTED_EDGE ( 'NONE', *, *, #8202, .F. ) ;
#7850 = VECTOR ( 'NONE', #5175, 1000.000000000000000 ) ;
#7851 = ORIENTED_EDGE ( 'NONE', *, *, #3662, .F. ) ;
#7852 = STYLED_ITEM ( 'NONE', ( #4018 ), #5269 ) ;
#7853 = AXIS2_PLACEMENT_3D ( 'NONE', #552, #8089, #4908 ) ;
#7854 = CARTESIAN_POINT ( 'NONE',  ( -0.1085679597408659991, -0.03064780593771735881, -0.4990000000000002212 ) ) ;
#7855 = SURFACE_SIDE_STYLE ('',( #7171 ) ) ;
#7856 = CARTESIAN_POINT ( 'NONE',  ( -0.1372732390031353444, 0.01430408499210268462, -0.4990000000000001101 ) ) ;
#7857 = CARTESIAN_POINT ( 'NONE',  ( -0.05763029801400236518, -0.04747953715050572815, -0.4989999999999999991 ) ) ;
#7858 = ORIENTED_EDGE ( 'NONE', *, *, #2141, .T. ) ;
#7859 = EDGE_CURVE ( 'NONE', #2378, #3299, #4374, .T. ) ;
#7860 = AXIS2_PLACEMENT_3D ( 'NONE', #7582, #3656, #1195 ) ;
#7861 = STYLED_ITEM ( 'NONE', ( #5259 ), #4178 ) ;
#7862 = DIRECTION ( 'NONE',  ( -0.0000000000000000000, 0.0000000000000000000, 1.000000000000000000 ) ) ;
#7863 = ORIENTED_EDGE ( 'NONE', *, *, #496, .T. ) ;
#7864 = DIRECTION ( 'NONE',  ( -1.000000000000000000, -0.0000000000000000000, -0.0000000000000000000 ) ) ;
#7865 = CARTESIAN_POINT ( 'NONE',  ( -0.1085679597408659991, -0.03064780593771735881, -0.4990000000000002212 ) ) ;
#7866 = STYLED_ITEM ( 'NONE', ( #6062 ), #7846 ) ;
#7867 = EDGE_CURVE ( 'NONE', #5142, #8032, #2599, .T. ) ;
#7868 =( NAMED_UNIT ( * ) SI_UNIT ( $, .STERADIAN. ) SOLID_ANGLE_UNIT ( ) );
#7869 = PRESENTATION_STYLE_ASSIGNMENT (( #2567 ) ) ;
#7870 = EDGE_CURVE ( 'NONE', #2452, #6477, #4279, .T. ) ;
#7871 =( LENGTH_UNIT ( ) NAMED_UNIT ( * ) SI_UNIT ( .MILLI., .METRE. ) );
#7872 =( LENGTH_UNIT ( ) NAMED_UNIT ( * ) SI_UNIT ( .MILLI., .METRE. ) );
#7873 = CARTESIAN_POINT ( 'NONE',  ( 0.09060827664113135782, -0.02141019565791688062, -0.5000000000000000000 ) ) ;
#7874 = ORIENTED_EDGE ( 'NONE', *, *, #2576, .T. ) ;
#7875 = CARTESIAN_POINT ( 'NONE',  ( 0.1100000000000000006, 1.050000000000000044, -0.3900000000000000688 ) ) ;
#7876 = FACE_OUTER_BOUND ( 'NONE', #6927, .T. ) ;
#7877 = AXIS2_PLACEMENT_3D ( 'NONE', #8198, #6183, #4362 ) ;
#7878 = CARTESIAN_POINT ( 'NONE',  ( -0.1246018998551949725, -0.001034875858625423136, -0.5000000000000000000 ) ) ;
#7879 = FILL_AREA_STYLE_COLOUR ( '', #1116 ) ;
#7880 = EDGE_CURVE ( 'NONE', #7448, #1793, #7559, .T. ) ;
#7881 = CARTESIAN_POINT ( 'NONE',  ( 0.1094428727177049754, 0.0006340299226650141992, -0.5000000000000000000 ) ) ;
#7882 = DIRECTION ( 'NONE',  ( 0.0000000000000000000, 1.000000000000000000, 0.0000000000000000000 ) ) ;
#7883 = EDGE_CURVE ( 'NONE', #3439, #2968, #7588, .T. ) ;
#7884 = ADVANCED_FACE ( 'NONE', ( #4074 ), #4790, .T. ) ;
#7885 = SURFACE_STYLE_FILL_AREA ( #2729 ) ;
#7886 = CARTESIAN_POINT ( 'NONE',  ( -0.05763029801400236518, 0.05252046284949429128, -0.4989999999999999991 ) ) ;
#7887 = UNCERTAINTY_MEASURE_WITH_UNIT (LENGTH_MEASURE( 1.000000000000000082E-05 ), #2501, 'distance_accuracy_value', 'NONE');
#7888 = FILL_AREA_STYLE ('',( #2672 ) ) ;
#7889 = CARTESIAN_POINT ( 'NONE',  ( -0.08524081630668527143, -0.03650392739440816436, -0.4989999999999999991 ) ) ;
#7890 = CARTESIAN_POINT ( 'NONE',  ( 0.06430377887285511351, -0.04866033363714254711, -0.4989999999999999991 ) ) ;
#7891 = ORIENTED_EDGE ( 'NONE', *, *, #380, .T. ) ;
#7892 = CARTESIAN_POINT ( 'NONE',  ( 0.05021883857870547418, -0.03687270604927537360, -0.5000000000000000000 ) ) ;
#7893 = CARTESIAN_POINT ( 'NONE',  ( -0.1912516965260535884, 0.03371212922163458608, -0.5000000000000000000 ) ) ;
#7894 = CARTESIAN_POINT ( 'NONE',  ( 0.09472491593837077672, -0.01097265784693760710, -0.4990000000000001101 ) ) ;
#7895 = COLOUR_RGB ( '',1.000000000000000000, 1.000000000000000000, 1.000000000000000000 ) ;
#7896 = SURFACE_SIDE_STYLE ('',( #1681 ) ) ;
#7897 = SURFACE_STYLE_USAGE ( .BOTH. , #6585 ) ;
#7898 = MECHANICAL_DESIGN_GEOMETRIC_PRESENTATION_REPRESENTATION (  '', ( #2398 ), #3378 ) ;
#7899 = PRESENTATION_STYLE_ASSIGNMENT (( #2735 ) ) ;
#7900 = ORIENTED_EDGE ( 'NONE', *, *, #3553, .F. ) ;
#7901 = SURFACE_STYLE_FILL_AREA ( #5088 ) ;
#7902 = STYLED_ITEM ( 'NONE', ( #2162 ), #6381 ) ;
#7903 = CARTESIAN_POINT ( 'NONE',  ( -0.1189075133937146783, -0.02022019053756687890, -0.4990000000000002212 ) ) ;
#7904 =( LENGTH_UNIT ( ) NAMED_UNIT ( * ) SI_UNIT ( .MILLI., .METRE. ) );
#7905 = CARTESIAN_POINT ( 'NONE',  ( 0.03505262881526593349, 0.03636192626412842327, -0.4989999999999999991 ) ) ;
#7906 = PLANE ( 'NONE',  #305 ) ;
#7907 = FILL_AREA_STYLE_COLOUR ( '', #1310 ) ;
#7908 = COLOUR_RGB ( '',0.0000000000000000000, 0.0000000000000000000, 0.0000000000000000000 ) ;
#7909 = MECHANICAL_DESIGN_GEOMETRIC_PRESENTATION_REPRESENTATION (  '', ( #949 ), #6773 ) ;
#7910 = ORIENTED_EDGE ( 'NONE', *, *, #5330, .F. ) ;
#7911 = STYLED_ITEM ( 'NONE', ( #5601 ), #2900 ) ;
#7912 = EDGE_CURVE ( 'NONE', #3876, #7445, #6672, .T. ) ;
#7913 = LINE ( 'NONE', #2264, #2822 ) ;
#7914 = DIRECTION ( 'NONE',  ( 0.06958737431666482676, -0.06958737431666479900, 0.9951458157835084695 ) ) ;
#7915 = DIRECTION ( 'NONE',  ( -1.000000000000000000, 0.0000000000000000000, -0.0000000000000000000 ) ) ;
#7916 = CARTESIAN_POINT ( 'NONE',  ( -0.1381181028920511755, 0.003778084800713790541, -0.5000000000000000000 ) ) ;
#7917 = CARTESIAN_POINT ( 'NONE',  ( 0.07688694746655591605, 0.03846404269315382984, -0.4989999999999998881 ) ) ;
#7918 = DIRECTION ( 'NONE',  ( 1.000000000000000000, 0.0000000000000000000, 0.0000000000000000000 ) ) ;
#7919 = FACE_OUTER_BOUND ( 'NONE', #493, .T. ) ;
#7920 = DIRECTION ( 'NONE',  ( 0.0000000000000000000, -8.131516293641305343E-15, -1.000000000000000000 ) ) ;
#7921 = STYLED_ITEM ( 'NONE', ( #1474 ), #301 ) ;
#7922 = EDGE_LOOP ( 'NONE', ( #2285, #2119, #4774, #3251 ) ) ;
#7923 = ADVANCED_FACE ( 'NONE', ( #5842 ), #7493, .T. ) ;
#7924 = DIRECTION ( 'NONE',  ( 0.0000000000000000000, 0.0000000000000000000, -1.000000000000000000 ) ) ;
#7925 = PRESENTATION_STYLE_ASSIGNMENT (( #7713 ) ) ;
#7926 = CARTESIAN_POINT ( 'NONE',  ( 0.1100000000000000006, 0.6200000000000012168, -0.04000000000000002859 ) ) ;
#7927 = VECTOR ( 'NONE', #1569, 1000.000000000000000 ) ;
#7928 = COLOUR_RGB ( '',1.000000000000000000, 1.000000000000000000, 1.000000000000000000 ) ;
#7929 = CARTESIAN_POINT ( 'NONE',  ( -0.1323993183434976351, -0.02171256390002437864, -0.4989999999999999991 ) ) ;
#7930 = UNCERTAINTY_MEASURE_WITH_UNIT (LENGTH_MEASURE( 1.000000000000000082E-05 ), #5917, 'distance_accuracy_value', 'NONE');
#7931 = ORIENTED_EDGE ( 'NONE', *, *, #6253, .T. ) ;
#7932 = CARTESIAN_POINT ( 'NONE',  ( 0.08292319597213373972, 0.03424607672448810175, -0.4999999999999997780 ) ) ;
#7933 = CARTESIAN_POINT ( 'NONE',  ( 0.1075248867332714992, 0.01723431157373626552, -0.4999999999999998890 ) ) ;
#7934 = ORIENTED_EDGE ( 'NONE', *, *, #3021, .T. ) ;
#7935 = VECTOR ( 'NONE', #725, 1000.000000000000000 ) ;
#7936 = VERTEX_POINT ( 'NONE', #1484 ) ;
#7937 = FACE_OUTER_BOUND ( 'NONE', #3133, .T. ) ;
#7938 = COLOUR_RGB ( '',1.000000000000000000, 1.000000000000000000, 1.000000000000000000 ) ;
#7939 = VECTOR ( 'NONE', #5064, 1000.000000000000000 ) ;
#7940 = CYLINDRICAL_SURFACE ( 'NONE', #6666, 0.05000000000000000971 ) ;
#7941 = CARTESIAN_POINT ( 'NONE',  ( 0.05847107393721714952, 0.04276436528851867286, -0.4989999999999999991 ) ) ;
#7942 = EDGE_LOOP ( 'NONE', ( #6884, #5220, #2547, #2763, #5025, #6316 ) ) ;
#7943 = SURFACE_STYLE_FILL_AREA ( #1028 ) ;
#7944 = CIRCLE ( 'NONE', #7440, 0.05000000000000002359 ) ;
#7945 = EDGE_LOOP ( 'NONE', ( #5245, #4870, #6416, #2439 ) ) ;
#7946 = CARTESIAN_POINT ( 'NONE',  ( -0.09657237979161849284, 0.05178932825878850704, -0.5000000000000001110 ) ) ;
#7947 = STYLED_ITEM ( 'NONE', ( #157 ), #1607 ) ;
#7948 = ORIENTED_EDGE ( 'NONE', *, *, #6145, .F. ) ;
#7949 = CARTESIAN_POINT ( 'NONE',  ( 0.04562407351459989852, 0.05277329662259958032, -0.4989999999999999991 ) ) ;
#7950 = DIRECTION ( 'NONE',  ( 0.06958737431666485451, -0.06958737431666482676, 0.9951458157835086915 ) ) ;
#7951 = SURFACE_STYLE_FILL_AREA ( #6552 ) ;
#7952 = CARTESIAN_POINT ( 'NONE',  ( 0.09342572666881880650, -0.03837205122638081417, -0.5000000000000003331 ) ) ;
#7953 = CYLINDRICAL_SURFACE ( 'NONE', #3359, 0.09847727585952090190 ) ;
#7954 = ORIENTED_EDGE ( 'NONE', *, *, #40, .F. ) ;
#7955 = EDGE_CURVE ( 'NONE', #7549, #2768, #3770, .T. ) ;
#7956 = SURFACE_SIDE_STYLE ('',( #5429 ) ) ;
#7957 = VERTEX_POINT ( 'NONE', #2815 ) ;
#7958 = DIRECTION ( 'NONE',  ( 0.0000000000000000000, -3.497426362856476362E-15, 1.000000000000000000 ) ) ;
#7959 = CARTESIAN_POINT ( 'NONE',  ( 0.7599999999999998979, 0.8700000000000001066, -0.5499999999999999334 ) ) ;
#7960 = FILL_AREA_STYLE ('',( #6677 ) ) ;
#7961 = CARTESIAN_POINT ( 'NONE',  ( 0.1094116178685246160, -0.001178116647020536643, -0.5000000000000001110 ) ) ;
#7962 = COLOUR_RGB ( '',1.000000000000000000, 1.000000000000000000, 1.000000000000000000 ) ;
#7963 = PRESENTATION_LAYER_ASSIGNMENT (  '', '', ( #2299 ) ) ;
#7964 = AXIS2_PLACEMENT_3D ( 'NONE', #1529, #7969, #6664 ) ;
#7965 = CARTESIAN_POINT ( 'NONE',  ( -0.5400000000000000355, 0.6200000000000012168, -0.04000000000000002859 ) ) ;
#7966 = DIRECTION ( 'NONE',  ( -0.0000000000000000000, -0.0000000000000000000, -1.000000000000000000 ) ) ;
#7967 = CARTESIAN_POINT ( 'NONE',  ( -0.1100000000000000006, -0.8700000000000002176, -0.3899999999999999578 ) ) ;
#7968 = CIRCLE ( 'NONE', #7173, 0.03999999999999988981 ) ;
#7969 = DIRECTION ( 'NONE',  ( -1.000000000000000000, -0.0000000000000000000, -0.0000000000000000000 ) ) ;
#7970 = FILL_AREA_STYLE ('',( #2831 ) ) ;
#7971 = EDGE_CURVE ( 'NONE', #2460, #5474, #6777, .T. ) ;
#7972 = ORIENTED_EDGE ( 'NONE', *, *, #2002, .T. ) ;
#7973 = ADVANCED_FACE ( 'NONE', ( #1326 ), #6612, .T. ) ;
#7974 = DIRECTION ( 'NONE',  ( -0.0000000000000000000, -0.0000000000000000000, -1.000000000000000000 ) ) ;
#7975 = PRESENTATION_LAYER_ASSIGNMENT (  '', '', ( #2373 ) ) ;
#7976 = COLOUR_RGB ( '',0.0000000000000000000, 0.0000000000000000000, 0.0000000000000000000 ) ;
#7977 = CARTESIAN_POINT ( 'NONE',  ( -1.000281723428704250, -0.5504035209157127628, 0.3534878236872062707 ) ) ;
#7978 = CARTESIAN_POINT ( 'NONE',  ( -0.1016119640926019391, 0.05073096127790734794, -0.4999999999999998890 ) ) ;
#7979 = VECTOR ( 'NONE', #6396, 1000.000000000000000 ) ;
#7980 = MECHANICAL_DESIGN_GEOMETRIC_PRESENTATION_REPRESENTATION (  '', ( #4882 ), #5787 ) ;
#7981 = EDGE_CURVE ( 'NONE', #6863, #2245, #32, .T. ) ;
#7982 =( LENGTH_UNIT ( ) NAMED_UNIT ( * ) SI_UNIT ( .MILLI., .METRE. ) );
#7983 =( NAMED_UNIT ( * ) PLANE_ANGLE_UNIT ( ) SI_UNIT ( $, .RADIAN. ) );
#7984 = UNCERTAINTY_MEASURE_WITH_UNIT (LENGTH_MEASURE( 1.000000000000000082E-05 ), #3345, 'distance_accuracy_value', 'NONE');
#7985 =( NAMED_UNIT ( * ) PLANE_ANGLE_UNIT ( ) SI_UNIT ( $, .RADIAN. ) );
#7986 = PRESENTATION_STYLE_ASSIGNMENT (( #2214 ) ) ;
#7987 = FILL_AREA_STYLE_COLOUR ( '', #2404 ) ;
#7988 = CARTESIAN_POINT ( 'NONE',  ( 1.024999999999999467, 0.6249999999999998890, 0.0000000000000000000 ) ) ;
#7989 = CARTESIAN_POINT ( 'NONE',  ( 0.04074968879713008335, -0.03415502818134388135, -0.4999999999999998890 ) ) ;
#7990 = DIRECTION ( 'NONE',  ( -0.0000000000000000000, -0.0000000000000000000, -1.000000000000000000 ) ) ;
#7991 = ORIENTED_EDGE ( 'NONE', *, *, #1762, .T. ) ;
#7992 = UNCERTAINTY_MEASURE_WITH_UNIT (LENGTH_MEASURE( 1.000000000000000082E-05 ), #8186, 'distance_accuracy_value', 'NONE');
#7993 = DIRECTION ( 'NONE',  ( 0.0000000000000000000, 0.9975640502598243087, -0.06975647374412530244 ) ) ;
#7994 =( LENGTH_UNIT ( ) NAMED_UNIT ( * ) SI_UNIT ( .MILLI., .METRE. ) );
#7995 = SURFACE_STYLE_FILL_AREA ( #2114 ) ;
#7996 = EDGE_LOOP ( 'NONE', ( #3825, #1313, #2083, #4175 ) ) ;
#7997 = ORIENTED_EDGE ( 'NONE', *, *, #5048, .F. ) ;
#7998 = CARTESIAN_POINT ( 'NONE',  ( -0.5399999999999999245, -0.6250000000000001110, 0.0000000000000000000 ) ) ;
#7999 = DIRECTION ( 'NONE',  ( 0.0000000000000000000, 1.000000000000000000, 0.0000000000000000000 ) ) ;
#8000 = EDGE_CURVE ( 'NONE', #6680, #5255, #6557, .T. ) ;
#8001 = CARTESIAN_POINT ( 'NONE',  ( 0.03505262881526593349, 0.04977656041046989166, -0.4989999999999999991 ) ) ;
#8002 = SURFACE_SIDE_STYLE ('',( #3456 ) ) ;
#8003 = STYLED_ITEM ( 'NONE', ( #7570 ), #5440 ) ;
#8004 = VECTOR ( 'NONE', #439, 1000.000000000000000 ) ;
#8005 = ORIENTED_EDGE ( 'NONE', *, *, #1773, .T. ) ;
#8006 = CARTESIAN_POINT ( 'NONE',  ( 0.1100000000000000006, -0.6700000000000012612, -0.04000000000000020900 ) ) ;
#8007 = DIRECTION ( 'NONE',  ( 0.0000000000000000000, 0.0000000000000000000, 1.000000000000000000 ) ) ;
#8008 = ADVANCED_FACE ( 'NONE', ( #732 ), #4096, .T. ) ;
#8009 = CARTESIAN_POINT ( 'NONE',  ( 1.024999999999999467, 0.6249999999999998890, 0.0000000000000000000 ) ) ;
#8010 = DIRECTION ( 'NONE',  ( 0.0000000000000000000, 0.0000000000000000000, -1.000000000000000000 ) ) ;
#8011 = STYLED_ITEM ( 'NONE', ( #7806 ), #2001 ) ;
#8012 = LINE ( 'NONE', #3847, #154 ) ;
#8013 = VERTEX_POINT ( 'NONE', #324 ) ;
#8014 = MECHANICAL_DESIGN_GEOMETRIC_PRESENTATION_REPRESENTATION (  '', ( #7586 ), #1471 ) ;
#8015 = CARTESIAN_POINT ( 'NONE',  ( -0.1143158024179719012, -0.02603171794524919425, -0.5000000000000000000 ) ) ;
#8016 = CARTESIAN_POINT ( 'NONE',  ( 0.03781823295164162685, -0.03287871934268581792, -0.5000000000000000000 ) ) ;
#8017 = DIRECTION ( 'NONE',  ( 0.0000000000000000000, 1.000000000000000000, -6.023345402697246965E-16 ) ) ;
#8018 = DIRECTION ( 'NONE',  ( -1.000000000000000000, -0.0000000000000000000, -0.0000000000000000000 ) ) ;
#8019 = PLANE ( 'NONE',  #2722 ) ;
#8020 =( GEOMETRIC_REPRESENTATION_CONTEXT ( 3 ) GLOBAL_UNCERTAINTY_ASSIGNED_CONTEXT ( ( #3810 ) ) GLOBAL_UNIT_ASSIGNED_CONTEXT ( ( #6475, #2009, #3314 ) ) REPRESENTATION_CONTEXT ( 'NONE', 'WORKASPACE' ) );
#8021 = VECTOR ( 'NONE', #3611, 1000.000000000000000 ) ;
#8022 = ORIENTED_EDGE ( 'NONE', *, *, #4549, .F. ) ;
#8023 = EDGE_CURVE ( 'NONE', #5144, #1239, #7284, .T. ) ;
#8024 = SURFACE_STYLE_FILL_AREA ( #506 ) ;
#8025 =( NAMED_UNIT ( * ) SI_UNIT ( $, .STERADIAN. ) SOLID_ANGLE_UNIT ( ) );
#8026 = VECTOR ( 'NONE', #2665, 1000.000000000000000 ) ;
#8027 = CARTESIAN_POINT ( 'NONE',  ( 0.7599999999999998979, -0.6200000000000012168, 0.1699999999999999845 ) ) ;
#8028 = CARTESIAN_POINT ( 'NONE',  ( 0.09472491593837077672, -0.01097265784693760710, -0.4990000000000001101 ) ) ;
#8029 = CARTESIAN_POINT ( 'NONE',  ( -0.1194317793864625998, 0.04243541091801503878, -0.4990000000000001101 ) ) ;
#8030 = COLOUR_RGB ( '',0.0000000000000000000, 0.0000000000000000000, 0.0000000000000000000 ) ;
#8031 = ORIENTED_EDGE ( 'NONE', *, *, #8115, .T. ) ;
#8032 = VERTEX_POINT ( 'NONE', #6550 ) ;
#8033 = SURFACE_STYLE_FILL_AREA ( #3232 ) ;
#8034 = MECHANICAL_DESIGN_GEOMETRIC_PRESENTATION_REPRESENTATION (  '', ( #803 ), #6395 ) ;
#8035 = CARTESIAN_POINT ( 'NONE',  ( 0.04090422169846837791, -0.04514530595897564558, -0.4989999999999999991 ) ) ;
#8036 = PRODUCT_DEFINITION_CONTEXT ( 'detailed design', #5292, 'design' ) ;
#8037 = SURFACE_SIDE_STYLE ('',( #6393 ) ) ;
#8038 = CARTESIAN_POINT ( 'NONE',  ( -0.7599999999999998979, 0.6200000000000012168, -0.04000000000000002859 ) ) ;
#8039 = VECTOR ( 'NONE', #3126, 1000.000000000000000 ) ;
#8040 =( GEOMETRIC_REPRESENTATION_CONTEXT ( 3 ) GLOBAL_UNCERTAINTY_ASSIGNED_CONTEXT ( ( #5108 ) ) GLOBAL_UNIT_ASSIGNED_CONTEXT ( ( #6624, #1021, #1573 ) ) REPRESENTATION_CONTEXT ( 'NONE', 'WORKASPACE' ) );
#8041 = UNCERTAINTY_MEASURE_WITH_UNIT (LENGTH_MEASURE( 1.000000000000000082E-05 ), #2690, 'distance_accuracy_value', 'NONE');
#8042 = ORIENTED_EDGE ( 'NONE', *, *, #45, .F. ) ;
#8043 = ORIENTED_EDGE ( 'NONE', *, *, #5301, .F. ) ;
#8044 = EDGE_CURVE ( 'NONE', #2419, #2782, #3859, .T. ) ;
#8045 = SURFACE_STYLE_FILL_AREA ( #6202 ) ;
#8046 = VECTOR ( 'NONE', #5363, 1000.000000000000000 ) ;
#8047 = VERTEX_POINT ( 'NONE', #7372 ) ;
#8048 = ORIENTED_EDGE ( 'NONE', *, *, #3718, .T. ) ;
#8049 = EDGE_CURVE ( 'NONE', #110, #6165, #2108, .T. ) ;
#8050 = SURFACE_SIDE_STYLE ('',( #5979 ) ) ;
#8051 = CARTESIAN_POINT ( 'NONE',  ( 0.05951200749039761012, -0.03770758553478806979, -0.5000000000000000000 ) ) ;
#8052 = FILL_AREA_STYLE_COLOUR ( '', #5779 ) ;
#8053 = SURFACE_STYLE_FILL_AREA ( #1402 ) ;
#8054 = CARTESIAN_POINT ( 'NONE',  ( 0.7599999999999998979, -0.8700000000000002176, -0.3899999999999999578 ) ) ;
#8055 = ORIENTED_EDGE ( 'NONE', *, *, #6370, .T. ) ;
#8056 = CARTESIAN_POINT ( 'NONE',  ( -0.1100000000000000006, -0.8700000000000001066, -0.5499999999999999334 ) ) ;
#8057 = ORIENTED_EDGE ( 'NONE', *, *, #6078, .F. ) ;
#8058 = ORIENTED_EDGE ( 'NONE', *, *, #8128, .T. ) ;
#8059 = ADVANCED_FACE ( 'NONE', ( #535 ), #6658, .T. ) ;
#8060 = PRESENTATION_STYLE_ASSIGNMENT (( #2682 ) ) ;
#8061 = PRESENTATION_LAYER_ASSIGNMENT (  '', '', ( #7621 ) ) ;
#8062 = FILL_AREA_STYLE_COLOUR ( '', #2049 ) ;
#8063 = LINE ( 'NONE', #8006, #4966 ) ;
#8064 = EDGE_LOOP ( 'NONE', ( #916, #7036, #3528, #3148 ) ) ;
#8065 = CARTESIAN_POINT ( 'NONE',  ( 0.08860967486581730612, -0.02442208082135553793, -0.4989999999999999991 ) ) ;
#8066 = CARTESIAN_POINT ( 'NONE',  ( -0.1267504181890829473, 0.03591335864084310714, -0.4989999999999999991 ) ) ;
#8067 = VECTOR ( 'NONE', #1834, 1000.000000000000000 ) ;
#8068 =( NAMED_UNIT ( * ) SI_UNIT ( $, .STERADIAN. ) SOLID_ANGLE_UNIT ( ) );
#8069 = VERTEX_POINT ( 'NONE', #4151 ) ;
#8070 = CARTESIAN_POINT ( 'NONE',  ( -0.5400000000000000355, 1.050000000000000044, -0.3900000000000000688 ) ) ;
#8071 = CARTESIAN_POINT ( 'NONE',  ( -0.1729885297213194506, -0.008455146906603282220, -0.4989999999999999991 ) ) ;
#8072 = CARTESIAN_POINT ( 'NONE',  ( 0.06122067335434576429, -0.04868324896458837980, -0.4989999999999999991 ) ) ;
#8073 = MECHANICAL_DESIGN_GEOMETRIC_PRESENTATION_REPRESENTATION (  '', ( #5211 ), #4195 ) ;
#8074 = CIRCLE ( 'NONE', #714, 0.09847727585952090190 ) ;
#8075 = PRESENTATION_LAYER_ASSIGNMENT (  '', '', ( #1939 ) ) ;
#8076 = LINE ( 'NONE', #6634, #6334 ) ;
#8077 = PRESENTATION_LAYER_ASSIGNMENT (  '', '', ( #7489 ) ) ;
#8078 = ORIENTED_EDGE ( 'NONE', *, *, #7554, .T. ) ;
#8079 = DIRECTION ( 'NONE',  ( 0.0000000000000000000, 0.0000000000000000000, 1.000000000000000000 ) ) ;
#8080 =( NAMED_UNIT ( * ) PLANE_ANGLE_UNIT ( ) SI_UNIT ( $, .RADIAN. ) );
#8081 = EDGE_CURVE ( 'NONE', #5418, #5438, #6054, .T. ) ;
#8082 = CARTESIAN_POINT ( 'NONE',  ( 0.002125799546973263822, 0.008618023825104037874, -0.5000000000000000000 ) ) ;
#8083 = DIRECTION ( 'NONE',  ( 0.0000000000000000000, -0.9975640502598243087, 0.06975647374412530244 ) ) ;
#8084 = FILL_AREA_STYLE_COLOUR ( '', #2385 ) ;
#8085 =( NAMED_UNIT ( * ) PLANE_ANGLE_UNIT ( ) SI_UNIT ( $, .RADIAN. ) );
#8086 = MECHANICAL_DESIGN_GEOMETRIC_PRESENTATION_REPRESENTATION (  '', ( #3249 ), #4371 ) ;
#8087 = FILL_AREA_STYLE_COLOUR ( '', #3802 ) ;
#8088 = CARTESIAN_POINT ( 'NONE',  ( 0.9434108397213614161, -0.5434108397213617270, -0.4500000000000000111 ) ) ;
#8089 = DIRECTION ( 'NONE',  ( 0.0000000000000000000, 0.9975640502598243087, 0.06975647374412546897 ) ) ;
#8090 = PRODUCT_DEFINITION_FORMATION_WITH_SPECIFIED_SOURCE ( '�κ�', '', #3104, .NOT_KNOWN. ) ;
#8091 = PRESENTATION_LAYER_ASSIGNMENT (  '', '', ( #4373 ) ) ;
#8092 =( NAMED_UNIT ( * ) SI_UNIT ( $, .STERADIAN. ) SOLID_ANGLE_UNIT ( ) );
#8093 = UNCERTAINTY_MEASURE_WITH_UNIT (LENGTH_MEASURE( 1.000000000000000082E-05 ), #7904, 'distance_accuracy_value', 'NONE');
#8094 = B_SPLINE_CURVE_WITH_KNOTS ( 'NONE', 3,
 ( #4648, #6548, #4817, #1030, #4788, #7949, #5446, #4134, #1056, #1674, #8001 ),
 .UNSPECIFIED., .F., .F.,
 ( 4, 1, 1, 1, 1, 1, 1, 1, 4 ),
 ( 0.0000000000000000000, 0.1451868664724696723, 0.2834426109197301091, 0.4165243659288290767, 0.5431811235350824107, 0.6651530826377128891, 0.7813602063127155217, 0.8927566556418091714, 1.000000000000000000 ),
 .UNSPECIFIED. ) ;
#8095 = CARTESIAN_POINT ( 'NONE',  ( 0.03599096789276486075, -0.04281453528822672799, -0.5000000000000000000 ) ) ;
#8096 = CARTESIAN_POINT ( 'NONE',  ( -0.5400000000000000355, -0.8700000000000001066, -0.5499999999999999334 ) ) ;
#8097 = DIRECTION ( 'NONE',  ( -0.0000000000000000000, -0.0000000000000000000, -1.000000000000000000 ) ) ;
#8098 = CARTESIAN_POINT ( 'NONE',  ( 0.05857349268664344133, -0.04865220199086858766, -0.4990000000000001101 ) ) ;
#8099 = ADVANCED_FACE ( 'NONE', ( #7780 ), #2824, .T. ) ;
#8100 = DIRECTION ( 'NONE',  ( 0.0000000000000000000, 0.0000000000000000000, -1.000000000000000000 ) ) ;
#8101 = ORIENTED_EDGE ( 'NONE', *, *, #2903, .F. ) ;
#8102 = CARTESIAN_POINT ( 'NONE',  ( 0.5400000000000000355, -0.8700000000000001066, -0.3500000000000000333 ) ) ;
#8103 = CARTESIAN_POINT ( 'NONE',  ( 0.05361986145688712319, -0.03735552798077820813, -0.5000000000000001110 ) ) ;
#8104 = CARTESIAN_POINT ( 'NONE',  ( 0.9932890422343527703, -0.5434108397213617270, -0.4534878236872062485 ) ) ;
#8105 = CARTESIAN_POINT ( 'NONE',  ( 0.1100000000000000006, 0.6700000000000012612, -0.04000000000000020900 ) ) ;
#8106 =( LENGTH_UNIT ( ) NAMED_UNIT ( * ) SI_UNIT ( .MILLI., .METRE. ) );
#8107 = COLOUR_RGB ( '',0.2509803921568627416, 0.2509803921568627416, 0.2509803921568627416 ) ;
#8108 = VERTEX_POINT ( 'NONE', #4800 ) ;
#8109 = PRESENTATION_LAYER_ASSIGNMENT (  '', '', ( #6350 ) ) ;
#8110 = PRESENTATION_STYLE_ASSIGNMENT (( #2559 ) ) ;
#8111 =( NAMED_UNIT ( * ) SI_UNIT ( $, .STERADIAN. ) SOLID_ANGLE_UNIT ( ) );
#8112 = LINE ( 'NONE', #1323, #6577 ) ;
#8113 = SURFACE_SIDE_STYLE ('',( #1263 ) ) ;
#8114 = CARTESIAN_POINT ( 'NONE',  ( 0.09602823857136350005, 0.001453389678762573084, -0.5000000000000000000 ) ) ;
#8115 = EDGE_CURVE ( 'NONE', #3117, #1617, #7968, .T. ) ;
#8116 = SURFACE_STYLE_FILL_AREA ( #3354 ) ;
#8117 = DIRECTION ( 'NONE',  ( -0.0000000000000000000, 1.000000000000000000, -0.0000000000000000000 ) ) ;
#8118 = MECHANICAL_DESIGN_GEOMETRIC_PRESENTATION_REPRESENTATION (  '', ( #3966 ), #6256 ) ;
#8119 = CARTESIAN_POINT ( 'NONE',  ( -0.2356790785018072487, -0.04747953715050572815, -0.5000000000000000000 ) ) ;
#8120 = CARTESIAN_POINT ( 'NONE',  ( -0.5400000000000000355, 0.6243137685856749997, 0.009813566431136535456 ) ) ;
#8121 =( GEOMETRIC_REPRESENTATION_CONTEXT ( 3 ) GLOBAL_UNCERTAINTY_ASSIGNED_CONTEXT ( ( #4180 ) ) GLOBAL_UNIT_ASSIGNED_CONTEXT ( ( #656, #2484, #1188 ) ) REPRESENTATION_CONTEXT ( 'NONE', 'WORKASPACE' ) );
#8122 =( LENGTH_UNIT ( ) NAMED_UNIT ( * ) SI_UNIT ( .MILLI., .METRE. ) );
#8123 = VERTEX_POINT ( 'NONE', #6031 ) ;
#8124 = CARTESIAN_POINT ( 'NONE',  ( 0.7599999999999998979, 0.6200000000000012168, -0.04000000000000002859 ) ) ;
#8125 = PRESENTATION_LAYER_ASSIGNMENT (  '', '', ( #7692 ) ) ;
#8126 = CIRCLE ( 'NONE', #1260, 0.05000000000000001665 ) ;
#8127 = COLOUR_RGB ( '',1.000000000000000000, 1.000000000000000000, 1.000000000000000000 ) ;
#8128 = EDGE_CURVE ( 'NONE', #3723, #265, #384, .T. ) ;
#8129 = DIRECTION ( 'NONE',  ( 0.0000000000000000000, 0.0000000000000000000, -1.000000000000000000 ) ) ;
#8130 = ORIENTED_EDGE ( 'NONE', *, *, #5598, .T. ) ;
#8131 = CARTESIAN_POINT ( 'NONE',  ( 0.002125799546973263822, 0.04154485309339672749, -0.4989999999999999991 ) ) ;
#8132 = LINE ( 'NONE', #3263, #4728 ) ;
#8133 = CARTESIAN_POINT ( 'NONE',  ( 0.5400000000000000355, -1.050000000000000044, -0.5500000000000000444 ) ) ;
#8134 = FILL_AREA_STYLE ('',( #3025 ) ) ;
#8135 = STYLED_ITEM ( 'NONE', ( #6245 ), #3880 ) ;
#8136 = AXIS2_PLACEMENT_3D ( 'NONE', #5832, #4608, #3287 ) ;
#8137 = EDGE_CURVE ( 'NONE', #4799, #273, #3495, .T. ) ;
#8138 = ORIENTED_EDGE ( 'NONE', *, *, #480, .F. ) ;
#8139 = ORIENTED_EDGE ( 'NONE', *, *, #2293, .T. ) ;
#8140 = DIRECTION ( 'NONE',  ( 0.0000000000000000000, -1.000000000000000000, -6.023345402697245979E-16 ) ) ;
#8141 = EDGE_CURVE ( 'NONE', #1693, #4056, #521, .T. ) ;
#8142 = ORIENTED_EDGE ( 'NONE', *, *, #2492, .F. ) ;
#8143 = CARTESIAN_POINT ( 'NONE',  ( -0.1082258728536076020, 0.03623168044379151964, -0.5000000000000000000 ) ) ;
#8144 = DIRECTION ( 'NONE',  ( -1.000000000000000000, -0.0000000000000000000, -0.0000000000000000000 ) ) ;
#8145 = FACE_OUTER_BOUND ( 'NONE', #2248, .T. ) ;
#8146 = B_SPLINE_CURVE_WITH_KNOTS ( 'NONE', 3,
 ( #2813, #6019, #957, #2295, #5368, #7388, #2843, #1621, #8029, #4186, #8066, #4213, #4248, #7525, #4329, #553, #1161, #7418, #1820 ),
 .UNSPECIFIED., .F., .F.,
 ( 4, 1, 1, 1, 1, 1, 1, 1, 1, 1, 1, 1, 1, 1, 1, 1, 4 ),
 ( 0.0000000000000000000, 0.06863117867660099847, 0.1345664660386766964, 0.1983281540108808028, 0.2607897666408446891, 0.3219991514841584190, 0.3827217465030193222, 0.4435374740357288514, 0.5051334294849249007, 0.5662138747646714432, 0.6261058646175455822, 0.6853493221605165830, 0.7449958703477972399, 0.8054158418145627163, 0.8676362663459531444, 0.9323077823023292465, 1.000000000000000000 ),
 .UNSPECIFIED. ) ;
#8147 = UNCERTAINTY_MEASURE_WITH_UNIT (LENGTH_MEASURE( 1.000000000000000082E-05 ), #7603, 'distance_accuracy_value', 'NONE');
#8148 = ORIENTED_EDGE ( 'NONE', *, *, #4849, .F. ) ;
#8149 = VECTOR ( 'NONE', #7803, 1000.000000000000000 ) ;
#8150 = FILL_AREA_STYLE_COLOUR ( '', #1797 ) ;
#8151 = VERTEX_POINT ( 'NONE', #4914 ) ;
#8152 = DIRECTION ( 'NONE',  ( 0.0000000000000000000, 0.0000000000000000000, 1.000000000000000000 ) ) ;
#8153 = SURFACE_STYLE_USAGE ( .BOTH. , #8200 ) ;
#8154 = CARTESIAN_POINT ( 'NONE',  ( 0.08562364362209338997, 0.03162697299907754611, -0.5000000000000001110 ) ) ;
#8155 = PRESENTATION_STYLE_ASSIGNMENT (( #1117 ) ) ;
#8156 = ORIENTED_EDGE ( 'NONE', *, *, #476, .F. ) ;
#8157 = CIRCLE ( 'NONE', #3502, 0.2100000000000000477 ) ;
#8158 = PLANE ( 'NONE',  #841 ) ;
#8159 = CARTESIAN_POINT ( 'NONE',  ( -0.7599999999999998979, -0.4833137806490306332, 0.1699999999999999567 ) ) ;
#8160 = ORIENTED_EDGE ( 'NONE', *, *, #217, .F. ) ;
#8161 = ORIENTED_EDGE ( 'NONE', *, *, #1154, .T. ) ;
#8162 = EDGE_CURVE ( 'NONE', #1327, #3640, #5000, .T. ) ;
#8163 =( NAMED_UNIT ( * ) PLANE_ANGLE_UNIT ( ) SI_UNIT ( $, .RADIAN. ) );
#8164 = PLANE ( 'NONE',  #4797 ) ;
#8165 = SURFACE_STYLE_USAGE ( .BOTH. , #4352 ) ;
#8166 = CARTESIAN_POINT ( 'NONE',  ( -0.1246069935091715097, 0.008001638014469529894, -0.5000000000000001110 ) ) ;
#8167 = VECTOR ( 'NONE', #5875, 1000.000000000000000 ) ;
#8168 = AXIS2_PLACEMENT_3D ( 'NONE', #5074, #4472, #699 ) ;
#8169 = DIRECTION ( 'NONE',  ( -1.000000000000000000, 0.0000000000000000000, -0.0000000000000000000 ) ) ;
#8170 = FILL_AREA_STYLE_COLOUR ( '', #5614 ) ;
#8171 = CARTESIAN_POINT ( 'NONE',  ( 0.9504035209157126740, -0.5504035209157128739, 0.3499999999999999778 ) ) ;
#8172 = VERTEX_POINT ( 'NONE', #4060 ) ;
#8173 = MECHANICAL_DESIGN_GEOMETRIC_PRESENTATION_REPRESENTATION (  '', ( #6982 ), #5823 ) ;
#8174 =( LENGTH_UNIT ( ) NAMED_UNIT ( * ) SI_UNIT ( .MILLI., .METRE. ) );
#8175 = DIRECTION ( 'NONE',  ( -0.0000000000000000000, -1.000000000000000000, -0.0000000000000000000 ) ) ;
#8176 = CARTESIAN_POINT ( 'NONE',  ( 0.09349525344770563684, 0.01846311052229677660, -0.4990000000000001101 ) ) ;
#8177 = FILL_AREA_STYLE_COLOUR ( '', #564 ) ;
#8178 = DIRECTION ( 'NONE',  ( 0.0000000000000000000, -3.497426362856476757E-15, -1.000000000000000000 ) ) ;
#8179 =( GEOMETRIC_REPRESENTATION_CONTEXT ( 3 ) GLOBAL_UNCERTAINTY_ASSIGNED_CONTEXT ( ( #3366 ) ) GLOBAL_UNIT_ASSIGNED_CONTEXT ( ( #2508, #3764, #3169 ) ) REPRESENTATION_CONTEXT ( 'NONE', 'WORKASPACE' ) );
#8180 = DIRECTION ( 'NONE',  ( -1.000000000000000000, -0.0000000000000000000, -0.0000000000000000000 ) ) ;
#8181 = CARTESIAN_POINT ( 'NONE',  ( 0.03505262881526593349, 0.03636192626412842327, -0.4989999999999999991 ) ) ;
#8182 = PRESENTATION_LAYER_ASSIGNMENT (  '', '', ( #3575 ) ) ;
#8183 =( GEOMETRIC_REPRESENTATION_CONTEXT ( 3 ) GLOBAL_UNCERTAINTY_ASSIGNED_CONTEXT ( ( #7426 ) ) GLOBAL_UNIT_ASSIGNED_CONTEXT ( ( #6663, #3455, #4691 ) ) REPRESENTATION_CONTEXT ( 'NONE', 'WORKASPACE' ) );
#8184 = DIRECTION ( 'NONE',  ( -0.3390537954853693470, -0.9407669869669987861, 0.0000000000000000000 ) ) ;
#8185 = EDGE_CURVE ( 'NONE', #7634, #3548, #1765, .T. ) ;
#8186 =( LENGTH_UNIT ( ) NAMED_UNIT ( * ) SI_UNIT ( .MILLI., .METRE. ) );
#8187 = UNCERTAINTY_MEASURE_WITH_UNIT (LENGTH_MEASURE( 1.000000000000000082E-05 ), #7620, 'distance_accuracy_value', 'NONE');
#8188 = COLOUR_RGB ( '',1.000000000000000000, 1.000000000000000000, 1.000000000000000000 ) ;
#8189 = ORIENTED_EDGE ( 'NONE', *, *, #4093, .T. ) ;
#8190 = CARTESIAN_POINT ( 'NONE',  ( -0.9504035209157131181, 0.5504035209157126518, 0.4000000000000000222 ) ) ;
#8191 =( NAMED_UNIT ( * ) PLANE_ANGLE_UNIT ( ) SI_UNIT ( $, .RADIAN. ) );
#8192 = AXIS2_PLACEMENT_3D ( 'NONE', #6819, #3788, #3106 ) ;
#8193 = DIRECTION ( 'NONE',  ( 0.0000000000000000000, 0.0000000000000000000, -1.000000000000000000 ) ) ;
#8194 = B_SPLINE_CURVE_WITH_KNOTS ( 'NONE', 3,
 ( #4499, #4564, #163, #4581, #822, #7013, #7917, #5367, #3409, #5927, #840, #2099, #1557, #1482, #3957, #2182, #6575, #4049, #6610 ),
 .UNSPECIFIED., .F., .F.,
 ( 4, 1, 1, 1, 1, 1, 1, 1, 1, 1, 1, 1, 1, 1, 1, 1, 4 ),
 ( 0.0000000000000000000, 0.06460397028839230671, 0.1267024139629473467, 0.1867568140356183348, 0.2455056873654374860, 0.3036520244499754662, 0.3615030739706254770, 0.4202402229284675772, 0.4800333407766962934, 0.5406781347755160727, 0.6011918063807818458, 0.6623335024774423818, 0.7247395102972318259, 0.7894677361728866805, 0.8565048600438308624, 0.9263120958391902748, 1.000000000000000000 ),
 .UNSPECIFIED. ) ;
#8195 = ORIENTED_EDGE ( 'NONE', *, *, #4680, .T. ) ;
#8196 = EDGE_CURVE ( 'NONE', #1909, #4845, #1085, .T. ) ;
#8197 = LINE ( 'NONE', #7393, #5091 ) ;
#8198 = CARTESIAN_POINT ( 'NONE',  ( 0.01554043369331471747, 0.05252046284949429128, -0.4989999999999999991 ) ) ;
#8199 = DIRECTION ( 'NONE',  ( -1.000000000000000000, 0.0000000000000000000, 0.0000000000000000000 ) ) ;
#8200 = SURFACE_SIDE_STYLE ('',( #7728 ) ) ;
#8201 = CARTESIAN_POINT ( 'NONE',  ( 0.03788125525000878013, -0.04385789694775640846, -0.5000000000000000000 ) ) ;
#8202 = EDGE_CURVE ( 'NONE', #5438, #1754, #7331, .T. ) ;
#8203 = DIRECTION ( 'NONE',  ( -1.000000000000000000, 0.0000000000000000000, 0.0000000000000000000 ) ) ;
#8204 = LINE ( 'NONE', #7112, #4390 ) ;
#8205 = DIRECTION ( 'NONE',  ( 0.0000000000000000000, -8.131516293641305343E-15, -1.000000000000000000 ) ) ;
#8206 = DIRECTION ( 'NONE',  ( 1.000000000000000000, 0.0000000000000000000, 0.0000000000000000000 ) ) ;
#8207 = LINE ( 'NONE', #2819, #6271 ) ;
#8208 = DIRECTION ( 'NONE',  ( -2.168404344971007685E-15, -1.000000000000000000, 0.0000000000000000000 ) ) ;
#8209 = CARTESIAN_POINT ( 'NONE',  ( 0.04003886187039865097, 0.05154026283087177751, -0.5000000000000000000 ) ) ;
#8210 = FILL_AREA_STYLE ('',( #1882 ) ) ;
#8211 = SURFACE_STYLE_FILL_AREA ( #7501 ) ;
#8212 = PRESENTATION_STYLE_ASSIGNMENT (( #3720 ) ) ;
#8213 = CARTESIAN_POINT ( 'NONE',  ( -0.1112255722988035878, 0.03427350342864646238, -0.4999999999999998890 ) ) ;
#8214 = EDGE_LOOP ( 'NONE', ( #7497, #7074, #5427, #3487 ) ) ;
#8215 = VECTOR ( 'NONE', #7466, 1000.000000000000000 ) ;
#8216 = SURFACE_SIDE_STYLE ('',( #1041 ) ) ;
#8217 = DIRECTION ( 'NONE',  ( 0.0000000000000000000, -1.000000000000000000, 0.0000000000000000000 ) ) ;
#8218 = VERTEX_POINT ( 'NONE', #4868 ) ;
#8219 = DIRECTION ( 'NONE',  ( 0.0000000000000000000, -1.000000000000000000, -6.023345402697246965E-16 ) ) ;
#8220 = MECHANICAL_DESIGN_GEOMETRIC_PRESENTATION_REPRESENTATION (  '', ( #6057 ), #626 ) ;
#8221 =( LENGTH_UNIT ( ) NAMED_UNIT ( * ) SI_UNIT ( .MILLI., .METRE. ) );
#8222 = FILL_AREA_STYLE_COLOUR ( '', #1600 ) ;
#8223 = STYLED_ITEM ( 'NONE', ( #6935 ), #2775 ) ;
#8224 = ORIENTED_EDGE ( 'NONE', *, *, #6171, .F. ) ;
#8225 = SURFACE_SIDE_STYLE ('',( #746 ) ) ;
#8226 = VERTEX_POINT ( 'NONE', #2996 ) ;
#8227 = FACE_BOUND ( 'NONE', #2166, .T. ) ;
#8228 = SURFACE_STYLE_FILL_AREA ( #6738 ) ;
#8229 = UNCERTAINTY_MEASURE_WITH_UNIT (LENGTH_MEASURE( 1.000000000000000082E-05 ), #5563, 'distance_accuracy_value', 'NONE');
#8230 = FILL_AREA_STYLE_COLOUR ( '', #5921 ) ;
#8231 =( LENGTH_UNIT ( ) NAMED_UNIT ( * ) SI_UNIT ( .MILLI., .METRE. ) );
#8232 = EDGE_LOOP ( 'NONE', ( #5295, #2538, #3261, #4762 ) ) ;
#8233 = ORIENTED_EDGE ( 'NONE', *, *, #7955, .F. ) ;
#8234 = CYLINDRICAL_SURFACE ( 'NONE', #5531, 0.2100000000000000200 ) ;
#8235 =( GEOMETRIC_REPRESENTATION_CONTEXT ( 3 ) GLOBAL_UNCERTAINTY_ASSIGNED_CONTEXT ( ( #7054 ) ) GLOBAL_UNIT_ASSIGNED_CONTEXT ( ( #3450, #1570, #1609 ) ) REPRESENTATION_CONTEXT ( 'NONE', 'WORKASPACE' ) );
#8236 = PRESENTATION_STYLE_ASSIGNMENT (( #6808 ) ) ;
#8237 = ORIENTED_EDGE ( 'NONE', *, *, #3798, .F. ) ;
#8238 = ORIENTED_EDGE ( 'NONE', *, *, #1510, .F. ) ;
#8239 = CYLINDRICAL_SURFACE ( 'NONE', #1416, 0.05000000000000002359 ) ;
#8240 = STYLED_ITEM ( 'NONE', ( #6038 ), #5595 ) ;
#8241 = MECHANICAL_DESIGN_GEOMETRIC_PRESENTATION_REPRESENTATION (  '', ( #3778 ), #436 ) ;
#8242 = LINE ( 'NONE', #5156, #4853 ) ;
#8243 = DIRECTION ( 'NONE',  ( -0.0000000000000000000, 0.0000000000000000000, -1.000000000000000000 ) ) ;
#8244 = UNCERTAINTY_MEASURE_WITH_UNIT (LENGTH_MEASURE( 1.000000000000000082E-05 ), #624, 'distance_accuracy_value', 'NONE');
#8245 = SURFACE_SIDE_STYLE ('',( #2646 ) ) ;
#8246 = ORIENTED_EDGE ( 'NONE', *, *, #3315, .T. ) ;
#8247 = DIRECTION ( 'NONE',  ( -1.000000000000000000, 0.0000000000000000000, -0.0000000000000000000 ) ) ;
#8248 = EDGE_CURVE ( 'NONE', #6115, #8172, #7566, .T. ) ;
#8249 = DIRECTION ( 'NONE',  ( 0.06975647374412545509, 0.0000000000000000000, 0.9975640502598241977 ) ) ;
#8250 = ORIENTED_EDGE ( 'NONE', *, *, #7492, .T. ) ;
#8251 = ORIENTED_EDGE ( 'NONE', *, *, #5299, .F. ) ;
#8252 = CARTESIAN_POINT ( 'NONE',  ( 0.04562407351459989852, 0.05277329662259958032, -0.5000000000000000000 ) ) ;
#8253 = CARTESIAN_POINT ( 'NONE',  ( -0.9434108397213618602, 0.5932890422343527481, -0.4534878236872062485 ) ) ;
ENDSEC;
END-ISO-10303-21;
